id;hospital;endereco;latitude;longitude;geocode_status;geocode_provider;geocode_accuracy;geocode_error_message;status_code;observacao;place_id;osm_type;osm_id;display_name;importance;feature_class;feature_type;address_city;address_state;address_country;query_used;api_response
1;HOSPITAL MUNICIPAL SANTA DULCE DOS POBRES;RUA ANTONIO CARLOS, 122 - CONSOLACAO, SAO PAULO, SP;-23.5573928;-46.6562429;ok;nominatim;high;;0;;8973340;way;423038991;Hospital Municipal Bela Vista, 122, Rua Antônio Carlos, Bela Vista, Consolação, São Paulo, Região Sudeste, 01309-010, Brasil;7.861829556720863e-05;;hospital;São Paulo;São Paulo;Brasil;RUA ANTONIO CARLOS, 122 - CONSOLACAO, SAO PAULO, SP, São Paulo, SP, Brasil;"{""place_id"": 8973340, ""licence"": ""Data © OpenStreetMap contributors, ODbL 1.0. http://osm.org/copyright"", ""osm_type"": ""way"", ""osm_id"": 423038991, ""lat"": ""-23.5573928"", ""lon"": ""-46.6562429"", ""category"": ""building"", ""type"": ""hospital"", ""place_rank"": 30, ""importance"": 7.861829556720863e-05, ""addresstype"": ""building"", ""name"": ""Hospital Municipal Bela Vista"", ""display_name"": ""Hospital Municipal Bela Vista, 122, Rua Antônio Carlos, Bela Vista, Consolação, São Paulo, Região Sudeste, 01309-010, Brasil"", ""address"": {""building"": ""Hospital Municipal Bela Vista"", ""house_number"": ""122"", ""road"": ""Rua Antônio Carlos"", ""suburb"": ""Bela Vista"", ""city_district"": ""Consolação"", ""city"": ""São Paulo"", ""state"": ""São Paulo"", ""ISO3166-2-lvl4"": ""BR-SP"", ""region"": ""Região Sudeste"", ""postcode"": ""01309-010"", ""country"": ""Brasil"", ""country_code"": ""br""}, ""boundingbox"": [""-23.5575859"", ""-23.5572790"", ""-46.6563559"", ""-46.6561506""]}"
2;HOSPITAL MUNICIPAL BRASILANDIA;MICHIHISA MURATA, 150 - JARDIM MARISTELA, SAO PAULO, SP;-23.4765440;-46.6980006;ok;nominatim;high;;0;;8617997;way;837675272;Hospital Doutor Adib Jatene, Avenida Michihisa Murata, Parque Monteiro Soares, Freguesia do Ó, São Paulo, Região Sudeste, 02834-090, Brasil;7.861829556720863e-05;;hospital;São Paulo;São Paulo;Brasil;HOSPITAL MUNICIPAL BRASILANDIA, MICHIHISA MURATA, 150 - JARDIM MARISTELA, SAO PAULO, SP, São Paulo, SP, Brasil;"{""place_id"": 8617997, ""licence"": ""Data © OpenStreetMap contributors, ODbL 1.0. http://osm.org/copyright"", ""osm_type"": ""way"", ""osm_id"": 837675272, ""lat"": ""-23.4765440"", ""lon"": ""-46.6980006"", ""category"": ""amenity"", ""type"": ""hospital"", ""place_rank"": 30, ""importance"": 7.861829556720863e-05, ""addresstype"": ""amenity"", ""name"": ""Hospital Doutor Adib Jatene"", ""display_name"": ""Hospital Doutor Adib Jatene, Avenida Michihisa Murata, Parque Monteiro Soares, Freguesia do Ó, São Paulo, Região Sudeste, 02834-090, Brasil"", ""address"": {""amenity"": ""Hospital Doutor Adib Jatene"", ""road"": ""Avenida Michihisa Murata"", ""suburb"": ""Parque Monteiro Soares"", ""city"": ""São Paulo"", ""state"": ""São Paulo"", ""ISO3166-2-lvl4"": ""BR-SP"", ""region"": ""Região Sudeste"", ""postcode"": ""02834-090"", ""country"": ""Brasil"", ""country_code"": ""br""}, ""boundingbox"": [""-23.4773669"", ""-23.4757666"", ""-46.6989844"", ""-46.6971943""]}"
3;HOSPITAL MUNICIPAL GUARAPIRANGA;ESTRADA DA RIVIERA, 4742, ZONA SUL - RIVIERA PAULISTA, SAO PAULO, SP;-23.6911689;-46.7517858;ok;nominatim;low;;200;;8983011;way;249884928;Estrada da Riviera, Jardim Ângela, Jardim Copacabana, São Paulo, Região Sudeste, 04916-000, Brasil;0.05341195162890055;;tertiary;São Paulo;São Paulo;Brasil;ESTRADA DA RIVIERA, 4742 - 04916000;"{""place_id"": 8983011, ""licence"": ""Data © OpenStreetMap contributors, ODbL 1.0. http://osm.org/copyright"", ""osm_type"": ""way"", ""osm_id"": 249884928, ""lat"": ""-23.6911689"", ""lon"": ""-46.7517858"", ""category"": ""highway"", ""type"": ""tertiary"", ""place_rank"": 26, ""importance"": 0.05341195162890055, ""addresstype"": ""road"", ""name"": ""Estrada da Riviera"", ""display_name"": ""Estrada da Riviera, Jardim Ângela, Jardim Copacabana, São Paulo, Região Sudeste, 04916-000, Brasil"", ""address"": {""road"": ""Estrada da Riviera"", ""suburb"": ""Jardim Ângela"", ""village"": ""Jardim Copacabana"", ""city"": ""São Paulo"", ""state"": ""São Paulo"", ""ISO3166-2-lvl4"": ""BR-SP"", ""region"": ""Região Sudeste"", ""postcode"": ""04916-000"", ""country"": ""Brasil"", ""country_code"": ""br""}, ""boundingbox"": [""-23.6944196"", ""-23.6867482"", ""-46.7556024"", ""-46.7515804""]}"
4;INSTITUTO DE INFECTOLOGIA EMILIO RIBAS;DR ARNALDO, 165 - SUMARE, SAO PAULO, SP;-23.5470783;-46.6812257;ok;nominatim;low;;0;;8821311;way;16238438;Avenida Doutor Arnaldo, Sumaré, Perdizes, São Paulo, Região Sudeste, 05437-000, Brasil;0.05341195162890055;;secondary;São Paulo;São Paulo;Brasil;DR ARNALDO, 165 - SUMARE, SAO PAULO, SP, São Paulo, SP, Brasil;"{""place_id"": 8821311, ""licence"": ""Data © OpenStreetMap contributors, ODbL 1.0. http://osm.org/copyright"", ""osm_type"": ""way"", ""osm_id"": 16238438, ""lat"": ""-23.5470783"", ""lon"": ""-46.6812257"", ""category"": ""highway"", ""type"": ""secondary"", ""place_rank"": 26, ""importance"": 0.05341195162890055, ""addresstype"": ""road"", ""name"": ""Avenida Doutor Arnaldo"", ""display_name"": ""Avenida Doutor Arnaldo, Sumaré, Perdizes, São Paulo, Região Sudeste, 05437-000, Brasil"", ""address"": {""road"": ""Avenida Doutor Arnaldo"", ""suburb"": ""Sumaré"", ""city_district"": ""Perdizes"", ""city"": ""São Paulo"", ""state"": ""São Paulo"", ""ISO3166-2-lvl4"": ""BR-SP"", ""region"": ""Região Sudeste"", ""postcode"": ""05437-000"", ""country"": ""Brasil"", ""country_code"": ""br""}, ""boundingbox"": [""-23.5492843"", ""-23.5450449"", ""-46.6824698"", ""-46.6803252""]}"
5;HOSPITAL DO SERV PUB EST FCO MORATO DE OLIVEIRA SAO PAULO;AVENIDA IBIRAPUERA, 981 - IBIRAPUERA, SAO PAULO, SP;-23.5966175;-46.6539691;ok;nominatim;high;;200;;8787229;way;125450941;Hospital do Servidor Público Estadual, 981, Avenida Ibirapuera, Indianópolis, Moema, São Paulo, Região Sudeste, 04029-000, Brasil;7.861829556720863e-05;;hospital;São Paulo;São Paulo;Brasil;AVENIDA IBIRAPUERA, 981 - 04029000;"{""place_id"": 8787229, ""licence"": ""Data © OpenStreetMap contributors, ODbL 1.0. http://osm.org/copyright"", ""osm_type"": ""way"", ""osm_id"": 125450941, ""lat"": ""-23.5966175"", ""lon"": ""-46.6539691"", ""category"": ""amenity"", ""type"": ""hospital"", ""place_rank"": 30, ""importance"": 7.861829556720863e-05, ""addresstype"": ""amenity"", ""name"": ""Hospital do Servidor Público Estadual"", ""display_name"": ""Hospital do Servidor Público Estadual, 981, Avenida Ibirapuera, Indianópolis, Moema, São Paulo, Região Sudeste, 04029-000, Brasil"", ""address"": {""amenity"": ""Hospital do Servidor Público Estadual"", ""house_number"": ""981"", ""road"": ""Avenida Ibirapuera"", ""suburb"": ""Indianópolis"", ""city"": ""São Paulo"", ""state"": ""São Paulo"", ""ISO3166-2-lvl4"": ""BR-SP"", ""region"": ""Região Sudeste"", ""postcode"": ""04029-000"", ""country"": ""Brasil"", ""country_code"": ""br""}, ""boundingbox"": [""-23.5974530"", ""-23.5958992"", ""-46.6557651"", ""-46.6524271""]}"
6;HOSPITAL MATERNIDADE INTERLAGOS;RUA LEONOR ALVIM, 211 - JD LEBLON, SAO PAULO, SP;-23.7069613;-46.7021968;ok;nominatim;low;;200;;8939023;way;942669917;Rua Leonor Alvim, Jardim Cruzeiro, Cidade Dutra, São Paulo, Região Sudeste, 04806-000, Brasil;0.05341195162890055;;residential;São Paulo;São Paulo;Brasil;RUA LEONOR ALVIM, 211 - 04802190;"{""place_id"": 8939023, ""licence"": ""Data © OpenStreetMap contributors, ODbL 1.0. http://osm.org/copyright"", ""osm_type"": ""way"", ""osm_id"": 942669917, ""lat"": ""-23.7069613"", ""lon"": ""-46.7021968"", ""category"": ""highway"", ""type"": ""residential"", ""place_rank"": 26, ""importance"": 0.05341195162890055, ""addresstype"": ""road"", ""name"": ""Rua Leonor Alvim"", ""display_name"": ""Rua Leonor Alvim, Jardim Cruzeiro, Cidade Dutra, São Paulo, Região Sudeste, 04806-000, Brasil"", ""address"": {""road"": ""Rua Leonor Alvim"", ""quarter"": ""Jardim Cruzeiro"", ""suburb"": ""Cidade Dutra"", ""city"": ""São Paulo"", ""state"": ""São Paulo"", ""ISO3166-2-lvl4"": ""BR-SP"", ""region"": ""Região Sudeste"", ""postcode"": ""04806-000"", ""country"": ""Brasil"", ""country_code"": ""br""}, ""boundingbox"": [""-23.7073123"", ""-23.7067857"", ""-46.7028466"", ""-46.7016182""]}"
7;HOSPITAL GERAL DE PEDREIRA;RUA JOAO FRANCISCO DE MOURA, 251 - VILA CAMPO GRANDE, SAO PAULO, SP;-23.6808407;-46.6783317;ok;nominatim;low;;0;;9108402;way;84759928;Rua João Francisco de Moura, Campinha, Campo Grande, Vila Arriete, São Paulo, Região Sudeste, 04455-000, Brasil;0.05341195162890055;;residential;São Paulo;São Paulo;Brasil;RUA JOAO FRANCISCO DE MOURA, 251 - VILA CAMPO GRANDE, SAO PAULO, SP, São Paulo, SP, Brasil;"{""place_id"": 9108402, ""licence"": ""Data © OpenStreetMap contributors, ODbL 1.0. http://osm.org/copyright"", ""osm_type"": ""way"", ""osm_id"": 84759928, ""lat"": ""-23.6808407"", ""lon"": ""-46.6783317"", ""category"": ""highway"", ""type"": ""residential"", ""place_rank"": 26, ""importance"": 0.05341195162890055, ""addresstype"": ""road"", ""name"": ""Rua João Francisco de Moura"", ""display_name"": ""Rua João Francisco de Moura, Campinha, Campo Grande, Vila Arriete, São Paulo, Região Sudeste, 04455-000, Brasil"", ""address"": {""road"": ""Rua João Francisco de Moura"", ""quarter"": ""Campinha"", ""suburb"": ""Vila Arriete"", ""city"": ""São Paulo"", ""state"": ""São Paulo"", ""ISO3166-2-lvl4"": ""BR-SP"", ""region"": ""Região Sudeste"", ""postcode"": ""04455-000"", ""country"": ""Brasil"", ""country_code"": ""br""}, ""boundingbox"": [""-23.6816848"", ""-23.6801011"", ""-46.6793581"", ""-46.6774810""]}"
8;HOSPITAL HELIOPOLIS UNIDADE DE GESTAO ASSISTENCIAL I;CON XAVIER, 276 - V HELIOPOLIS, SAO PAULO, SP;-23.6071150;-46.5952530;ok;nominatim;low;;0;;8932081;node;7998194012;Rua Côn. Xavier, Rua Cônego Xavier, Nova Heliópolis, Vila Bandeirantes, Sacomã, São Paulo, Região Sudeste, 04231-004, Brasil;7.861829556720863e-05;;bus_stop;São Paulo;São Paulo;Brasil;CON XAVIER, 276 - V HELIOPOLIS, SAO PAULO, SP, São Paulo, SP, Brasil;"{""place_id"": 8932081, ""licence"": ""Data © OpenStreetMap contributors, ODbL 1.0. http://osm.org/copyright"", ""osm_type"": ""node"", ""osm_id"": 7998194012, ""lat"": ""-23.6071150"", ""lon"": ""-46.5952530"", ""category"": ""highway"", ""type"": ""bus_stop"", ""place_rank"": 30, ""importance"": 7.861829556720863e-05, ""addresstype"": ""highway"", ""name"": ""Rua Côn. Xavier"", ""display_name"": ""Rua Côn. Xavier, Rua Cônego Xavier, Nova Heliópolis, Vila Bandeirantes, Sacomã, São Paulo, Região Sudeste, 04231-004, Brasil"", ""address"": {""highway"": ""Rua Côn. Xavier"", ""road"": ""Rua Cônego Xavier"", ""residential"": ""Nova Heliópolis"", ""quarter"": ""Vila Bandeirantes"", ""suburb"": ""Sacomã"", ""city_district"": ""Sacomã"", ""city"": ""São Paulo"", ""state"": ""São Paulo"", ""ISO3166-2-lvl4"": ""BR-SP"", ""region"": ""Região Sudeste"", ""postcode"": ""04231-004"", ""country"": ""Brasil"", ""country_code"": ""br""}, ""boundingbox"": [""-23.6071650"", ""-23.6070650"", ""-46.5953030"", ""-46.5952030""]}"
9;CAISM DR DAVID CAPISTRANO DA COSTA FILHO DA AGUA FUNDA SP;AVENIDA MIGUEL STEFNO, 3030 - AGUA FUNDA, SAO PAULO, SP;;;not_found;nominatim;not_found;Resposta 200 OK mas sem coordenadas;0;Nenhuma das queries retornou coordenadas válidas;;;;;;;;;;;;
10;HOSPITAL INFANTIL DARCY VARGAS UGA III SAO PAULO;RUA DR SERAFICO DE ASSIS CARVALHO, 34 - JARDIM GUEDALA, SAO PAULO, SP;-23.5929419;-46.7109151;ok;nominatim;high;;200;;8937090;way;1183565099;Hospital Infantil Darcy Vargas, 34, Rua Doutor Serafico de Assis Carvalho, Cidade Jardim, Morumbi, São Paulo, Região Sudeste, 05615-900, Brasil;7.861829556720863e-05;;hospital;São Paulo;São Paulo;Brasil;RUA DR SERAFICO DE ASSIS CARVALHO, 34 - 04024002;"{""place_id"": 8937090, ""licence"": ""Data © OpenStreetMap contributors, ODbL 1.0. http://osm.org/copyright"", ""osm_type"": ""way"", ""osm_id"": 1183565099, ""lat"": ""-23.5929419"", ""lon"": ""-46.7109151"", ""category"": ""amenity"", ""type"": ""hospital"", ""place_rank"": 30, ""importance"": 7.861829556720863e-05, ""addresstype"": ""amenity"", ""name"": ""Hospital Infantil Darcy Vargas"", ""display_name"": ""Hospital Infantil Darcy Vargas, 34, Rua Doutor Serafico de Assis Carvalho, Cidade Jardim, Morumbi, São Paulo, Região Sudeste, 05615-900, Brasil"", ""address"": {""amenity"": ""Hospital Infantil Darcy Vargas"", ""house_number"": ""34"", ""road"": ""Rua Doutor Serafico de Assis Carvalho"", ""suburb"": ""Cidade Jardim"", ""city"": ""São Paulo"", ""state"": ""São Paulo"", ""ISO3166-2-lvl4"": ""BR-SP"", ""region"": ""Região Sudeste"", ""postcode"": ""05615-900"", ""country"": ""Brasil"", ""country_code"": ""br""}, ""boundingbox"": [""-23.5934524"", ""-23.5920338"", ""-46.7116343"", ""-46.7102493""]}"
11;HOSP MUN MATERNIDADE PROFESSOR MARIO DEGNI;RUA LUCAS DE LEYDE, 257 - VILA ANTONIO, SAO PAULO, SP;-23.5777487;-46.7648420;ok;nominatim;high;;200;;9043309;way;1348051378;Hospital Municipal e Maternidade Professor  Mario Degni, 257, Rua Lucas de Leyde, Jardim Ester, Parque dos Príncipes, Rio Pequeno, São Paulo, Região Sudeste, 05372-110, Brasil;7.861829556720863e-05;;hospital;São Paulo;São Paulo;Brasil;RUA LUCAS DE LEYDE, 257 - 05376010;"{""place_id"": 9043309, ""licence"": ""Data © OpenStreetMap contributors, ODbL 1.0. http://osm.org/copyright"", ""osm_type"": ""way"", ""osm_id"": 1348051378, ""lat"": ""-23.5777487"", ""lon"": ""-46.7648420"", ""category"": ""amenity"", ""type"": ""hospital"", ""place_rank"": 30, ""importance"": 7.861829556720863e-05, ""addresstype"": ""amenity"", ""name"": ""Hospital Municipal e Maternidade Professor  Mario Degni"", ""display_name"": ""Hospital Municipal e Maternidade Professor  Mario Degni, 257, Rua Lucas de Leyde, Jardim Ester, Parque dos Príncipes, Rio Pequeno, São Paulo, Região Sudeste, 05372-110, Brasil"", ""address"": {""amenity"": ""Hospital Municipal e Maternidade Professor  Mario Degni"", ""house_number"": ""257"", ""road"": ""Rua Lucas de Leyde"", ""quarter"": ""Jardim Ester"", ""suburb"": ""Parque dos Príncipes"", ""city_district"": ""Rio Pequeno"", ""city"": ""São Paulo"", ""state"": ""São Paulo"", ""ISO3166-2-lvl4"": ""BR-SP"", ""region"": ""Região Sudeste"", ""postcode"": ""05372-110"", ""country"": ""Brasil"", ""country_code"": ""br""}, ""boundingbox"": [""-23.5787204"", ""-23.5771631"", ""-46.7653750"", ""-46.7640473""]}"
12;HOSPITAL UNIVERSITARIO DA USP SAO PAULO;AV PROF LINEU PRESTES, 2565 - BUTANTA, SAO PAULO, SP;-23.5649058;-46.7409515;ok;nominatim;high;;0;;8975291;way;158788584;Hospital Universitário, 2565, Avenida Professor Lineu Prestes, Butantã, São Paulo, Região Sudeste, 05508-000, Brasil;0.4446133857442175;;hospital;São Paulo;São Paulo;Brasil;AV PROF LINEU PRESTES, 2565 - BUTANTA, SAO PAULO, SP, São Paulo, SP, Brasil;"{""place_id"": 8975291, ""licence"": ""Data © OpenStreetMap contributors, ODbL 1.0. http://osm.org/copyright"", ""osm_type"": ""way"", ""osm_id"": 158788584, ""lat"": ""-23.5649058"", ""lon"": ""-46.7409515"", ""category"": ""amenity"", ""type"": ""hospital"", ""place_rank"": 30, ""importance"": 0.4446133857442175, ""addresstype"": ""amenity"", ""name"": ""Hospital Universitário"", ""display_name"": ""Hospital Universitário, 2565, Avenida Professor Lineu Prestes, Butantã, São Paulo, Região Sudeste, 05508-000, Brasil"", ""address"": {""amenity"": ""Hospital Universitário"", ""house_number"": ""2565"", ""road"": ""Avenida Professor Lineu Prestes"", ""suburb"": ""Butantã"", ""city"": ""São Paulo"", ""state"": ""São Paulo"", ""ISO3166-2-lvl4"": ""BR-SP"", ""region"": ""Região Sudeste"", ""postcode"": ""05508-000"", ""country"": ""Brasil"", ""country_code"": ""br""}, ""boundingbox"": [""-23.5658343"", ""-23.5636331"", ""-46.7425797"", ""-46.7397181""]}"
13;CAISM PHILIPPE PINEL SAO PAULO;AV RAIMUNDO PEREIRA DE MAGALHAES, 5214 - PIRITUBA, SAO PAULO, SP;-23.4869816;-46.7239346;ok;nominatim;high;;0;;8515185;way;79877355;Centro de Atenção Integrada à Saúde Mental Philippe Pinel, 5214, Avenida Raimundo Pereira de Magalhães, Piqueri, Pirituba, São Paulo, Região Sudeste, 02945-040, Brasil;7.861829556720863e-05;;hospital;São Paulo;São Paulo;Brasil;AV RAIMUNDO PEREIRA DE MAGALHAES, 5214 - PIRITUBA, SAO PAULO, SP, São Paulo, SP, Brasil;"{""place_id"": 8515185, ""licence"": ""Data © OpenStreetMap contributors, ODbL 1.0. http://osm.org/copyright"", ""osm_type"": ""way"", ""osm_id"": 79877355, ""lat"": ""-23.4869816"", ""lon"": ""-46.7239346"", ""category"": ""amenity"", ""type"": ""hospital"", ""place_rank"": 30, ""importance"": 7.861829556720863e-05, ""addresstype"": ""amenity"", ""name"": ""Centro de Atenção Integrada à Saúde Mental Philippe Pinel"", ""display_name"": ""Centro de Atenção Integrada à Saúde Mental Philippe Pinel, 5214, Avenida Raimundo Pereira de Magalhães, Piqueri, Pirituba, São Paulo, Região Sudeste, 02945-040, Brasil"", ""address"": {""amenity"": ""Centro de Atenção Integrada à Saúde Mental Philippe Pinel"", ""house_number"": ""5214"", ""road"": ""Avenida Raimundo Pereira de Magalhães"", ""suburb"": ""Piqueri"", ""city"": ""São Paulo"", ""state"": ""São Paulo"", ""ISO3166-2-lvl4"": ""BR-SP"", ""region"": ""Região Sudeste"", ""postcode"": ""02945-040"", ""country"": ""Brasil"", ""country_code"": ""br""}, ""boundingbox"": [""-23.4880054"", ""-23.4855749"", ""-46.7251542"", ""-46.7228936""]}"
14;HOSPITAL GERAL HENRIQUE ALTIMEYER DE VILA ALPINA;AV FRANCISCO FALCONI, 1501 - VILA ALPINA, SAO PAULO, SP;-23.5930526;-46.5607618;ok;nominatim;high;;0;;8855708;way;195664900;Hospital Estadual Vila Alpina, 1501, Avenida Francisco Falconi, Vila Alpina, Vila Prudente, São Paulo, Região Sudeste, 03227-000, Brasil;7.861829556720863e-05;;hospital;São Paulo;São Paulo;Brasil;AV FRANCISCO FALCONI, 1501 - VILA ALPINA, SAO PAULO, SP, São Paulo, SP, Brasil;"{""place_id"": 8855708, ""licence"": ""Data © OpenStreetMap contributors, ODbL 1.0. http://osm.org/copyright"", ""osm_type"": ""way"", ""osm_id"": 195664900, ""lat"": ""-23.5930526"", ""lon"": ""-46.5607618"", ""category"": ""amenity"", ""type"": ""hospital"", ""place_rank"": 30, ""importance"": 7.861829556720863e-05, ""addresstype"": ""amenity"", ""name"": ""Hospital Estadual Vila Alpina"", ""display_name"": ""Hospital Estadual Vila Alpina, 1501, Avenida Francisco Falconi, Vila Alpina, Vila Prudente, São Paulo, Região Sudeste, 03227-000, Brasil"", ""address"": {""amenity"": ""Hospital Estadual Vila Alpina"", ""house_number"": ""1501"", ""road"": ""Avenida Francisco Falconi"", ""suburb"": ""Vila Alpina"", ""city_district"": ""Vila Prudente"", ""city"": ""São Paulo"", ""state"": ""São Paulo"", ""ISO3166-2-lvl4"": ""BR-SP"", ""region"": ""Região Sudeste"", ""postcode"": ""03227-000"", ""country"": ""Brasil"", ""country_code"": ""br""}, ""boundingbox"": [""-23.5938614"", ""-23.5922764"", ""-46.5626876"", ""-46.5600426""]}"
15;HOSP MUN PIRITUBA JOSE SOARES HUNGRIA;AVENIDA MENOTTI LAUDISIO, 100 - PIRITUBA, SAO PAULO, SP;-23.4845293;-46.7275153;ok;nominatim;high;;0;;8606285;way;79442277;Hospital Municipal Doutor José Soares Hungria, 100, Avenida Menotti Laudisio, Jardim Líbano, Piqueri, Pirituba, São Paulo, Região Sudeste, 02945-000, Brasil;7.861829556720863e-05;;hospital;São Paulo;São Paulo;Brasil;AVENIDA MENOTTI LAUDISIO, 100 - PIRITUBA, SAO PAULO, SP, São Paulo, SP, Brasil;"{""place_id"": 8606285, ""licence"": ""Data © OpenStreetMap contributors, ODbL 1.0. http://osm.org/copyright"", ""osm_type"": ""way"", ""osm_id"": 79442277, ""lat"": ""-23.4845293"", ""lon"": ""-46.7275153"", ""category"": ""amenity"", ""type"": ""hospital"", ""place_rank"": 30, ""importance"": 7.861829556720863e-05, ""addresstype"": ""amenity"", ""name"": ""Hospital Municipal Doutor José Soares Hungria"", ""display_name"": ""Hospital Municipal Doutor José Soares Hungria, 100, Avenida Menotti Laudisio, Jardim Líbano, Piqueri, Pirituba, São Paulo, Região Sudeste, 02945-000, Brasil"", ""address"": {""amenity"": ""Hospital Municipal Doutor José Soares Hungria"", ""house_number"": ""100"", ""road"": ""Avenida Menotti Laudisio"", ""neighbourhood"": ""Jardim Líbano"", ""suburb"": ""Piqueri"", ""city"": ""São Paulo"", ""state"": ""São Paulo"", ""ISO3166-2-lvl4"": ""BR-SP"", ""region"": ""Região Sudeste"", ""postcode"": ""02945-000"", ""country"": ""Brasil"", ""country_code"": ""br""}, ""boundingbox"": [""-23.4856336"", ""-23.4836530"", ""-46.7285330"", ""-46.7265242""]}"
16;HOSPITAL GERAL DE SAO MATEUS SAO PAULO;RUA ANGELO DE CANDIA, 540 - SAO MATEUS, SAO PAULO, SP;-23.5947358;-46.4867109;ok;nominatim;high;;0;;8814414;way;437648955;Hospital Geral de São Mateus, 540, Rua Ângelo de Cândia, Jardim Imperador, São Mateus, São Paulo, Região Sudeste, 03958-000, Brasil;7.861829556720863e-05;;hospital;São Paulo;São Paulo;Brasil;HOSPITAL GERAL DE SAO MATEUS SAO PAULO, RUA ANGELO DE CANDIA, 540 - SAO MATEUS, SAO PAULO, SP, São Paulo, SP, Brasil;"{""place_id"": 8814414, ""licence"": ""Data © OpenStreetMap contributors, ODbL 1.0. http://osm.org/copyright"", ""osm_type"": ""way"", ""osm_id"": 437648955, ""lat"": ""-23.5947358"", ""lon"": ""-46.4867109"", ""category"": ""amenity"", ""type"": ""hospital"", ""place_rank"": 30, ""importance"": 7.861829556720863e-05, ""addresstype"": ""amenity"", ""name"": ""Hospital Geral de São Mateus"", ""display_name"": ""Hospital Geral de São Mateus, 540, Rua Ângelo de Cândia, Jardim Imperador, São Mateus, São Paulo, Região Sudeste, 03958-000, Brasil"", ""address"": {""amenity"": ""Hospital Geral de São Mateus"", ""house_number"": ""540"", ""road"": ""Rua Ângelo de Cândia"", ""suburb"": ""Jardim Imperador"", ""city"": ""São Paulo"", ""state"": ""São Paulo"", ""ISO3166-2-lvl4"": ""BR-SP"", ""region"": ""Região Sudeste"", ""postcode"": ""03958-000"", ""country"": ""Brasil"", ""country_code"": ""br""}, ""boundingbox"": [""-23.5954600"", ""-23.5940117"", ""-46.4872724"", ""-46.4861494""]}"
17;UNIDADE DE GESTAO ASSISTENCIAL II HOSPITAL IPIRANGA SP;AVENIDA NAZARE, 28 - IPIRANGA, SAO PAULO, SP;-23.5842030;-46.6116295;ok;nominatim;high;;0;;8839690;way;467681159;Hospital Ipiranga, 28, Avenida Nazaré, Ipiranga, São Paulo, Região Sudeste, 04262-000, Brasil;7.861829556720863e-05;;hospital;São Paulo;São Paulo;Brasil;AVENIDA NAZARE, 28 - IPIRANGA, SAO PAULO, SP, São Paulo, SP, Brasil;"{""place_id"": 8839690, ""licence"": ""Data © OpenStreetMap contributors, ODbL 1.0. http://osm.org/copyright"", ""osm_type"": ""way"", ""osm_id"": 467681159, ""lat"": ""-23.5842030"", ""lon"": ""-46.6116295"", ""category"": ""amenity"", ""type"": ""hospital"", ""place_rank"": 30, ""importance"": 7.861829556720863e-05, ""addresstype"": ""amenity"", ""name"": ""Hospital Ipiranga"", ""display_name"": ""Hospital Ipiranga, 28, Avenida Nazaré, Ipiranga, São Paulo, Região Sudeste, 04262-000, Brasil"", ""address"": {""amenity"": ""Hospital Ipiranga"", ""house_number"": ""28"", ""road"": ""Avenida Nazaré"", ""suburb"": ""Ipiranga"", ""city_district"": ""Ipiranga"", ""city"": ""São Paulo"", ""state"": ""São Paulo"", ""ISO3166-2-lvl4"": ""BR-SP"", ""region"": ""Região Sudeste"", ""postcode"": ""04262-000"", ""country"": ""Brasil"", ""country_code"": ""br""}, ""boundingbox"": [""-23.5846982"", ""-23.5838803"", ""-46.6121370"", ""-46.6111008""]}"
18;CONJUNTO HOSPITALAR DO MANDAQUI SAO PAULO;RUA VOLUNTARIOS DA PATRIA, 4301 - SANTANA, SAO PAULO, SP;-23.4849783;-46.6314355;ok;nominatim;high;;0;;8683899;relation;3281462;Conjunto Hospitalar do Mandaqui, 4301, Rua Voluntários da Pátria, Alto de Santana, Santana, São Paulo, Região Sudeste, 02401-400, Brasil;0.4353606624145101;;hospital;São Paulo;São Paulo;Brasil;CONJUNTO HOSPITALAR DO MANDAQUI SAO PAULO, RUA VOLUNTARIOS DA PATRIA, 4301 - SANTANA, SAO PAULO, SP, São Paulo, SP, Brasil;"{""place_id"": 8683899, ""licence"": ""Data © OpenStreetMap contributors, ODbL 1.0. http://osm.org/copyright"", ""osm_type"": ""relation"", ""osm_id"": 3281462, ""lat"": ""-23.4849783"", ""lon"": ""-46.6314355"", ""category"": ""amenity"", ""type"": ""hospital"", ""place_rank"": 30, ""importance"": 0.4353606624145101, ""addresstype"": ""amenity"", ""name"": ""Conjunto Hospitalar do Mandaqui"", ""display_name"": ""Conjunto Hospitalar do Mandaqui, 4301, Rua Voluntários da Pátria, Alto de Santana, Santana, São Paulo, Região Sudeste, 02401-400, Brasil"", ""address"": {""amenity"": ""Conjunto Hospitalar do Mandaqui"", ""house_number"": ""4301"", ""road"": ""Rua Voluntários da Pátria"", ""suburb"": ""Alto de Santana"", ""city_district"": ""Santana"", ""city"": ""São Paulo"", ""state"": ""São Paulo"", ""ISO3166-2-lvl4"": ""BR-SP"", ""region"": ""Região Sudeste"", ""postcode"": ""02401-400"", ""country"": ""Brasil"", ""country_code"": ""br""}, ""boundingbox"": [""-23.4867695"", ""-23.4830889"", ""-46.6332399"", ""-46.6294796""]}"
19;HOSPITAL GERAL SANTA MARCELINA DE ITAIM PAULISTA SAO PAULO;AV MARECHAL TITO, 6035 - ITAIM PAULISTA, SAO PAULO, SP;-23.4924231;-46.3889814;ok;nominatim;high;;200;;8694629;way;319792790;Hospital Santa Marcelina do Itaim Paulista O.S.S, 6035, Avenida Marechal Tito, Vila Itaim, Jardim São Luís (Zona leste), Itaim Paulista, São Paulo, Região Sudeste, 08115-100, Brasil;7.861829556720863e-05;;hospital;São Paulo;São Paulo;Brasil;AV MARECHAL TITO, 6035 - ITAIM PAULISTA, SAO PAULO, SP, São Paulo, SP, Brasil;"{""place_id"": 8694629, ""licence"": ""Data © OpenStreetMap contributors, ODbL 1.0. http://osm.org/copyright"", ""osm_type"": ""way"", ""osm_id"": 319792790, ""lat"": ""-23.4924231"", ""lon"": ""-46.3889814"", ""category"": ""amenity"", ""type"": ""hospital"", ""place_rank"": 30, ""importance"": 7.861829556720863e-05, ""addresstype"": ""amenity"", ""name"": ""Hospital Santa Marcelina do Itaim Paulista O.S.S"", ""display_name"": ""Hospital Santa Marcelina do Itaim Paulista O.S.S, 6035, Avenida Marechal Tito, Vila Itaim, Jardim São Luís (Zona leste), Itaim Paulista, São Paulo, Região Sudeste, 08115-100, Brasil"", ""address"": {""amenity"": ""Hospital Santa Marcelina do Itaim Paulista O.S.S"", ""house_number"": ""6035"", ""road"": ""Avenida Marechal Tito"", ""neighbourhood"": ""Vila Itaim"", ""suburb"": ""Jardim São Luís (Zona leste)"", ""city"": ""São Paulo"", ""state"": ""São Paulo"", ""ISO3166-2-lvl4"": ""BR-SP"", ""region"": ""Região Sudeste"", ""postcode"": ""08115-100"", ""country"": ""Brasil"", ""country_code"": ""br""}, ""boundingbox"": [""-23.4933870"", ""-23.4914681"", ""-46.3900733"", ""-46.3879965""]}"
20;HOSP MUN PROF DR WALDOMIRO DE PAULA;RUA AUGUSTO CARLOS BAUMANN, 1074 - ITAQUERA, SAO PAULO, SP;-23.5321357;-46.4472128;ok;nominatim;low;;200;;8699046;way;272661161;Rua Augusto Carlos Bauman, Vila Carmosina, Itaquera, São Paulo, Região Sudeste, 08210-540, Brasil;0.05341195162890055;;secondary;São Paulo;São Paulo;Brasil;RUA AUGUSTO CARLOS BAUMANN, 1074 - ITAQUERA, SAO PAULO, SP, São Paulo, SP, Brasil;"{""place_id"": 8699046, ""licence"": ""Data © OpenStreetMap contributors, ODbL 1.0. http://osm.org/copyright"", ""osm_type"": ""way"", ""osm_id"": 272661161, ""lat"": ""-23.5321357"", ""lon"": ""-46.4472128"", ""category"": ""highway"", ""type"": ""secondary"", ""place_rank"": 26, ""importance"": 0.05341195162890055, ""addresstype"": ""road"", ""name"": ""Rua Augusto Carlos Bauman"", ""display_name"": ""Rua Augusto Carlos Bauman, Vila Carmosina, Itaquera, São Paulo, Região Sudeste, 08210-540, Brasil"", ""address"": {""road"": ""Rua Augusto Carlos Bauman"", ""quarter"": ""Vila Carmosina"", ""suburb"": ""Itaquera"", ""city"": ""São Paulo"", ""state"": ""São Paulo"", ""ISO3166-2-lvl4"": ""BR-SP"", ""region"": ""Região Sudeste"", ""postcode"": ""08210-540"", ""country"": ""Brasil"", ""country_code"": ""br""}, ""boundingbox"": [""-23.5325274"", ""-23.5317431"", ""-46.4478428"", ""-46.4465833""]}"
21;HOSPITAL GERAL DO GRAJAU PROF LIBER JOHN ALPHONSE DI DIO SP;RUA FRANCISCO OTAVIO PACCA, 180 - PARQUE DAS NACOES, SAO PAULO, SP;-23.6911520;-46.5848155;ok;nominatim;low;;200;;9047908;way;269098990;Oficina Brasil, 1937, Avenida Piraporinha, Piraporinha, Diadema, São Paulo, Região Sudeste, 09950-000, Brasil;7.861829556720863e-05;;car_repair;Diadema;São Paulo;Brasil;04822030, 180, SAO PAULO, SP, Brasil;"{""place_id"": 9047908, ""licence"": ""Data © OpenStreetMap contributors, ODbL 1.0. http://osm.org/copyright"", ""osm_type"": ""way"", ""osm_id"": 269098990, ""lat"": ""-23.6911520"", ""lon"": ""-46.5848155"", ""category"": ""shop"", ""type"": ""car_repair"", ""place_rank"": 30, ""importance"": 7.861829556720863e-05, ""addresstype"": ""shop"", ""name"": ""Oficina Brasil"", ""display_name"": ""Oficina Brasil, 1937, Avenida Piraporinha, Piraporinha, Diadema, São Paulo, Região Sudeste, 09950-000, Brasil"", ""address"": {""shop"": ""Oficina Brasil"", ""house_number"": ""1937"", ""road"": ""Avenida Piraporinha"", ""suburb"": ""Piraporinha"", ""city_district"": ""Diadema"", ""city"": ""Diadema"", ""state"": ""São Paulo"", ""ISO3166-2-lvl4"": ""BR-SP"", ""region"": ""Região Sudeste"", ""postcode"": ""09950-000"", ""country"": ""Brasil"", ""country_code"": ""br""}, ""boundingbox"": [""-23.6912159"", ""-23.6910783"", ""-46.5849354"", ""-46.5846886""]}"
22;HOSPITAL E MATERNIDADE LEONOR MENDES DE BARROS SAO PAULO;AV CELSO GARCIA, 2477 - BELENZINHO, SAO PAULO, SP;-23.5359031;-46.5887061;ok;nominatim;high;;200;;8847125;way;463619231;Hospital Maternidade Leonor Mendes de Barros, 2477, Avenida Celso Garcia, Belém, São Paulo, Região Sudeste, 03015-000, Brasil;7.861829556720863e-05;;hospital;São Paulo;São Paulo;Brasil;AV CELSO GARCIA, 2477 - 03015000;"{""place_id"": 8847125, ""licence"": ""Data © OpenStreetMap contributors, ODbL 1.0. http://osm.org/copyright"", ""osm_type"": ""way"", ""osm_id"": 463619231, ""lat"": ""-23.5359031"", ""lon"": ""-46.5887061"", ""category"": ""amenity"", ""type"": ""hospital"", ""place_rank"": 30, ""importance"": 7.861829556720863e-05, ""addresstype"": ""amenity"", ""name"": ""Hospital Maternidade Leonor Mendes de Barros"", ""display_name"": ""Hospital Maternidade Leonor Mendes de Barros, 2477, Avenida Celso Garcia, Belém, São Paulo, Região Sudeste, 03015-000, Brasil"", ""address"": {""amenity"": ""Hospital Maternidade Leonor Mendes de Barros"", ""house_number"": ""2477"", ""road"": ""Avenida Celso Garcia"", ""suburb"": ""Belém"", ""city"": ""São Paulo"", ""state"": ""São Paulo"", ""ISO3166-2-lvl4"": ""BR-SP"", ""region"": ""Região Sudeste"", ""postcode"": ""03015-000"", ""country"": ""Brasil"", ""country_code"": ""br""}, ""boundingbox"": [""-23.5365735"", ""-23.5352205"", ""-46.5896561"", ""-46.5878076""]}"
23;CENTRO DE REFERENCIA E TREINAMENTO DST AIDS SAO PAULO;RUA SANTA CRUZ, 81 - VILA MARIANA, SAO PAULO, SP;-23.5966194;-46.6358133;ok;nominatim;high;;200;;8787168;way;1077044306;Centro de Referência e Treinamento DST/Aids-SP, 81, Rua Santa Cruz, Vila Mariana, São Paulo, Região Sudeste, 04121-000, Brasil;7.861829556720863e-05;;hospital;São Paulo;São Paulo;Brasil;RUA SANTA CRUZ, 81 - VILA MARIANA, SAO PAULO, SP, São Paulo, SP, Brasil;"{""place_id"": 8787168, ""licence"": ""Data © OpenStreetMap contributors, ODbL 1.0. http://osm.org/copyright"", ""osm_type"": ""way"", ""osm_id"": 1077044306, ""lat"": ""-23.5966194"", ""lon"": ""-46.6358133"", ""category"": ""amenity"", ""type"": ""hospital"", ""place_rank"": 30, ""importance"": 7.861829556720863e-05, ""addresstype"": ""amenity"", ""name"": ""Centro de Referência e Treinamento DST/Aids-SP"", ""display_name"": ""Centro de Referência e Treinamento DST/Aids-SP, 81, Rua Santa Cruz, Vila Mariana, São Paulo, Região Sudeste, 04121-000, Brasil"", ""address"": {""amenity"": ""Centro de Referência e Treinamento DST/Aids-SP"", ""house_number"": ""81"", ""road"": ""Rua Santa Cruz"", ""suburb"": ""Vila Mariana"", ""city_district"": ""Vila Mariana"", ""city"": ""São Paulo"", ""state"": ""São Paulo"", ""ISO3166-2-lvl4"": ""BR-SP"", ""region"": ""Região Sudeste"", ""postcode"": ""04121-000"", ""country"": ""Brasil"", ""country_code"": ""br""}, ""boundingbox"": [""-23.5969243"", ""-23.5963444"", ""-46.6359613"", ""-46.6356600""]}"
24;HOSPITAL MILITAR DE AREA DE SAO PAULO;RUA OUVIDOR PORTUGAL, 230 - CAMBUCI, SAO PAULO, SP;-23.5696701;-46.6134492;ok;nominatim;high;;200;;8931936;node;1693998312;Hospital Militar de Área de São Paulo, 230, Rua Ouvidor Portugal, Vila Monumento, Cambuci, São Paulo, Região Sudeste, 01551-010, Brasil;7.861829556720863e-05;;hospital;São Paulo;São Paulo;Brasil;HOSPITAL MILITAR DE AREA DE SAO PAULO, RUA OUVIDOR PORTUGAL, 230 - CAMBUCI, SAO PAULO, SP, São Paulo, SP, Brasil;"{""place_id"": 8931936, ""licence"": ""Data © OpenStreetMap contributors, ODbL 1.0. http://osm.org/copyright"", ""osm_type"": ""node"", ""osm_id"": 1693998312, ""lat"": ""-23.5696701"", ""lon"": ""-46.6134492"", ""category"": ""amenity"", ""type"": ""hospital"", ""place_rank"": 30, ""importance"": 7.861829556720863e-05, ""addresstype"": ""amenity"", ""name"": ""Hospital Militar de Área de São Paulo"", ""display_name"": ""Hospital Militar de Área de São Paulo, 230, Rua Ouvidor Portugal, Vila Monumento, Cambuci, São Paulo, Região Sudeste, 01551-010, Brasil"", ""address"": {""amenity"": ""Hospital Militar de Área de São Paulo"", ""house_number"": ""230"", ""road"": ""Rua Ouvidor Portugal"", ""suburb"": ""Vila Monumento"", ""city_district"": ""Cambuci"", ""city"": ""São Paulo"", ""state"": ""São Paulo"", ""ISO3166-2-lvl4"": ""BR-SP"", ""region"": ""Região Sudeste"", ""postcode"": ""01551-010"", ""country"": ""Brasil"", ""country_code"": ""br""}, ""boundingbox"": [""-23.5697201"", ""-23.5696201"", ""-46.6134992"", ""-46.6133992""]}"
25;CENTRO DE REFERENCIA DA SAUDE DA MULHER;AV RIO BRANCO, 1080 - CAMPOS ELISEOS, SAO PAULO, SP;-23.5343002;-46.6437496;ok;nominatim;low;;200;;8983991;way;998165463;1080, Avenida Rio Branco, Campos Elísios, Santa Cecília, São Paulo, Região Sudeste, 01206-001, Brasil;9.99999999995449e-06;;house;São Paulo;São Paulo;Brasil;AV RIO BRANCO, 1080 - 01206001;"{""place_id"": 8983991, ""licence"": ""Data © OpenStreetMap contributors, ODbL 1.0. http://osm.org/copyright"", ""osm_type"": ""way"", ""osm_id"": 998165463, ""lat"": ""-23.5343002"", ""lon"": ""-46.6437496"", ""category"": ""place"", ""type"": ""house"", ""place_rank"": 30, ""importance"": 9.99999999995449e-06, ""addresstype"": ""place"", ""name"": """", ""display_name"": ""1080, Avenida Rio Branco, Campos Elísios, Santa Cecília, São Paulo, Região Sudeste, 01206-001, Brasil"", ""address"": {""house_number"": ""1080"", ""road"": ""Avenida Rio Branco"", ""suburb"": ""Campos Elísios"", ""city_district"": ""Santa Cecília"", ""city"": ""São Paulo"", ""state"": ""São Paulo"", ""ISO3166-2-lvl4"": ""BR-SP"", ""region"": ""Região Sudeste"", ""postcode"": ""01206-001"", ""country"": ""Brasil"", ""country_code"": ""br""}, ""boundingbox"": [""-23.5343502"", ""-23.5342502"", ""-46.6437996"", ""-46.6436996""]}"
26;HOSP MUN INFANTIL MENINO JESUS;RUA DOS INGLESES, 258 - BELA VISTA, SAO PAULO, SP;-23.5602200;-46.6469982;ok;nominatim;low;;200;;9665640;way;1172464432;258, Rua dos Ingleses, Morro dos Ingleses, Bela Vista, São Paulo, Região Sudeste, 01329-000, Brasil;9.99999999995449e-06;;house;São Paulo;São Paulo;Brasil;RUA DOS INGLESES, 258 - BELA VISTA, SAO PAULO, SP, São Paulo, SP, Brasil;"{""place_id"": 9665640, ""licence"": ""Data © OpenStreetMap contributors, ODbL 1.0. http://osm.org/copyright"", ""osm_type"": ""way"", ""osm_id"": 1172464432, ""lat"": ""-23.5602200"", ""lon"": ""-46.6469982"", ""category"": ""place"", ""type"": ""house"", ""place_rank"": 30, ""importance"": 9.99999999995449e-06, ""addresstype"": ""place"", ""name"": """", ""display_name"": ""258, Rua dos Ingleses, Morro dos Ingleses, Bela Vista, São Paulo, Região Sudeste, 01329-000, Brasil"", ""address"": {""house_number"": ""258"", ""road"": ""Rua dos Ingleses"", ""suburb"": ""Morro dos Ingleses"", ""city"": ""São Paulo"", ""state"": ""São Paulo"", ""ISO3166-2-lvl4"": ""BR-SP"", ""region"": ""Região Sudeste"", ""postcode"": ""01329-000"", ""country"": ""Brasil"", ""country_code"": ""br""}, ""boundingbox"": [""-23.5602700"", ""-23.5601700"", ""-46.6470482"", ""-46.6469482""]}"
27;HOSP DA AERONAUTICA DE SPHASP;OLAVO FONTOURA, 1400, SANTANA - SANTANA, SAO PAULO, SP;-23.5143658;-46.6366806;ok;nominatim;low;;200;;8978059;way;646945023;Avenida Olavo Fontoura, Carandiru, Santana, São Paulo, Região Sudeste, 02012-021, Brasil;0.05341195162890055;;primary;São Paulo;São Paulo;Brasil;OLAVO FONTOURA, 1400, SANTANA - SANTANA, SAO PAULO, SP, São Paulo, SP, Brasil;"{""place_id"": 8978059, ""licence"": ""Data © OpenStreetMap contributors, ODbL 1.0. http://osm.org/copyright"", ""osm_type"": ""way"", ""osm_id"": 646945023, ""lat"": ""-23.5143658"", ""lon"": ""-46.6366806"", ""category"": ""highway"", ""type"": ""primary"", ""place_rank"": 26, ""importance"": 0.05341195162890055, ""addresstype"": ""road"", ""name"": ""Avenida Olavo Fontoura"", ""display_name"": ""Avenida Olavo Fontoura, Carandiru, Santana, São Paulo, Região Sudeste, 02012-021, Brasil"", ""address"": {""road"": ""Avenida Olavo Fontoura"", ""suburb"": ""Carandiru"", ""city_district"": ""Santana"", ""city"": ""São Paulo"", ""state"": ""São Paulo"", ""ISO3166-2-lvl4"": ""BR-SP"", ""region"": ""Região Sudeste"", ""postcode"": ""02012-021"", ""country"": ""Brasil"", ""country_code"": ""br""}, ""boundingbox"": [""-23.5150607"", ""-23.5141410"", ""-46.6407666"", ""-46.6325520""]}"
28;HOSP MUN MAT ESC DR MARIO DE MORAES A SILVA;DEPUTADO EMILIO CARLOS, 3100 - VILA NOVA CACHOEIRIN, SAO PAULO, SP;-23.4802096;-46.6709709;ok;nominatim;high;;200;;8553501;way;423650178;Hospital Municipal Maternidade-Escola Vila Nova Cachoeirinha, 3100, Avenida Deputado Emílio Carlos, Vila Amélia, Cachoeirinha, São Paulo, Região Sudeste, 02765-050, Brasil;0.04539457909600718;;hospital;São Paulo;São Paulo;Brasil;DEPUTADO EMILIO CARLOS, 3100 - 02721000;"{""place_id"": 8553501, ""licence"": ""Data © OpenStreetMap contributors, ODbL 1.0. http://osm.org/copyright"", ""osm_type"": ""way"", ""osm_id"": 423650178, ""lat"": ""-23.4802096"", ""lon"": ""-46.6709709"", ""category"": ""building"", ""type"": ""hospital"", ""place_rank"": 30, ""importance"": 0.04539457909600718, ""addresstype"": ""building"", ""name"": ""Hospital Municipal Maternidade-Escola Vila Nova Cachoeirinha"", ""display_name"": ""Hospital Municipal Maternidade-Escola Vila Nova Cachoeirinha, 3100, Avenida Deputado Emílio Carlos, Vila Amélia, Cachoeirinha, São Paulo, Região Sudeste, 02765-050, Brasil"", ""address"": {""building"": ""Hospital Municipal Maternidade-Escola Vila Nova Cachoeirinha"", ""house_number"": ""3100"", ""road"": ""Avenida Deputado Emílio Carlos"", ""suburb"": ""Vila Amélia"", ""city"": ""São Paulo"", ""state"": ""São Paulo"", ""ISO3166-2-lvl4"": ""BR-SP"", ""region"": ""Região Sudeste"", ""postcode"": ""02765-050"", ""country"": ""Brasil"", ""country_code"": ""br""}, ""boundingbox"": [""-23.4807433"", ""-23.4796940"", ""-46.6717507"", ""-46.6702427""]}"
29;HOSPITAL GERAL JESUS TEIXEIRA DA COSTA GUAIANASES SAO PAULO;AV MIGUEL ACHIOLE DA FONSECA, 135 - JARDIM SAO PAULO, SAO PAULO, SP;-23.5523813;-46.4053829;ok;nominatim;high;;200;;8835683;way;260876142;Hospital Geral Jesus Teixeira da Costa, Avenida Miguel Achiole da Fonseca, Jardim São Paulo, Guaianases, São Paulo, Região Sudeste, 08412-000, Brasil;7.861829556720863e-05;;hospital;São Paulo;São Paulo;Brasil;HOSPITAL GERAL JESUS TEIXEIRA DA COSTA GUAIANASES SAO PAULO, AV MIGUEL ACHIOLE DA FONSECA, 135 - JARDIM SAO PAULO, SAO PAULO, SP, São Paulo, SP, Brasil;"{""place_id"": 8835683, ""licence"": ""Data © OpenStreetMap contributors, ODbL 1.0. http://osm.org/copyright"", ""osm_type"": ""way"", ""osm_id"": 260876142, ""lat"": ""-23.5523813"", ""lon"": ""-46.4053829"", ""category"": ""amenity"", ""type"": ""hospital"", ""place_rank"": 30, ""importance"": 7.861829556720863e-05, ""addresstype"": ""amenity"", ""name"": ""Hospital Geral Jesus Teixeira da Costa"", ""display_name"": ""Hospital Geral Jesus Teixeira da Costa, Avenida Miguel Achiole da Fonseca, Jardim São Paulo, Guaianases, São Paulo, Região Sudeste, 08412-000, Brasil"", ""address"": {""amenity"": ""Hospital Geral Jesus Teixeira da Costa"", ""road"": ""Avenida Miguel Achiole da Fonseca"", ""quarter"": ""Jardim São Paulo"", ""suburb"": ""Guaianases"", ""city"": ""São Paulo"", ""state"": ""São Paulo"", ""ISO3166-2-lvl4"": ""BR-SP"", ""region"": ""Região Sudeste"", ""postcode"": ""08412-000"", ""country"": ""Brasil"", ""country_code"": ""br""}, ""boundingbox"": [""-23.5537353"", ""-23.5513729"", ""-46.4066739"", ""-46.4034789""]}"
30;HOSP MUN DR CARMINO CARICCHIO;AV CELSO GARCIA, 4815 - TATUAPE, SAO PAULO, SP;-23.5329502;-46.5664411;ok;nominatim;high;;200;;8778472;way;375977786;Hospital Municipal Doutor Cármino Caricchio, 4815, Avenida Celso Garcia, Parque São Jorge, Tatuapé, São Paulo, Região Sudeste, 03069-000, Brasil;7.861829556720863e-05;;hospital;São Paulo;São Paulo;Brasil;AV CELSO GARCIA, 4815 - TATUAPE, SAO PAULO, SP, São Paulo, SP, Brasil;"{""place_id"": 8778472, ""licence"": ""Data © OpenStreetMap contributors, ODbL 1.0. http://osm.org/copyright"", ""osm_type"": ""way"", ""osm_id"": 375977786, ""lat"": ""-23.5329502"", ""lon"": ""-46.5664411"", ""category"": ""amenity"", ""type"": ""hospital"", ""place_rank"": 30, ""importance"": 7.861829556720863e-05, ""addresstype"": ""amenity"", ""name"": ""Hospital Municipal Doutor Cármino Caricchio"", ""display_name"": ""Hospital Municipal Doutor Cármino Caricchio, 4815, Avenida Celso Garcia, Parque São Jorge, Tatuapé, São Paulo, Região Sudeste, 03069-000, Brasil"", ""address"": {""amenity"": ""Hospital Municipal Doutor Cármino Caricchio"", ""house_number"": ""4815"", ""road"": ""Avenida Celso Garcia"", ""suburb"": ""Parque São Jorge"", ""city"": ""São Paulo"", ""state"": ""São Paulo"", ""ISO3166-2-lvl4"": ""BR-SP"", ""region"": ""Região Sudeste"", ""postcode"": ""03069-000"", ""country"": ""Brasil"", ""country_code"": ""br""}, ""boundingbox"": [""-23.5337538"", ""-23.5324836"", ""-46.5669771"", ""-46.5658105""]}"
31;HOSP MUN TIDE SETUBAL;RUA DR JOSE GUILHERME EIRAS, 123 - SAO MIGUEL PAULISTA, SAO PAULO, SP;-23.4973179;-46.4398650;ok;nominatim;low;;200;;8766667;way;1184110656;Rua Doutor José Guilherme Eiras, Vila Rosária, São Miguel Paulista, São Paulo, Região Sudeste, 08021-090, Brasil;0.05341195162890055;;residential;São Paulo;São Paulo;Brasil;RUA DR JOSE GUILHERME EIRAS, 123 - SAO MIGUEL PAULISTA, SAO PAULO, SP, São Paulo, SP, Brasil;"{""place_id"": 8766667, ""licence"": ""Data © OpenStreetMap contributors, ODbL 1.0. http://osm.org/copyright"", ""osm_type"": ""way"", ""osm_id"": 1184110656, ""lat"": ""-23.4973179"", ""lon"": ""-46.4398650"", ""category"": ""highway"", ""type"": ""residential"", ""place_rank"": 26, ""importance"": 0.05341195162890055, ""addresstype"": ""road"", ""name"": ""Rua Doutor José Guilherme Eiras"", ""display_name"": ""Rua Doutor José Guilherme Eiras, Vila Rosária, São Miguel Paulista, São Paulo, Região Sudeste, 08021-090, Brasil"", ""address"": {""road"": ""Rua Doutor José Guilherme Eiras"", ""quarter"": ""Vila Rosária"", ""suburb"": ""São Miguel Paulista"", ""city"": ""São Paulo"", ""state"": ""São Paulo"", ""ISO3166-2-lvl4"": ""BR-SP"", ""region"": ""Região Sudeste"", ""postcode"": ""08021-090"", ""country"": ""Brasil"", ""country_code"": ""br""}, ""boundingbox"": [""-23.4974676"", ""-23.4971975"", ""-46.4406062"", ""-46.4391160""]}"
32;HOSP MUN V NHOCUNE ALEXANDRE ZAIO;RUA ALVES MALDONADO, 128 - VILA NHOCUNE, SAO PAULO, SP;-23.5424212;-46.5015398;ok;nominatim;high;;200;;8856090;way;442804134;Hospital Municipal Doutor Alexandre Zaio, 128, Rua Alves Maldonado, Cidade Patriarca, Vila Matilde, São Paulo, Região Sudeste, 03556-010, Brasil;7.861829556720863e-05;;hospital;São Paulo;São Paulo;Brasil;RUA ALVES MALDONADO, 128 - VILA NHOCUNE, SAO PAULO, SP, São Paulo, SP, Brasil;"{""place_id"": 8856090, ""licence"": ""Data © OpenStreetMap contributors, ODbL 1.0. http://osm.org/copyright"", ""osm_type"": ""way"", ""osm_id"": 442804134, ""lat"": ""-23.5424212"", ""lon"": ""-46.5015398"", ""category"": ""amenity"", ""type"": ""hospital"", ""place_rank"": 30, ""importance"": 7.861829556720863e-05, ""addresstype"": ""amenity"", ""name"": ""Hospital Municipal Doutor Alexandre Zaio"", ""display_name"": ""Hospital Municipal Doutor Alexandre Zaio, 128, Rua Alves Maldonado, Cidade Patriarca, Vila Matilde, São Paulo, Região Sudeste, 03556-010, Brasil"", ""address"": {""amenity"": ""Hospital Municipal Doutor Alexandre Zaio"", ""house_number"": ""128"", ""road"": ""Rua Alves Maldonado"", ""suburb"": ""Cidade Patriarca"", ""city"": ""São Paulo"", ""state"": ""São Paulo"", ""ISO3166-2-lvl4"": ""BR-SP"", ""region"": ""Região Sudeste"", ""postcode"": ""03556-010"", ""country"": ""Brasil"", ""country_code"": ""br""}, ""boundingbox"": [""-23.5438786"", ""-23.5417079"", ""-46.5028900"", ""-46.5007385""]}"
33;HOSP MUN JABAQUARA ARTUR RIBEIRO DE SABOYA;AVENIDA FRANCISCO DE PAULA QUINTANILHA RIBEIRO, 860 - JABAQUARA, SAO PAULO, SP;-23.6533422;-46.6456764;ok;nominatim;high;;200;;9029850;way;256252796;Hospital Municipal Arthur Ribeiro de Saboya, 860, Avenida Francisco de Paula Quintanilha Ribeiro, Vila do Encontro, Jabaquara, São Paulo, Região Sudeste, 04330-020, Brasil;7.861829556720863e-05;;hospital;São Paulo;São Paulo;Brasil;AVENIDA FRANCISCO DE PAULA QUINTANILHA RIBEIRO, 860 - JABAQUARA, SAO PAULO, SP, São Paulo, SP, Brasil;"{""place_id"": 9029850, ""licence"": ""Data © OpenStreetMap contributors, ODbL 1.0. http://osm.org/copyright"", ""osm_type"": ""way"", ""osm_id"": 256252796, ""lat"": ""-23.6533422"", ""lon"": ""-46.6456764"", ""category"": ""amenity"", ""type"": ""hospital"", ""place_rank"": 30, ""importance"": 7.861829556720863e-05, ""addresstype"": ""amenity"", ""name"": ""Hospital Municipal Arthur Ribeiro de Saboya"", ""display_name"": ""Hospital Municipal Arthur Ribeiro de Saboya, 860, Avenida Francisco de Paula Quintanilha Ribeiro, Vila do Encontro, Jabaquara, São Paulo, Região Sudeste, 04330-020, Brasil"", ""address"": {""amenity"": ""Hospital Municipal Arthur Ribeiro de Saboya"", ""house_number"": ""860"", ""road"": ""Avenida Francisco de Paula Quintanilha Ribeiro"", ""quarter"": ""Vila do Encontro"", ""suburb"": ""Jabaquara"", ""city"": ""São Paulo"", ""state"": ""São Paulo"", ""ISO3166-2-lvl4"": ""BR-SP"", ""region"": ""Região Sudeste"", ""postcode"": ""04330-020"", ""country"": ""Brasil"", ""country_code"": ""br""}, ""boundingbox"": [""-23.6538054"", ""-23.6529168"", ""-46.6462115"", ""-46.6451313""]}"
34;HOSPITAL KATIA DE SOUZA RODRIGUES TAIPASSP SAO PAULO;AV ELISIO TEIXEIRA LEITE, 6999 - PARADA DE TAIPAS, SAO PAULO, SP;-23.4436996;-46.7177512;ok;nominatim;high;;200;;8613916;way;682318862;Hospital Geral de Taipas, 6999, Avenida Elísio Teixeira Leite, Parada de Taípas, Jardim Pirituba, Jaraguá, São Paulo, Região Sudeste, 02810-000, Brasil;7.861829556720863e-05;;hospital;São Paulo;São Paulo;Brasil;AV ELISIO TEIXEIRA LEITE, 6999 - PARADA DE TAIPAS, SAO PAULO, SP, São Paulo, SP, Brasil;"{""place_id"": 8613916, ""licence"": ""Data © OpenStreetMap contributors, ODbL 1.0. http://osm.org/copyright"", ""osm_type"": ""way"", ""osm_id"": 682318862, ""lat"": ""-23.4436996"", ""lon"": ""-46.7177512"", ""category"": ""amenity"", ""type"": ""hospital"", ""place_rank"": 30, ""importance"": 7.861829556720863e-05, ""addresstype"": ""amenity"", ""name"": ""Hospital Geral de Taipas"", ""display_name"": ""Hospital Geral de Taipas, 6999, Avenida Elísio Teixeira Leite, Parada de Taípas, Jardim Pirituba, Jaraguá, São Paulo, Região Sudeste, 02810-000, Brasil"", ""address"": {""amenity"": ""Hospital Geral de Taipas"", ""house_number"": ""6999"", ""road"": ""Avenida Elísio Teixeira Leite"", ""suburb"": ""Parada de Taípas"", ""city_district"": ""Jaraguá"", ""city"": ""São Paulo"", ""state"": ""São Paulo"", ""ISO3166-2-lvl4"": ""BR-SP"", ""region"": ""Região Sudeste"", ""postcode"": ""02810-000"", ""country"": ""Brasil"", ""country_code"": ""br""}, ""boundingbox"": [""-23.4449692"", ""-23.4423873"", ""-46.7185494"", ""-46.7172434""]}"
35;HOSP MUN PROFESSOR DOUTOR ALIPIO CORREA NETTO;ALAMEDA RODRIGO DE BRUM, 1989 - VILA PARANAGUA, SAO PAULO, SP;-23.4996440;-46.4729162;ok;nominatim;high;;200;;8679718;way;437199936;Hospital Municipal Professor Doutor Alípio Corrêa Netto, 1989, Alameda Rodrigo de Brum, Parque Boturussu, Ermelino Matarazzo, São Paulo, Região Sudeste, 03807-230, Brasil;7.861829556720863e-05;;hospital;São Paulo;São Paulo;Brasil;ALAMEDA RODRIGO DE BRUM, 1989 - VILA PARANAGUA, SAO PAULO, SP, São Paulo, SP, Brasil;"{""place_id"": 8679718, ""licence"": ""Data © OpenStreetMap contributors, ODbL 1.0. http://osm.org/copyright"", ""osm_type"": ""way"", ""osm_id"": 437199936, ""lat"": ""-23.4996440"", ""lon"": ""-46.4729162"", ""category"": ""amenity"", ""type"": ""hospital"", ""place_rank"": 30, ""importance"": 7.861829556720863e-05, ""addresstype"": ""amenity"", ""name"": ""Hospital Municipal Professor Doutor Alípio Corrêa Netto"", ""display_name"": ""Hospital Municipal Professor Doutor Alípio Corrêa Netto, 1989, Alameda Rodrigo de Brum, Parque Boturussu, Ermelino Matarazzo, São Paulo, Região Sudeste, 03807-230, Brasil"", ""address"": {""amenity"": ""Hospital Municipal Professor Doutor Alípio Corrêa Netto"", ""house_number"": ""1989"", ""road"": ""Alameda Rodrigo de Brum"", ""suburb"": ""Parque Boturussu"", ""city"": ""São Paulo"", ""state"": ""São Paulo"", ""ISO3166-2-lvl4"": ""BR-SP"", ""region"": ""Região Sudeste"", ""postcode"": ""03807-230"", ""country"": ""Brasil"", ""country_code"": ""br""}, ""boundingbox"": [""-23.5005523"", ""-23.4987394"", ""-46.4737451"", ""-46.4715457""]}"
36;HOSPITAL MUNICIPAL DR BENEDITO MONTENEGRO;RUA ANTONIO LAZARO, 226 - JARDIM IVA, SAO PAULO, SP;-23.5875541;-46.5145716;ok;nominatim;low;;200;;8859021;node;8553785959;226, Rua Antônio Lázaro, Vila Bancária, Sapopemba, São Paulo, Região Sudeste, 03921-080, Brasil;7.861829556720863e-05;;house;São Paulo;São Paulo;Brasil;RUA ANTONIO LAZARO, 226 - JARDIM IVA, SAO PAULO, SP, São Paulo, SP, Brasil;"{""place_id"": 8859021, ""licence"": ""Data © OpenStreetMap contributors, ODbL 1.0. http://osm.org/copyright"", ""osm_type"": ""node"", ""osm_id"": 8553785959, ""lat"": ""-23.5875541"", ""lon"": ""-46.5145716"", ""category"": ""place"", ""type"": ""house"", ""place_rank"": 30, ""importance"": 7.861829556720863e-05, ""addresstype"": ""place"", ""name"": """", ""display_name"": ""226, Rua Antônio Lázaro, Vila Bancária, Sapopemba, São Paulo, Região Sudeste, 03921-080, Brasil"", ""address"": {""house_number"": ""226"", ""road"": ""Rua Antônio Lázaro"", ""suburb"": ""Vila Bancária"", ""city"": ""São Paulo"", ""state"": ""São Paulo"", ""ISO3166-2-lvl4"": ""BR-SP"", ""region"": ""Região Sudeste"", ""postcode"": ""03921-080"", ""country"": ""Brasil"", ""country_code"": ""br""}, ""boundingbox"": [""-23.5876041"", ""-23.5875041"", ""-46.5146216"", ""-46.5145216""]}"
37;HOSP MUN IGNACIO PROENCA DE GOUVEA;JUVENTUS, 562 - PARQUE DA MOOCA, SAO PAULO, SP;-23.5717374;-46.5901660;ok;nominatim;high;;200;;8874303;way;231104142;Hospital Municipal Doutor Ignácio Proença de Gouvêa, 562, Rua Juventus, Parque da Mooca, Mooca, São Paulo, Região Sudeste, 03124-070, Brasil;7.861829556720863e-05;;hospital;São Paulo;São Paulo;Brasil;JUVENTUS, 562 - PARQUE DA MOOCA, SAO PAULO, SP, São Paulo, SP, Brasil;"{""place_id"": 8874303, ""licence"": ""Data © OpenStreetMap contributors, ODbL 1.0. http://osm.org/copyright"", ""osm_type"": ""way"", ""osm_id"": 231104142, ""lat"": ""-23.5717374"", ""lon"": ""-46.5901660"", ""category"": ""amenity"", ""type"": ""hospital"", ""place_rank"": 30, ""importance"": 7.861829556720863e-05, ""addresstype"": ""amenity"", ""name"": ""Hospital Municipal Doutor Ignácio Proença de Gouvêa"", ""display_name"": ""Hospital Municipal Doutor Ignácio Proença de Gouvêa, 562, Rua Juventus, Parque da Mooca, Mooca, São Paulo, Região Sudeste, 03124-070, Brasil"", ""address"": {""amenity"": ""Hospital Municipal Doutor Ignácio Proença de Gouvêa"", ""house_number"": ""562"", ""road"": ""Rua Juventus"", ""suburb"": ""Parque da Mooca"", ""city"": ""São Paulo"", ""state"": ""São Paulo"", ""ISO3166-2-lvl4"": ""BR-SP"", ""region"": ""Região Sudeste"", ""postcode"": ""03124-070"", ""country"": ""Brasil"", ""country_code"": ""br""}, ""boundingbox"": [""-23.5722462"", ""-23.5714608"", ""-46.5905701"", ""-46.5896856""]}"
38;HOSPITAL INFANTIL CANDIDO FONTOURA SAO PAULO;RUA SIQUEIRA BUENO, 1757 - AGUA RASA, SAO PAULO, SP;-23.5519180;-46.5852143;ok;nominatim;high;;200;;8874747;way;301324091;Hospital Infantil Cândido Fontoura, 1757, Rua Siqueira Bueno, Parque da Mooca, Água Rasa, São Paulo, Região Sudeste, 03173-010, Brasil;0.18554865524912875;;hospital;São Paulo;São Paulo;Brasil;HOSPITAL INFANTIL CANDIDO FONTOURA SAO PAULO, RUA SIQUEIRA BUENO, 1757 - AGUA RASA, SAO PAULO, SP, São Paulo, SP, Brasil;"{""place_id"": 8874747, ""licence"": ""Data © OpenStreetMap contributors, ODbL 1.0. http://osm.org/copyright"", ""osm_type"": ""way"", ""osm_id"": 301324091, ""lat"": ""-23.5519180"", ""lon"": ""-46.5852143"", ""category"": ""amenity"", ""type"": ""hospital"", ""place_rank"": 30, ""importance"": 0.18554865524912875, ""addresstype"": ""amenity"", ""name"": ""Hospital Infantil Cândido Fontoura"", ""display_name"": ""Hospital Infantil Cândido Fontoura, 1757, Rua Siqueira Bueno, Parque da Mooca, Água Rasa, São Paulo, Região Sudeste, 03173-010, Brasil"", ""address"": {""amenity"": ""Hospital Infantil Cândido Fontoura"", ""house_number"": ""1757"", ""road"": ""Rua Siqueira Bueno"", ""suburb"": ""Parque da Mooca"", ""city"": ""São Paulo"", ""state"": ""São Paulo"", ""ISO3166-2-lvl4"": ""BR-SP"", ""region"": ""Região Sudeste"", ""postcode"": ""03173-010"", ""country"": ""Brasil"", ""country_code"": ""br""}, ""boundingbox"": [""-23.5526263"", ""-23.5512110"", ""-46.5859768"", ""-46.5844531""]}"
39;HOSPITAL DE TRANSP DO EST DE SP EURYCLIDES DE JESUS ZERBINI;AV BRIGADEIRO LUIZ ANTONIO, 2651 - JARDIM PAULISTA, SAO PAULO, SP;;;not_found;nominatim;not_found;Resposta 200 OK mas sem coordenadas;0;Nenhuma das queries retornou coordenadas válidas;;;;;;;;;;;;
40;HOSPITAL REGIONAL SUL SAO PAULO;RUA GENERAL ROBERTO ALVES DE CARVALHO FILHO, 270 - SANTO AMARO, SAO PAULO, SP;-23.6555597;-46.7058596;ok;nominatim;high;;200;;8967809;way;318404110;Hospital Regional Sul, 270, Rua General Roberto Alves de Carvalho Filho, Jardim Santo Amaro, Santo Amaro, São Paulo, Região Sudeste, 04751-000, Brasil;7.861829556720863e-05;;hospital;São Paulo;São Paulo;Brasil;HOSPITAL REGIONAL SUL SAO PAULO, RUA GENERAL ROBERTO ALVES DE CARVALHO FILHO, 270 - SANTO AMARO, SAO PAULO, SP, São Paulo, SP, Brasil;"{""place_id"": 8967809, ""licence"": ""Data © OpenStreetMap contributors, ODbL 1.0. http://osm.org/copyright"", ""osm_type"": ""way"", ""osm_id"": 318404110, ""lat"": ""-23.6555597"", ""lon"": ""-46.7058596"", ""category"": ""amenity"", ""type"": ""hospital"", ""place_rank"": 30, ""importance"": 7.861829556720863e-05, ""addresstype"": ""amenity"", ""name"": ""Hospital Regional Sul"", ""display_name"": ""Hospital Regional Sul, 270, Rua General Roberto Alves de Carvalho Filho, Jardim Santo Amaro, Santo Amaro, São Paulo, Região Sudeste, 04751-000, Brasil"", ""address"": {""amenity"": ""Hospital Regional Sul"", ""house_number"": ""270"", ""road"": ""Rua General Roberto Alves de Carvalho Filho"", ""suburb"": ""Jardim Santo Amaro"", ""city_district"": ""Santo Amaro"", ""city"": ""São Paulo"", ""state"": ""São Paulo"", ""ISO3166-2-lvl4"": ""BR-SP"", ""region"": ""Região Sudeste"", ""postcode"": ""04751-000"", ""country"": ""Brasil"", ""country_code"": ""br""}, ""boundingbox"": [""-23.6557891"", ""-23.6550531"", ""-46.7061311"", ""-46.7056314""]}"
41;HOSPITAL VITAL BRAZIL SAO PAULO;AV VITAL BRAZIL, 1500 - BUTANTA, SAO PAULO, SP;-23.5651106;-46.7196825;ok;nominatim;high;;200;;8996650;way;245697727;Hospital Vital Brazil, Avenida Albert León C. Calmette / Jean C. Guérin, Caxingui, Butantã, São Paulo, Região Sudeste, 05508-065, Brasil;7.861829556720863e-05;;hospital;São Paulo;São Paulo;Brasil;HOSPITAL VITAL BRAZIL SAO PAULO, São Paulo, SP, Brasil;"{""place_id"": 8996650, ""licence"": ""Data © OpenStreetMap contributors, ODbL 1.0. http://osm.org/copyright"", ""osm_type"": ""way"", ""osm_id"": 245697727, ""lat"": ""-23.5651106"", ""lon"": ""-46.7196825"", ""category"": ""building"", ""type"": ""hospital"", ""place_rank"": 30, ""importance"": 7.861829556720863e-05, ""addresstype"": ""building"", ""name"": ""Hospital Vital Brazil"", ""display_name"": ""Hospital Vital Brazil, Avenida Albert León C. Calmette / Jean C. Guérin, Caxingui, Butantã, São Paulo, Região Sudeste, 05508-065, Brasil"", ""address"": {""building"": ""Hospital Vital Brazil"", ""road"": ""Avenida Albert León C. Calmette / Jean C. Guérin"", ""suburb"": ""Caxingui"", ""city"": ""São Paulo"", ""state"": ""São Paulo"", ""ISO3166-2-lvl4"": ""BR-SP"", ""region"": ""Região Sudeste"", ""postcode"": ""05508-065"", ""country"": ""Brasil"", ""country_code"": ""br""}, ""boundingbox"": [""-23.5652421"", ""-23.5649791"", ""-46.7198355"", ""-46.7195295""]}"
42;HOSPITAL ESTADUAL DE SAPOPEMBA SAO PAULO;RUA MANOEL FRANCA DOS SANTOS, 174 - JARDIM SAPOPEMBA, SAO PAULO, SP;-23.6113360;-46.4936710;ok;nominatim;low;;200;;8703201;node;8089579892;Rua Manoel Franca Dos Santos, Rua Manuel França dos Santos, Jardim Sapopemba, Sapopemba, São Paulo, Região Sudeste, 03975-130, Brasil;7.861829556720863e-05;;bus_stop;São Paulo;São Paulo;Brasil;RUA MANOEL FRANCA DOS SANTOS, 174 - JARDIM SAPOPEMBA, SAO PAULO, SP, São Paulo, SP, Brasil;"{""place_id"": 8703201, ""licence"": ""Data © OpenStreetMap contributors, ODbL 1.0. http://osm.org/copyright"", ""osm_type"": ""node"", ""osm_id"": 8089579892, ""lat"": ""-23.6113360"", ""lon"": ""-46.4936710"", ""category"": ""highway"", ""type"": ""bus_stop"", ""place_rank"": 30, ""importance"": 7.861829556720863e-05, ""addresstype"": ""highway"", ""name"": ""Rua Manoel Franca Dos Santos"", ""display_name"": ""Rua Manoel Franca Dos Santos, Rua Manuel França dos Santos, Jardim Sapopemba, Sapopemba, São Paulo, Região Sudeste, 03975-130, Brasil"", ""address"": {""highway"": ""Rua Manoel Franca Dos Santos"", ""road"": ""Rua Manuel França dos Santos"", ""suburb"": ""Jardim Sapopemba"", ""city"": ""São Paulo"", ""state"": ""São Paulo"", ""ISO3166-2-lvl4"": ""BR-SP"", ""region"": ""Região Sudeste"", ""postcode"": ""03975-130"", ""country"": ""Brasil"", ""country_code"": ""br""}, ""boundingbox"": [""-23.6113860"", ""-23.6112860"", ""-46.4937210"", ""-46.4936210""]}"
43;HOSPITAL GERAL DE VILA PENTEADO DR JOSE PANGELLA SAO PAULO;AV MINISTRO PETRONIO PORTELA, 1642 - JARDIM IRACEMA, SAO PAULO, SP;-23.4934229;-46.7008274;ok;nominatim;low;;200;;8546250;way;252383986;Avenida Ministro Petrônio Portela, Parque Monteiro Soares, Freguesia do Ó, São Paulo, Região Sudeste, 02802-120, Brasil;0.05341195162890055;;secondary;São Paulo;São Paulo;Brasil;AV MINISTRO PETRONIO PORTELA, 1642 - 02802120;"{""place_id"": 8546250, ""licence"": ""Data © OpenStreetMap contributors, ODbL 1.0. http://osm.org/copyright"", ""osm_type"": ""way"", ""osm_id"": 252383986, ""lat"": ""-23.4934229"", ""lon"": ""-46.7008274"", ""category"": ""highway"", ""type"": ""secondary"", ""place_rank"": 26, ""importance"": 0.05341195162890055, ""addresstype"": ""road"", ""name"": ""Avenida Ministro Petrônio Portela"", ""display_name"": ""Avenida Ministro Petrônio Portela, Parque Monteiro Soares, Freguesia do Ó, São Paulo, Região Sudeste, 02802-120, Brasil"", ""address"": {""road"": ""Avenida Ministro Petrônio Portela"", ""suburb"": ""Parque Monteiro Soares"", ""city"": ""São Paulo"", ""state"": ""São Paulo"", ""ISO3166-2-lvl4"": ""BR-SP"", ""region"": ""Região Sudeste"", ""postcode"": ""02802-120"", ""country"": ""Brasil"", ""country_code"": ""br""}, ""boundingbox"": [""-23.4976541"", ""-23.4878538"", ""-46.7053552"", ""-46.6976236""]}"
44;HOSPITAL PSIQUIATRICO DE VILA MARIANA;RUA MAJOR MARAGLIANO, 241, 287 - VILA MARIANA, SAO PAULO, SP;-23.5875985;-46.6387604;ok;nominatim;low;;200;;8832854;way;427348541;Rua Major Maragliano, Vila Mariana, São Paulo, Região Sudeste, 04017-030, Brasil;0.05341195162890055;;residential;São Paulo;São Paulo;Brasil;RUA MAJOR MARAGLIANO, 241, 287 - VILA MARIANA, SAO PAULO, SP, São Paulo, SP, Brasil;"{""place_id"": 8832854, ""licence"": ""Data © OpenStreetMap contributors, ODbL 1.0. http://osm.org/copyright"", ""osm_type"": ""way"", ""osm_id"": 427348541, ""lat"": ""-23.5875985"", ""lon"": ""-46.6387604"", ""category"": ""highway"", ""type"": ""residential"", ""place_rank"": 26, ""importance"": 0.05341195162890055, ""addresstype"": ""road"", ""name"": ""Rua Major Maragliano"", ""display_name"": ""Rua Major Maragliano, Vila Mariana, São Paulo, Região Sudeste, 04017-030, Brasil"", ""address"": {""road"": ""Rua Major Maragliano"", ""suburb"": ""Vila Mariana"", ""city_district"": ""Vila Mariana"", ""city"": ""São Paulo"", ""state"": ""São Paulo"", ""ISO3166-2-lvl4"": ""BR-SP"", ""region"": ""Região Sudeste"", ""postcode"": ""04017-030"", ""country"": ""Brasil"", ""country_code"": ""br""}, ""boundingbox"": [""-23.5892824"", ""-23.5858590"", ""-46.6393752"", ""-46.6382466""]}"
45;HOSPITAL GERAL DE VILA NOVA CACHOEIRINHA SAO PAULO;AV DEPUTADO EMILIO CARLOS, 3000 - VILA NOVA CACHOEIRIN, SAO PAULO, SP;-23.4897874;-46.6754035;ok;nominatim;low;;200;;8609822;way;129076165;Avenida Deputado Emílio Carlos, VIla Prado, Limão, São Paulo, Região Sudeste, 02720-200, Brasil;0.05341195162890055;;secondary;São Paulo;São Paulo;Brasil;AV DEPUTADO EMILIO CARLOS, 3000 - 02720200;"{""place_id"": 8609822, ""licence"": ""Data © OpenStreetMap contributors, ODbL 1.0. http://osm.org/copyright"", ""osm_type"": ""way"", ""osm_id"": 129076165, ""lat"": ""-23.4897874"", ""lon"": ""-46.6754035"", ""category"": ""highway"", ""type"": ""secondary"", ""place_rank"": 26, ""importance"": 0.05341195162890055, ""addresstype"": ""road"", ""name"": ""Avenida Deputado Emílio Carlos"", ""display_name"": ""Avenida Deputado Emílio Carlos, VIla Prado, Limão, São Paulo, Região Sudeste, 02720-200, Brasil"", ""address"": {""road"": ""Avenida Deputado Emílio Carlos"", ""suburb"": ""VIla Prado"", ""city"": ""São Paulo"", ""state"": ""São Paulo"", ""ISO3166-2-lvl4"": ""BR-SP"", ""region"": ""Região Sudeste"", ""postcode"": ""02720-200"", ""country"": ""Brasil"", ""country_code"": ""br""}, ""boundingbox"": [""-23.4909650"", ""-23.4886884"", ""-46.6758748"", ""-46.6753794""]}"
46;HOSP DO SERV PUB MUNICIPAL HSPM;CASTRO ALVES, 60 - LIBERDADE, SAO PAULO, SP;-23.5673424;-46.6390710;ok;nominatim;high;;200;;8822077;way;1077056900;Hospital do Servidor Público Municipal, 60, Rua Castro Alves, Liberdade, São Paulo, Região Sudeste, 01532-000, Brasil;7.861829556720863e-05;;hospital;São Paulo;São Paulo;Brasil;CASTRO ALVES, 60 - LIBERDADE, SAO PAULO, SP, São Paulo, SP, Brasil;"{""place_id"": 8822077, ""licence"": ""Data © OpenStreetMap contributors, ODbL 1.0. http://osm.org/copyright"", ""osm_type"": ""way"", ""osm_id"": 1077056900, ""lat"": ""-23.5673424"", ""lon"": ""-46.6390710"", ""category"": ""amenity"", ""type"": ""hospital"", ""place_rank"": 30, ""importance"": 7.861829556720863e-05, ""addresstype"": ""amenity"", ""name"": ""Hospital do Servidor Público Municipal"", ""display_name"": ""Hospital do Servidor Público Municipal, 60, Rua Castro Alves, Liberdade, São Paulo, Região Sudeste, 01532-000, Brasil"", ""address"": {""amenity"": ""Hospital do Servidor Público Municipal"", ""house_number"": ""60"", ""road"": ""Rua Castro Alves"", ""suburb"": ""Liberdade"", ""city_district"": ""Liberdade"", ""city"": ""São Paulo"", ""state"": ""São Paulo"", ""ISO3166-2-lvl4"": ""BR-SP"", ""region"": ""Região Sudeste"", ""postcode"": ""01532-000"", ""country"": ""Brasil"", ""country_code"": ""br""}, ""boundingbox"": [""-23.5681796"", ""-23.5664592"", ""-46.6397587"", ""-46.6382054""]}"
47;HOSP MUN FERNANDO MAURO PIRES DA ROCHA;ESTRADA DE ITAPECERICA, 1661, VILA MARACANA - CAMPO LIMPO, SAO PAULO, SP;-23.6490957;-46.7490028;ok;nominatim;high;;200;;9095366;way;318404108;Hospital Municipal Doutor Fernando Mauro Pires da Rocha, 1661, Estrada de Itapecerica, Jardim São Luís, São Paulo, Região Sudeste, 05835-005, Brasil;7.861829556720863e-05;;hospital;São Paulo;São Paulo;Brasil;ESTRADA DE ITAPECERICA, 1661 - 05835005;"{""place_id"": 9095366, ""licence"": ""Data © OpenStreetMap contributors, ODbL 1.0. http://osm.org/copyright"", ""osm_type"": ""way"", ""osm_id"": 318404108, ""lat"": ""-23.6490957"", ""lon"": ""-46.7490028"", ""category"": ""amenity"", ""type"": ""hospital"", ""place_rank"": 30, ""importance"": 7.861829556720863e-05, ""addresstype"": ""amenity"", ""name"": ""Hospital Municipal Doutor Fernando Mauro Pires da Rocha"", ""display_name"": ""Hospital Municipal Doutor Fernando Mauro Pires da Rocha, 1661, Estrada de Itapecerica, Jardim São Luís, São Paulo, Região Sudeste, 05835-005, Brasil"", ""address"": {""amenity"": ""Hospital Municipal Doutor Fernando Mauro Pires da Rocha"", ""house_number"": ""1661"", ""road"": ""Estrada de Itapecerica"", ""suburb"": ""Jardim São Luís"", ""city"": ""São Paulo"", ""state"": ""São Paulo"", ""ISO3166-2-lvl4"": ""BR-SP"", ""region"": ""Região Sudeste"", ""postcode"": ""05835-005"", ""country"": ""Brasil"", ""country_code"": ""br""}, ""boundingbox"": [""-23.6494621"", ""-23.6480955"", ""-46.7496841"", ""-46.7477743""]}"
48;CENTRO HOSPITALAR DO SISTEMA PENITENCIARIO SAO PAULO;RUA DOM JOSE MAURICIO, 15 - CARANDIRU, SAO PAULO, SP;-23.5085713;-46.6201015;ok;nominatim;low;;200;;8816968;way;491005029;Centro Hospitalar do Sistema Penitênciário, 15, Rua Dom José Maurício, Carandiru, Santana, São Paulo, Região Sudeste, 02028-000, Brasil;7.861829556720863e-05;;prison;São Paulo;São Paulo;Brasil;RUA DOM JOSE MAURICIO, 15 - CARANDIRU, SAO PAULO, SP, São Paulo, SP, Brasil;"{""place_id"": 8816968, ""licence"": ""Data © OpenStreetMap contributors, ODbL 1.0. http://osm.org/copyright"", ""osm_type"": ""way"", ""osm_id"": 491005029, ""lat"": ""-23.5085713"", ""lon"": ""-46.6201015"", ""category"": ""amenity"", ""type"": ""prison"", ""place_rank"": 30, ""importance"": 7.861829556720863e-05, ""addresstype"": ""amenity"", ""name"": ""Centro Hospitalar do Sistema Penitênciário"", ""display_name"": ""Centro Hospitalar do Sistema Penitênciário, 15, Rua Dom José Maurício, Carandiru, Santana, São Paulo, Região Sudeste, 02028-000, Brasil"", ""address"": {""amenity"": ""Centro Hospitalar do Sistema Penitênciário"", ""house_number"": ""15"", ""road"": ""Rua Dom José Maurício"", ""suburb"": ""Carandiru"", ""city_district"": ""Santana"", ""city"": ""São Paulo"", ""state"": ""São Paulo"", ""ISO3166-2-lvl4"": ""BR-SP"", ""region"": ""Região Sudeste"", ""postcode"": ""02028-000"", ""country"": ""Brasil"", ""country_code"": ""br""}, ""boundingbox"": [""-23.5092841"", ""-23.5078304"", ""-46.6210360"", ""-46.6191182""]}"
49;HOSP MUN VER JOSE STOROPOLLI;RUA FRANCISCO FANGANIELLO, 127 - PARQUE NOVO MUNDO, SAO PAULO, SP;-23.5220850;-46.5617446;ok;nominatim;low;;200;;8801369;node;5467328847;Rua Francisco Fanganiello, 127, Rua Francisco Fanganielo, Parque Novo Mundo, Vila Maria, São Paulo, Região Sudeste, 02181-160, Brasil;7.861829556720863e-05;;bus_stop;São Paulo;São Paulo;Brasil;RUA FRANCISCO FANGANIELLO, 127 - PARQUE NOVO MUNDO, SAO PAULO, SP, São Paulo, SP, Brasil;"{""place_id"": 8801369, ""licence"": ""Data © OpenStreetMap contributors, ODbL 1.0. http://osm.org/copyright"", ""osm_type"": ""node"", ""osm_id"": 5467328847, ""lat"": ""-23.5220850"", ""lon"": ""-46.5617446"", ""category"": ""highway"", ""type"": ""bus_stop"", ""place_rank"": 30, ""importance"": 7.861829556720863e-05, ""addresstype"": ""highway"", ""name"": ""Rua Francisco Fanganiello, 127"", ""display_name"": ""Rua Francisco Fanganiello, 127, Rua Francisco Fanganielo, Parque Novo Mundo, Vila Maria, São Paulo, Região Sudeste, 02181-160, Brasil"", ""address"": {""highway"": ""Rua Francisco Fanganiello, 127"", ""road"": ""Rua Francisco Fanganielo"", ""suburb"": ""Parque Novo Mundo"", ""city"": ""São Paulo"", ""state"": ""São Paulo"", ""ISO3166-2-lvl4"": ""BR-SP"", ""region"": ""Região Sudeste"", ""postcode"": ""02181-160"", ""country"": ""Brasil"", ""country_code"": ""br""}, ""boundingbox"": [""-23.5221350"", ""-23.5220350"", ""-46.5617946"", ""-46.5616946""]}"
50;CENTRO MEDICO PMESP;AVENIDA NOVA CANTAREIRA, 3659 - TREMEMBE, SAO PAULO, SP;-23.4690239;-46.6188727;ok;nominatim;low;;200;;8634903;way;1416347692;Centro Médico PMESP, Avenida Nova Cantareira, Jardim Leonor Mendes de Barros, Tucuruvi, São Paulo, Região Sudeste, 02340-001, Brasil;7.861829556720863e-05;;police;São Paulo;São Paulo;Brasil;CENTRO MEDICO PMESP, AVENIDA NOVA CANTAREIRA, 3659 - TREMEMBE, SAO PAULO, SP, São Paulo, SP, Brasil;"{""place_id"": 8634903, ""licence"": ""Data © OpenStreetMap contributors, ODbL 1.0. http://osm.org/copyright"", ""osm_type"": ""way"", ""osm_id"": 1416347692, ""lat"": ""-23.4690239"", ""lon"": ""-46.6188727"", ""category"": ""military"", ""type"": ""police"", ""place_rank"": 30, ""importance"": 7.861829556720863e-05, ""addresstype"": ""military"", ""name"": ""Centro Médico PMESP"", ""display_name"": ""Centro Médico PMESP, Avenida Nova Cantareira, Jardim Leonor Mendes de Barros, Tucuruvi, São Paulo, Região Sudeste, 02340-001, Brasil"", ""address"": {""military"": ""Centro Médico PMESP"", ""road"": ""Avenida Nova Cantareira"", ""suburb"": ""Jardim Leonor Mendes de Barros"", ""city_district"": ""Tucuruvi"", ""city"": ""São Paulo"", ""state"": ""São Paulo"", ""ISO3166-2-lvl4"": ""BR-SP"", ""region"": ""Região Sudeste"", ""postcode"": ""02340-001"", ""country"": ""Brasil"", ""country_code"": ""br""}, ""boundingbox"": [""-23.4712374"", ""-23.4668725"", ""-46.6209127"", ""-46.6175785""]}"
51;HOSP MUN CARMEN PRUDENTE;AVENIDA DOS METALURGICOS, 1797 - CIDADE TIRADENTES, SAO PAULO, SP;-23.5833632;-46.4092773;ok;nominatim;low;;200;;8798294;way;947003323;Avenida dos Metalúrgicos, Parque Santa Etelvina, Cidade Tiradentes, São Paulo, Região Sudeste, 08490-550, Brasil;0.05341195162890055;;secondary;São Paulo;São Paulo;Brasil;AVENIDA DOS METALURGICOS, 1797 - CIDADE TIRADENTES, SAO PAULO, SP, São Paulo, SP, Brasil;"{""place_id"": 8798294, ""licence"": ""Data © OpenStreetMap contributors, ODbL 1.0. http://osm.org/copyright"", ""osm_type"": ""way"", ""osm_id"": 947003323, ""lat"": ""-23.5833632"", ""lon"": ""-46.4092773"", ""category"": ""highway"", ""type"": ""secondary"", ""place_rank"": 26, ""importance"": 0.05341195162890055, ""addresstype"": ""road"", ""name"": ""Avenida dos Metalúrgicos"", ""display_name"": ""Avenida dos Metalúrgicos, Parque Santa Etelvina, Cidade Tiradentes, São Paulo, Região Sudeste, 08490-550, Brasil"", ""address"": {""road"": ""Avenida dos Metalúrgicos"", ""quarter"": ""Parque Santa Etelvina"", ""suburb"": ""Cidade Tiradentes"", ""city"": ""São Paulo"", ""state"": ""São Paulo"", ""ISO3166-2-lvl4"": ""BR-SP"", ""region"": ""Região Sudeste"", ""postcode"": ""08490-550"", ""country"": ""Brasil"", ""country_code"": ""br""}, ""boundingbox"": [""-23.5837412"", ""-23.5830128"", ""-46.4095236"", ""-46.4090796""]}"
52;HOSPITAL LOCAL DE SAPOPEMBA;RUA IAMACARU, 45 - PARQUE SANTA MADALEN, SAO PAULO, SP;;;not_found;nominatim;not_found;Resposta 200 OK mas sem coordenadas;0;Nenhuma das queries retornou coordenadas válidas;;;;;;;;;;;;
53;INSTITUTO DE REABILITACAO LUCY MONTORO;RUA JANDIATUBA, 580 - VILA ANDRADE, SAO PAULO, SP;-23.6322694;-46.7351129;ok;nominatim;high;;200;;9091269;way;1416347427;Instituto de Reabilitação Lucy Montoro, Rua Jandiatuba, Comunidade Travinhas, Vila Andrade, São Paulo, Região Sudeste, 05724-003, Brasil;7.861829556720863e-05;;hospital;São Paulo;São Paulo;Brasil;INSTITUTO DE REABILITACAO LUCY MONTORO, RUA JANDIATUBA, 580 - VILA ANDRADE, SAO PAULO, SP, São Paulo, SP, Brasil;"{""place_id"": 9091269, ""licence"": ""Data © OpenStreetMap contributors, ODbL 1.0. http://osm.org/copyright"", ""osm_type"": ""way"", ""osm_id"": 1416347427, ""lat"": ""-23.6322694"", ""lon"": ""-46.7351129"", ""category"": ""amenity"", ""type"": ""hospital"", ""place_rank"": 30, ""importance"": 7.861829556720863e-05, ""addresstype"": ""amenity"", ""name"": ""Instituto de Reabilitação Lucy Montoro"", ""display_name"": ""Instituto de Reabilitação Lucy Montoro, Rua Jandiatuba, Comunidade Travinhas, Vila Andrade, São Paulo, Região Sudeste, 05724-003, Brasil"", ""address"": {""amenity"": ""Instituto de Reabilitação Lucy Montoro"", ""road"": ""Rua Jandiatuba"", ""suburb"": ""Comunidade Travinhas"", ""city"": ""São Paulo"", ""state"": ""São Paulo"", ""ISO3166-2-lvl4"": ""BR-SP"", ""region"": ""Região Sudeste"", ""postcode"": ""05724-003"", ""country"": ""Brasil"", ""country_code"": ""br""}, ""boundingbox"": [""-23.6328341"", ""-23.6316644"", ""-46.7357592"", ""-46.7343931""]}"
54;HOSP MUN M BOI MIRIM;ESTRADA DO MBOI MIRIM, 5203 - JARDIM ANGELA, SAO PAULO, SP;;;not_found;nominatim;not_found;Resposta 200 OK mas sem coordenadas;0;Nenhuma das queries retornou coordenadas válidas;;;;;;;;;;;;
55;INSTITUTO DO CANCER DO ESTADO DE SAO PAULO;AV DR ARNALDO, 251 - CERQUEIRA CESAR, SAO PAULO, SP;-23.5561305;-46.6681716;ok;nominatim;high;;200;;8967555;way;376315989;Instituto do Câncer do Estado de São Paulo Octavio Frias de Oliveira, 251, Avenida Doutor Arnaldo, Cerqueira César, Jardim Paulista, São Paulo, Região Sudeste, 01246-000, Brasil;0.21584611680957558;;hospital;São Paulo;São Paulo;Brasil;AV DR ARNALDO, 251 - CERQUEIRA CESAR, SAO PAULO, SP, São Paulo, SP, Brasil;"{""place_id"": 8967555, ""licence"": ""Data © OpenStreetMap contributors, ODbL 1.0. http://osm.org/copyright"", ""osm_type"": ""way"", ""osm_id"": 376315989, ""lat"": ""-23.5561305"", ""lon"": ""-46.6681716"", ""category"": ""building"", ""type"": ""hospital"", ""place_rank"": 30, ""importance"": 0.21584611680957558, ""addresstype"": ""building"", ""name"": ""Instituto do Câncer do Estado de São Paulo Octavio Frias de Oliveira"", ""display_name"": ""Instituto do Câncer do Estado de São Paulo Octavio Frias de Oliveira, 251, Avenida Doutor Arnaldo, Cerqueira César, Jardim Paulista, São Paulo, Região Sudeste, 01246-000, Brasil"", ""address"": {""building"": ""Instituto do Câncer do Estado de São Paulo Octavio Frias de Oliveira"", ""house_number"": ""251"", ""road"": ""Avenida Doutor Arnaldo"", ""suburb"": ""Cerqueira César"", ""city"": ""São Paulo"", ""state"": ""São Paulo"", ""ISO3166-2-lvl4"": ""BR-SP"", ""region"": ""Região Sudeste"", ""postcode"": ""01246-000"", ""country"": ""Brasil"", ""country_code"": ""br""}, ""boundingbox"": [""-23.5564314"", ""-23.5558401"", ""-46.6684145"", ""-46.6679345""]}"
56;HOSP MUN SOROCABANA;RUA FAUSTOLO, 1633 - VILA ROMANA, SAO PAULO, SP;-23.5238763;-46.7013591;ok;nominatim;low;;200;;9228904;way;390861888;1633, Rua Faustolo, Bairro Siciliano, Lapa, São Paulo, Região Sudeste, 05041-001, Brasil;9.99999999995449e-06;;house;São Paulo;São Paulo;Brasil;RUA FAUSTOLO, 1633 - 05041001;"{""place_id"": 9228904, ""licence"": ""Data © OpenStreetMap contributors, ODbL 1.0. http://osm.org/copyright"", ""osm_type"": ""way"", ""osm_id"": 390861888, ""lat"": ""-23.5238763"", ""lon"": ""-46.7013591"", ""category"": ""place"", ""type"": ""house"", ""place_rank"": 30, ""importance"": 9.99999999995449e-06, ""addresstype"": ""place"", ""name"": """", ""display_name"": ""1633, Rua Faustolo, Bairro Siciliano, Lapa, São Paulo, Região Sudeste, 05041-001, Brasil"", ""address"": {""house_number"": ""1633"", ""road"": ""Rua Faustolo"", ""suburb"": ""Bairro Siciliano"", ""city"": ""São Paulo"", ""state"": ""São Paulo"", ""ISO3166-2-lvl4"": ""BR-SP"", ""region"": ""Região Sudeste"", ""postcode"": ""05041-001"", ""country"": ""Brasil"", ""country_code"": ""br""}, ""boundingbox"": [""-23.5239263"", ""-23.5238263"", ""-46.7014091"", ""-46.7013091""]}"
57;HOSP MUN GILSON DE CASSIA MARQUES DE CARVALHO;AVENIDA SANTA CATARINA, 2785 - VILA MASCOTE, SAO PAULO, SP;-23.6470652;-46.6628240;ok;nominatim;low;;200;;9081994;way;939548762;Avenida Santa Catarina, Vila Mascote, Jabaquara, São Paulo, Região Sudeste, 04368-000, Brasil;0.05341195162890055;;tertiary;São Paulo;São Paulo;Brasil;AVENIDA SANTA CATARINA, 2785 - VILA MASCOTE, SAO PAULO, SP, São Paulo, SP, Brasil;"{""place_id"": 9081994, ""licence"": ""Data © OpenStreetMap contributors, ODbL 1.0. http://osm.org/copyright"", ""osm_type"": ""way"", ""osm_id"": 939548762, ""lat"": ""-23.6470652"", ""lon"": ""-46.6628240"", ""category"": ""highway"", ""type"": ""tertiary"", ""place_rank"": 26, ""importance"": 0.05341195162890055, ""addresstype"": ""road"", ""name"": ""Avenida Santa Catarina"", ""display_name"": ""Avenida Santa Catarina, Vila Mascote, Jabaquara, São Paulo, Região Sudeste, 04368-000, Brasil"", ""address"": {""road"": ""Avenida Santa Catarina"", ""quarter"": ""Vila Mascote"", ""suburb"": ""Jabaquara"", ""city"": ""São Paulo"", ""state"": ""São Paulo"", ""ISO3166-2-lvl4"": ""BR-SP"", ""region"": ""Região Sudeste"", ""postcode"": ""04368-000"", ""country"": ""Brasil"", ""country_code"": ""br""}, ""boundingbox"": [""-23.6471332"", ""-23.6469972"", ""-46.6628972"", ""-46.6627507""]}"
58;HOSP MUN CAPELA DO SOCORRO;RUA CASSIO DE CAMPOS NOGUEIRA, 2031 - JARDIM DAS IMBUIAS, SAO PAULO, SP;-23.7296842;-46.7129995;ok;nominatim;low;;200;;8984952;way;43793127;Rua Cássio de Campos Nogueira, Jardim das Imbuias, Jardim Iporanga, Cidade Dutra, São Paulo, Região Sudeste, 04831-050, Brasil;0.05341195162890055;;residential;São Paulo;São Paulo;Brasil;RUA CASSIO DE CAMPOS NOGUEIRA, 2031 - JARDIM DAS IMBUIAS, SAO PAULO, SP, São Paulo, SP, Brasil;"{""place_id"": 8984952, ""licence"": ""Data © OpenStreetMap contributors, ODbL 1.0. http://osm.org/copyright"", ""osm_type"": ""way"", ""osm_id"": 43793127, ""lat"": ""-23.7296842"", ""lon"": ""-46.7129995"", ""category"": ""highway"", ""type"": ""residential"", ""place_rank"": 26, ""importance"": 0.05341195162890055, ""addresstype"": ""road"", ""name"": ""Rua Cássio de Campos Nogueira"", ""display_name"": ""Rua Cássio de Campos Nogueira, Jardim das Imbuias, Jardim Iporanga, Cidade Dutra, São Paulo, Região Sudeste, 04831-050, Brasil"", ""address"": {""road"": ""Rua Cássio de Campos Nogueira"", ""residential"": ""Jardim das Imbuias"", ""quarter"": ""Jardim Iporanga"", ""suburb"": ""Cidade Dutra"", ""city"": ""São Paulo"", ""state"": ""São Paulo"", ""ISO3166-2-lvl4"": ""BR-SP"", ""region"": ""Região Sudeste"", ""postcode"": ""04831-050"", ""country"": ""Brasil"", ""country_code"": ""br""}, ""boundingbox"": [""-23.7309138"", ""-23.7289074"", ""-46.7137079"", ""-46.7115887""]}"
59;HOSP MUN JOSANIAS CASTANHA BRAGA;RUA EUZEBIO COGHI, 841 - JARDIM ROSCHEL, SAO PAULO, SP;-23.8247733;-46.7266429;ok;nominatim;high;;200;;9111812;way;781353717;Hospital Municipal de Parelheiros, 841, Rua Euzébio Coghi, Jardim Novo Parelheiros, Parelheiros, Vila Roschel, São Paulo, Região Sudeste, 04883-290, Brasil;7.861829556720863e-05;;hospital;São Paulo;São Paulo;Brasil;RUA EUZEBIO COGHI, 841 - JARDIM ROSCHEL, SAO PAULO, SP, São Paulo, SP, Brasil;"{""place_id"": 9111812, ""licence"": ""Data © OpenStreetMap contributors, ODbL 1.0. http://osm.org/copyright"", ""osm_type"": ""way"", ""osm_id"": 781353717, ""lat"": ""-23.8247733"", ""lon"": ""-46.7266429"", ""category"": ""amenity"", ""type"": ""hospital"", ""place_rank"": 30, ""importance"": 7.861829556720863e-05, ""addresstype"": ""amenity"", ""name"": ""Hospital Municipal de Parelheiros"", ""display_name"": ""Hospital Municipal de Parelheiros, 841, Rua Euzébio Coghi, Jardim Novo Parelheiros, Parelheiros, Vila Roschel, São Paulo, Região Sudeste, 04883-290, Brasil"", ""address"": {""amenity"": ""Hospital Municipal de Parelheiros"", ""house_number"": ""841"", ""road"": ""Rua Euzébio Coghi"", ""quarter"": ""Jardim Novo Parelheiros"", ""suburb"": ""Parelheiros"", ""village"": ""Vila Roschel"", ""city"": ""São Paulo"", ""state"": ""São Paulo"", ""ISO3166-2-lvl4"": ""BR-SP"", ""region"": ""Região Sudeste"", ""postcode"": ""04883-290"", ""country"": ""Brasil"", ""country_code"": ""br""}, ""boundingbox"": [""-23.8269001"", ""-23.8224119"", ""-46.7284608"", ""-46.7242454""]}"
60;HOSPITAL MUNICIPAL SANTA DULCE DOS POBRES;RUA ANTONIO CARLOS, 122 - CONSOLACAO, SAO PAULO, SP;-23.5573928;-46.6562429;ok;nominatim;high;;200;;8973340;way;423038991;Hospital Municipal Bela Vista, 122, Rua Antônio Carlos, Bela Vista, Consolação, São Paulo, Região Sudeste, 01309-010, Brasil;7.861829556720863e-05;;hospital;São Paulo;São Paulo;Brasil;RUA ANTONIO CARLOS, 122 - CONSOLACAO, SAO PAULO, SP, São Paulo, SP, Brasil;"{""place_id"": 8973340, ""licence"": ""Data © OpenStreetMap contributors, ODbL 1.0. http://osm.org/copyright"", ""osm_type"": ""way"", ""osm_id"": 423038991, ""lat"": ""-23.5573928"", ""lon"": ""-46.6562429"", ""category"": ""building"", ""type"": ""hospital"", ""place_rank"": 30, ""importance"": 7.861829556720863e-05, ""addresstype"": ""building"", ""name"": ""Hospital Municipal Bela Vista"", ""display_name"": ""Hospital Municipal Bela Vista, 122, Rua Antônio Carlos, Bela Vista, Consolação, São Paulo, Região Sudeste, 01309-010, Brasil"", ""address"": {""building"": ""Hospital Municipal Bela Vista"", ""house_number"": ""122"", ""road"": ""Rua Antônio Carlos"", ""suburb"": ""Bela Vista"", ""city_district"": ""Consolação"", ""city"": ""São Paulo"", ""state"": ""São Paulo"", ""ISO3166-2-lvl4"": ""BR-SP"", ""region"": ""Região Sudeste"", ""postcode"": ""01309-010"", ""country"": ""Brasil"", ""country_code"": ""br""}, ""boundingbox"": [""-23.5575859"", ""-23.5572790"", ""-46.6563559"", ""-46.6561506""]}"
61;HOSPITAL MUNICIPAL BRASILANDIA;MICHIHISA MURATA, 150 - JARDIM MARISTELA, SAO PAULO, SP;-23.4765440;-46.6980006;ok;nominatim;high;;200;;8617997;way;837675272;Hospital Doutor Adib Jatene, Avenida Michihisa Murata, Parque Monteiro Soares, Freguesia do Ó, São Paulo, Região Sudeste, 02834-090, Brasil;7.861829556720863e-05;;hospital;São Paulo;São Paulo;Brasil;HOSPITAL MUNICIPAL BRASILANDIA, MICHIHISA MURATA, 150 - JARDIM MARISTELA, SAO PAULO, SP, São Paulo, SP, Brasil;"{""place_id"": 8617997, ""licence"": ""Data © OpenStreetMap contributors, ODbL 1.0. http://osm.org/copyright"", ""osm_type"": ""way"", ""osm_id"": 837675272, ""lat"": ""-23.4765440"", ""lon"": ""-46.6980006"", ""category"": ""amenity"", ""type"": ""hospital"", ""place_rank"": 30, ""importance"": 7.861829556720863e-05, ""addresstype"": ""amenity"", ""name"": ""Hospital Doutor Adib Jatene"", ""display_name"": ""Hospital Doutor Adib Jatene, Avenida Michihisa Murata, Parque Monteiro Soares, Freguesia do Ó, São Paulo, Região Sudeste, 02834-090, Brasil"", ""address"": {""amenity"": ""Hospital Doutor Adib Jatene"", ""road"": ""Avenida Michihisa Murata"", ""suburb"": ""Parque Monteiro Soares"", ""city"": ""São Paulo"", ""state"": ""São Paulo"", ""ISO3166-2-lvl4"": ""BR-SP"", ""region"": ""Região Sudeste"", ""postcode"": ""02834-090"", ""country"": ""Brasil"", ""country_code"": ""br""}, ""boundingbox"": [""-23.4773669"", ""-23.4757666"", ""-46.6989844"", ""-46.6971943""]}"
62;HOSPITAL MUNICIPAL GUARAPIRANGA;ESTRADA DA RIVIERA, 4742, ZONA SUL - RIVIERA PAULISTA, SAO PAULO, SP;-23.6911689;-46.7517858;ok;nominatim;low;;200;;8983011;way;249884928;Estrada da Riviera, Jardim Ângela, Jardim Copacabana, São Paulo, Região Sudeste, 04916-000, Brasil;0.05341195162890055;;tertiary;São Paulo;São Paulo;Brasil;ESTRADA DA RIVIERA, 4742 - 04916000;"{""place_id"": 8983011, ""licence"": ""Data © OpenStreetMap contributors, ODbL 1.0. http://osm.org/copyright"", ""osm_type"": ""way"", ""osm_id"": 249884928, ""lat"": ""-23.6911689"", ""lon"": ""-46.7517858"", ""category"": ""highway"", ""type"": ""tertiary"", ""place_rank"": 26, ""importance"": 0.05341195162890055, ""addresstype"": ""road"", ""name"": ""Estrada da Riviera"", ""display_name"": ""Estrada da Riviera, Jardim Ângela, Jardim Copacabana, São Paulo, Região Sudeste, 04916-000, Brasil"", ""address"": {""road"": ""Estrada da Riviera"", ""suburb"": ""Jardim Ângela"", ""village"": ""Jardim Copacabana"", ""city"": ""São Paulo"", ""state"": ""São Paulo"", ""ISO3166-2-lvl4"": ""BR-SP"", ""region"": ""Região Sudeste"", ""postcode"": ""04916-000"", ""country"": ""Brasil"", ""country_code"": ""br""}, ""boundingbox"": [""-23.6944196"", ""-23.6867482"", ""-46.7556024"", ""-46.7515804""]}"
63;INSTITUTO DE INFECTOLOGIA EMILIO RIBAS;DR ARNALDO, 165 - SUMARE, SAO PAULO, SP;-23.5470783;-46.6812257;ok;nominatim;low;;200;;8821311;way;16238438;Avenida Doutor Arnaldo, Sumaré, Perdizes, São Paulo, Região Sudeste, 05437-000, Brasil;0.05341195162890055;;secondary;São Paulo;São Paulo;Brasil;DR ARNALDO, 165 - SUMARE, SAO PAULO, SP, São Paulo, SP, Brasil;"{""place_id"": 8821311, ""licence"": ""Data © OpenStreetMap contributors, ODbL 1.0. http://osm.org/copyright"", ""osm_type"": ""way"", ""osm_id"": 16238438, ""lat"": ""-23.5470783"", ""lon"": ""-46.6812257"", ""category"": ""highway"", ""type"": ""secondary"", ""place_rank"": 26, ""importance"": 0.05341195162890055, ""addresstype"": ""road"", ""name"": ""Avenida Doutor Arnaldo"", ""display_name"": ""Avenida Doutor Arnaldo, Sumaré, Perdizes, São Paulo, Região Sudeste, 05437-000, Brasil"", ""address"": {""road"": ""Avenida Doutor Arnaldo"", ""suburb"": ""Sumaré"", ""city_district"": ""Perdizes"", ""city"": ""São Paulo"", ""state"": ""São Paulo"", ""ISO3166-2-lvl4"": ""BR-SP"", ""region"": ""Região Sudeste"", ""postcode"": ""05437-000"", ""country"": ""Brasil"", ""country_code"": ""br""}, ""boundingbox"": [""-23.5492843"", ""-23.5450449"", ""-46.6824698"", ""-46.6803252""]}"
64;HOSPITAL DO SERV PUB EST FCO MORATO DE OLIVEIRA SAO PAULO;AVENIDA IBIRAPUERA, 981 - IBIRAPUERA, SAO PAULO, SP;-22.5952323;-47.4166274;ok;nominatim;low;;200;;9489207;way;240325002;Avenida Doutor Lauro Correa da Silva, 4250, Jardim Ibirapuera, Jardim Ouro Verde, Limeira, São Paulo, Região Sudeste, 13481-241, Brasil;0.05339719157701988;;secondary;Limeira;São Paulo;Brasil;AVENIDA IBIRAPUERA, 981 - IBIRAPUERA, SAO PAULO, SP, São Paulo, SP, Brasil;"{""place_id"": 9489207, ""licence"": ""Data © OpenStreetMap contributors, ODbL 1.0. http://osm.org/copyright"", ""osm_type"": ""way"", ""osm_id"": 240325002, ""lat"": ""-22.5952323"", ""lon"": ""-47.4166274"", ""category"": ""highway"", ""type"": ""secondary"", ""place_rank"": 26, ""importance"": 0.05339719157701988, ""addresstype"": ""road"", ""name"": ""Avenida Doutor Lauro Correa da Silva, 4250"", ""display_name"": ""Avenida Doutor Lauro Correa da Silva, 4250, Jardim Ibirapuera, Jardim Ouro Verde, Limeira, São Paulo, Região Sudeste, 13481-241, Brasil"", ""address"": {""road"": ""Avenida Doutor Lauro Correa da Silva, 4250"", ""quarter"": ""Jardim Ibirapuera"", ""suburb"": ""Jardim Ouro Verde"", ""city_district"": ""Limeira"", ""city"": ""Limeira"", ""state"": ""São Paulo"", ""ISO3166-2-lvl4"": ""BR-SP"", ""region"": ""Região Sudeste"", ""postcode"": ""13481-241"", ""country"": ""Brasil"", ""country_code"": ""br""}, ""boundingbox"": [""-22.5983979"", ""-22.5920933"", ""-47.4183570"", ""-47.4148173""]}"
65;HOSPITAL MATERNIDADE INTERLAGOS;RUA LEONOR ALVIM, 211 - JD LEBLON, SAO PAULO, SP;-23.7069613;-46.7021968;ok;nominatim;low;;200;;8939023;way;942669917;Rua Leonor Alvim, Jardim Cruzeiro, Cidade Dutra, São Paulo, Região Sudeste, 04806-000, Brasil;0.05341195162890055;;residential;São Paulo;São Paulo;Brasil;RUA LEONOR ALVIM, 211 - 04802190;"{""place_id"": 8939023, ""licence"": ""Data © OpenStreetMap contributors, ODbL 1.0. http://osm.org/copyright"", ""osm_type"": ""way"", ""osm_id"": 942669917, ""lat"": ""-23.7069613"", ""lon"": ""-46.7021968"", ""category"": ""highway"", ""type"": ""residential"", ""place_rank"": 26, ""importance"": 0.05341195162890055, ""addresstype"": ""road"", ""name"": ""Rua Leonor Alvim"", ""display_name"": ""Rua Leonor Alvim, Jardim Cruzeiro, Cidade Dutra, São Paulo, Região Sudeste, 04806-000, Brasil"", ""address"": {""road"": ""Rua Leonor Alvim"", ""quarter"": ""Jardim Cruzeiro"", ""suburb"": ""Cidade Dutra"", ""city"": ""São Paulo"", ""state"": ""São Paulo"", ""ISO3166-2-lvl4"": ""BR-SP"", ""region"": ""Região Sudeste"", ""postcode"": ""04806-000"", ""country"": ""Brasil"", ""country_code"": ""br""}, ""boundingbox"": [""-23.7073123"", ""-23.7067857"", ""-46.7028466"", ""-46.7016182""]}"
66;HOSPITAL GERAL DE PEDREIRA;RUA JOAO FRANCISCO DE MOURA, 251 - VILA CAMPO GRANDE, SAO PAULO, SP;-23.6808407;-46.6783317;ok;nominatim;low;;200;;9108402;way;84759928;Rua João Francisco de Moura, Campinha, Campo Grande, Vila Arriete, São Paulo, Região Sudeste, 04455-000, Brasil;0.05341195162890055;;residential;São Paulo;São Paulo;Brasil;RUA JOAO FRANCISCO DE MOURA, 251 - VILA CAMPO GRANDE, SAO PAULO, SP, São Paulo, SP, Brasil;"{""place_id"": 9108402, ""licence"": ""Data © OpenStreetMap contributors, ODbL 1.0. http://osm.org/copyright"", ""osm_type"": ""way"", ""osm_id"": 84759928, ""lat"": ""-23.6808407"", ""lon"": ""-46.6783317"", ""category"": ""highway"", ""type"": ""residential"", ""place_rank"": 26, ""importance"": 0.05341195162890055, ""addresstype"": ""road"", ""name"": ""Rua João Francisco de Moura"", ""display_name"": ""Rua João Francisco de Moura, Campinha, Campo Grande, Vila Arriete, São Paulo, Região Sudeste, 04455-000, Brasil"", ""address"": {""road"": ""Rua João Francisco de Moura"", ""quarter"": ""Campinha"", ""suburb"": ""Vila Arriete"", ""city"": ""São Paulo"", ""state"": ""São Paulo"", ""ISO3166-2-lvl4"": ""BR-SP"", ""region"": ""Região Sudeste"", ""postcode"": ""04455-000"", ""country"": ""Brasil"", ""country_code"": ""br""}, ""boundingbox"": [""-23.6816848"", ""-23.6801011"", ""-46.6793581"", ""-46.6774810""]}"
67;HOSPITAL HELIOPOLIS UNIDADE DE GESTAO ASSISTENCIAL I;CON XAVIER, 276 - V HELIOPOLIS, SAO PAULO, SP;-23.6071150;-46.5952530;ok;nominatim;low;;200;;8932081;node;7998194012;Rua Côn. Xavier, Rua Cônego Xavier, Nova Heliópolis, Vila Bandeirantes, Sacomã, São Paulo, Região Sudeste, 04231-004, Brasil;7.861829556720863e-05;;bus_stop;São Paulo;São Paulo;Brasil;CON XAVIER, 276 - V HELIOPOLIS, SAO PAULO, SP, São Paulo, SP, Brasil;"{""place_id"": 8932081, ""licence"": ""Data © OpenStreetMap contributors, ODbL 1.0. http://osm.org/copyright"", ""osm_type"": ""node"", ""osm_id"": 7998194012, ""lat"": ""-23.6071150"", ""lon"": ""-46.5952530"", ""category"": ""highway"", ""type"": ""bus_stop"", ""place_rank"": 30, ""importance"": 7.861829556720863e-05, ""addresstype"": ""highway"", ""name"": ""Rua Côn. Xavier"", ""display_name"": ""Rua Côn. Xavier, Rua Cônego Xavier, Nova Heliópolis, Vila Bandeirantes, Sacomã, São Paulo, Região Sudeste, 04231-004, Brasil"", ""address"": {""highway"": ""Rua Côn. Xavier"", ""road"": ""Rua Cônego Xavier"", ""residential"": ""Nova Heliópolis"", ""quarter"": ""Vila Bandeirantes"", ""suburb"": ""Sacomã"", ""city_district"": ""Sacomã"", ""city"": ""São Paulo"", ""state"": ""São Paulo"", ""ISO3166-2-lvl4"": ""BR-SP"", ""region"": ""Região Sudeste"", ""postcode"": ""04231-004"", ""country"": ""Brasil"", ""country_code"": ""br""}, ""boundingbox"": [""-23.6071650"", ""-23.6070650"", ""-46.5953030"", ""-46.5952030""]}"
68;CAISM DR DAVID CAPISTRANO DA COSTA FILHO DA AGUA FUNDA SP;AVENIDA MIGUEL STEFNO, 3030 - AGUA FUNDA, SAO PAULO, SP;;;not_found;nominatim;not_found;Resposta 200 OK mas sem coordenadas;0;Nenhuma das queries retornou coordenadas válidas;;;;;;;;;;;;
69;HOSPITAL INFANTIL DARCY VARGAS UGA III SAO PAULO;RUA DR SERAFICO DE ASSIS CARVALHO, 34 - JARDIM GUEDALA, SAO PAULO, SP;-23.5929419;-46.7109151;ok;nominatim;high;;200;;8937090;way;1183565099;Hospital Infantil Darcy Vargas, 34, Rua Doutor Serafico de Assis Carvalho, Cidade Jardim, Morumbi, São Paulo, Região Sudeste, 05615-900, Brasil;7.861829556720863e-05;;hospital;São Paulo;São Paulo;Brasil;RUA DR SERAFICO DE ASSIS CARVALHO, 34 - 04024002;"{""place_id"": 8937090, ""licence"": ""Data © OpenStreetMap contributors, ODbL 1.0. http://osm.org/copyright"", ""osm_type"": ""way"", ""osm_id"": 1183565099, ""lat"": ""-23.5929419"", ""lon"": ""-46.7109151"", ""category"": ""amenity"", ""type"": ""hospital"", ""place_rank"": 30, ""importance"": 7.861829556720863e-05, ""addresstype"": ""amenity"", ""name"": ""Hospital Infantil Darcy Vargas"", ""display_name"": ""Hospital Infantil Darcy Vargas, 34, Rua Doutor Serafico de Assis Carvalho, Cidade Jardim, Morumbi, São Paulo, Região Sudeste, 05615-900, Brasil"", ""address"": {""amenity"": ""Hospital Infantil Darcy Vargas"", ""house_number"": ""34"", ""road"": ""Rua Doutor Serafico de Assis Carvalho"", ""suburb"": ""Cidade Jardim"", ""city"": ""São Paulo"", ""state"": ""São Paulo"", ""ISO3166-2-lvl4"": ""BR-SP"", ""region"": ""Região Sudeste"", ""postcode"": ""05615-900"", ""country"": ""Brasil"", ""country_code"": ""br""}, ""boundingbox"": [""-23.5934524"", ""-23.5920338"", ""-46.7116343"", ""-46.7102493""]}"
70;HOSP MUN MATERNIDADE PROFESSOR MARIO DEGNI;RUA LUCAS DE LEYDE, 257 - VILA ANTONIO, SAO PAULO, SP;-23.5777487;-46.7648420;ok;nominatim;high;;200;;9043309;way;1348051378;Hospital Municipal e Maternidade Professor  Mario Degni, 257, Rua Lucas de Leyde, Jardim Ester, Parque dos Príncipes, Rio Pequeno, São Paulo, Região Sudeste, 05372-110, Brasil;7.861829556720863e-05;;hospital;São Paulo;São Paulo;Brasil;RUA LUCAS DE LEYDE, 257 - 05376010;"{""place_id"": 9043309, ""licence"": ""Data © OpenStreetMap contributors, ODbL 1.0. http://osm.org/copyright"", ""osm_type"": ""way"", ""osm_id"": 1348051378, ""lat"": ""-23.5777487"", ""lon"": ""-46.7648420"", ""category"": ""amenity"", ""type"": ""hospital"", ""place_rank"": 30, ""importance"": 7.861829556720863e-05, ""addresstype"": ""amenity"", ""name"": ""Hospital Municipal e Maternidade Professor  Mario Degni"", ""display_name"": ""Hospital Municipal e Maternidade Professor  Mario Degni, 257, Rua Lucas de Leyde, Jardim Ester, Parque dos Príncipes, Rio Pequeno, São Paulo, Região Sudeste, 05372-110, Brasil"", ""address"": {""amenity"": ""Hospital Municipal e Maternidade Professor  Mario Degni"", ""house_number"": ""257"", ""road"": ""Rua Lucas de Leyde"", ""quarter"": ""Jardim Ester"", ""suburb"": ""Parque dos Príncipes"", ""city_district"": ""Rio Pequeno"", ""city"": ""São Paulo"", ""state"": ""São Paulo"", ""ISO3166-2-lvl4"": ""BR-SP"", ""region"": ""Região Sudeste"", ""postcode"": ""05372-110"", ""country"": ""Brasil"", ""country_code"": ""br""}, ""boundingbox"": [""-23.5787204"", ""-23.5771631"", ""-46.7653750"", ""-46.7640473""]}"
71;HOSPITAL UNIVERSITARIO DA USP SAO PAULO;AV PROF LINEU PRESTES, 2565 - BUTANTA, SAO PAULO, SP;-23.5649058;-46.7409515;ok;nominatim;high;;200;;8975291;way;158788584;Hospital Universitário, 2565, Avenida Professor Lineu Prestes, Butantã, São Paulo, Região Sudeste, 05508-000, Brasil;0.4446133857442175;;hospital;São Paulo;São Paulo;Brasil;AV PROF LINEU PRESTES, 2565 - BUTANTA, SAO PAULO, SP, São Paulo, SP, Brasil;"{""place_id"": 8975291, ""licence"": ""Data © OpenStreetMap contributors, ODbL 1.0. http://osm.org/copyright"", ""osm_type"": ""way"", ""osm_id"": 158788584, ""lat"": ""-23.5649058"", ""lon"": ""-46.7409515"", ""category"": ""amenity"", ""type"": ""hospital"", ""place_rank"": 30, ""importance"": 0.4446133857442175, ""addresstype"": ""amenity"", ""name"": ""Hospital Universitário"", ""display_name"": ""Hospital Universitário, 2565, Avenida Professor Lineu Prestes, Butantã, São Paulo, Região Sudeste, 05508-000, Brasil"", ""address"": {""amenity"": ""Hospital Universitário"", ""house_number"": ""2565"", ""road"": ""Avenida Professor Lineu Prestes"", ""suburb"": ""Butantã"", ""city"": ""São Paulo"", ""state"": ""São Paulo"", ""ISO3166-2-lvl4"": ""BR-SP"", ""region"": ""Região Sudeste"", ""postcode"": ""05508-000"", ""country"": ""Brasil"", ""country_code"": ""br""}, ""boundingbox"": [""-23.5658343"", ""-23.5636331"", ""-46.7425797"", ""-46.7397181""]}"
72;CAISM PHILIPPE PINEL SAO PAULO;AV RAIMUNDO PEREIRA DE MAGALHAES, 5214 - PIRITUBA, SAO PAULO, SP;-23.4869816;-46.7239346;ok;nominatim;high;;200;;8515185;way;79877355;Centro de Atenção Integrada à Saúde Mental Philippe Pinel, 5214, Avenida Raimundo Pereira de Magalhães, Piqueri, Pirituba, São Paulo, Região Sudeste, 02945-040, Brasil;7.861829556720863e-05;;hospital;São Paulo;São Paulo;Brasil;AV RAIMUNDO PEREIRA DE MAGALHAES, 5214 - PIRITUBA, SAO PAULO, SP, São Paulo, SP, Brasil;"{""place_id"": 8515185, ""licence"": ""Data © OpenStreetMap contributors, ODbL 1.0. http://osm.org/copyright"", ""osm_type"": ""way"", ""osm_id"": 79877355, ""lat"": ""-23.4869816"", ""lon"": ""-46.7239346"", ""category"": ""amenity"", ""type"": ""hospital"", ""place_rank"": 30, ""importance"": 7.861829556720863e-05, ""addresstype"": ""amenity"", ""name"": ""Centro de Atenção Integrada à Saúde Mental Philippe Pinel"", ""display_name"": ""Centro de Atenção Integrada à Saúde Mental Philippe Pinel, 5214, Avenida Raimundo Pereira de Magalhães, Piqueri, Pirituba, São Paulo, Região Sudeste, 02945-040, Brasil"", ""address"": {""amenity"": ""Centro de Atenção Integrada à Saúde Mental Philippe Pinel"", ""house_number"": ""5214"", ""road"": ""Avenida Raimundo Pereira de Magalhães"", ""suburb"": ""Piqueri"", ""city"": ""São Paulo"", ""state"": ""São Paulo"", ""ISO3166-2-lvl4"": ""BR-SP"", ""region"": ""Região Sudeste"", ""postcode"": ""02945-040"", ""country"": ""Brasil"", ""country_code"": ""br""}, ""boundingbox"": [""-23.4880054"", ""-23.4855749"", ""-46.7251542"", ""-46.7228936""]}"
73;HOSPITAL GERAL HENRIQUE ALTIMEYER DE VILA ALPINA;AV FRANCISCO FALCONI, 1501 - VILA ALPINA, SAO PAULO, SP;-23.5930526;-46.5607618;ok;nominatim;high;;200;;8855708;way;195664900;Hospital Estadual Vila Alpina, 1501, Avenida Francisco Falconi, Vila Alpina, Vila Prudente, São Paulo, Região Sudeste, 03227-000, Brasil;7.861829556720863e-05;;hospital;São Paulo;São Paulo;Brasil;AV FRANCISCO FALCONI, 1501 - VILA ALPINA, SAO PAULO, SP, São Paulo, SP, Brasil;"{""place_id"": 8855708, ""licence"": ""Data © OpenStreetMap contributors, ODbL 1.0. http://osm.org/copyright"", ""osm_type"": ""way"", ""osm_id"": 195664900, ""lat"": ""-23.5930526"", ""lon"": ""-46.5607618"", ""category"": ""amenity"", ""type"": ""hospital"", ""place_rank"": 30, ""importance"": 7.861829556720863e-05, ""addresstype"": ""amenity"", ""name"": ""Hospital Estadual Vila Alpina"", ""display_name"": ""Hospital Estadual Vila Alpina, 1501, Avenida Francisco Falconi, Vila Alpina, Vila Prudente, São Paulo, Região Sudeste, 03227-000, Brasil"", ""address"": {""amenity"": ""Hospital Estadual Vila Alpina"", ""house_number"": ""1501"", ""road"": ""Avenida Francisco Falconi"", ""suburb"": ""Vila Alpina"", ""city_district"": ""Vila Prudente"", ""city"": ""São Paulo"", ""state"": ""São Paulo"", ""ISO3166-2-lvl4"": ""BR-SP"", ""region"": ""Região Sudeste"", ""postcode"": ""03227-000"", ""country"": ""Brasil"", ""country_code"": ""br""}, ""boundingbox"": [""-23.5938614"", ""-23.5922764"", ""-46.5626876"", ""-46.5600426""]}"
74;HOSP MUN PIRITUBA JOSE SOARES HUNGRIA;AVENIDA MENOTTI LAUDISIO, 100 - PIRITUBA, SAO PAULO, SP;-23.4845293;-46.7275153;ok;nominatim;high;;200;;8606285;way;79442277;Hospital Municipal Doutor José Soares Hungria, 100, Avenida Menotti Laudisio, Jardim Líbano, Piqueri, Pirituba, São Paulo, Região Sudeste, 02945-000, Brasil;7.861829556720863e-05;;hospital;São Paulo;São Paulo;Brasil;AVENIDA MENOTTI LAUDISIO, 100 - PIRITUBA, SAO PAULO, SP, São Paulo, SP, Brasil;"{""place_id"": 8606285, ""licence"": ""Data © OpenStreetMap contributors, ODbL 1.0. http://osm.org/copyright"", ""osm_type"": ""way"", ""osm_id"": 79442277, ""lat"": ""-23.4845293"", ""lon"": ""-46.7275153"", ""category"": ""amenity"", ""type"": ""hospital"", ""place_rank"": 30, ""importance"": 7.861829556720863e-05, ""addresstype"": ""amenity"", ""name"": ""Hospital Municipal Doutor José Soares Hungria"", ""display_name"": ""Hospital Municipal Doutor José Soares Hungria, 100, Avenida Menotti Laudisio, Jardim Líbano, Piqueri, Pirituba, São Paulo, Região Sudeste, 02945-000, Brasil"", ""address"": {""amenity"": ""Hospital Municipal Doutor José Soares Hungria"", ""house_number"": ""100"", ""road"": ""Avenida Menotti Laudisio"", ""neighbourhood"": ""Jardim Líbano"", ""suburb"": ""Piqueri"", ""city"": ""São Paulo"", ""state"": ""São Paulo"", ""ISO3166-2-lvl4"": ""BR-SP"", ""region"": ""Região Sudeste"", ""postcode"": ""02945-000"", ""country"": ""Brasil"", ""country_code"": ""br""}, ""boundingbox"": [""-23.4856336"", ""-23.4836530"", ""-46.7285330"", ""-46.7265242""]}"
75;HOSPITAL GERAL DE SAO MATEUS SAO PAULO;RUA ANGELO DE CANDIA, 540 - SAO MATEUS, SAO PAULO, SP;-23.5947358;-46.4867109;ok;nominatim;high;;200;;8814414;way;437648955;Hospital Geral de São Mateus, 540, Rua Ângelo de Cândia, Jardim Imperador, São Mateus, São Paulo, Região Sudeste, 03958-000, Brasil;7.861829556720863e-05;;hospital;São Paulo;São Paulo;Brasil;HOSPITAL GERAL DE SAO MATEUS SAO PAULO, RUA ANGELO DE CANDIA, 540 - SAO MATEUS, SAO PAULO, SP, São Paulo, SP, Brasil;"{""place_id"": 8814414, ""licence"": ""Data © OpenStreetMap contributors, ODbL 1.0. http://osm.org/copyright"", ""osm_type"": ""way"", ""osm_id"": 437648955, ""lat"": ""-23.5947358"", ""lon"": ""-46.4867109"", ""category"": ""amenity"", ""type"": ""hospital"", ""place_rank"": 30, ""importance"": 7.861829556720863e-05, ""addresstype"": ""amenity"", ""name"": ""Hospital Geral de São Mateus"", ""display_name"": ""Hospital Geral de São Mateus, 540, Rua Ângelo de Cândia, Jardim Imperador, São Mateus, São Paulo, Região Sudeste, 03958-000, Brasil"", ""address"": {""amenity"": ""Hospital Geral de São Mateus"", ""house_number"": ""540"", ""road"": ""Rua Ângelo de Cândia"", ""suburb"": ""Jardim Imperador"", ""city"": ""São Paulo"", ""state"": ""São Paulo"", ""ISO3166-2-lvl4"": ""BR-SP"", ""region"": ""Região Sudeste"", ""postcode"": ""03958-000"", ""country"": ""Brasil"", ""country_code"": ""br""}, ""boundingbox"": [""-23.5954600"", ""-23.5940117"", ""-46.4872724"", ""-46.4861494""]}"
76;UNIDADE DE GESTAO ASSISTENCIAL II HOSPITAL IPIRANGA SP;AVENIDA NAZARE, 28 - IPIRANGA, SAO PAULO, SP;-23.5842030;-46.6116295;ok;nominatim;high;;200;;8839690;way;467681159;Hospital Ipiranga, 28, Avenida Nazaré, Ipiranga, São Paulo, Região Sudeste, 04262-000, Brasil;7.861829556720863e-05;;hospital;São Paulo;São Paulo;Brasil;AVENIDA NAZARE, 28 - IPIRANGA, SAO PAULO, SP, São Paulo, SP, Brasil;"{""place_id"": 8839690, ""licence"": ""Data © OpenStreetMap contributors, ODbL 1.0. http://osm.org/copyright"", ""osm_type"": ""way"", ""osm_id"": 467681159, ""lat"": ""-23.5842030"", ""lon"": ""-46.6116295"", ""category"": ""amenity"", ""type"": ""hospital"", ""place_rank"": 30, ""importance"": 7.861829556720863e-05, ""addresstype"": ""amenity"", ""name"": ""Hospital Ipiranga"", ""display_name"": ""Hospital Ipiranga, 28, Avenida Nazaré, Ipiranga, São Paulo, Região Sudeste, 04262-000, Brasil"", ""address"": {""amenity"": ""Hospital Ipiranga"", ""house_number"": ""28"", ""road"": ""Avenida Nazaré"", ""suburb"": ""Ipiranga"", ""city_district"": ""Ipiranga"", ""city"": ""São Paulo"", ""state"": ""São Paulo"", ""ISO3166-2-lvl4"": ""BR-SP"", ""region"": ""Região Sudeste"", ""postcode"": ""04262-000"", ""country"": ""Brasil"", ""country_code"": ""br""}, ""boundingbox"": [""-23.5846982"", ""-23.5838803"", ""-46.6121370"", ""-46.6111008""]}"
77;CONJUNTO HOSPITALAR DO MANDAQUI SAO PAULO;RUA VOLUNTARIOS DA PATRIA, 4301 - SANTANA, SAO PAULO, SP;-23.4849783;-46.6314355;ok;nominatim;high;;200;;8683899;relation;3281462;Conjunto Hospitalar do Mandaqui, 4301, Rua Voluntários da Pátria, Alto de Santana, Santana, São Paulo, Região Sudeste, 02401-400, Brasil;0.4353606624145101;;hospital;São Paulo;São Paulo;Brasil;CONJUNTO HOSPITALAR DO MANDAQUI SAO PAULO, RUA VOLUNTARIOS DA PATRIA, 4301 - SANTANA, SAO PAULO, SP, São Paulo, SP, Brasil;"{""place_id"": 8683899, ""licence"": ""Data © OpenStreetMap contributors, ODbL 1.0. http://osm.org/copyright"", ""osm_type"": ""relation"", ""osm_id"": 3281462, ""lat"": ""-23.4849783"", ""lon"": ""-46.6314355"", ""category"": ""amenity"", ""type"": ""hospital"", ""place_rank"": 30, ""importance"": 0.4353606624145101, ""addresstype"": ""amenity"", ""name"": ""Conjunto Hospitalar do Mandaqui"", ""display_name"": ""Conjunto Hospitalar do Mandaqui, 4301, Rua Voluntários da Pátria, Alto de Santana, Santana, São Paulo, Região Sudeste, 02401-400, Brasil"", ""address"": {""amenity"": ""Conjunto Hospitalar do Mandaqui"", ""house_number"": ""4301"", ""road"": ""Rua Voluntários da Pátria"", ""suburb"": ""Alto de Santana"", ""city_district"": ""Santana"", ""city"": ""São Paulo"", ""state"": ""São Paulo"", ""ISO3166-2-lvl4"": ""BR-SP"", ""region"": ""Região Sudeste"", ""postcode"": ""02401-400"", ""country"": ""Brasil"", ""country_code"": ""br""}, ""boundingbox"": [""-23.4867695"", ""-23.4830889"", ""-46.6332399"", ""-46.6294796""]}"
78;HOSPITAL GERAL SANTA MARCELINA DE ITAIM PAULISTA SAO PAULO;AV MARECHAL TITO, 6035 - ITAIM PAULISTA, SAO PAULO, SP;-23.4924231;-46.3889814;ok;nominatim;high;;200;;8694629;way;319792790;Hospital Santa Marcelina do Itaim Paulista O.S.S, 6035, Avenida Marechal Tito, Vila Itaim, Jardim São Luís (Zona leste), Itaim Paulista, São Paulo, Região Sudeste, 08115-100, Brasil;7.861829556720863e-05;;hospital;São Paulo;São Paulo;Brasil;AV MARECHAL TITO, 6035 - ITAIM PAULISTA, SAO PAULO, SP, São Paulo, SP, Brasil;"{""place_id"": 8694629, ""licence"": ""Data © OpenStreetMap contributors, ODbL 1.0. http://osm.org/copyright"", ""osm_type"": ""way"", ""osm_id"": 319792790, ""lat"": ""-23.4924231"", ""lon"": ""-46.3889814"", ""category"": ""amenity"", ""type"": ""hospital"", ""place_rank"": 30, ""importance"": 7.861829556720863e-05, ""addresstype"": ""amenity"", ""name"": ""Hospital Santa Marcelina do Itaim Paulista O.S.S"", ""display_name"": ""Hospital Santa Marcelina do Itaim Paulista O.S.S, 6035, Avenida Marechal Tito, Vila Itaim, Jardim São Luís (Zona leste), Itaim Paulista, São Paulo, Região Sudeste, 08115-100, Brasil"", ""address"": {""amenity"": ""Hospital Santa Marcelina do Itaim Paulista O.S.S"", ""house_number"": ""6035"", ""road"": ""Avenida Marechal Tito"", ""neighbourhood"": ""Vila Itaim"", ""suburb"": ""Jardim São Luís (Zona leste)"", ""city"": ""São Paulo"", ""state"": ""São Paulo"", ""ISO3166-2-lvl4"": ""BR-SP"", ""region"": ""Região Sudeste"", ""postcode"": ""08115-100"", ""country"": ""Brasil"", ""country_code"": ""br""}, ""boundingbox"": [""-23.4933870"", ""-23.4914681"", ""-46.3900733"", ""-46.3879965""]}"
79;HOSP MUN PROF DR WALDOMIRO DE PAULA;RUA AUGUSTO CARLOS BAUMANN, 1074 - ITAQUERA, SAO PAULO, SP;-23.5321357;-46.4472128;ok;nominatim;low;;200;;8699046;way;272661161;Rua Augusto Carlos Bauman, Vila Carmosina, Itaquera, São Paulo, Região Sudeste, 08210-540, Brasil;0.05341195162890055;;secondary;São Paulo;São Paulo;Brasil;RUA AUGUSTO CARLOS BAUMANN, 1074 - ITAQUERA, SAO PAULO, SP, São Paulo, SP, Brasil;"{""place_id"": 8699046, ""licence"": ""Data © OpenStreetMap contributors, ODbL 1.0. http://osm.org/copyright"", ""osm_type"": ""way"", ""osm_id"": 272661161, ""lat"": ""-23.5321357"", ""lon"": ""-46.4472128"", ""category"": ""highway"", ""type"": ""secondary"", ""place_rank"": 26, ""importance"": 0.05341195162890055, ""addresstype"": ""road"", ""name"": ""Rua Augusto Carlos Bauman"", ""display_name"": ""Rua Augusto Carlos Bauman, Vila Carmosina, Itaquera, São Paulo, Região Sudeste, 08210-540, Brasil"", ""address"": {""road"": ""Rua Augusto Carlos Bauman"", ""quarter"": ""Vila Carmosina"", ""suburb"": ""Itaquera"", ""city"": ""São Paulo"", ""state"": ""São Paulo"", ""ISO3166-2-lvl4"": ""BR-SP"", ""region"": ""Região Sudeste"", ""postcode"": ""08210-540"", ""country"": ""Brasil"", ""country_code"": ""br""}, ""boundingbox"": [""-23.5325274"", ""-23.5317431"", ""-46.4478428"", ""-46.4465833""]}"
80;HOSPITAL GERAL DO GRAJAU PROF LIBER JOHN ALPHONSE DI DIO SP;RUA FRANCISCO OTAVIO PACCA, 180 - PARQUE DAS NACOES, SAO PAULO, SP;-23.6911520;-46.5848155;ok;nominatim;low;;200;;9047908;way;269098990;Oficina Brasil, 1937, Avenida Piraporinha, Piraporinha, Diadema, São Paulo, Região Sudeste, 09950-000, Brasil;7.861829556720863e-05;;car_repair;Diadema;São Paulo;Brasil;04822030, 180, SAO PAULO, SP, Brasil;"{""place_id"": 9047908, ""licence"": ""Data © OpenStreetMap contributors, ODbL 1.0. http://osm.org/copyright"", ""osm_type"": ""way"", ""osm_id"": 269098990, ""lat"": ""-23.6911520"", ""lon"": ""-46.5848155"", ""category"": ""shop"", ""type"": ""car_repair"", ""place_rank"": 30, ""importance"": 7.861829556720863e-05, ""addresstype"": ""shop"", ""name"": ""Oficina Brasil"", ""display_name"": ""Oficina Brasil, 1937, Avenida Piraporinha, Piraporinha, Diadema, São Paulo, Região Sudeste, 09950-000, Brasil"", ""address"": {""shop"": ""Oficina Brasil"", ""house_number"": ""1937"", ""road"": ""Avenida Piraporinha"", ""suburb"": ""Piraporinha"", ""city_district"": ""Diadema"", ""city"": ""Diadema"", ""state"": ""São Paulo"", ""ISO3166-2-lvl4"": ""BR-SP"", ""region"": ""Região Sudeste"", ""postcode"": ""09950-000"", ""country"": ""Brasil"", ""country_code"": ""br""}, ""boundingbox"": [""-23.6912159"", ""-23.6910783"", ""-46.5849354"", ""-46.5846886""]}"
81;HOSPITAL E MATERNIDADE LEONOR MENDES DE BARROS SAO PAULO;AV CELSO GARCIA, 2477 - BELENZINHO, SAO PAULO, SP;-23.5359031;-46.5887061;ok;nominatim;high;;200;;8847125;way;463619231;Hospital Maternidade Leonor Mendes de Barros, 2477, Avenida Celso Garcia, Belém, São Paulo, Região Sudeste, 03015-000, Brasil;7.861829556720863e-05;;hospital;São Paulo;São Paulo;Brasil;AV CELSO GARCIA, 2477 - 03015000;"{""place_id"": 8847125, ""licence"": ""Data © OpenStreetMap contributors, ODbL 1.0. http://osm.org/copyright"", ""osm_type"": ""way"", ""osm_id"": 463619231, ""lat"": ""-23.5359031"", ""lon"": ""-46.5887061"", ""category"": ""amenity"", ""type"": ""hospital"", ""place_rank"": 30, ""importance"": 7.861829556720863e-05, ""addresstype"": ""amenity"", ""name"": ""Hospital Maternidade Leonor Mendes de Barros"", ""display_name"": ""Hospital Maternidade Leonor Mendes de Barros, 2477, Avenida Celso Garcia, Belém, São Paulo, Região Sudeste, 03015-000, Brasil"", ""address"": {""amenity"": ""Hospital Maternidade Leonor Mendes de Barros"", ""house_number"": ""2477"", ""road"": ""Avenida Celso Garcia"", ""suburb"": ""Belém"", ""city"": ""São Paulo"", ""state"": ""São Paulo"", ""ISO3166-2-lvl4"": ""BR-SP"", ""region"": ""Região Sudeste"", ""postcode"": ""03015-000"", ""country"": ""Brasil"", ""country_code"": ""br""}, ""boundingbox"": [""-23.5365735"", ""-23.5352205"", ""-46.5896561"", ""-46.5878076""]}"
82;CENTRO DE REFERENCIA E TREINAMENTO DST AIDS SAO PAULO;RUA SANTA CRUZ, 81 - VILA MARIANA, SAO PAULO, SP;-23.5966194;-46.6358133;ok;nominatim;high;;200;;8787168;way;1077044306;Centro de Referência e Treinamento DST/Aids-SP, 81, Rua Santa Cruz, Vila Mariana, São Paulo, Região Sudeste, 04121-000, Brasil;7.861829556720863e-05;;hospital;São Paulo;São Paulo;Brasil;RUA SANTA CRUZ, 81 - VILA MARIANA, SAO PAULO, SP, São Paulo, SP, Brasil;"{""place_id"": 8787168, ""licence"": ""Data © OpenStreetMap contributors, ODbL 1.0. http://osm.org/copyright"", ""osm_type"": ""way"", ""osm_id"": 1077044306, ""lat"": ""-23.5966194"", ""lon"": ""-46.6358133"", ""category"": ""amenity"", ""type"": ""hospital"", ""place_rank"": 30, ""importance"": 7.861829556720863e-05, ""addresstype"": ""amenity"", ""name"": ""Centro de Referência e Treinamento DST/Aids-SP"", ""display_name"": ""Centro de Referência e Treinamento DST/Aids-SP, 81, Rua Santa Cruz, Vila Mariana, São Paulo, Região Sudeste, 04121-000, Brasil"", ""address"": {""amenity"": ""Centro de Referência e Treinamento DST/Aids-SP"", ""house_number"": ""81"", ""road"": ""Rua Santa Cruz"", ""suburb"": ""Vila Mariana"", ""city_district"": ""Vila Mariana"", ""city"": ""São Paulo"", ""state"": ""São Paulo"", ""ISO3166-2-lvl4"": ""BR-SP"", ""region"": ""Região Sudeste"", ""postcode"": ""04121-000"", ""country"": ""Brasil"", ""country_code"": ""br""}, ""boundingbox"": [""-23.5969243"", ""-23.5963444"", ""-46.6359613"", ""-46.6356600""]}"
83;HOSPITAL MILITAR DE AREA DE SAO PAULO;RUA OUVIDOR PORTUGAL, 230 - CAMBUCI, SAO PAULO, SP;-23.5696701;-46.6134492;ok;nominatim;high;;200;;8931936;node;1693998312;Hospital Militar de Área de São Paulo, 230, Rua Ouvidor Portugal, Vila Monumento, Cambuci, São Paulo, Região Sudeste, 01551-010, Brasil;7.861829556720863e-05;;hospital;São Paulo;São Paulo;Brasil;HOSPITAL MILITAR DE AREA DE SAO PAULO, RUA OUVIDOR PORTUGAL, 230 - CAMBUCI, SAO PAULO, SP, São Paulo, SP, Brasil;"{""place_id"": 8931936, ""licence"": ""Data © OpenStreetMap contributors, ODbL 1.0. http://osm.org/copyright"", ""osm_type"": ""node"", ""osm_id"": 1693998312, ""lat"": ""-23.5696701"", ""lon"": ""-46.6134492"", ""category"": ""amenity"", ""type"": ""hospital"", ""place_rank"": 30, ""importance"": 7.861829556720863e-05, ""addresstype"": ""amenity"", ""name"": ""Hospital Militar de Área de São Paulo"", ""display_name"": ""Hospital Militar de Área de São Paulo, 230, Rua Ouvidor Portugal, Vila Monumento, Cambuci, São Paulo, Região Sudeste, 01551-010, Brasil"", ""address"": {""amenity"": ""Hospital Militar de Área de São Paulo"", ""house_number"": ""230"", ""road"": ""Rua Ouvidor Portugal"", ""suburb"": ""Vila Monumento"", ""city_district"": ""Cambuci"", ""city"": ""São Paulo"", ""state"": ""São Paulo"", ""ISO3166-2-lvl4"": ""BR-SP"", ""region"": ""Região Sudeste"", ""postcode"": ""01551-010"", ""country"": ""Brasil"", ""country_code"": ""br""}, ""boundingbox"": [""-23.5697201"", ""-23.5696201"", ""-46.6134992"", ""-46.6133992""]}"
84;CENTRO DE REFERENCIA DA SAUDE DA MULHER;AV RIO BRANCO, 1080 - CAMPOS ELISEOS, SAO PAULO, SP;-22.9288098;-47.1152922;ok;nominatim;low;;200;;9410471;way;149121226;Rua Rio Branco, Jardim Ipaussurama, Jardim Paulicéia, Campinas, São Paulo, Região Sudeste, 13060-562, Brasil;0.053401859311818074;;residential;Campinas;São Paulo;Brasil;AV RIO BRANCO, 1080 - CAMPOS ELISEOS, SAO PAULO, SP, São Paulo, SP, Brasil;"{""place_id"": 9410471, ""licence"": ""Data © OpenStreetMap contributors, ODbL 1.0. http://osm.org/copyright"", ""osm_type"": ""way"", ""osm_id"": 149121226, ""lat"": ""-22.9288098"", ""lon"": ""-47.1152922"", ""category"": ""highway"", ""type"": ""residential"", ""place_rank"": 26, ""importance"": 0.053401859311818074, ""addresstype"": ""road"", ""name"": ""Rua Rio Branco"", ""display_name"": ""Rua Rio Branco, Jardim Ipaussurama, Jardim Paulicéia, Campinas, São Paulo, Região Sudeste, 13060-562, Brasil"", ""address"": {""road"": ""Rua Rio Branco"", ""residential"": ""Jardim Ipaussurama"", ""suburb"": ""Jardim Paulicéia"", ""city_district"": ""Campinas"", ""city"": ""Campinas"", ""state"": ""São Paulo"", ""ISO3166-2-lvl4"": ""BR-SP"", ""region"": ""Região Sudeste"", ""postcode"": ""13060-562"", ""country"": ""Brasil"", ""country_code"": ""br""}, ""boundingbox"": [""-22.9288363"", ""-22.9287833"", ""-47.1159417"", ""-47.1146428""]}"
85;HOSP MUN INFANTIL MENINO JESUS;RUA DOS INGLESES, 258 - BELA VISTA, SAO PAULO, SP;-23.5602200;-46.6469982;ok;nominatim;low;;200;;9665640;way;1172464432;258, Rua dos Ingleses, Morro dos Ingleses, Bela Vista, São Paulo, Região Sudeste, 01329-000, Brasil;9.99999999995449e-06;;house;São Paulo;São Paulo;Brasil;RUA DOS INGLESES, 258 - BELA VISTA, SAO PAULO, SP, São Paulo, SP, Brasil;"{""place_id"": 9665640, ""licence"": ""Data © OpenStreetMap contributors, ODbL 1.0. http://osm.org/copyright"", ""osm_type"": ""way"", ""osm_id"": 1172464432, ""lat"": ""-23.5602200"", ""lon"": ""-46.6469982"", ""category"": ""place"", ""type"": ""house"", ""place_rank"": 30, ""importance"": 9.99999999995449e-06, ""addresstype"": ""place"", ""name"": """", ""display_name"": ""258, Rua dos Ingleses, Morro dos Ingleses, Bela Vista, São Paulo, Região Sudeste, 01329-000, Brasil"", ""address"": {""house_number"": ""258"", ""road"": ""Rua dos Ingleses"", ""suburb"": ""Morro dos Ingleses"", ""city"": ""São Paulo"", ""state"": ""São Paulo"", ""ISO3166-2-lvl4"": ""BR-SP"", ""region"": ""Região Sudeste"", ""postcode"": ""01329-000"", ""country"": ""Brasil"", ""country_code"": ""br""}, ""boundingbox"": [""-23.5602700"", ""-23.5601700"", ""-46.6470482"", ""-46.6469482""]}"
86;HOSP DA AERONAUTICA DE SPHASP;OLAVO FONTOURA, 1400, SANTANA - SANTANA, SAO PAULO, SP;-23.5143658;-46.6366806;ok;nominatim;low;;200;;8978059;way;646945023;Avenida Olavo Fontoura, Carandiru, Santana, São Paulo, Região Sudeste, 02012-021, Brasil;0.05341195162890055;;primary;São Paulo;São Paulo;Brasil;OLAVO FONTOURA, 1400, SANTANA - SANTANA, SAO PAULO, SP, São Paulo, SP, Brasil;"{""place_id"": 8978059, ""licence"": ""Data © OpenStreetMap contributors, ODbL 1.0. http://osm.org/copyright"", ""osm_type"": ""way"", ""osm_id"": 646945023, ""lat"": ""-23.5143658"", ""lon"": ""-46.6366806"", ""category"": ""highway"", ""type"": ""primary"", ""place_rank"": 26, ""importance"": 0.05341195162890055, ""addresstype"": ""road"", ""name"": ""Avenida Olavo Fontoura"", ""display_name"": ""Avenida Olavo Fontoura, Carandiru, Santana, São Paulo, Região Sudeste, 02012-021, Brasil"", ""address"": {""road"": ""Avenida Olavo Fontoura"", ""suburb"": ""Carandiru"", ""city_district"": ""Santana"", ""city"": ""São Paulo"", ""state"": ""São Paulo"", ""ISO3166-2-lvl4"": ""BR-SP"", ""region"": ""Região Sudeste"", ""postcode"": ""02012-021"", ""country"": ""Brasil"", ""country_code"": ""br""}, ""boundingbox"": [""-23.5150607"", ""-23.5141410"", ""-46.6407666"", ""-46.6325520""]}"
87;HOSP MUN MAT ESC DR MARIO DE MORAES A SILVA;DEPUTADO EMILIO CARLOS, 3100 - VILA NOVA CACHOEIRIN, SAO PAULO, SP;-23.4802096;-46.6709709;ok;nominatim;high;;200;;8553501;way;423650178;Hospital Municipal Maternidade-Escola Vila Nova Cachoeirinha, 3100, Avenida Deputado Emílio Carlos, Vila Amélia, Cachoeirinha, São Paulo, Região Sudeste, 02765-050, Brasil;0.04539457909600718;;hospital;São Paulo;São Paulo;Brasil;DEPUTADO EMILIO CARLOS, 3100 - 02721000;"{""place_id"": 8553501, ""licence"": ""Data © OpenStreetMap contributors, ODbL 1.0. http://osm.org/copyright"", ""osm_type"": ""way"", ""osm_id"": 423650178, ""lat"": ""-23.4802096"", ""lon"": ""-46.6709709"", ""category"": ""building"", ""type"": ""hospital"", ""place_rank"": 30, ""importance"": 0.04539457909600718, ""addresstype"": ""building"", ""name"": ""Hospital Municipal Maternidade-Escola Vila Nova Cachoeirinha"", ""display_name"": ""Hospital Municipal Maternidade-Escola Vila Nova Cachoeirinha, 3100, Avenida Deputado Emílio Carlos, Vila Amélia, Cachoeirinha, São Paulo, Região Sudeste, 02765-050, Brasil"", ""address"": {""building"": ""Hospital Municipal Maternidade-Escola Vila Nova Cachoeirinha"", ""house_number"": ""3100"", ""road"": ""Avenida Deputado Emílio Carlos"", ""suburb"": ""Vila Amélia"", ""city"": ""São Paulo"", ""state"": ""São Paulo"", ""ISO3166-2-lvl4"": ""BR-SP"", ""region"": ""Região Sudeste"", ""postcode"": ""02765-050"", ""country"": ""Brasil"", ""country_code"": ""br""}, ""boundingbox"": [""-23.4807433"", ""-23.4796940"", ""-46.6717507"", ""-46.6702427""]}"
88;HOSPITAL GERAL JESUS TEIXEIRA DA COSTA GUAIANASES SAO PAULO;AV MIGUEL ACHIOLE DA FONSECA, 135 - JARDIM SAO PAULO, SAO PAULO, SP;-23.5523813;-46.4053829;ok;nominatim;high;;200;;8835683;way;260876142;Hospital Geral Jesus Teixeira da Costa, Avenida Miguel Achiole da Fonseca, Jardim São Paulo, Guaianases, São Paulo, Região Sudeste, 08412-000, Brasil;7.861829556720863e-05;;hospital;São Paulo;São Paulo;Brasil;HOSPITAL GERAL JESUS TEIXEIRA DA COSTA GUAIANASES SAO PAULO, AV MIGUEL ACHIOLE DA FONSECA, 135 - JARDIM SAO PAULO, SAO PAULO, SP, São Paulo, SP, Brasil;"{""place_id"": 8835683, ""licence"": ""Data © OpenStreetMap contributors, ODbL 1.0. http://osm.org/copyright"", ""osm_type"": ""way"", ""osm_id"": 260876142, ""lat"": ""-23.5523813"", ""lon"": ""-46.4053829"", ""category"": ""amenity"", ""type"": ""hospital"", ""place_rank"": 30, ""importance"": 7.861829556720863e-05, ""addresstype"": ""amenity"", ""name"": ""Hospital Geral Jesus Teixeira da Costa"", ""display_name"": ""Hospital Geral Jesus Teixeira da Costa, Avenida Miguel Achiole da Fonseca, Jardim São Paulo, Guaianases, São Paulo, Região Sudeste, 08412-000, Brasil"", ""address"": {""amenity"": ""Hospital Geral Jesus Teixeira da Costa"", ""road"": ""Avenida Miguel Achiole da Fonseca"", ""quarter"": ""Jardim São Paulo"", ""suburb"": ""Guaianases"", ""city"": ""São Paulo"", ""state"": ""São Paulo"", ""ISO3166-2-lvl4"": ""BR-SP"", ""region"": ""Região Sudeste"", ""postcode"": ""08412-000"", ""country"": ""Brasil"", ""country_code"": ""br""}, ""boundingbox"": [""-23.5537353"", ""-23.5513729"", ""-46.4066739"", ""-46.4034789""]}"
89;HOSP MUN DR CARMINO CARICCHIO;AV CELSO GARCIA, 4815 - TATUAPE, SAO PAULO, SP;-23.5329502;-46.5664411;ok;nominatim;high;;200;;8778472;way;375977786;Hospital Municipal Doutor Cármino Caricchio, 4815, Avenida Celso Garcia, Parque São Jorge, Tatuapé, São Paulo, Região Sudeste, 03069-000, Brasil;7.861829556720863e-05;;hospital;São Paulo;São Paulo;Brasil;AV CELSO GARCIA, 4815 - TATUAPE, SAO PAULO, SP, São Paulo, SP, Brasil;"{""place_id"": 8778472, ""licence"": ""Data © OpenStreetMap contributors, ODbL 1.0. http://osm.org/copyright"", ""osm_type"": ""way"", ""osm_id"": 375977786, ""lat"": ""-23.5329502"", ""lon"": ""-46.5664411"", ""category"": ""amenity"", ""type"": ""hospital"", ""place_rank"": 30, ""importance"": 7.861829556720863e-05, ""addresstype"": ""amenity"", ""name"": ""Hospital Municipal Doutor Cármino Caricchio"", ""display_name"": ""Hospital Municipal Doutor Cármino Caricchio, 4815, Avenida Celso Garcia, Parque São Jorge, Tatuapé, São Paulo, Região Sudeste, 03069-000, Brasil"", ""address"": {""amenity"": ""Hospital Municipal Doutor Cármino Caricchio"", ""house_number"": ""4815"", ""road"": ""Avenida Celso Garcia"", ""suburb"": ""Parque São Jorge"", ""city"": ""São Paulo"", ""state"": ""São Paulo"", ""ISO3166-2-lvl4"": ""BR-SP"", ""region"": ""Região Sudeste"", ""postcode"": ""03069-000"", ""country"": ""Brasil"", ""country_code"": ""br""}, ""boundingbox"": [""-23.5337538"", ""-23.5324836"", ""-46.5669771"", ""-46.5658105""]}"
90;HOSP MUN TIDE SETUBAL;RUA DR JOSE GUILHERME EIRAS, 123 - SAO MIGUEL PAULISTA, SAO PAULO, SP;-23.4973179;-46.4398650;ok;nominatim;low;;200;;8766667;way;1184110656;Rua Doutor José Guilherme Eiras, Vila Rosária, São Miguel Paulista, São Paulo, Região Sudeste, 08021-090, Brasil;0.05341195162890055;;residential;São Paulo;São Paulo;Brasil;RUA DR JOSE GUILHERME EIRAS, 123 - SAO MIGUEL PAULISTA, SAO PAULO, SP, São Paulo, SP, Brasil;"{""place_id"": 8766667, ""licence"": ""Data © OpenStreetMap contributors, ODbL 1.0. http://osm.org/copyright"", ""osm_type"": ""way"", ""osm_id"": 1184110656, ""lat"": ""-23.4973179"", ""lon"": ""-46.4398650"", ""category"": ""highway"", ""type"": ""residential"", ""place_rank"": 26, ""importance"": 0.05341195162890055, ""addresstype"": ""road"", ""name"": ""Rua Doutor José Guilherme Eiras"", ""display_name"": ""Rua Doutor José Guilherme Eiras, Vila Rosária, São Miguel Paulista, São Paulo, Região Sudeste, 08021-090, Brasil"", ""address"": {""road"": ""Rua Doutor José Guilherme Eiras"", ""quarter"": ""Vila Rosária"", ""suburb"": ""São Miguel Paulista"", ""city"": ""São Paulo"", ""state"": ""São Paulo"", ""ISO3166-2-lvl4"": ""BR-SP"", ""region"": ""Região Sudeste"", ""postcode"": ""08021-090"", ""country"": ""Brasil"", ""country_code"": ""br""}, ""boundingbox"": [""-23.4974676"", ""-23.4971975"", ""-46.4406062"", ""-46.4391160""]}"
91;HOSP MUN V NHOCUNE ALEXANDRE ZAIO;RUA ALVES MALDONADO, 128 - VILA NHOCUNE, SAO PAULO, SP;-23.5424212;-46.5015398;ok;nominatim;high;;200;;8856090;way;442804134;Hospital Municipal Doutor Alexandre Zaio, 128, Rua Alves Maldonado, Cidade Patriarca, Vila Matilde, São Paulo, Região Sudeste, 03556-010, Brasil;7.861829556720863e-05;;hospital;São Paulo;São Paulo;Brasil;RUA ALVES MALDONADO, 128 - VILA NHOCUNE, SAO PAULO, SP, São Paulo, SP, Brasil;"{""place_id"": 8856090, ""licence"": ""Data © OpenStreetMap contributors, ODbL 1.0. http://osm.org/copyright"", ""osm_type"": ""way"", ""osm_id"": 442804134, ""lat"": ""-23.5424212"", ""lon"": ""-46.5015398"", ""category"": ""amenity"", ""type"": ""hospital"", ""place_rank"": 30, ""importance"": 7.861829556720863e-05, ""addresstype"": ""amenity"", ""name"": ""Hospital Municipal Doutor Alexandre Zaio"", ""display_name"": ""Hospital Municipal Doutor Alexandre Zaio, 128, Rua Alves Maldonado, Cidade Patriarca, Vila Matilde, São Paulo, Região Sudeste, 03556-010, Brasil"", ""address"": {""amenity"": ""Hospital Municipal Doutor Alexandre Zaio"", ""house_number"": ""128"", ""road"": ""Rua Alves Maldonado"", ""suburb"": ""Cidade Patriarca"", ""city"": ""São Paulo"", ""state"": ""São Paulo"", ""ISO3166-2-lvl4"": ""BR-SP"", ""region"": ""Região Sudeste"", ""postcode"": ""03556-010"", ""country"": ""Brasil"", ""country_code"": ""br""}, ""boundingbox"": [""-23.5438786"", ""-23.5417079"", ""-46.5028900"", ""-46.5007385""]}"
92;HOSP MUN JABAQUARA ARTUR RIBEIRO DE SABOYA;AVENIDA FRANCISCO DE PAULA QUINTANILHA RIBEIRO, 860 - JABAQUARA, SAO PAULO, SP;-23.6533422;-46.6456764;ok;nominatim;high;;200;;9029850;way;256252796;Hospital Municipal Arthur Ribeiro de Saboya, 860, Avenida Francisco de Paula Quintanilha Ribeiro, Vila do Encontro, Jabaquara, São Paulo, Região Sudeste, 04330-020, Brasil;7.861829556720863e-05;;hospital;São Paulo;São Paulo;Brasil;AVENIDA FRANCISCO DE PAULA QUINTANILHA RIBEIRO, 860 - JABAQUARA, SAO PAULO, SP, São Paulo, SP, Brasil;"{""place_id"": 9029850, ""licence"": ""Data © OpenStreetMap contributors, ODbL 1.0. http://osm.org/copyright"", ""osm_type"": ""way"", ""osm_id"": 256252796, ""lat"": ""-23.6533422"", ""lon"": ""-46.6456764"", ""category"": ""amenity"", ""type"": ""hospital"", ""place_rank"": 30, ""importance"": 7.861829556720863e-05, ""addresstype"": ""amenity"", ""name"": ""Hospital Municipal Arthur Ribeiro de Saboya"", ""display_name"": ""Hospital Municipal Arthur Ribeiro de Saboya, 860, Avenida Francisco de Paula Quintanilha Ribeiro, Vila do Encontro, Jabaquara, São Paulo, Região Sudeste, 04330-020, Brasil"", ""address"": {""amenity"": ""Hospital Municipal Arthur Ribeiro de Saboya"", ""house_number"": ""860"", ""road"": ""Avenida Francisco de Paula Quintanilha Ribeiro"", ""quarter"": ""Vila do Encontro"", ""suburb"": ""Jabaquara"", ""city"": ""São Paulo"", ""state"": ""São Paulo"", ""ISO3166-2-lvl4"": ""BR-SP"", ""region"": ""Região Sudeste"", ""postcode"": ""04330-020"", ""country"": ""Brasil"", ""country_code"": ""br""}, ""boundingbox"": [""-23.6538054"", ""-23.6529168"", ""-46.6462115"", ""-46.6451313""]}"
93;HOSPITAL KATIA DE SOUZA RODRIGUES TAIPASSP SAO PAULO;AV ELISIO TEIXEIRA LEITE, 6999 - PARADA DE TAIPAS, SAO PAULO, SP;-23.4436996;-46.7177512;ok;nominatim;high;;200;;8613916;way;682318862;Hospital Geral de Taipas, 6999, Avenida Elísio Teixeira Leite, Parada de Taípas, Jardim Pirituba, Jaraguá, São Paulo, Região Sudeste, 02810-000, Brasil;7.861829556720863e-05;;hospital;São Paulo;São Paulo;Brasil;AV ELISIO TEIXEIRA LEITE, 6999 - PARADA DE TAIPAS, SAO PAULO, SP, São Paulo, SP, Brasil;"{""place_id"": 8613916, ""licence"": ""Data © OpenStreetMap contributors, ODbL 1.0. http://osm.org/copyright"", ""osm_type"": ""way"", ""osm_id"": 682318862, ""lat"": ""-23.4436996"", ""lon"": ""-46.7177512"", ""category"": ""amenity"", ""type"": ""hospital"", ""place_rank"": 30, ""importance"": 7.861829556720863e-05, ""addresstype"": ""amenity"", ""name"": ""Hospital Geral de Taipas"", ""display_name"": ""Hospital Geral de Taipas, 6999, Avenida Elísio Teixeira Leite, Parada de Taípas, Jardim Pirituba, Jaraguá, São Paulo, Região Sudeste, 02810-000, Brasil"", ""address"": {""amenity"": ""Hospital Geral de Taipas"", ""house_number"": ""6999"", ""road"": ""Avenida Elísio Teixeira Leite"", ""suburb"": ""Parada de Taípas"", ""city_district"": ""Jaraguá"", ""city"": ""São Paulo"", ""state"": ""São Paulo"", ""ISO3166-2-lvl4"": ""BR-SP"", ""region"": ""Região Sudeste"", ""postcode"": ""02810-000"", ""country"": ""Brasil"", ""country_code"": ""br""}, ""boundingbox"": [""-23.4449692"", ""-23.4423873"", ""-46.7185494"", ""-46.7172434""]}"
94;HOSP MUN PROFESSOR DOUTOR ALIPIO CORREA NETTO;ALAMEDA RODRIGO DE BRUM, 1989 - VILA PARANAGUA, SAO PAULO, SP;-23.4996440;-46.4729162;ok;nominatim;high;;200;;8679718;way;437199936;Hospital Municipal Professor Doutor Alípio Corrêa Netto, 1989, Alameda Rodrigo de Brum, Parque Boturussu, Ermelino Matarazzo, São Paulo, Região Sudeste, 03807-230, Brasil;7.861829556720863e-05;;hospital;São Paulo;São Paulo;Brasil;ALAMEDA RODRIGO DE BRUM, 1989 - VILA PARANAGUA, SAO PAULO, SP, São Paulo, SP, Brasil;"{""place_id"": 8679718, ""licence"": ""Data © OpenStreetMap contributors, ODbL 1.0. http://osm.org/copyright"", ""osm_type"": ""way"", ""osm_id"": 437199936, ""lat"": ""-23.4996440"", ""lon"": ""-46.4729162"", ""category"": ""amenity"", ""type"": ""hospital"", ""place_rank"": 30, ""importance"": 7.861829556720863e-05, ""addresstype"": ""amenity"", ""name"": ""Hospital Municipal Professor Doutor Alípio Corrêa Netto"", ""display_name"": ""Hospital Municipal Professor Doutor Alípio Corrêa Netto, 1989, Alameda Rodrigo de Brum, Parque Boturussu, Ermelino Matarazzo, São Paulo, Região Sudeste, 03807-230, Brasil"", ""address"": {""amenity"": ""Hospital Municipal Professor Doutor Alípio Corrêa Netto"", ""house_number"": ""1989"", ""road"": ""Alameda Rodrigo de Brum"", ""suburb"": ""Parque Boturussu"", ""city"": ""São Paulo"", ""state"": ""São Paulo"", ""ISO3166-2-lvl4"": ""BR-SP"", ""region"": ""Região Sudeste"", ""postcode"": ""03807-230"", ""country"": ""Brasil"", ""country_code"": ""br""}, ""boundingbox"": [""-23.5005523"", ""-23.4987394"", ""-46.4737451"", ""-46.4715457""]}"
95;HOSPITAL MUNICIPAL DR BENEDITO MONTENEGRO;RUA ANTONIO LAZARO, 226 - JARDIM IVA, SAO PAULO, SP;-23.5875541;-46.5145716;ok;nominatim;low;;200;;8859021;node;8553785959;226, Rua Antônio Lázaro, Vila Bancária, Sapopemba, São Paulo, Região Sudeste, 03921-080, Brasil;7.861829556720863e-05;;house;São Paulo;São Paulo;Brasil;RUA ANTONIO LAZARO, 226 - JARDIM IVA, SAO PAULO, SP, São Paulo, SP, Brasil;"{""place_id"": 8859021, ""licence"": ""Data © OpenStreetMap contributors, ODbL 1.0. http://osm.org/copyright"", ""osm_type"": ""node"", ""osm_id"": 8553785959, ""lat"": ""-23.5875541"", ""lon"": ""-46.5145716"", ""category"": ""place"", ""type"": ""house"", ""place_rank"": 30, ""importance"": 7.861829556720863e-05, ""addresstype"": ""place"", ""name"": """", ""display_name"": ""226, Rua Antônio Lázaro, Vila Bancária, Sapopemba, São Paulo, Região Sudeste, 03921-080, Brasil"", ""address"": {""house_number"": ""226"", ""road"": ""Rua Antônio Lázaro"", ""suburb"": ""Vila Bancária"", ""city"": ""São Paulo"", ""state"": ""São Paulo"", ""ISO3166-2-lvl4"": ""BR-SP"", ""region"": ""Região Sudeste"", ""postcode"": ""03921-080"", ""country"": ""Brasil"", ""country_code"": ""br""}, ""boundingbox"": [""-23.5876041"", ""-23.5875041"", ""-46.5146216"", ""-46.5145216""]}"
96;HOSP MUN IGNACIO PROENCA DE GOUVEA;RUA JUVENTUS, 562 - PARQUE DA MOOCA, SAO PAULO, SP;-23.5717374;-46.5901660;ok;nominatim;high;;200;;8788592;way;231104142;Hospital Municipal Doutor Ignácio Proença de Gouvêa, 562, Rua Juventus, Parque da Mooca, Mooca, São Paulo, Região Sudeste, 03124-070, Brasil;7.861829556720863e-05;;hospital;São Paulo;São Paulo;Brasil;RUA JUVENTUS, 562 - PARQUE DA MOOCA, SAO PAULO, SP, São Paulo, SP, Brasil;"{""place_id"": 8788592, ""licence"": ""Data © OpenStreetMap contributors, ODbL 1.0. http://osm.org/copyright"", ""osm_type"": ""way"", ""osm_id"": 231104142, ""lat"": ""-23.5717374"", ""lon"": ""-46.5901660"", ""category"": ""amenity"", ""type"": ""hospital"", ""place_rank"": 30, ""importance"": 7.861829556720863e-05, ""addresstype"": ""amenity"", ""name"": ""Hospital Municipal Doutor Ignácio Proença de Gouvêa"", ""display_name"": ""Hospital Municipal Doutor Ignácio Proença de Gouvêa, 562, Rua Juventus, Parque da Mooca, Mooca, São Paulo, Região Sudeste, 03124-070, Brasil"", ""address"": {""amenity"": ""Hospital Municipal Doutor Ignácio Proença de Gouvêa"", ""house_number"": ""562"", ""road"": ""Rua Juventus"", ""suburb"": ""Parque da Mooca"", ""city"": ""São Paulo"", ""state"": ""São Paulo"", ""ISO3166-2-lvl4"": ""BR-SP"", ""region"": ""Região Sudeste"", ""postcode"": ""03124-070"", ""country"": ""Brasil"", ""country_code"": ""br""}, ""boundingbox"": [""-23.5722462"", ""-23.5714608"", ""-46.5905701"", ""-46.5896856""]}"
97;HOSPITAL INFANTIL CANDIDO FONTOURA SAO PAULO;RUA SIQUEIRA BUENO, 1757 - AGUA RASA, SAO PAULO, SP;-23.5519180;-46.5852143;ok;nominatim;high;;200;;8874747;way;301324091;Hospital Infantil Cândido Fontoura, 1757, Rua Siqueira Bueno, Parque da Mooca, Água Rasa, São Paulo, Região Sudeste, 03173-010, Brasil;0.18554865524912875;;hospital;São Paulo;São Paulo;Brasil;HOSPITAL INFANTIL CANDIDO FONTOURA SAO PAULO, RUA SIQUEIRA BUENO, 1757 - AGUA RASA, SAO PAULO, SP, São Paulo, SP, Brasil;"{""place_id"": 8874747, ""licence"": ""Data © OpenStreetMap contributors, ODbL 1.0. http://osm.org/copyright"", ""osm_type"": ""way"", ""osm_id"": 301324091, ""lat"": ""-23.5519180"", ""lon"": ""-46.5852143"", ""category"": ""amenity"", ""type"": ""hospital"", ""place_rank"": 30, ""importance"": 0.18554865524912875, ""addresstype"": ""amenity"", ""name"": ""Hospital Infantil Cândido Fontoura"", ""display_name"": ""Hospital Infantil Cândido Fontoura, 1757, Rua Siqueira Bueno, Parque da Mooca, Água Rasa, São Paulo, Região Sudeste, 03173-010, Brasil"", ""address"": {""amenity"": ""Hospital Infantil Cândido Fontoura"", ""house_number"": ""1757"", ""road"": ""Rua Siqueira Bueno"", ""suburb"": ""Parque da Mooca"", ""city"": ""São Paulo"", ""state"": ""São Paulo"", ""ISO3166-2-lvl4"": ""BR-SP"", ""region"": ""Região Sudeste"", ""postcode"": ""03173-010"", ""country"": ""Brasil"", ""country_code"": ""br""}, ""boundingbox"": [""-23.5526263"", ""-23.5512110"", ""-46.5859768"", ""-46.5844531""]}"
98;HOSPITAL DE TRANSP DO EST DE SP EURYCLIDES DE JESUS ZERBINI;AV BRIGADEIRO LUIZ ANTONIO, 2651 - JARDIM PAULISTA, SAO PAULO, SP;;;not_found;nominatim;not_found;Resposta 200 OK mas sem coordenadas;0;Nenhuma das queries retornou coordenadas válidas;;;;;;;;;;;;
99;HOSPITAL REGIONAL SUL SAO PAULO;RUA GENERAL ROBERTO ALVES DE CARVALHO FILHO, 270 - SANTO AMARO, SAO PAULO, SP;-23.6555597;-46.7058596;ok;nominatim;high;;200;;8967809;way;318404110;Hospital Regional Sul, 270, Rua General Roberto Alves de Carvalho Filho, Jardim Santo Amaro, Santo Amaro, São Paulo, Região Sudeste, 04751-000, Brasil;7.861829556720863e-05;;hospital;São Paulo;São Paulo;Brasil;HOSPITAL REGIONAL SUL SAO PAULO, RUA GENERAL ROBERTO ALVES DE CARVALHO FILHO, 270 - SANTO AMARO, SAO PAULO, SP, São Paulo, SP, Brasil;"{""place_id"": 8967809, ""licence"": ""Data © OpenStreetMap contributors, ODbL 1.0. http://osm.org/copyright"", ""osm_type"": ""way"", ""osm_id"": 318404110, ""lat"": ""-23.6555597"", ""lon"": ""-46.7058596"", ""category"": ""amenity"", ""type"": ""hospital"", ""place_rank"": 30, ""importance"": 7.861829556720863e-05, ""addresstype"": ""amenity"", ""name"": ""Hospital Regional Sul"", ""display_name"": ""Hospital Regional Sul, 270, Rua General Roberto Alves de Carvalho Filho, Jardim Santo Amaro, Santo Amaro, São Paulo, Região Sudeste, 04751-000, Brasil"", ""address"": {""amenity"": ""Hospital Regional Sul"", ""house_number"": ""270"", ""road"": ""Rua General Roberto Alves de Carvalho Filho"", ""suburb"": ""Jardim Santo Amaro"", ""city_district"": ""Santo Amaro"", ""city"": ""São Paulo"", ""state"": ""São Paulo"", ""ISO3166-2-lvl4"": ""BR-SP"", ""region"": ""Região Sudeste"", ""postcode"": ""04751-000"", ""country"": ""Brasil"", ""country_code"": ""br""}, ""boundingbox"": [""-23.6557891"", ""-23.6550531"", ""-46.7061311"", ""-46.7056314""]}"
100;HOSPITAL VITAL BRAZIL SAO PAULO;AV VITAL BRAZIL, 1500 - BUTANTA, SAO PAULO, SP;-23.5651106;-46.7196825;ok;nominatim;high;;200;;8996650;way;245697727;Hospital Vital Brazil, Avenida Albert León C. Calmette / Jean C. Guérin, Caxingui, Butantã, São Paulo, Região Sudeste, 05508-065, Brasil;7.861829556720863e-05;;hospital;São Paulo;São Paulo;Brasil;HOSPITAL VITAL BRAZIL SAO PAULO, São Paulo, SP, Brasil;"{""place_id"": 8996650, ""licence"": ""Data © OpenStreetMap contributors, ODbL 1.0. http://osm.org/copyright"", ""osm_type"": ""way"", ""osm_id"": 245697727, ""lat"": ""-23.5651106"", ""lon"": ""-46.7196825"", ""category"": ""building"", ""type"": ""hospital"", ""place_rank"": 30, ""importance"": 7.861829556720863e-05, ""addresstype"": ""building"", ""name"": ""Hospital Vital Brazil"", ""display_name"": ""Hospital Vital Brazil, Avenida Albert León C. Calmette / Jean C. Guérin, Caxingui, Butantã, São Paulo, Região Sudeste, 05508-065, Brasil"", ""address"": {""building"": ""Hospital Vital Brazil"", ""road"": ""Avenida Albert León C. Calmette / Jean C. Guérin"", ""suburb"": ""Caxingui"", ""city"": ""São Paulo"", ""state"": ""São Paulo"", ""ISO3166-2-lvl4"": ""BR-SP"", ""region"": ""Região Sudeste"", ""postcode"": ""05508-065"", ""country"": ""Brasil"", ""country_code"": ""br""}, ""boundingbox"": [""-23.5652421"", ""-23.5649791"", ""-46.7198355"", ""-46.7195295""]}"
101;HOSPITAL ESTADUAL DE SAPOPEMBA SAO PAULO;RUA MANOEL FRANCA DOS SANTOS, 174 - JARDIM SAPOPEMBA, SAO PAULO, SP;-23.6113360;-46.4936710;ok;nominatim;low;;200;;8703201;node;8089579892;Rua Manoel Franca Dos Santos, Rua Manuel França dos Santos, Jardim Sapopemba, Sapopemba, São Paulo, Região Sudeste, 03975-130, Brasil;7.861829556720863e-05;;bus_stop;São Paulo;São Paulo;Brasil;RUA MANOEL FRANCA DOS SANTOS, 174 - JARDIM SAPOPEMBA, SAO PAULO, SP, São Paulo, SP, Brasil;"{""place_id"": 8703201, ""licence"": ""Data © OpenStreetMap contributors, ODbL 1.0. http://osm.org/copyright"", ""osm_type"": ""node"", ""osm_id"": 8089579892, ""lat"": ""-23.6113360"", ""lon"": ""-46.4936710"", ""category"": ""highway"", ""type"": ""bus_stop"", ""place_rank"": 30, ""importance"": 7.861829556720863e-05, ""addresstype"": ""highway"", ""name"": ""Rua Manoel Franca Dos Santos"", ""display_name"": ""Rua Manoel Franca Dos Santos, Rua Manuel França dos Santos, Jardim Sapopemba, Sapopemba, São Paulo, Região Sudeste, 03975-130, Brasil"", ""address"": {""highway"": ""Rua Manoel Franca Dos Santos"", ""road"": ""Rua Manuel França dos Santos"", ""suburb"": ""Jardim Sapopemba"", ""city"": ""São Paulo"", ""state"": ""São Paulo"", ""ISO3166-2-lvl4"": ""BR-SP"", ""region"": ""Região Sudeste"", ""postcode"": ""03975-130"", ""country"": ""Brasil"", ""country_code"": ""br""}, ""boundingbox"": [""-23.6113860"", ""-23.6112860"", ""-46.4937210"", ""-46.4936210""]}"
102;HOSPITAL GERAL DE VILA PENTEADO DR JOSE PANGELLA SAO PAULO;AV MINISTRO PETRONIO PORTELA, 1642 - JARDIM IRACEMA, SAO PAULO, SP;-23.4934229;-46.7008274;ok;nominatim;low;;200;;8546250;way;252383986;Avenida Ministro Petrônio Portela, Parque Monteiro Soares, Freguesia do Ó, São Paulo, Região Sudeste, 02802-120, Brasil;0.05341195162890055;;secondary;São Paulo;São Paulo;Brasil;AV MINISTRO PETRONIO PORTELA, 1642 - 02802120;"{""place_id"": 8546250, ""licence"": ""Data © OpenStreetMap contributors, ODbL 1.0. http://osm.org/copyright"", ""osm_type"": ""way"", ""osm_id"": 252383986, ""lat"": ""-23.4934229"", ""lon"": ""-46.7008274"", ""category"": ""highway"", ""type"": ""secondary"", ""place_rank"": 26, ""importance"": 0.05341195162890055, ""addresstype"": ""road"", ""name"": ""Avenida Ministro Petrônio Portela"", ""display_name"": ""Avenida Ministro Petrônio Portela, Parque Monteiro Soares, Freguesia do Ó, São Paulo, Região Sudeste, 02802-120, Brasil"", ""address"": {""road"": ""Avenida Ministro Petrônio Portela"", ""suburb"": ""Parque Monteiro Soares"", ""city"": ""São Paulo"", ""state"": ""São Paulo"", ""ISO3166-2-lvl4"": ""BR-SP"", ""region"": ""Região Sudeste"", ""postcode"": ""02802-120"", ""country"": ""Brasil"", ""country_code"": ""br""}, ""boundingbox"": [""-23.4976541"", ""-23.4878538"", ""-46.7053552"", ""-46.6976236""]}"
103;HOSPITAL PSIQUIATRICO DE VILA MARIANA;RUA MAJOR MARAGLIANO, 241, 287 - VILA MARIANA, SAO PAULO, SP;-23.5875985;-46.6387604;ok;nominatim;low;;200;;8832854;way;427348541;Rua Major Maragliano, Vila Mariana, São Paulo, Região Sudeste, 04017-030, Brasil;0.05341195162890055;;residential;São Paulo;São Paulo;Brasil;RUA MAJOR MARAGLIANO, 241, 287 - VILA MARIANA, SAO PAULO, SP, São Paulo, SP, Brasil;"{""place_id"": 8832854, ""licence"": ""Data © OpenStreetMap contributors, ODbL 1.0. http://osm.org/copyright"", ""osm_type"": ""way"", ""osm_id"": 427348541, ""lat"": ""-23.5875985"", ""lon"": ""-46.6387604"", ""category"": ""highway"", ""type"": ""residential"", ""place_rank"": 26, ""importance"": 0.05341195162890055, ""addresstype"": ""road"", ""name"": ""Rua Major Maragliano"", ""display_name"": ""Rua Major Maragliano, Vila Mariana, São Paulo, Região Sudeste, 04017-030, Brasil"", ""address"": {""road"": ""Rua Major Maragliano"", ""suburb"": ""Vila Mariana"", ""city_district"": ""Vila Mariana"", ""city"": ""São Paulo"", ""state"": ""São Paulo"", ""ISO3166-2-lvl4"": ""BR-SP"", ""region"": ""Região Sudeste"", ""postcode"": ""04017-030"", ""country"": ""Brasil"", ""country_code"": ""br""}, ""boundingbox"": [""-23.5892824"", ""-23.5858590"", ""-46.6393752"", ""-46.6382466""]}"
104;HOSPITAL GERAL DE VILA NOVA CACHOEIRINHA SAO PAULO;AV DEPUTADO EMILIO CARLOS, 3000 - VILA NOVA CACHOEIRIN, SAO PAULO, SP;-23.4897874;-46.6754035;ok;nominatim;low;;200;;8609822;way;129076165;Avenida Deputado Emílio Carlos, VIla Prado, Limão, São Paulo, Região Sudeste, 02720-200, Brasil;0.05341195162890055;;secondary;São Paulo;São Paulo;Brasil;AV DEPUTADO EMILIO CARLOS, 3000 - 02720200;"{""place_id"": 8609822, ""licence"": ""Data © OpenStreetMap contributors, ODbL 1.0. http://osm.org/copyright"", ""osm_type"": ""way"", ""osm_id"": 129076165, ""lat"": ""-23.4897874"", ""lon"": ""-46.6754035"", ""category"": ""highway"", ""type"": ""secondary"", ""place_rank"": 26, ""importance"": 0.05341195162890055, ""addresstype"": ""road"", ""name"": ""Avenida Deputado Emílio Carlos"", ""display_name"": ""Avenida Deputado Emílio Carlos, VIla Prado, Limão, São Paulo, Região Sudeste, 02720-200, Brasil"", ""address"": {""road"": ""Avenida Deputado Emílio Carlos"", ""suburb"": ""VIla Prado"", ""city"": ""São Paulo"", ""state"": ""São Paulo"", ""ISO3166-2-lvl4"": ""BR-SP"", ""region"": ""Região Sudeste"", ""postcode"": ""02720-200"", ""country"": ""Brasil"", ""country_code"": ""br""}, ""boundingbox"": [""-23.4909650"", ""-23.4886884"", ""-46.6758748"", ""-46.6753794""]}"
105;HOSP DO SERV PUB MUNICIPAL HSPM;CASTRO ALVES, 60 - LIBERDADE, SAO PAULO, SP;-23.5673424;-46.6390710;ok;nominatim;high;;200;;8822077;way;1077056900;Hospital do Servidor Público Municipal, 60, Rua Castro Alves, Liberdade, São Paulo, Região Sudeste, 01532-000, Brasil;7.861829556720863e-05;;hospital;São Paulo;São Paulo;Brasil;CASTRO ALVES, 60 - LIBERDADE, SAO PAULO, SP, São Paulo, SP, Brasil;"{""place_id"": 8822077, ""licence"": ""Data © OpenStreetMap contributors, ODbL 1.0. http://osm.org/copyright"", ""osm_type"": ""way"", ""osm_id"": 1077056900, ""lat"": ""-23.5673424"", ""lon"": ""-46.6390710"", ""category"": ""amenity"", ""type"": ""hospital"", ""place_rank"": 30, ""importance"": 7.861829556720863e-05, ""addresstype"": ""amenity"", ""name"": ""Hospital do Servidor Público Municipal"", ""display_name"": ""Hospital do Servidor Público Municipal, 60, Rua Castro Alves, Liberdade, São Paulo, Região Sudeste, 01532-000, Brasil"", ""address"": {""amenity"": ""Hospital do Servidor Público Municipal"", ""house_number"": ""60"", ""road"": ""Rua Castro Alves"", ""suburb"": ""Liberdade"", ""city_district"": ""Liberdade"", ""city"": ""São Paulo"", ""state"": ""São Paulo"", ""ISO3166-2-lvl4"": ""BR-SP"", ""region"": ""Região Sudeste"", ""postcode"": ""01532-000"", ""country"": ""Brasil"", ""country_code"": ""br""}, ""boundingbox"": [""-23.5681796"", ""-23.5664592"", ""-46.6397587"", ""-46.6382054""]}"
106;HOSP MUN FERNANDO MAURO PIRES DA ROCHA;ESTRADA DE ITAPECERICA, 1661, VILA MARACANA - CAMPO LIMPO, SAO PAULO, SP;-23.6490957;-46.7490028;ok;nominatim;high;;200;;9095366;way;318404108;Hospital Municipal Doutor Fernando Mauro Pires da Rocha, 1661, Estrada de Itapecerica, Jardim São Luís, São Paulo, Região Sudeste, 05835-005, Brasil;7.861829556720863e-05;;hospital;São Paulo;São Paulo;Brasil;ESTRADA DE ITAPECERICA, 1661 - 05835005;"{""place_id"": 9095366, ""licence"": ""Data © OpenStreetMap contributors, ODbL 1.0. http://osm.org/copyright"", ""osm_type"": ""way"", ""osm_id"": 318404108, ""lat"": ""-23.6490957"", ""lon"": ""-46.7490028"", ""category"": ""amenity"", ""type"": ""hospital"", ""place_rank"": 30, ""importance"": 7.861829556720863e-05, ""addresstype"": ""amenity"", ""name"": ""Hospital Municipal Doutor Fernando Mauro Pires da Rocha"", ""display_name"": ""Hospital Municipal Doutor Fernando Mauro Pires da Rocha, 1661, Estrada de Itapecerica, Jardim São Luís, São Paulo, Região Sudeste, 05835-005, Brasil"", ""address"": {""amenity"": ""Hospital Municipal Doutor Fernando Mauro Pires da Rocha"", ""house_number"": ""1661"", ""road"": ""Estrada de Itapecerica"", ""suburb"": ""Jardim São Luís"", ""city"": ""São Paulo"", ""state"": ""São Paulo"", ""ISO3166-2-lvl4"": ""BR-SP"", ""region"": ""Região Sudeste"", ""postcode"": ""05835-005"", ""country"": ""Brasil"", ""country_code"": ""br""}, ""boundingbox"": [""-23.6494621"", ""-23.6480955"", ""-46.7496841"", ""-46.7477743""]}"
107;CENTRO HOSPITALAR DO SISTEMA PENITENCIARIO SAO PAULO;RUA DOM JOSE MAURICIO, 15 - CARANDIRU, SAO PAULO, SP;-23.5085713;-46.6201015;ok;nominatim;low;;200;;8816968;way;491005029;Centro Hospitalar do Sistema Penitênciário, 15, Rua Dom José Maurício, Carandiru, Santana, São Paulo, Região Sudeste, 02028-000, Brasil;7.861829556720863e-05;;prison;São Paulo;São Paulo;Brasil;RUA DOM JOSE MAURICIO, 15 - CARANDIRU, SAO PAULO, SP, São Paulo, SP, Brasil;"{""place_id"": 8816968, ""licence"": ""Data © OpenStreetMap contributors, ODbL 1.0. http://osm.org/copyright"", ""osm_type"": ""way"", ""osm_id"": 491005029, ""lat"": ""-23.5085713"", ""lon"": ""-46.6201015"", ""category"": ""amenity"", ""type"": ""prison"", ""place_rank"": 30, ""importance"": 7.861829556720863e-05, ""addresstype"": ""amenity"", ""name"": ""Centro Hospitalar do Sistema Penitênciário"", ""display_name"": ""Centro Hospitalar do Sistema Penitênciário, 15, Rua Dom José Maurício, Carandiru, Santana, São Paulo, Região Sudeste, 02028-000, Brasil"", ""address"": {""amenity"": ""Centro Hospitalar do Sistema Penitênciário"", ""house_number"": ""15"", ""road"": ""Rua Dom José Maurício"", ""suburb"": ""Carandiru"", ""city_district"": ""Santana"", ""city"": ""São Paulo"", ""state"": ""São Paulo"", ""ISO3166-2-lvl4"": ""BR-SP"", ""region"": ""Região Sudeste"", ""postcode"": ""02028-000"", ""country"": ""Brasil"", ""country_code"": ""br""}, ""boundingbox"": [""-23.5092841"", ""-23.5078304"", ""-46.6210360"", ""-46.6191182""]}"
108;HOSP MUN VER JOSE STOROPOLLI;RUA FRANCISCO FANGANIELLO, 127 - PARQUE NOVO MUNDO, SAO PAULO, SP;-23.5220850;-46.5617446;ok;nominatim;low;;200;;8801369;node;5467328847;Rua Francisco Fanganiello, 127, Rua Francisco Fanganielo, Parque Novo Mundo, Vila Maria, São Paulo, Região Sudeste, 02181-160, Brasil;7.861829556720863e-05;;bus_stop;São Paulo;São Paulo;Brasil;RUA FRANCISCO FANGANIELLO, 127 - PARQUE NOVO MUNDO, SAO PAULO, SP, São Paulo, SP, Brasil;"{""place_id"": 8801369, ""licence"": ""Data © OpenStreetMap contributors, ODbL 1.0. http://osm.org/copyright"", ""osm_type"": ""node"", ""osm_id"": 5467328847, ""lat"": ""-23.5220850"", ""lon"": ""-46.5617446"", ""category"": ""highway"", ""type"": ""bus_stop"", ""place_rank"": 30, ""importance"": 7.861829556720863e-05, ""addresstype"": ""highway"", ""name"": ""Rua Francisco Fanganiello, 127"", ""display_name"": ""Rua Francisco Fanganiello, 127, Rua Francisco Fanganielo, Parque Novo Mundo, Vila Maria, São Paulo, Região Sudeste, 02181-160, Brasil"", ""address"": {""highway"": ""Rua Francisco Fanganiello, 127"", ""road"": ""Rua Francisco Fanganielo"", ""suburb"": ""Parque Novo Mundo"", ""city"": ""São Paulo"", ""state"": ""São Paulo"", ""ISO3166-2-lvl4"": ""BR-SP"", ""region"": ""Região Sudeste"", ""postcode"": ""02181-160"", ""country"": ""Brasil"", ""country_code"": ""br""}, ""boundingbox"": [""-23.5221350"", ""-23.5220350"", ""-46.5617946"", ""-46.5616946""]}"
109;CENTRO MEDICO PMESP;AVENIDA NOVA CANTAREIRA, 3659 - TREMEMBE, SAO PAULO, SP;-23.4690239;-46.6188727;ok;nominatim;low;;200;;8634903;way;1416347692;Centro Médico PMESP, Avenida Nova Cantareira, Jardim Leonor Mendes de Barros, Tucuruvi, São Paulo, Região Sudeste, 02340-001, Brasil;7.861829556720863e-05;;police;São Paulo;São Paulo;Brasil;CENTRO MEDICO PMESP, AVENIDA NOVA CANTAREIRA, 3659 - TREMEMBE, SAO PAULO, SP, São Paulo, SP, Brasil;"{""place_id"": 8634903, ""licence"": ""Data © OpenStreetMap contributors, ODbL 1.0. http://osm.org/copyright"", ""osm_type"": ""way"", ""osm_id"": 1416347692, ""lat"": ""-23.4690239"", ""lon"": ""-46.6188727"", ""category"": ""military"", ""type"": ""police"", ""place_rank"": 30, ""importance"": 7.861829556720863e-05, ""addresstype"": ""military"", ""name"": ""Centro Médico PMESP"", ""display_name"": ""Centro Médico PMESP, Avenida Nova Cantareira, Jardim Leonor Mendes de Barros, Tucuruvi, São Paulo, Região Sudeste, 02340-001, Brasil"", ""address"": {""military"": ""Centro Médico PMESP"", ""road"": ""Avenida Nova Cantareira"", ""suburb"": ""Jardim Leonor Mendes de Barros"", ""city_district"": ""Tucuruvi"", ""city"": ""São Paulo"", ""state"": ""São Paulo"", ""ISO3166-2-lvl4"": ""BR-SP"", ""region"": ""Região Sudeste"", ""postcode"": ""02340-001"", ""country"": ""Brasil"", ""country_code"": ""br""}, ""boundingbox"": [""-23.4712374"", ""-23.4668725"", ""-46.6209127"", ""-46.6175785""]}"
110;HOSP MUN CARMEN PRUDENTE;AVENIDA DOS METALURGICOS, 1797 - CIDADE TIRADENTES, SAO PAULO, SP;-23.5833632;-46.4092773;ok;nominatim;low;;200;;8798294;way;947003323;Avenida dos Metalúrgicos, Parque Santa Etelvina, Cidade Tiradentes, São Paulo, Região Sudeste, 08490-550, Brasil;0.05341195162890055;;secondary;São Paulo;São Paulo;Brasil;AVENIDA DOS METALURGICOS, 1797 - CIDADE TIRADENTES, SAO PAULO, SP, São Paulo, SP, Brasil;"{""place_id"": 8798294, ""licence"": ""Data © OpenStreetMap contributors, ODbL 1.0. http://osm.org/copyright"", ""osm_type"": ""way"", ""osm_id"": 947003323, ""lat"": ""-23.5833632"", ""lon"": ""-46.4092773"", ""category"": ""highway"", ""type"": ""secondary"", ""place_rank"": 26, ""importance"": 0.05341195162890055, ""addresstype"": ""road"", ""name"": ""Avenida dos Metalúrgicos"", ""display_name"": ""Avenida dos Metalúrgicos, Parque Santa Etelvina, Cidade Tiradentes, São Paulo, Região Sudeste, 08490-550, Brasil"", ""address"": {""road"": ""Avenida dos Metalúrgicos"", ""quarter"": ""Parque Santa Etelvina"", ""suburb"": ""Cidade Tiradentes"", ""city"": ""São Paulo"", ""state"": ""São Paulo"", ""ISO3166-2-lvl4"": ""BR-SP"", ""region"": ""Região Sudeste"", ""postcode"": ""08490-550"", ""country"": ""Brasil"", ""country_code"": ""br""}, ""boundingbox"": [""-23.5837412"", ""-23.5830128"", ""-46.4095236"", ""-46.4090796""]}"
111;HOSPITAL LOCAL DE SAPOPEMBA;RUA IAMACARU, 45 - PARQUE SANTA MADALEN, SAO PAULO, SP;;;not_found;nominatim;not_found;Resposta 200 OK mas sem coordenadas;0;Nenhuma das queries retornou coordenadas válidas;;;;;;;;;;;;
112;INSTITUTO DE REABILITACAO LUCY MONTORO;RUA JANDIATUBA, 580 - VILA ANDRADE, SAO PAULO, SP;-23.6322694;-46.7351129;ok;nominatim;high;;200;;9091269;way;1416347427;Instituto de Reabilitação Lucy Montoro, Rua Jandiatuba, Comunidade Travinhas, Vila Andrade, São Paulo, Região Sudeste, 05724-003, Brasil;7.861829556720863e-05;;hospital;São Paulo;São Paulo;Brasil;INSTITUTO DE REABILITACAO LUCY MONTORO, RUA JANDIATUBA, 580 - VILA ANDRADE, SAO PAULO, SP, São Paulo, SP, Brasil;"{""place_id"": 9091269, ""licence"": ""Data © OpenStreetMap contributors, ODbL 1.0. http://osm.org/copyright"", ""osm_type"": ""way"", ""osm_id"": 1416347427, ""lat"": ""-23.6322694"", ""lon"": ""-46.7351129"", ""category"": ""amenity"", ""type"": ""hospital"", ""place_rank"": 30, ""importance"": 7.861829556720863e-05, ""addresstype"": ""amenity"", ""name"": ""Instituto de Reabilitação Lucy Montoro"", ""display_name"": ""Instituto de Reabilitação Lucy Montoro, Rua Jandiatuba, Comunidade Travinhas, Vila Andrade, São Paulo, Região Sudeste, 05724-003, Brasil"", ""address"": {""amenity"": ""Instituto de Reabilitação Lucy Montoro"", ""road"": ""Rua Jandiatuba"", ""suburb"": ""Comunidade Travinhas"", ""city"": ""São Paulo"", ""state"": ""São Paulo"", ""ISO3166-2-lvl4"": ""BR-SP"", ""region"": ""Região Sudeste"", ""postcode"": ""05724-003"", ""country"": ""Brasil"", ""country_code"": ""br""}, ""boundingbox"": [""-23.6328341"", ""-23.6316644"", ""-46.7357592"", ""-46.7343931""]}"
113;HOSP MUN M BOI MIRIM;ESTRADA DO MBOI MIRIM, 5203 - JARDIM ANGELA, SAO PAULO, SP;;;not_found;nominatim;not_found;Resposta 200 OK mas sem coordenadas;0;Nenhuma das queries retornou coordenadas válidas;;;;;;;;;;;;
114;INSTITUTO DO CANCER DO ESTADO DE SAO PAULO;AV DR ARNALDO, 251 - CERQUEIRA CESAR, SAO PAULO, SP;-23.5561305;-46.6681716;ok;nominatim;high;;200;;8967555;way;376315989;Instituto do Câncer do Estado de São Paulo Octavio Frias de Oliveira, 251, Avenida Doutor Arnaldo, Cerqueira César, Jardim Paulista, São Paulo, Região Sudeste, 01246-000, Brasil;0.21584611680957558;;hospital;São Paulo;São Paulo;Brasil;AV DR ARNALDO, 251 - CERQUEIRA CESAR, SAO PAULO, SP, São Paulo, SP, Brasil;"{""place_id"": 8967555, ""licence"": ""Data © OpenStreetMap contributors, ODbL 1.0. http://osm.org/copyright"", ""osm_type"": ""way"", ""osm_id"": 376315989, ""lat"": ""-23.5561305"", ""lon"": ""-46.6681716"", ""category"": ""building"", ""type"": ""hospital"", ""place_rank"": 30, ""importance"": 0.21584611680957558, ""addresstype"": ""building"", ""name"": ""Instituto do Câncer do Estado de São Paulo Octavio Frias de Oliveira"", ""display_name"": ""Instituto do Câncer do Estado de São Paulo Octavio Frias de Oliveira, 251, Avenida Doutor Arnaldo, Cerqueira César, Jardim Paulista, São Paulo, Região Sudeste, 01246-000, Brasil"", ""address"": {""building"": ""Instituto do Câncer do Estado de São Paulo Octavio Frias de Oliveira"", ""house_number"": ""251"", ""road"": ""Avenida Doutor Arnaldo"", ""suburb"": ""Cerqueira César"", ""city"": ""São Paulo"", ""state"": ""São Paulo"", ""ISO3166-2-lvl4"": ""BR-SP"", ""region"": ""Região Sudeste"", ""postcode"": ""01246-000"", ""country"": ""Brasil"", ""country_code"": ""br""}, ""boundingbox"": [""-23.5564314"", ""-23.5558401"", ""-46.6684145"", ""-46.6679345""]}"
115;HOSP MUN SOROCABANA;RUA FAUSTOLO, 1633 - VILA ROMANA, SAO PAULO, SP;-23.5238763;-46.7013591;ok;nominatim;low;;200;;9228904;way;390861888;1633, Rua Faustolo, Bairro Siciliano, Lapa, São Paulo, Região Sudeste, 05041-001, Brasil;9.99999999995449e-06;;house;São Paulo;São Paulo;Brasil;RUA FAUSTOLO, 1633 - 05041001;"{""place_id"": 9228904, ""licence"": ""Data © OpenStreetMap contributors, ODbL 1.0. http://osm.org/copyright"", ""osm_type"": ""way"", ""osm_id"": 390861888, ""lat"": ""-23.5238763"", ""lon"": ""-46.7013591"", ""category"": ""place"", ""type"": ""house"", ""place_rank"": 30, ""importance"": 9.99999999995449e-06, ""addresstype"": ""place"", ""name"": """", ""display_name"": ""1633, Rua Faustolo, Bairro Siciliano, Lapa, São Paulo, Região Sudeste, 05041-001, Brasil"", ""address"": {""house_number"": ""1633"", ""road"": ""Rua Faustolo"", ""suburb"": ""Bairro Siciliano"", ""city"": ""São Paulo"", ""state"": ""São Paulo"", ""ISO3166-2-lvl4"": ""BR-SP"", ""region"": ""Região Sudeste"", ""postcode"": ""05041-001"", ""country"": ""Brasil"", ""country_code"": ""br""}, ""boundingbox"": [""-23.5239263"", ""-23.5238263"", ""-46.7014091"", ""-46.7013091""]}"
116;HOSP MUN GILSON DE CASSIA MARQUES DE CARVALHO;AVENIDA SANTA CATARINA, 2785 - VILA MASCOTE, SAO PAULO, SP;-23.6470652;-46.6628240;ok;nominatim;low;;200;;9081994;way;939548762;Avenida Santa Catarina, Vila Mascote, Jabaquara, São Paulo, Região Sudeste, 04368-000, Brasil;0.05341195162890055;;tertiary;São Paulo;São Paulo;Brasil;AVENIDA SANTA CATARINA, 2785 - VILA MASCOTE, SAO PAULO, SP, São Paulo, SP, Brasil;"{""place_id"": 9081994, ""licence"": ""Data © OpenStreetMap contributors, ODbL 1.0. http://osm.org/copyright"", ""osm_type"": ""way"", ""osm_id"": 939548762, ""lat"": ""-23.6470652"", ""lon"": ""-46.6628240"", ""category"": ""highway"", ""type"": ""tertiary"", ""place_rank"": 26, ""importance"": 0.05341195162890055, ""addresstype"": ""road"", ""name"": ""Avenida Santa Catarina"", ""display_name"": ""Avenida Santa Catarina, Vila Mascote, Jabaquara, São Paulo, Região Sudeste, 04368-000, Brasil"", ""address"": {""road"": ""Avenida Santa Catarina"", ""quarter"": ""Vila Mascote"", ""suburb"": ""Jabaquara"", ""city"": ""São Paulo"", ""state"": ""São Paulo"", ""ISO3166-2-lvl4"": ""BR-SP"", ""region"": ""Região Sudeste"", ""postcode"": ""04368-000"", ""country"": ""Brasil"", ""country_code"": ""br""}, ""boundingbox"": [""-23.6471332"", ""-23.6469972"", ""-46.6628972"", ""-46.6627507""]}"
117;HOSP MUN CAPELA DO SOCORRO;RUA CASSIO DE CAMPOS NOGUEIRA, 2031 - JARDIM DAS IMBUIAS, SAO PAULO, SP;-23.7296842;-46.7129995;ok;nominatim;low;;200;;8984952;way;43793127;Rua Cássio de Campos Nogueira, Jardim das Imbuias, Jardim Iporanga, Cidade Dutra, São Paulo, Região Sudeste, 04831-050, Brasil;0.05341195162890055;;residential;São Paulo;São Paulo;Brasil;RUA CASSIO DE CAMPOS NOGUEIRA, 2031 - JARDIM DAS IMBUIAS, SAO PAULO, SP, São Paulo, SP, Brasil;"{""place_id"": 8984952, ""licence"": ""Data © OpenStreetMap contributors, ODbL 1.0. http://osm.org/copyright"", ""osm_type"": ""way"", ""osm_id"": 43793127, ""lat"": ""-23.7296842"", ""lon"": ""-46.7129995"", ""category"": ""highway"", ""type"": ""residential"", ""place_rank"": 26, ""importance"": 0.05341195162890055, ""addresstype"": ""road"", ""name"": ""Rua Cássio de Campos Nogueira"", ""display_name"": ""Rua Cássio de Campos Nogueira, Jardim das Imbuias, Jardim Iporanga, Cidade Dutra, São Paulo, Região Sudeste, 04831-050, Brasil"", ""address"": {""road"": ""Rua Cássio de Campos Nogueira"", ""residential"": ""Jardim das Imbuias"", ""quarter"": ""Jardim Iporanga"", ""suburb"": ""Cidade Dutra"", ""city"": ""São Paulo"", ""state"": ""São Paulo"", ""ISO3166-2-lvl4"": ""BR-SP"", ""region"": ""Região Sudeste"", ""postcode"": ""04831-050"", ""country"": ""Brasil"", ""country_code"": ""br""}, ""boundingbox"": [""-23.7309138"", ""-23.7289074"", ""-46.7137079"", ""-46.7115887""]}"
118;HOSP MUN JOSANIAS CASTANHA BRAGA;RUA EUZEBIO COGHI, 841 - JARDIM ROSCHEL, SAO PAULO, SP;-23.8247733;-46.7266429;ok;nominatim;high;;200;;9111812;way;781353717;Hospital Municipal de Parelheiros, 841, Rua Euzébio Coghi, Jardim Novo Parelheiros, Parelheiros, Vila Roschel, São Paulo, Região Sudeste, 04883-290, Brasil;7.861829556720863e-05;;hospital;São Paulo;São Paulo;Brasil;RUA EUZEBIO COGHI, 841 - JARDIM ROSCHEL, SAO PAULO, SP, São Paulo, SP, Brasil;"{""place_id"": 9111812, ""licence"": ""Data © OpenStreetMap contributors, ODbL 1.0. http://osm.org/copyright"", ""osm_type"": ""way"", ""osm_id"": 781353717, ""lat"": ""-23.8247733"", ""lon"": ""-46.7266429"", ""category"": ""amenity"", ""type"": ""hospital"", ""place_rank"": 30, ""importance"": 7.861829556720863e-05, ""addresstype"": ""amenity"", ""name"": ""Hospital Municipal de Parelheiros"", ""display_name"": ""Hospital Municipal de Parelheiros, 841, Rua Euzébio Coghi, Jardim Novo Parelheiros, Parelheiros, Vila Roschel, São Paulo, Região Sudeste, 04883-290, Brasil"", ""address"": {""amenity"": ""Hospital Municipal de Parelheiros"", ""house_number"": ""841"", ""road"": ""Rua Euzébio Coghi"", ""quarter"": ""Jardim Novo Parelheiros"", ""suburb"": ""Parelheiros"", ""village"": ""Vila Roschel"", ""city"": ""São Paulo"", ""state"": ""São Paulo"", ""ISO3166-2-lvl4"": ""BR-SP"", ""region"": ""Região Sudeste"", ""postcode"": ""04883-290"", ""country"": ""Brasil"", ""country_code"": ""br""}, ""boundingbox"": [""-23.8269001"", ""-23.8224119"", ""-46.7284608"", ""-46.7242454""]}"
119;HOSPITAL MUNICIPAL SANTA DULCE DOS POBRES;RUA ANTONIO CARLOS, 122 - CONSOLACAO, SAO PAULO, SP;-23.5573928;-46.6562429;ok;nominatim;high;;200;;8938162;way;423038991;Hospital Municipal Bela Vista, 122, Rua Antônio Carlos, Bela Vista, Consolação, São Paulo, Região Sudeste, 01309-010, Brasil;7.861829556720863e-05;;hospital;São Paulo;São Paulo;Brasil;RUA ANTONIO CARLOS, 122 - CONSOLACAO, SAO PAULO, SP, São Paulo, SP, Brasil;"{""place_id"": 8938162, ""licence"": ""Data © OpenStreetMap contributors, ODbL 1.0. http://osm.org/copyright"", ""osm_type"": ""way"", ""osm_id"": 423038991, ""lat"": ""-23.5573928"", ""lon"": ""-46.6562429"", ""category"": ""building"", ""type"": ""hospital"", ""place_rank"": 30, ""importance"": 7.861829556720863e-05, ""addresstype"": ""building"", ""name"": ""Hospital Municipal Bela Vista"", ""display_name"": ""Hospital Municipal Bela Vista, 122, Rua Antônio Carlos, Bela Vista, Consolação, São Paulo, Região Sudeste, 01309-010, Brasil"", ""address"": {""building"": ""Hospital Municipal Bela Vista"", ""house_number"": ""122"", ""road"": ""Rua Antônio Carlos"", ""suburb"": ""Bela Vista"", ""city_district"": ""Consolação"", ""city"": ""São Paulo"", ""state"": ""São Paulo"", ""ISO3166-2-lvl4"": ""BR-SP"", ""region"": ""Região Sudeste"", ""postcode"": ""01309-010"", ""country"": ""Brasil"", ""country_code"": ""br""}, ""boundingbox"": [""-23.5575859"", ""-23.5572790"", ""-46.6563559"", ""-46.6561506""]}"
120;HOSPITAL MUNICIPAL BRASILANDIA;MICHIHISA MURATA, 150 - JARDIM MARISTELA, SAO PAULO, SP;-23.4765440;-46.6980006;ok;nominatim;high;;200;;8527899;way;837675272;Hospital Doutor Adib Jatene, Avenida Michihisa Murata, Vila Inferninho, Parque Monteiro Soares, Freguesia do Ó, São Paulo, Região Sudeste, 02834-090, Brasil;7.861829556720863e-05;;hospital;São Paulo;São Paulo;Brasil;HOSPITAL MUNICIPAL BRASILANDIA, MICHIHISA MURATA, 150 - JARDIM MARISTELA, SAO PAULO, SP, São Paulo, SP, Brasil;"{""place_id"": 8527899, ""licence"": ""Data © OpenStreetMap contributors, ODbL 1.0. http://osm.org/copyright"", ""osm_type"": ""way"", ""osm_id"": 837675272, ""lat"": ""-23.4765440"", ""lon"": ""-46.6980006"", ""category"": ""amenity"", ""type"": ""hospital"", ""place_rank"": 30, ""importance"": 7.861829556720863e-05, ""addresstype"": ""amenity"", ""name"": ""Hospital Doutor Adib Jatene"", ""display_name"": ""Hospital Doutor Adib Jatene, Avenida Michihisa Murata, Vila Inferninho, Parque Monteiro Soares, Freguesia do Ó, São Paulo, Região Sudeste, 02834-090, Brasil"", ""address"": {""amenity"": ""Hospital Doutor Adib Jatene"", ""road"": ""Avenida Michihisa Murata"", ""residential"": ""Vila Inferninho"", ""suburb"": ""Parque Monteiro Soares"", ""city"": ""São Paulo"", ""state"": ""São Paulo"", ""ISO3166-2-lvl4"": ""BR-SP"", ""region"": ""Região Sudeste"", ""postcode"": ""02834-090"", ""country"": ""Brasil"", ""country_code"": ""br""}, ""boundingbox"": [""-23.4773669"", ""-23.4757666"", ""-46.6989844"", ""-46.6971943""]}"
121;HOSPITAL MUNICIPAL GUARAPIRANGA;ESTRADA DA RIVIERA, 4742, ZONA SUL - RIVIERA PAULISTA, SAO PAULO, SP;-23.6911689;-46.7517858;ok;nominatim;low;;200;;8983011;way;249884928;Estrada da Riviera, Jardim Ângela, Jardim Copacabana, São Paulo, Região Sudeste, 04916-000, Brasil;0.05341195162890055;;tertiary;São Paulo;São Paulo;Brasil;ESTRADA DA RIVIERA, 4742 - 04916000;"{""place_id"": 8983011, ""licence"": ""Data © OpenStreetMap contributors, ODbL 1.0. http://osm.org/copyright"", ""osm_type"": ""way"", ""osm_id"": 249884928, ""lat"": ""-23.6911689"", ""lon"": ""-46.7517858"", ""category"": ""highway"", ""type"": ""tertiary"", ""place_rank"": 26, ""importance"": 0.05341195162890055, ""addresstype"": ""road"", ""name"": ""Estrada da Riviera"", ""display_name"": ""Estrada da Riviera, Jardim Ângela, Jardim Copacabana, São Paulo, Região Sudeste, 04916-000, Brasil"", ""address"": {""road"": ""Estrada da Riviera"", ""suburb"": ""Jardim Ângela"", ""village"": ""Jardim Copacabana"", ""city"": ""São Paulo"", ""state"": ""São Paulo"", ""ISO3166-2-lvl4"": ""BR-SP"", ""region"": ""Região Sudeste"", ""postcode"": ""04916-000"", ""country"": ""Brasil"", ""country_code"": ""br""}, ""boundingbox"": [""-23.6944196"", ""-23.6867482"", ""-46.7556024"", ""-46.7515804""]}"
122;INSTITUTO DE INFECTOLOGIA EMILIO RIBAS;DR ARNALDO, 165 - SUMARE, SAO PAULO, SP;-23.5470783;-46.6812257;ok;nominatim;low;;200;;8821311;way;16238438;Avenida Doutor Arnaldo, Sumaré, Perdizes, São Paulo, Região Sudeste, 05437-000, Brasil;0.05341195162890055;;secondary;São Paulo;São Paulo;Brasil;DR ARNALDO, 165 - SUMARE, SAO PAULO, SP, São Paulo, SP, Brasil;"{""place_id"": 8821311, ""licence"": ""Data © OpenStreetMap contributors, ODbL 1.0. http://osm.org/copyright"", ""osm_type"": ""way"", ""osm_id"": 16238438, ""lat"": ""-23.5470783"", ""lon"": ""-46.6812257"", ""category"": ""highway"", ""type"": ""secondary"", ""place_rank"": 26, ""importance"": 0.05341195162890055, ""addresstype"": ""road"", ""name"": ""Avenida Doutor Arnaldo"", ""display_name"": ""Avenida Doutor Arnaldo, Sumaré, Perdizes, São Paulo, Região Sudeste, 05437-000, Brasil"", ""address"": {""road"": ""Avenida Doutor Arnaldo"", ""suburb"": ""Sumaré"", ""city_district"": ""Perdizes"", ""city"": ""São Paulo"", ""state"": ""São Paulo"", ""ISO3166-2-lvl4"": ""BR-SP"", ""region"": ""Região Sudeste"", ""postcode"": ""05437-000"", ""country"": ""Brasil"", ""country_code"": ""br""}, ""boundingbox"": [""-23.5492843"", ""-23.5450449"", ""-46.6824698"", ""-46.6803252""]}"
123;HOSPITAL DO SERV PUB EST FCO MORATO DE OLIVEIRA SAO PAULO;AVENIDA IBIRAPUERA, 981 - IBIRAPUERA, SAO PAULO, SP;-22.5952323;-47.4166274;ok;nominatim;low;;200;;9489207;way;240325002;Avenida Doutor Lauro Correa da Silva, 4250, Jardim Ibirapuera, Jardim Ouro Verde, Limeira, São Paulo, Região Sudeste, 13481-241, Brasil;0.05339719157701988;;secondary;Limeira;São Paulo;Brasil;AVENIDA IBIRAPUERA, 981 - IBIRAPUERA, SAO PAULO, SP, São Paulo, SP, Brasil;"{""place_id"": 9489207, ""licence"": ""Data © OpenStreetMap contributors, ODbL 1.0. http://osm.org/copyright"", ""osm_type"": ""way"", ""osm_id"": 240325002, ""lat"": ""-22.5952323"", ""lon"": ""-47.4166274"", ""category"": ""highway"", ""type"": ""secondary"", ""place_rank"": 26, ""importance"": 0.05339719157701988, ""addresstype"": ""road"", ""name"": ""Avenida Doutor Lauro Correa da Silva, 4250"", ""display_name"": ""Avenida Doutor Lauro Correa da Silva, 4250, Jardim Ibirapuera, Jardim Ouro Verde, Limeira, São Paulo, Região Sudeste, 13481-241, Brasil"", ""address"": {""road"": ""Avenida Doutor Lauro Correa da Silva, 4250"", ""quarter"": ""Jardim Ibirapuera"", ""suburb"": ""Jardim Ouro Verde"", ""city_district"": ""Limeira"", ""city"": ""Limeira"", ""state"": ""São Paulo"", ""ISO3166-2-lvl4"": ""BR-SP"", ""region"": ""Região Sudeste"", ""postcode"": ""13481-241"", ""country"": ""Brasil"", ""country_code"": ""br""}, ""boundingbox"": [""-22.5983979"", ""-22.5920933"", ""-47.4183570"", ""-47.4148173""]}"
124;HOSPITAL MATERNIDADE INTERLAGOS;RUA LEONOR ALVIM, 211 - JD LEBLON, SAO PAULO, SP;-23.7069613;-46.7021968;ok;nominatim;low;;200;;8939023;way;942669917;Rua Leonor Alvim, Jardim Cruzeiro, Cidade Dutra, São Paulo, Região Sudeste, 04806-000, Brasil;0.05341195162890055;;residential;São Paulo;São Paulo;Brasil;RUA LEONOR ALVIM, 211 - 04802190;"{""place_id"": 8939023, ""licence"": ""Data © OpenStreetMap contributors, ODbL 1.0. http://osm.org/copyright"", ""osm_type"": ""way"", ""osm_id"": 942669917, ""lat"": ""-23.7069613"", ""lon"": ""-46.7021968"", ""category"": ""highway"", ""type"": ""residential"", ""place_rank"": 26, ""importance"": 0.05341195162890055, ""addresstype"": ""road"", ""name"": ""Rua Leonor Alvim"", ""display_name"": ""Rua Leonor Alvim, Jardim Cruzeiro, Cidade Dutra, São Paulo, Região Sudeste, 04806-000, Brasil"", ""address"": {""road"": ""Rua Leonor Alvim"", ""quarter"": ""Jardim Cruzeiro"", ""suburb"": ""Cidade Dutra"", ""city"": ""São Paulo"", ""state"": ""São Paulo"", ""ISO3166-2-lvl4"": ""BR-SP"", ""region"": ""Região Sudeste"", ""postcode"": ""04806-000"", ""country"": ""Brasil"", ""country_code"": ""br""}, ""boundingbox"": [""-23.7073123"", ""-23.7067857"", ""-46.7028466"", ""-46.7016182""]}"
125;HOSPITAL GERAL DE PEDREIRA;RUA JOAO FRANCISCO DE MOURA, 251 - VILA CAMPO GRANDE, SAO PAULO, SP;-23.6808407;-46.6783317;ok;nominatim;low;;200;;9108402;way;84759928;Rua João Francisco de Moura, Campinha, Campo Grande, Vila Arriete, São Paulo, Região Sudeste, 04455-000, Brasil;0.05341195162890055;;residential;São Paulo;São Paulo;Brasil;RUA JOAO FRANCISCO DE MOURA, 251 - VILA CAMPO GRANDE, SAO PAULO, SP, São Paulo, SP, Brasil;"{""place_id"": 9108402, ""licence"": ""Data © OpenStreetMap contributors, ODbL 1.0. http://osm.org/copyright"", ""osm_type"": ""way"", ""osm_id"": 84759928, ""lat"": ""-23.6808407"", ""lon"": ""-46.6783317"", ""category"": ""highway"", ""type"": ""residential"", ""place_rank"": 26, ""importance"": 0.05341195162890055, ""addresstype"": ""road"", ""name"": ""Rua João Francisco de Moura"", ""display_name"": ""Rua João Francisco de Moura, Campinha, Campo Grande, Vila Arriete, São Paulo, Região Sudeste, 04455-000, Brasil"", ""address"": {""road"": ""Rua João Francisco de Moura"", ""quarter"": ""Campinha"", ""suburb"": ""Vila Arriete"", ""city"": ""São Paulo"", ""state"": ""São Paulo"", ""ISO3166-2-lvl4"": ""BR-SP"", ""region"": ""Região Sudeste"", ""postcode"": ""04455-000"", ""country"": ""Brasil"", ""country_code"": ""br""}, ""boundingbox"": [""-23.6816848"", ""-23.6801011"", ""-46.6793581"", ""-46.6774810""]}"
126;HOSPITAL HELIOPOLIS UNIDADE DE GESTAO ASSISTENCIAL I;CON XAVIER, 276 - V HELIOPOLIS, SAO PAULO, SP;-23.6071150;-46.5952530;ok;nominatim;low;;200;;8932081;node;7998194012;Rua Côn. Xavier, Rua Cônego Xavier, Nova Heliópolis, Vila Bandeirantes, Sacomã, São Paulo, Região Sudeste, 04231-004, Brasil;7.861829556720863e-05;;bus_stop;São Paulo;São Paulo;Brasil;CON XAVIER, 276 - V HELIOPOLIS, SAO PAULO, SP, São Paulo, SP, Brasil;"{""place_id"": 8932081, ""licence"": ""Data © OpenStreetMap contributors, ODbL 1.0. http://osm.org/copyright"", ""osm_type"": ""node"", ""osm_id"": 7998194012, ""lat"": ""-23.6071150"", ""lon"": ""-46.5952530"", ""category"": ""highway"", ""type"": ""bus_stop"", ""place_rank"": 30, ""importance"": 7.861829556720863e-05, ""addresstype"": ""highway"", ""name"": ""Rua Côn. Xavier"", ""display_name"": ""Rua Côn. Xavier, Rua Cônego Xavier, Nova Heliópolis, Vila Bandeirantes, Sacomã, São Paulo, Região Sudeste, 04231-004, Brasil"", ""address"": {""highway"": ""Rua Côn. Xavier"", ""road"": ""Rua Cônego Xavier"", ""residential"": ""Nova Heliópolis"", ""quarter"": ""Vila Bandeirantes"", ""suburb"": ""Sacomã"", ""city_district"": ""Sacomã"", ""city"": ""São Paulo"", ""state"": ""São Paulo"", ""ISO3166-2-lvl4"": ""BR-SP"", ""region"": ""Região Sudeste"", ""postcode"": ""04231-004"", ""country"": ""Brasil"", ""country_code"": ""br""}, ""boundingbox"": [""-23.6071650"", ""-23.6070650"", ""-46.5953030"", ""-46.5952030""]}"
127;CAISM DR DAVID CAPISTRANO DA COSTA FILHO DA AGUA FUNDA SP;AVENIDA MIGUEL STEFNO, 3030 - AGUA FUNDA, SAO PAULO, SP;;;not_found;nominatim;not_found;Resposta 200 OK mas sem coordenadas;0;Nenhuma das queries retornou coordenadas válidas;;;;;;;;;;;;
128;HOSPITAL INFANTIL DARCY VARGAS UGA III SAO PAULO;RUA DR SERAFICO DE ASSIS CARVALHO, 34 - JARDIM GUEDALA, SAO PAULO, SP;-23.5929419;-46.7109151;ok;nominatim;high;;200;;8937090;way;1183565099;Hospital Infantil Darcy Vargas, 34, Rua Doutor Serafico de Assis Carvalho, Cidade Jardim, Morumbi, São Paulo, Região Sudeste, 05615-900, Brasil;7.861829556720863e-05;;hospital;São Paulo;São Paulo;Brasil;RUA DR SERAFICO DE ASSIS CARVALHO, 34 - 04024002;"{""place_id"": 8937090, ""licence"": ""Data © OpenStreetMap contributors, ODbL 1.0. http://osm.org/copyright"", ""osm_type"": ""way"", ""osm_id"": 1183565099, ""lat"": ""-23.5929419"", ""lon"": ""-46.7109151"", ""category"": ""amenity"", ""type"": ""hospital"", ""place_rank"": 30, ""importance"": 7.861829556720863e-05, ""addresstype"": ""amenity"", ""name"": ""Hospital Infantil Darcy Vargas"", ""display_name"": ""Hospital Infantil Darcy Vargas, 34, Rua Doutor Serafico de Assis Carvalho, Cidade Jardim, Morumbi, São Paulo, Região Sudeste, 05615-900, Brasil"", ""address"": {""amenity"": ""Hospital Infantil Darcy Vargas"", ""house_number"": ""34"", ""road"": ""Rua Doutor Serafico de Assis Carvalho"", ""suburb"": ""Cidade Jardim"", ""city"": ""São Paulo"", ""state"": ""São Paulo"", ""ISO3166-2-lvl4"": ""BR-SP"", ""region"": ""Região Sudeste"", ""postcode"": ""05615-900"", ""country"": ""Brasil"", ""country_code"": ""br""}, ""boundingbox"": [""-23.5934524"", ""-23.5920338"", ""-46.7116343"", ""-46.7102493""]}"
129;HOSP MUN MATERNIDADE PROFESSOR MARIO DEGNI;RUA LUCAS DE LEYDE, 257 - VILA ANTONIO, SAO PAULO, SP;-23.5777487;-46.7648420;ok;nominatim;high;;200;;9043309;way;1348051378;Hospital Municipal e Maternidade Professor  Mario Degni, 257, Rua Lucas de Leyde, Jardim Ester, Parque dos Príncipes, Rio Pequeno, São Paulo, Região Sudeste, 05372-110, Brasil;7.861829556720863e-05;;hospital;São Paulo;São Paulo;Brasil;RUA LUCAS DE LEYDE, 257 - 05376010;"{""place_id"": 9043309, ""licence"": ""Data © OpenStreetMap contributors, ODbL 1.0. http://osm.org/copyright"", ""osm_type"": ""way"", ""osm_id"": 1348051378, ""lat"": ""-23.5777487"", ""lon"": ""-46.7648420"", ""category"": ""amenity"", ""type"": ""hospital"", ""place_rank"": 30, ""importance"": 7.861829556720863e-05, ""addresstype"": ""amenity"", ""name"": ""Hospital Municipal e Maternidade Professor  Mario Degni"", ""display_name"": ""Hospital Municipal e Maternidade Professor  Mario Degni, 257, Rua Lucas de Leyde, Jardim Ester, Parque dos Príncipes, Rio Pequeno, São Paulo, Região Sudeste, 05372-110, Brasil"", ""address"": {""amenity"": ""Hospital Municipal e Maternidade Professor  Mario Degni"", ""house_number"": ""257"", ""road"": ""Rua Lucas de Leyde"", ""quarter"": ""Jardim Ester"", ""suburb"": ""Parque dos Príncipes"", ""city_district"": ""Rio Pequeno"", ""city"": ""São Paulo"", ""state"": ""São Paulo"", ""ISO3166-2-lvl4"": ""BR-SP"", ""region"": ""Região Sudeste"", ""postcode"": ""05372-110"", ""country"": ""Brasil"", ""country_code"": ""br""}, ""boundingbox"": [""-23.5787204"", ""-23.5771631"", ""-46.7653750"", ""-46.7640473""]}"
130;HOSPITAL UNIVERSITARIO DA USP SAO PAULO;AV PROF LINEU PRESTES, 2565 - BUTANTA, SAO PAULO, SP;-23.5649058;-46.7409515;ok;nominatim;high;;200;;8975291;way;158788584;Hospital Universitário, 2565, Avenida Professor Lineu Prestes, Butantã, São Paulo, Região Sudeste, 05508-000, Brasil;0.4446133857442175;;hospital;São Paulo;São Paulo;Brasil;AV PROF LINEU PRESTES, 2565 - BUTANTA, SAO PAULO, SP, São Paulo, SP, Brasil;"{""place_id"": 8975291, ""licence"": ""Data © OpenStreetMap contributors, ODbL 1.0. http://osm.org/copyright"", ""osm_type"": ""way"", ""osm_id"": 158788584, ""lat"": ""-23.5649058"", ""lon"": ""-46.7409515"", ""category"": ""amenity"", ""type"": ""hospital"", ""place_rank"": 30, ""importance"": 0.4446133857442175, ""addresstype"": ""amenity"", ""name"": ""Hospital Universitário"", ""display_name"": ""Hospital Universitário, 2565, Avenida Professor Lineu Prestes, Butantã, São Paulo, Região Sudeste, 05508-000, Brasil"", ""address"": {""amenity"": ""Hospital Universitário"", ""house_number"": ""2565"", ""road"": ""Avenida Professor Lineu Prestes"", ""suburb"": ""Butantã"", ""city"": ""São Paulo"", ""state"": ""São Paulo"", ""ISO3166-2-lvl4"": ""BR-SP"", ""region"": ""Região Sudeste"", ""postcode"": ""05508-000"", ""country"": ""Brasil"", ""country_code"": ""br""}, ""boundingbox"": [""-23.5658343"", ""-23.5636331"", ""-46.7425797"", ""-46.7397181""]}"
131;CAISM PHILIPPE PINEL SAO PAULO;AV RAIMUNDO PEREIRA DE MAGALHAES, 5214 - PIRITUBA, SAO PAULO, SP;-23.4869816;-46.7239346;ok;nominatim;high;;200;;8515185;way;79877355;Centro de Atenção Integrada à Saúde Mental Philippe Pinel, 5214, Avenida Raimundo Pereira de Magalhães, Piqueri, Pirituba, São Paulo, Região Sudeste, 02945-040, Brasil;7.861829556720863e-05;;hospital;São Paulo;São Paulo;Brasil;AV RAIMUNDO PEREIRA DE MAGALHAES, 5214 - PIRITUBA, SAO PAULO, SP, São Paulo, SP, Brasil;"{""place_id"": 8515185, ""licence"": ""Data © OpenStreetMap contributors, ODbL 1.0. http://osm.org/copyright"", ""osm_type"": ""way"", ""osm_id"": 79877355, ""lat"": ""-23.4869816"", ""lon"": ""-46.7239346"", ""category"": ""amenity"", ""type"": ""hospital"", ""place_rank"": 30, ""importance"": 7.861829556720863e-05, ""addresstype"": ""amenity"", ""name"": ""Centro de Atenção Integrada à Saúde Mental Philippe Pinel"", ""display_name"": ""Centro de Atenção Integrada à Saúde Mental Philippe Pinel, 5214, Avenida Raimundo Pereira de Magalhães, Piqueri, Pirituba, São Paulo, Região Sudeste, 02945-040, Brasil"", ""address"": {""amenity"": ""Centro de Atenção Integrada à Saúde Mental Philippe Pinel"", ""house_number"": ""5214"", ""road"": ""Avenida Raimundo Pereira de Magalhães"", ""suburb"": ""Piqueri"", ""city"": ""São Paulo"", ""state"": ""São Paulo"", ""ISO3166-2-lvl4"": ""BR-SP"", ""region"": ""Região Sudeste"", ""postcode"": ""02945-040"", ""country"": ""Brasil"", ""country_code"": ""br""}, ""boundingbox"": [""-23.4880054"", ""-23.4855749"", ""-46.7251542"", ""-46.7228936""]}"
132;HOSPITAL GERAL HENRIQUE ALTIMEYER DE VILA ALPINA;AV FRANCISCO FALCONI, 1501 - VILA ALPINA, SAO PAULO, SP;-23.5930526;-46.5607618;ok;nominatim;high;;200;;8855708;way;195664900;Hospital Estadual Vila Alpina, 1501, Avenida Francisco Falconi, Vila Alpina, Vila Prudente, São Paulo, Região Sudeste, 03227-000, Brasil;7.861829556720863e-05;;hospital;São Paulo;São Paulo;Brasil;AV FRANCISCO FALCONI, 1501 - VILA ALPINA, SAO PAULO, SP, São Paulo, SP, Brasil;"{""place_id"": 8855708, ""licence"": ""Data © OpenStreetMap contributors, ODbL 1.0. http://osm.org/copyright"", ""osm_type"": ""way"", ""osm_id"": 195664900, ""lat"": ""-23.5930526"", ""lon"": ""-46.5607618"", ""category"": ""amenity"", ""type"": ""hospital"", ""place_rank"": 30, ""importance"": 7.861829556720863e-05, ""addresstype"": ""amenity"", ""name"": ""Hospital Estadual Vila Alpina"", ""display_name"": ""Hospital Estadual Vila Alpina, 1501, Avenida Francisco Falconi, Vila Alpina, Vila Prudente, São Paulo, Região Sudeste, 03227-000, Brasil"", ""address"": {""amenity"": ""Hospital Estadual Vila Alpina"", ""house_number"": ""1501"", ""road"": ""Avenida Francisco Falconi"", ""suburb"": ""Vila Alpina"", ""city_district"": ""Vila Prudente"", ""city"": ""São Paulo"", ""state"": ""São Paulo"", ""ISO3166-2-lvl4"": ""BR-SP"", ""region"": ""Região Sudeste"", ""postcode"": ""03227-000"", ""country"": ""Brasil"", ""country_code"": ""br""}, ""boundingbox"": [""-23.5938614"", ""-23.5922764"", ""-46.5626876"", ""-46.5600426""]}"
133;HOSP MUN PIRITUBA JOSE SOARES HUNGRIA;AVENIDA MENOTTI LAUDISIO, 100 - PIRITUBA, SAO PAULO, SP;-23.4845293;-46.7275153;ok;nominatim;high;;200;;8606285;way;79442277;Hospital Municipal Doutor José Soares Hungria, 100, Avenida Menotti Laudisio, Jardim Líbano, Piqueri, Pirituba, São Paulo, Região Sudeste, 02945-000, Brasil;7.861829556720863e-05;;hospital;São Paulo;São Paulo;Brasil;AVENIDA MENOTTI LAUDISIO, 100 - PIRITUBA, SAO PAULO, SP, São Paulo, SP, Brasil;"{""place_id"": 8606285, ""licence"": ""Data © OpenStreetMap contributors, ODbL 1.0. http://osm.org/copyright"", ""osm_type"": ""way"", ""osm_id"": 79442277, ""lat"": ""-23.4845293"", ""lon"": ""-46.7275153"", ""category"": ""amenity"", ""type"": ""hospital"", ""place_rank"": 30, ""importance"": 7.861829556720863e-05, ""addresstype"": ""amenity"", ""name"": ""Hospital Municipal Doutor José Soares Hungria"", ""display_name"": ""Hospital Municipal Doutor José Soares Hungria, 100, Avenida Menotti Laudisio, Jardim Líbano, Piqueri, Pirituba, São Paulo, Região Sudeste, 02945-000, Brasil"", ""address"": {""amenity"": ""Hospital Municipal Doutor José Soares Hungria"", ""house_number"": ""100"", ""road"": ""Avenida Menotti Laudisio"", ""neighbourhood"": ""Jardim Líbano"", ""suburb"": ""Piqueri"", ""city"": ""São Paulo"", ""state"": ""São Paulo"", ""ISO3166-2-lvl4"": ""BR-SP"", ""region"": ""Região Sudeste"", ""postcode"": ""02945-000"", ""country"": ""Brasil"", ""country_code"": ""br""}, ""boundingbox"": [""-23.4856336"", ""-23.4836530"", ""-46.7285330"", ""-46.7265242""]}"
134;HOSPITAL GERAL DE SAO MATEUS SAO PAULO;RUA ANGELO DE CANDIA, 540 - SAO MATEUS, SAO PAULO, SP;-23.5947358;-46.4867109;ok;nominatim;high;;200;;8814414;way;437648955;Hospital Geral de São Mateus, 540, Rua Ângelo de Cândia, Jardim Imperador, São Mateus, São Paulo, Região Sudeste, 03958-000, Brasil;7.861829556720863e-05;;hospital;São Paulo;São Paulo;Brasil;HOSPITAL GERAL DE SAO MATEUS SAO PAULO, RUA ANGELO DE CANDIA, 540 - SAO MATEUS, SAO PAULO, SP, São Paulo, SP, Brasil;"{""place_id"": 8814414, ""licence"": ""Data © OpenStreetMap contributors, ODbL 1.0. http://osm.org/copyright"", ""osm_type"": ""way"", ""osm_id"": 437648955, ""lat"": ""-23.5947358"", ""lon"": ""-46.4867109"", ""category"": ""amenity"", ""type"": ""hospital"", ""place_rank"": 30, ""importance"": 7.861829556720863e-05, ""addresstype"": ""amenity"", ""name"": ""Hospital Geral de São Mateus"", ""display_name"": ""Hospital Geral de São Mateus, 540, Rua Ângelo de Cândia, Jardim Imperador, São Mateus, São Paulo, Região Sudeste, 03958-000, Brasil"", ""address"": {""amenity"": ""Hospital Geral de São Mateus"", ""house_number"": ""540"", ""road"": ""Rua Ângelo de Cândia"", ""suburb"": ""Jardim Imperador"", ""city"": ""São Paulo"", ""state"": ""São Paulo"", ""ISO3166-2-lvl4"": ""BR-SP"", ""region"": ""Região Sudeste"", ""postcode"": ""03958-000"", ""country"": ""Brasil"", ""country_code"": ""br""}, ""boundingbox"": [""-23.5954600"", ""-23.5940117"", ""-46.4872724"", ""-46.4861494""]}"
135;UNIDADE DE GESTAO ASSISTENCIAL II HOSPITAL IPIRANGA SP;AVENIDA NAZARE, 28 - IPIRANGA, SAO PAULO, SP;-23.5842030;-46.6116295;ok;nominatim;high;;200;;8839690;way;467681159;Hospital Ipiranga, 28, Avenida Nazaré, Ipiranga, São Paulo, Região Sudeste, 04262-000, Brasil;7.861829556720863e-05;;hospital;São Paulo;São Paulo;Brasil;AVENIDA NAZARE, 28 - IPIRANGA, SAO PAULO, SP, São Paulo, SP, Brasil;"{""place_id"": 8839690, ""licence"": ""Data © OpenStreetMap contributors, ODbL 1.0. http://osm.org/copyright"", ""osm_type"": ""way"", ""osm_id"": 467681159, ""lat"": ""-23.5842030"", ""lon"": ""-46.6116295"", ""category"": ""amenity"", ""type"": ""hospital"", ""place_rank"": 30, ""importance"": 7.861829556720863e-05, ""addresstype"": ""amenity"", ""name"": ""Hospital Ipiranga"", ""display_name"": ""Hospital Ipiranga, 28, Avenida Nazaré, Ipiranga, São Paulo, Região Sudeste, 04262-000, Brasil"", ""address"": {""amenity"": ""Hospital Ipiranga"", ""house_number"": ""28"", ""road"": ""Avenida Nazaré"", ""suburb"": ""Ipiranga"", ""city_district"": ""Ipiranga"", ""city"": ""São Paulo"", ""state"": ""São Paulo"", ""ISO3166-2-lvl4"": ""BR-SP"", ""region"": ""Região Sudeste"", ""postcode"": ""04262-000"", ""country"": ""Brasil"", ""country_code"": ""br""}, ""boundingbox"": [""-23.5846982"", ""-23.5838803"", ""-46.6121370"", ""-46.6111008""]}"
136;CONJUNTO HOSPITALAR DO MANDAQUI SAO PAULO;RUA VOLUNTARIOS DA PATRIA, 4301 - SANTANA, SAO PAULO, SP;-23.4849783;-46.6314355;ok;nominatim;high;;200;;8683899;relation;3281462;Conjunto Hospitalar do Mandaqui, 4301, Rua Voluntários da Pátria, Alto de Santana, Santana, São Paulo, Região Sudeste, 02401-400, Brasil;0.4353606624145101;;hospital;São Paulo;São Paulo;Brasil;CONJUNTO HOSPITALAR DO MANDAQUI SAO PAULO, RUA VOLUNTARIOS DA PATRIA, 4301 - SANTANA, SAO PAULO, SP, São Paulo, SP, Brasil;"{""place_id"": 8683899, ""licence"": ""Data © OpenStreetMap contributors, ODbL 1.0. http://osm.org/copyright"", ""osm_type"": ""relation"", ""osm_id"": 3281462, ""lat"": ""-23.4849783"", ""lon"": ""-46.6314355"", ""category"": ""amenity"", ""type"": ""hospital"", ""place_rank"": 30, ""importance"": 0.4353606624145101, ""addresstype"": ""amenity"", ""name"": ""Conjunto Hospitalar do Mandaqui"", ""display_name"": ""Conjunto Hospitalar do Mandaqui, 4301, Rua Voluntários da Pátria, Alto de Santana, Santana, São Paulo, Região Sudeste, 02401-400, Brasil"", ""address"": {""amenity"": ""Conjunto Hospitalar do Mandaqui"", ""house_number"": ""4301"", ""road"": ""Rua Voluntários da Pátria"", ""suburb"": ""Alto de Santana"", ""city_district"": ""Santana"", ""city"": ""São Paulo"", ""state"": ""São Paulo"", ""ISO3166-2-lvl4"": ""BR-SP"", ""region"": ""Região Sudeste"", ""postcode"": ""02401-400"", ""country"": ""Brasil"", ""country_code"": ""br""}, ""boundingbox"": [""-23.4867695"", ""-23.4830889"", ""-46.6332399"", ""-46.6294796""]}"
137;HOSPITAL GERAL SANTA MARCELINA DE ITAIM PAULISTA SAO PAULO;AV MARECHAL TITO, 6035 - ITAIM PAULISTA, SAO PAULO, SP;-23.4924231;-46.3889814;ok;nominatim;high;;200;;8694629;way;319792790;Hospital Santa Marcelina do Itaim Paulista O.S.S, 6035, Avenida Marechal Tito, Vila Itaim, Jardim São Luís (Zona leste), Itaim Paulista, São Paulo, Região Sudeste, 08115-100, Brasil;7.861829556720863e-05;;hospital;São Paulo;São Paulo;Brasil;AV MARECHAL TITO, 6035 - ITAIM PAULISTA, SAO PAULO, SP, São Paulo, SP, Brasil;"{""place_id"": 8694629, ""licence"": ""Data © OpenStreetMap contributors, ODbL 1.0. http://osm.org/copyright"", ""osm_type"": ""way"", ""osm_id"": 319792790, ""lat"": ""-23.4924231"", ""lon"": ""-46.3889814"", ""category"": ""amenity"", ""type"": ""hospital"", ""place_rank"": 30, ""importance"": 7.861829556720863e-05, ""addresstype"": ""amenity"", ""name"": ""Hospital Santa Marcelina do Itaim Paulista O.S.S"", ""display_name"": ""Hospital Santa Marcelina do Itaim Paulista O.S.S, 6035, Avenida Marechal Tito, Vila Itaim, Jardim São Luís (Zona leste), Itaim Paulista, São Paulo, Região Sudeste, 08115-100, Brasil"", ""address"": {""amenity"": ""Hospital Santa Marcelina do Itaim Paulista O.S.S"", ""house_number"": ""6035"", ""road"": ""Avenida Marechal Tito"", ""neighbourhood"": ""Vila Itaim"", ""suburb"": ""Jardim São Luís (Zona leste)"", ""city"": ""São Paulo"", ""state"": ""São Paulo"", ""ISO3166-2-lvl4"": ""BR-SP"", ""region"": ""Região Sudeste"", ""postcode"": ""08115-100"", ""country"": ""Brasil"", ""country_code"": ""br""}, ""boundingbox"": [""-23.4933870"", ""-23.4914681"", ""-46.3900733"", ""-46.3879965""]}"
138;HOSP MUN PROF DR WALDOMIRO DE PAULA;RUA AUGUSTO CARLOS BAUMANN, 1074 - ITAQUERA, SAO PAULO, SP;-23.5321357;-46.4472128;ok;nominatim;low;;200;;8699046;way;272661161;Rua Augusto Carlos Bauman, Vila Carmosina, Itaquera, São Paulo, Região Sudeste, 08210-540, Brasil;0.05341195162890055;;secondary;São Paulo;São Paulo;Brasil;RUA AUGUSTO CARLOS BAUMANN, 1074 - ITAQUERA, SAO PAULO, SP, São Paulo, SP, Brasil;"{""place_id"": 8699046, ""licence"": ""Data © OpenStreetMap contributors, ODbL 1.0. http://osm.org/copyright"", ""osm_type"": ""way"", ""osm_id"": 272661161, ""lat"": ""-23.5321357"", ""lon"": ""-46.4472128"", ""category"": ""highway"", ""type"": ""secondary"", ""place_rank"": 26, ""importance"": 0.05341195162890055, ""addresstype"": ""road"", ""name"": ""Rua Augusto Carlos Bauman"", ""display_name"": ""Rua Augusto Carlos Bauman, Vila Carmosina, Itaquera, São Paulo, Região Sudeste, 08210-540, Brasil"", ""address"": {""road"": ""Rua Augusto Carlos Bauman"", ""quarter"": ""Vila Carmosina"", ""suburb"": ""Itaquera"", ""city"": ""São Paulo"", ""state"": ""São Paulo"", ""ISO3166-2-lvl4"": ""BR-SP"", ""region"": ""Região Sudeste"", ""postcode"": ""08210-540"", ""country"": ""Brasil"", ""country_code"": ""br""}, ""boundingbox"": [""-23.5325274"", ""-23.5317431"", ""-46.4478428"", ""-46.4465833""]}"
139;HOSPITAL GERAL DO GRAJAU PROF LIBER JOHN ALPHONSE DI DIO SP;RUA FRANCISCO OTAVIO PACCA, 180 - PARQUE DAS NACOES, SAO PAULO, SP;-23.6911520;-46.5848155;ok;nominatim;low;;200;;9047908;way;269098990;Oficina Brasil, 1937, Avenida Piraporinha, Piraporinha, Diadema, São Paulo, Região Sudeste, 09950-000, Brasil;7.861829556720863e-05;;car_repair;Diadema;São Paulo;Brasil;04822030, 180, SAO PAULO, SP, Brasil;"{""place_id"": 9047908, ""licence"": ""Data © OpenStreetMap contributors, ODbL 1.0. http://osm.org/copyright"", ""osm_type"": ""way"", ""osm_id"": 269098990, ""lat"": ""-23.6911520"", ""lon"": ""-46.5848155"", ""category"": ""shop"", ""type"": ""car_repair"", ""place_rank"": 30, ""importance"": 7.861829556720863e-05, ""addresstype"": ""shop"", ""name"": ""Oficina Brasil"", ""display_name"": ""Oficina Brasil, 1937, Avenida Piraporinha, Piraporinha, Diadema, São Paulo, Região Sudeste, 09950-000, Brasil"", ""address"": {""shop"": ""Oficina Brasil"", ""house_number"": ""1937"", ""road"": ""Avenida Piraporinha"", ""suburb"": ""Piraporinha"", ""city_district"": ""Diadema"", ""city"": ""Diadema"", ""state"": ""São Paulo"", ""ISO3166-2-lvl4"": ""BR-SP"", ""region"": ""Região Sudeste"", ""postcode"": ""09950-000"", ""country"": ""Brasil"", ""country_code"": ""br""}, ""boundingbox"": [""-23.6912159"", ""-23.6910783"", ""-46.5849354"", ""-46.5846886""]}"
140;HOSPITAL E MATERNIDADE LEONOR MENDES DE BARROS SAO PAULO;AV CELSO GARCIA, 2477 - BELENZINHO, SAO PAULO, SP;-23.5359031;-46.5887061;ok;nominatim;high;;200;;8847125;way;463619231;Hospital Maternidade Leonor Mendes de Barros, 2477, Avenida Celso Garcia, Belém, São Paulo, Região Sudeste, 03015-000, Brasil;7.861829556720863e-05;;hospital;São Paulo;São Paulo;Brasil;AV CELSO GARCIA, 2477 - 03015000;"{""place_id"": 8847125, ""licence"": ""Data © OpenStreetMap contributors, ODbL 1.0. http://osm.org/copyright"", ""osm_type"": ""way"", ""osm_id"": 463619231, ""lat"": ""-23.5359031"", ""lon"": ""-46.5887061"", ""category"": ""amenity"", ""type"": ""hospital"", ""place_rank"": 30, ""importance"": 7.861829556720863e-05, ""addresstype"": ""amenity"", ""name"": ""Hospital Maternidade Leonor Mendes de Barros"", ""display_name"": ""Hospital Maternidade Leonor Mendes de Barros, 2477, Avenida Celso Garcia, Belém, São Paulo, Região Sudeste, 03015-000, Brasil"", ""address"": {""amenity"": ""Hospital Maternidade Leonor Mendes de Barros"", ""house_number"": ""2477"", ""road"": ""Avenida Celso Garcia"", ""suburb"": ""Belém"", ""city"": ""São Paulo"", ""state"": ""São Paulo"", ""ISO3166-2-lvl4"": ""BR-SP"", ""region"": ""Região Sudeste"", ""postcode"": ""03015-000"", ""country"": ""Brasil"", ""country_code"": ""br""}, ""boundingbox"": [""-23.5365735"", ""-23.5352205"", ""-46.5896561"", ""-46.5878076""]}"
141;CENTRO DE REFERENCIA E TREINAMENTO DST AIDS SAO PAULO;RUA SANTA CRUZ, 81 - VILA MARIANA, SAO PAULO, SP;-23.5966194;-46.6358133;ok;nominatim;high;;200;;8787168;way;1077044306;Centro de Referência e Treinamento DST/Aids-SP, 81, Rua Santa Cruz, Vila Mariana, São Paulo, Região Sudeste, 04121-000, Brasil;7.861829556720863e-05;;hospital;São Paulo;São Paulo;Brasil;RUA SANTA CRUZ, 81 - VILA MARIANA, SAO PAULO, SP, São Paulo, SP, Brasil;"{""place_id"": 8787168, ""licence"": ""Data © OpenStreetMap contributors, ODbL 1.0. http://osm.org/copyright"", ""osm_type"": ""way"", ""osm_id"": 1077044306, ""lat"": ""-23.5966194"", ""lon"": ""-46.6358133"", ""category"": ""amenity"", ""type"": ""hospital"", ""place_rank"": 30, ""importance"": 7.861829556720863e-05, ""addresstype"": ""amenity"", ""name"": ""Centro de Referência e Treinamento DST/Aids-SP"", ""display_name"": ""Centro de Referência e Treinamento DST/Aids-SP, 81, Rua Santa Cruz, Vila Mariana, São Paulo, Região Sudeste, 04121-000, Brasil"", ""address"": {""amenity"": ""Centro de Referência e Treinamento DST/Aids-SP"", ""house_number"": ""81"", ""road"": ""Rua Santa Cruz"", ""suburb"": ""Vila Mariana"", ""city_district"": ""Vila Mariana"", ""city"": ""São Paulo"", ""state"": ""São Paulo"", ""ISO3166-2-lvl4"": ""BR-SP"", ""region"": ""Região Sudeste"", ""postcode"": ""04121-000"", ""country"": ""Brasil"", ""country_code"": ""br""}, ""boundingbox"": [""-23.5969243"", ""-23.5963444"", ""-46.6359613"", ""-46.6356600""]}"
142;HOSPITAL MILITAR DE AREA DE SAO PAULO;RUA OUVIDOR PORTUGAL, 230 - CAMBUCI, SAO PAULO, SP;-23.5696701;-46.6134492;ok;nominatim;high;;200;;8931936;node;1693998312;Hospital Militar de Área de São Paulo, 230, Rua Ouvidor Portugal, Vila Monumento, Cambuci, São Paulo, Região Sudeste, 01551-010, Brasil;7.861829556720863e-05;;hospital;São Paulo;São Paulo;Brasil;HOSPITAL MILITAR DE AREA DE SAO PAULO, RUA OUVIDOR PORTUGAL, 230 - CAMBUCI, SAO PAULO, SP, São Paulo, SP, Brasil;"{""place_id"": 8931936, ""licence"": ""Data © OpenStreetMap contributors, ODbL 1.0. http://osm.org/copyright"", ""osm_type"": ""node"", ""osm_id"": 1693998312, ""lat"": ""-23.5696701"", ""lon"": ""-46.6134492"", ""category"": ""amenity"", ""type"": ""hospital"", ""place_rank"": 30, ""importance"": 7.861829556720863e-05, ""addresstype"": ""amenity"", ""name"": ""Hospital Militar de Área de São Paulo"", ""display_name"": ""Hospital Militar de Área de São Paulo, 230, Rua Ouvidor Portugal, Vila Monumento, Cambuci, São Paulo, Região Sudeste, 01551-010, Brasil"", ""address"": {""amenity"": ""Hospital Militar de Área de São Paulo"", ""house_number"": ""230"", ""road"": ""Rua Ouvidor Portugal"", ""suburb"": ""Vila Monumento"", ""city_district"": ""Cambuci"", ""city"": ""São Paulo"", ""state"": ""São Paulo"", ""ISO3166-2-lvl4"": ""BR-SP"", ""region"": ""Região Sudeste"", ""postcode"": ""01551-010"", ""country"": ""Brasil"", ""country_code"": ""br""}, ""boundingbox"": [""-23.5697201"", ""-23.5696201"", ""-46.6134992"", ""-46.6133992""]}"
143;CENTRO DE REFERENCIA DA SAUDE DA MULHER;AV RIO BRANCO, 1080 - CAMPOS ELISEOS, SAO PAULO, SP;-22.9288098;-47.1152922;ok;nominatim;low;;200;;9410471;way;149121226;Rua Rio Branco, Jardim Ipaussurama, Jardim Paulicéia, Campinas, São Paulo, Região Sudeste, 13060-562, Brasil;0.053401859311818074;;residential;Campinas;São Paulo;Brasil;AV RIO BRANCO, 1080 - CAMPOS ELISEOS, SAO PAULO, SP, São Paulo, SP, Brasil;"{""place_id"": 9410471, ""licence"": ""Data © OpenStreetMap contributors, ODbL 1.0. http://osm.org/copyright"", ""osm_type"": ""way"", ""osm_id"": 149121226, ""lat"": ""-22.9288098"", ""lon"": ""-47.1152922"", ""category"": ""highway"", ""type"": ""residential"", ""place_rank"": 26, ""importance"": 0.053401859311818074, ""addresstype"": ""road"", ""name"": ""Rua Rio Branco"", ""display_name"": ""Rua Rio Branco, Jardim Ipaussurama, Jardim Paulicéia, Campinas, São Paulo, Região Sudeste, 13060-562, Brasil"", ""address"": {""road"": ""Rua Rio Branco"", ""residential"": ""Jardim Ipaussurama"", ""suburb"": ""Jardim Paulicéia"", ""city_district"": ""Campinas"", ""city"": ""Campinas"", ""state"": ""São Paulo"", ""ISO3166-2-lvl4"": ""BR-SP"", ""region"": ""Região Sudeste"", ""postcode"": ""13060-562"", ""country"": ""Brasil"", ""country_code"": ""br""}, ""boundingbox"": [""-22.9288363"", ""-22.9287833"", ""-47.1159417"", ""-47.1146428""]}"
144;HOSP MUN INFANTIL MENINO JESUS;RUA DOS INGLESES, 258 - BELA VISTA, SAO PAULO, SP;-23.5602200;-46.6469982;ok;nominatim;low;;200;;9665640;way;1172464432;258, Rua dos Ingleses, Morro dos Ingleses, Bela Vista, São Paulo, Região Sudeste, 01329-000, Brasil;9.99999999995449e-06;;house;São Paulo;São Paulo;Brasil;RUA DOS INGLESES, 258 - BELA VISTA, SAO PAULO, SP, São Paulo, SP, Brasil;"{""place_id"": 9665640, ""licence"": ""Data © OpenStreetMap contributors, ODbL 1.0. http://osm.org/copyright"", ""osm_type"": ""way"", ""osm_id"": 1172464432, ""lat"": ""-23.5602200"", ""lon"": ""-46.6469982"", ""category"": ""place"", ""type"": ""house"", ""place_rank"": 30, ""importance"": 9.99999999995449e-06, ""addresstype"": ""place"", ""name"": """", ""display_name"": ""258, Rua dos Ingleses, Morro dos Ingleses, Bela Vista, São Paulo, Região Sudeste, 01329-000, Brasil"", ""address"": {""house_number"": ""258"", ""road"": ""Rua dos Ingleses"", ""suburb"": ""Morro dos Ingleses"", ""city"": ""São Paulo"", ""state"": ""São Paulo"", ""ISO3166-2-lvl4"": ""BR-SP"", ""region"": ""Região Sudeste"", ""postcode"": ""01329-000"", ""country"": ""Brasil"", ""country_code"": ""br""}, ""boundingbox"": [""-23.5602700"", ""-23.5601700"", ""-46.6470482"", ""-46.6469482""]}"
145;HOSP DA AERONAUTICA DE SPHASP;OLAVO FONTOURA, 1400, SANTANA - SANTANA, SAO PAULO, SP;-23.5143658;-46.6366806;ok;nominatim;low;;200;;8978059;way;646945023;Avenida Olavo Fontoura, Carandiru, Santana, São Paulo, Região Sudeste, 02012-021, Brasil;0.05341195162890055;;primary;São Paulo;São Paulo;Brasil;OLAVO FONTOURA, 1400, SANTANA - SANTANA, SAO PAULO, SP, São Paulo, SP, Brasil;"{""place_id"": 8978059, ""licence"": ""Data © OpenStreetMap contributors, ODbL 1.0. http://osm.org/copyright"", ""osm_type"": ""way"", ""osm_id"": 646945023, ""lat"": ""-23.5143658"", ""lon"": ""-46.6366806"", ""category"": ""highway"", ""type"": ""primary"", ""place_rank"": 26, ""importance"": 0.05341195162890055, ""addresstype"": ""road"", ""name"": ""Avenida Olavo Fontoura"", ""display_name"": ""Avenida Olavo Fontoura, Carandiru, Santana, São Paulo, Região Sudeste, 02012-021, Brasil"", ""address"": {""road"": ""Avenida Olavo Fontoura"", ""suburb"": ""Carandiru"", ""city_district"": ""Santana"", ""city"": ""São Paulo"", ""state"": ""São Paulo"", ""ISO3166-2-lvl4"": ""BR-SP"", ""region"": ""Região Sudeste"", ""postcode"": ""02012-021"", ""country"": ""Brasil"", ""country_code"": ""br""}, ""boundingbox"": [""-23.5150607"", ""-23.5141410"", ""-46.6407666"", ""-46.6325520""]}"
146;HOSP MUN MAT ESC DR MARIO DE MORAES A SILVA;DEPUTADO EMILIO CARLOS, 3100 - VILA NOVA CACHOEIRIN, SAO PAULO, SP;-23.4802096;-46.6709709;ok;nominatim;high;;200;;8553501;way;423650178;Hospital Municipal Maternidade-Escola Vila Nova Cachoeirinha, 3100, Avenida Deputado Emílio Carlos, Vila Amélia, Cachoeirinha, São Paulo, Região Sudeste, 02765-050, Brasil;0.04539457909600718;;hospital;São Paulo;São Paulo;Brasil;DEPUTADO EMILIO CARLOS, 3100 - 02721000;"{""place_id"": 8553501, ""licence"": ""Data © OpenStreetMap contributors, ODbL 1.0. http://osm.org/copyright"", ""osm_type"": ""way"", ""osm_id"": 423650178, ""lat"": ""-23.4802096"", ""lon"": ""-46.6709709"", ""category"": ""building"", ""type"": ""hospital"", ""place_rank"": 30, ""importance"": 0.04539457909600718, ""addresstype"": ""building"", ""name"": ""Hospital Municipal Maternidade-Escola Vila Nova Cachoeirinha"", ""display_name"": ""Hospital Municipal Maternidade-Escola Vila Nova Cachoeirinha, 3100, Avenida Deputado Emílio Carlos, Vila Amélia, Cachoeirinha, São Paulo, Região Sudeste, 02765-050, Brasil"", ""address"": {""building"": ""Hospital Municipal Maternidade-Escola Vila Nova Cachoeirinha"", ""house_number"": ""3100"", ""road"": ""Avenida Deputado Emílio Carlos"", ""suburb"": ""Vila Amélia"", ""city"": ""São Paulo"", ""state"": ""São Paulo"", ""ISO3166-2-lvl4"": ""BR-SP"", ""region"": ""Região Sudeste"", ""postcode"": ""02765-050"", ""country"": ""Brasil"", ""country_code"": ""br""}, ""boundingbox"": [""-23.4807433"", ""-23.4796940"", ""-46.6717507"", ""-46.6702427""]}"
147;HOSPITAL GERAL JESUS TEIXEIRA DA COSTA GUAIANASES SAO PAULO;AV MIGUEL ACHIOLE DA FONSECA, 135 - JARDIM SAO PAULO, SAO PAULO, SP;-23.5523813;-46.4053829;ok;nominatim;high;;200;;8835683;way;260876142;Hospital Geral Jesus Teixeira da Costa, Avenida Miguel Achiole da Fonseca, Jardim São Paulo, Guaianases, São Paulo, Região Sudeste, 08412-000, Brasil;7.861829556720863e-05;;hospital;São Paulo;São Paulo;Brasil;HOSPITAL GERAL JESUS TEIXEIRA DA COSTA GUAIANASES SAO PAULO, AV MIGUEL ACHIOLE DA FONSECA, 135 - JARDIM SAO PAULO, SAO PAULO, SP, São Paulo, SP, Brasil;"{""place_id"": 8835683, ""licence"": ""Data © OpenStreetMap contributors, ODbL 1.0. http://osm.org/copyright"", ""osm_type"": ""way"", ""osm_id"": 260876142, ""lat"": ""-23.5523813"", ""lon"": ""-46.4053829"", ""category"": ""amenity"", ""type"": ""hospital"", ""place_rank"": 30, ""importance"": 7.861829556720863e-05, ""addresstype"": ""amenity"", ""name"": ""Hospital Geral Jesus Teixeira da Costa"", ""display_name"": ""Hospital Geral Jesus Teixeira da Costa, Avenida Miguel Achiole da Fonseca, Jardim São Paulo, Guaianases, São Paulo, Região Sudeste, 08412-000, Brasil"", ""address"": {""amenity"": ""Hospital Geral Jesus Teixeira da Costa"", ""road"": ""Avenida Miguel Achiole da Fonseca"", ""quarter"": ""Jardim São Paulo"", ""suburb"": ""Guaianases"", ""city"": ""São Paulo"", ""state"": ""São Paulo"", ""ISO3166-2-lvl4"": ""BR-SP"", ""region"": ""Região Sudeste"", ""postcode"": ""08412-000"", ""country"": ""Brasil"", ""country_code"": ""br""}, ""boundingbox"": [""-23.5537353"", ""-23.5513729"", ""-46.4066739"", ""-46.4034789""]}"
148;HOSP MUN DR CARMINO CARICCHIO;AV CELSO GARCIA, 4815 - TATUAPE, SAO PAULO, SP;-23.5329502;-46.5664411;ok;nominatim;high;;200;;8778472;way;375977786;Hospital Municipal Doutor Cármino Caricchio, 4815, Avenida Celso Garcia, Parque São Jorge, Tatuapé, São Paulo, Região Sudeste, 03069-000, Brasil;7.861829556720863e-05;;hospital;São Paulo;São Paulo;Brasil;AV CELSO GARCIA, 4815 - TATUAPE, SAO PAULO, SP, São Paulo, SP, Brasil;"{""place_id"": 8778472, ""licence"": ""Data © OpenStreetMap contributors, ODbL 1.0. http://osm.org/copyright"", ""osm_type"": ""way"", ""osm_id"": 375977786, ""lat"": ""-23.5329502"", ""lon"": ""-46.5664411"", ""category"": ""amenity"", ""type"": ""hospital"", ""place_rank"": 30, ""importance"": 7.861829556720863e-05, ""addresstype"": ""amenity"", ""name"": ""Hospital Municipal Doutor Cármino Caricchio"", ""display_name"": ""Hospital Municipal Doutor Cármino Caricchio, 4815, Avenida Celso Garcia, Parque São Jorge, Tatuapé, São Paulo, Região Sudeste, 03069-000, Brasil"", ""address"": {""amenity"": ""Hospital Municipal Doutor Cármino Caricchio"", ""house_number"": ""4815"", ""road"": ""Avenida Celso Garcia"", ""suburb"": ""Parque São Jorge"", ""city"": ""São Paulo"", ""state"": ""São Paulo"", ""ISO3166-2-lvl4"": ""BR-SP"", ""region"": ""Região Sudeste"", ""postcode"": ""03069-000"", ""country"": ""Brasil"", ""country_code"": ""br""}, ""boundingbox"": [""-23.5337538"", ""-23.5324836"", ""-46.5669771"", ""-46.5658105""]}"
149;HOSP MUN TIDE SETUBAL;RUA DR JOSE GUILHERME EIRAS, 123 - SAO MIGUEL PAULISTA, SAO PAULO, SP;-23.4973179;-46.4398650;ok;nominatim;low;;200;;8766667;way;1184110656;Rua Doutor José Guilherme Eiras, Vila Rosária, São Miguel Paulista, São Paulo, Região Sudeste, 08021-090, Brasil;0.05341195162890055;;residential;São Paulo;São Paulo;Brasil;RUA DR JOSE GUILHERME EIRAS, 123 - SAO MIGUEL PAULISTA, SAO PAULO, SP, São Paulo, SP, Brasil;"{""place_id"": 8766667, ""licence"": ""Data © OpenStreetMap contributors, ODbL 1.0. http://osm.org/copyright"", ""osm_type"": ""way"", ""osm_id"": 1184110656, ""lat"": ""-23.4973179"", ""lon"": ""-46.4398650"", ""category"": ""highway"", ""type"": ""residential"", ""place_rank"": 26, ""importance"": 0.05341195162890055, ""addresstype"": ""road"", ""name"": ""Rua Doutor José Guilherme Eiras"", ""display_name"": ""Rua Doutor José Guilherme Eiras, Vila Rosária, São Miguel Paulista, São Paulo, Região Sudeste, 08021-090, Brasil"", ""address"": {""road"": ""Rua Doutor José Guilherme Eiras"", ""quarter"": ""Vila Rosária"", ""suburb"": ""São Miguel Paulista"", ""city"": ""São Paulo"", ""state"": ""São Paulo"", ""ISO3166-2-lvl4"": ""BR-SP"", ""region"": ""Região Sudeste"", ""postcode"": ""08021-090"", ""country"": ""Brasil"", ""country_code"": ""br""}, ""boundingbox"": [""-23.4974676"", ""-23.4971975"", ""-46.4406062"", ""-46.4391160""]}"
150;HOSP MUN V NHOCUNE ALEXANDRE ZAIO;RUA ALVES MALDONADO, 128 - VILA NHOCUNE, SAO PAULO, SP;-23.5424212;-46.5015398;ok;nominatim;high;;200;;8856090;way;442804134;Hospital Municipal Doutor Alexandre Zaio, 128, Rua Alves Maldonado, Cidade Patriarca, Vila Matilde, São Paulo, Região Sudeste, 03556-010, Brasil;7.861829556720863e-05;;hospital;São Paulo;São Paulo;Brasil;RUA ALVES MALDONADO, 128 - VILA NHOCUNE, SAO PAULO, SP, São Paulo, SP, Brasil;"{""place_id"": 8856090, ""licence"": ""Data © OpenStreetMap contributors, ODbL 1.0. http://osm.org/copyright"", ""osm_type"": ""way"", ""osm_id"": 442804134, ""lat"": ""-23.5424212"", ""lon"": ""-46.5015398"", ""category"": ""amenity"", ""type"": ""hospital"", ""place_rank"": 30, ""importance"": 7.861829556720863e-05, ""addresstype"": ""amenity"", ""name"": ""Hospital Municipal Doutor Alexandre Zaio"", ""display_name"": ""Hospital Municipal Doutor Alexandre Zaio, 128, Rua Alves Maldonado, Cidade Patriarca, Vila Matilde, São Paulo, Região Sudeste, 03556-010, Brasil"", ""address"": {""amenity"": ""Hospital Municipal Doutor Alexandre Zaio"", ""house_number"": ""128"", ""road"": ""Rua Alves Maldonado"", ""suburb"": ""Cidade Patriarca"", ""city"": ""São Paulo"", ""state"": ""São Paulo"", ""ISO3166-2-lvl4"": ""BR-SP"", ""region"": ""Região Sudeste"", ""postcode"": ""03556-010"", ""country"": ""Brasil"", ""country_code"": ""br""}, ""boundingbox"": [""-23.5438786"", ""-23.5417079"", ""-46.5028900"", ""-46.5007385""]}"
151;HOSP MUN JABAQUARA ARTUR RIBEIRO DE SABOYA;AVENIDA FRANCISCO DE PAULA QUINTANILHA RIBEIRO, 860 - JABAQUARA, SAO PAULO, SP;-23.6533422;-46.6456764;ok;nominatim;high;;200;;9029850;way;256252796;Hospital Municipal Arthur Ribeiro de Saboya, 860, Avenida Francisco de Paula Quintanilha Ribeiro, Vila do Encontro, Jabaquara, São Paulo, Região Sudeste, 04330-020, Brasil;7.861829556720863e-05;;hospital;São Paulo;São Paulo;Brasil;AVENIDA FRANCISCO DE PAULA QUINTANILHA RIBEIRO, 860 - JABAQUARA, SAO PAULO, SP, São Paulo, SP, Brasil;"{""place_id"": 9029850, ""licence"": ""Data © OpenStreetMap contributors, ODbL 1.0. http://osm.org/copyright"", ""osm_type"": ""way"", ""osm_id"": 256252796, ""lat"": ""-23.6533422"", ""lon"": ""-46.6456764"", ""category"": ""amenity"", ""type"": ""hospital"", ""place_rank"": 30, ""importance"": 7.861829556720863e-05, ""addresstype"": ""amenity"", ""name"": ""Hospital Municipal Arthur Ribeiro de Saboya"", ""display_name"": ""Hospital Municipal Arthur Ribeiro de Saboya, 860, Avenida Francisco de Paula Quintanilha Ribeiro, Vila do Encontro, Jabaquara, São Paulo, Região Sudeste, 04330-020, Brasil"", ""address"": {""amenity"": ""Hospital Municipal Arthur Ribeiro de Saboya"", ""house_number"": ""860"", ""road"": ""Avenida Francisco de Paula Quintanilha Ribeiro"", ""quarter"": ""Vila do Encontro"", ""suburb"": ""Jabaquara"", ""city"": ""São Paulo"", ""state"": ""São Paulo"", ""ISO3166-2-lvl4"": ""BR-SP"", ""region"": ""Região Sudeste"", ""postcode"": ""04330-020"", ""country"": ""Brasil"", ""country_code"": ""br""}, ""boundingbox"": [""-23.6538054"", ""-23.6529168"", ""-46.6462115"", ""-46.6451313""]}"
152;HOSPITAL KATIA DE SOUZA RODRIGUES TAIPASSP SAO PAULO;AV ELISIO TEIXEIRA LEITE, 6999 - PARADA DE TAIPAS, SAO PAULO, SP;-23.4436996;-46.7177512;ok;nominatim;high;;200;;8613916;way;682318862;Hospital Geral de Taipas, 6999, Avenida Elísio Teixeira Leite, Parada de Taípas, Jardim Pirituba, Jaraguá, São Paulo, Região Sudeste, 02810-000, Brasil;7.861829556720863e-05;;hospital;São Paulo;São Paulo;Brasil;AV ELISIO TEIXEIRA LEITE, 6999 - PARADA DE TAIPAS, SAO PAULO, SP, São Paulo, SP, Brasil;"{""place_id"": 8613916, ""licence"": ""Data © OpenStreetMap contributors, ODbL 1.0. http://osm.org/copyright"", ""osm_type"": ""way"", ""osm_id"": 682318862, ""lat"": ""-23.4436996"", ""lon"": ""-46.7177512"", ""category"": ""amenity"", ""type"": ""hospital"", ""place_rank"": 30, ""importance"": 7.861829556720863e-05, ""addresstype"": ""amenity"", ""name"": ""Hospital Geral de Taipas"", ""display_name"": ""Hospital Geral de Taipas, 6999, Avenida Elísio Teixeira Leite, Parada de Taípas, Jardim Pirituba, Jaraguá, São Paulo, Região Sudeste, 02810-000, Brasil"", ""address"": {""amenity"": ""Hospital Geral de Taipas"", ""house_number"": ""6999"", ""road"": ""Avenida Elísio Teixeira Leite"", ""suburb"": ""Parada de Taípas"", ""city_district"": ""Jaraguá"", ""city"": ""São Paulo"", ""state"": ""São Paulo"", ""ISO3166-2-lvl4"": ""BR-SP"", ""region"": ""Região Sudeste"", ""postcode"": ""02810-000"", ""country"": ""Brasil"", ""country_code"": ""br""}, ""boundingbox"": [""-23.4449692"", ""-23.4423873"", ""-46.7185494"", ""-46.7172434""]}"
153;HOSP MUN PROFESSOR DOUTOR ALIPIO CORREA NETTO;ALAMEDA RODRIGO DE BRUM, 1989 - VILA PARANAGUA, SAO PAULO, SP;-23.4996440;-46.4729162;ok;nominatim;high;;200;;8679718;way;437199936;Hospital Municipal Professor Doutor Alípio Corrêa Netto, 1989, Alameda Rodrigo de Brum, Parque Boturussu, Ermelino Matarazzo, São Paulo, Região Sudeste, 03807-230, Brasil;7.861829556720863e-05;;hospital;São Paulo;São Paulo;Brasil;ALAMEDA RODRIGO DE BRUM, 1989 - VILA PARANAGUA, SAO PAULO, SP, São Paulo, SP, Brasil;"{""place_id"": 8679718, ""licence"": ""Data © OpenStreetMap contributors, ODbL 1.0. http://osm.org/copyright"", ""osm_type"": ""way"", ""osm_id"": 437199936, ""lat"": ""-23.4996440"", ""lon"": ""-46.4729162"", ""category"": ""amenity"", ""type"": ""hospital"", ""place_rank"": 30, ""importance"": 7.861829556720863e-05, ""addresstype"": ""amenity"", ""name"": ""Hospital Municipal Professor Doutor Alípio Corrêa Netto"", ""display_name"": ""Hospital Municipal Professor Doutor Alípio Corrêa Netto, 1989, Alameda Rodrigo de Brum, Parque Boturussu, Ermelino Matarazzo, São Paulo, Região Sudeste, 03807-230, Brasil"", ""address"": {""amenity"": ""Hospital Municipal Professor Doutor Alípio Corrêa Netto"", ""house_number"": ""1989"", ""road"": ""Alameda Rodrigo de Brum"", ""suburb"": ""Parque Boturussu"", ""city"": ""São Paulo"", ""state"": ""São Paulo"", ""ISO3166-2-lvl4"": ""BR-SP"", ""region"": ""Região Sudeste"", ""postcode"": ""03807-230"", ""country"": ""Brasil"", ""country_code"": ""br""}, ""boundingbox"": [""-23.5005523"", ""-23.4987394"", ""-46.4737451"", ""-46.4715457""]}"
154;HOSPITAL MUNICIPAL DR BENEDITO MONTENEGRO;RUA ANTONIO LAZARO, 226 - JARDIM IVA, SAO PAULO, SP;-23.5875541;-46.5145716;ok;nominatim;low;;200;;8859021;node;8553785959;226, Rua Antônio Lázaro, Vila Bancária, Sapopemba, São Paulo, Região Sudeste, 03921-080, Brasil;7.861829556720863e-05;;house;São Paulo;São Paulo;Brasil;RUA ANTONIO LAZARO, 226 - JARDIM IVA, SAO PAULO, SP, São Paulo, SP, Brasil;"{""place_id"": 8859021, ""licence"": ""Data © OpenStreetMap contributors, ODbL 1.0. http://osm.org/copyright"", ""osm_type"": ""node"", ""osm_id"": 8553785959, ""lat"": ""-23.5875541"", ""lon"": ""-46.5145716"", ""category"": ""place"", ""type"": ""house"", ""place_rank"": 30, ""importance"": 7.861829556720863e-05, ""addresstype"": ""place"", ""name"": """", ""display_name"": ""226, Rua Antônio Lázaro, Vila Bancária, Sapopemba, São Paulo, Região Sudeste, 03921-080, Brasil"", ""address"": {""house_number"": ""226"", ""road"": ""Rua Antônio Lázaro"", ""suburb"": ""Vila Bancária"", ""city"": ""São Paulo"", ""state"": ""São Paulo"", ""ISO3166-2-lvl4"": ""BR-SP"", ""region"": ""Região Sudeste"", ""postcode"": ""03921-080"", ""country"": ""Brasil"", ""country_code"": ""br""}, ""boundingbox"": [""-23.5876041"", ""-23.5875041"", ""-46.5146216"", ""-46.5145216""]}"
155;HOSP MUN IGNACIO PROENCA DE GOUVEA;JUVENTUS, 562 - PARQUE DA MOOCA, SAO PAULO, SP;-23.5717374;-46.5901660;ok;nominatim;high;;200;;8874303;way;231104142;Hospital Municipal Doutor Ignácio Proença de Gouvêa, 562, Rua Juventus, Parque da Mooca, Mooca, São Paulo, Região Sudeste, 03124-070, Brasil;7.861829556720863e-05;;hospital;São Paulo;São Paulo;Brasil;JUVENTUS, 562 - PARQUE DA MOOCA, SAO PAULO, SP, São Paulo, SP, Brasil;"{""place_id"": 8874303, ""licence"": ""Data © OpenStreetMap contributors, ODbL 1.0. http://osm.org/copyright"", ""osm_type"": ""way"", ""osm_id"": 231104142, ""lat"": ""-23.5717374"", ""lon"": ""-46.5901660"", ""category"": ""amenity"", ""type"": ""hospital"", ""place_rank"": 30, ""importance"": 7.861829556720863e-05, ""addresstype"": ""amenity"", ""name"": ""Hospital Municipal Doutor Ignácio Proença de Gouvêa"", ""display_name"": ""Hospital Municipal Doutor Ignácio Proença de Gouvêa, 562, Rua Juventus, Parque da Mooca, Mooca, São Paulo, Região Sudeste, 03124-070, Brasil"", ""address"": {""amenity"": ""Hospital Municipal Doutor Ignácio Proença de Gouvêa"", ""house_number"": ""562"", ""road"": ""Rua Juventus"", ""suburb"": ""Parque da Mooca"", ""city"": ""São Paulo"", ""state"": ""São Paulo"", ""ISO3166-2-lvl4"": ""BR-SP"", ""region"": ""Região Sudeste"", ""postcode"": ""03124-070"", ""country"": ""Brasil"", ""country_code"": ""br""}, ""boundingbox"": [""-23.5722462"", ""-23.5714608"", ""-46.5905701"", ""-46.5896856""]}"
156;HOSPITAL INFANTIL CANDIDO FONTOURA SAO PAULO;RUA SIQUEIRA BUENO, 1757 - AGUA RASA, SAO PAULO, SP;-23.5519180;-46.5852143;ok;nominatim;high;;200;;8874747;way;301324091;Hospital Infantil Cândido Fontoura, 1757, Rua Siqueira Bueno, Parque da Mooca, Água Rasa, São Paulo, Região Sudeste, 03173-010, Brasil;0.18554865524912875;;hospital;São Paulo;São Paulo;Brasil;HOSPITAL INFANTIL CANDIDO FONTOURA SAO PAULO, RUA SIQUEIRA BUENO, 1757 - AGUA RASA, SAO PAULO, SP, São Paulo, SP, Brasil;"{""place_id"": 8874747, ""licence"": ""Data © OpenStreetMap contributors, ODbL 1.0. http://osm.org/copyright"", ""osm_type"": ""way"", ""osm_id"": 301324091, ""lat"": ""-23.5519180"", ""lon"": ""-46.5852143"", ""category"": ""amenity"", ""type"": ""hospital"", ""place_rank"": 30, ""importance"": 0.18554865524912875, ""addresstype"": ""amenity"", ""name"": ""Hospital Infantil Cândido Fontoura"", ""display_name"": ""Hospital Infantil Cândido Fontoura, 1757, Rua Siqueira Bueno, Parque da Mooca, Água Rasa, São Paulo, Região Sudeste, 03173-010, Brasil"", ""address"": {""amenity"": ""Hospital Infantil Cândido Fontoura"", ""house_number"": ""1757"", ""road"": ""Rua Siqueira Bueno"", ""suburb"": ""Parque da Mooca"", ""city"": ""São Paulo"", ""state"": ""São Paulo"", ""ISO3166-2-lvl4"": ""BR-SP"", ""region"": ""Região Sudeste"", ""postcode"": ""03173-010"", ""country"": ""Brasil"", ""country_code"": ""br""}, ""boundingbox"": [""-23.5526263"", ""-23.5512110"", ""-46.5859768"", ""-46.5844531""]}"
157;HOSPITAL DE TRANSP DO EST DE SP EURYCLIDES DE JESUS ZERBINI;AV BRIGADEIRO LUIZ ANTONIO, 2651 - JARDIM PAULISTA, SAO PAULO, SP;;;not_found;nominatim;not_found;Resposta 200 OK mas sem coordenadas;0;Nenhuma das queries retornou coordenadas válidas;;;;;;;;;;;;
158;HOSPITAL REGIONAL SUL SAO PAULO;RUA GENERAL ROBERTO ALVES DE CARVALHO FILHO, 270 - SANTO AMARO, SAO PAULO, SP;-23.6555597;-46.7058596;ok;nominatim;high;;200;;8967809;way;318404110;Hospital Regional Sul, 270, Rua General Roberto Alves de Carvalho Filho, Jardim Santo Amaro, Santo Amaro, São Paulo, Região Sudeste, 04751-000, Brasil;7.861829556720863e-05;;hospital;São Paulo;São Paulo;Brasil;HOSPITAL REGIONAL SUL SAO PAULO, RUA GENERAL ROBERTO ALVES DE CARVALHO FILHO, 270 - SANTO AMARO, SAO PAULO, SP, São Paulo, SP, Brasil;"{""place_id"": 8967809, ""licence"": ""Data © OpenStreetMap contributors, ODbL 1.0. http://osm.org/copyright"", ""osm_type"": ""way"", ""osm_id"": 318404110, ""lat"": ""-23.6555597"", ""lon"": ""-46.7058596"", ""category"": ""amenity"", ""type"": ""hospital"", ""place_rank"": 30, ""importance"": 7.861829556720863e-05, ""addresstype"": ""amenity"", ""name"": ""Hospital Regional Sul"", ""display_name"": ""Hospital Regional Sul, 270, Rua General Roberto Alves de Carvalho Filho, Jardim Santo Amaro, Santo Amaro, São Paulo, Região Sudeste, 04751-000, Brasil"", ""address"": {""amenity"": ""Hospital Regional Sul"", ""house_number"": ""270"", ""road"": ""Rua General Roberto Alves de Carvalho Filho"", ""suburb"": ""Jardim Santo Amaro"", ""city_district"": ""Santo Amaro"", ""city"": ""São Paulo"", ""state"": ""São Paulo"", ""ISO3166-2-lvl4"": ""BR-SP"", ""region"": ""Região Sudeste"", ""postcode"": ""04751-000"", ""country"": ""Brasil"", ""country_code"": ""br""}, ""boundingbox"": [""-23.6557891"", ""-23.6550531"", ""-46.7061311"", ""-46.7056314""]}"
159;HOSPITAL VITAL BRAZIL SAO PAULO;AV VITAL BRAZIL, 1500 - BUTANTA, SAO PAULO, SP;-23.5651106;-46.7196825;ok;nominatim;high;;200;;8996650;way;245697727;Hospital Vital Brazil, Avenida Albert León C. Calmette / Jean C. Guérin, Caxingui, Butantã, São Paulo, Região Sudeste, 05508-065, Brasil;7.861829556720863e-05;;hospital;São Paulo;São Paulo;Brasil;HOSPITAL VITAL BRAZIL SAO PAULO, São Paulo, SP, Brasil;"{""place_id"": 8996650, ""licence"": ""Data © OpenStreetMap contributors, ODbL 1.0. http://osm.org/copyright"", ""osm_type"": ""way"", ""osm_id"": 245697727, ""lat"": ""-23.5651106"", ""lon"": ""-46.7196825"", ""category"": ""building"", ""type"": ""hospital"", ""place_rank"": 30, ""importance"": 7.861829556720863e-05, ""addresstype"": ""building"", ""name"": ""Hospital Vital Brazil"", ""display_name"": ""Hospital Vital Brazil, Avenida Albert León C. Calmette / Jean C. Guérin, Caxingui, Butantã, São Paulo, Região Sudeste, 05508-065, Brasil"", ""address"": {""building"": ""Hospital Vital Brazil"", ""road"": ""Avenida Albert León C. Calmette / Jean C. Guérin"", ""suburb"": ""Caxingui"", ""city"": ""São Paulo"", ""state"": ""São Paulo"", ""ISO3166-2-lvl4"": ""BR-SP"", ""region"": ""Região Sudeste"", ""postcode"": ""05508-065"", ""country"": ""Brasil"", ""country_code"": ""br""}, ""boundingbox"": [""-23.5652421"", ""-23.5649791"", ""-46.7198355"", ""-46.7195295""]}"
160;HOSPITAL ESTADUAL DE SAPOPEMBA SAO PAULO;RUA MANOEL FRANCA DOS SANTOS, 174 - JARDIM SAPOPEMBA, SAO PAULO, SP;-23.6113360;-46.4936710;ok;nominatim;low;;200;;8703201;node;8089579892;Rua Manoel Franca Dos Santos, Rua Manuel França dos Santos, Jardim Sapopemba, Sapopemba, São Paulo, Região Sudeste, 03975-130, Brasil;7.861829556720863e-05;;bus_stop;São Paulo;São Paulo;Brasil;RUA MANOEL FRANCA DOS SANTOS, 174 - JARDIM SAPOPEMBA, SAO PAULO, SP, São Paulo, SP, Brasil;"{""place_id"": 8703201, ""licence"": ""Data © OpenStreetMap contributors, ODbL 1.0. http://osm.org/copyright"", ""osm_type"": ""node"", ""osm_id"": 8089579892, ""lat"": ""-23.6113360"", ""lon"": ""-46.4936710"", ""category"": ""highway"", ""type"": ""bus_stop"", ""place_rank"": 30, ""importance"": 7.861829556720863e-05, ""addresstype"": ""highway"", ""name"": ""Rua Manoel Franca Dos Santos"", ""display_name"": ""Rua Manoel Franca Dos Santos, Rua Manuel França dos Santos, Jardim Sapopemba, Sapopemba, São Paulo, Região Sudeste, 03975-130, Brasil"", ""address"": {""highway"": ""Rua Manoel Franca Dos Santos"", ""road"": ""Rua Manuel França dos Santos"", ""suburb"": ""Jardim Sapopemba"", ""city"": ""São Paulo"", ""state"": ""São Paulo"", ""ISO3166-2-lvl4"": ""BR-SP"", ""region"": ""Região Sudeste"", ""postcode"": ""03975-130"", ""country"": ""Brasil"", ""country_code"": ""br""}, ""boundingbox"": [""-23.6113860"", ""-23.6112860"", ""-46.4937210"", ""-46.4936210""]}"
161;HOSPITAL GERAL DE VILA PENTEADO DR JOSE PANGELLA SAO PAULO;AV MINISTRO PETRONIO PORTELA, 1642 - JARDIM IRACEMA, SAO PAULO, SP;-23.4934229;-46.7008274;ok;nominatim;low;;200;;8546250;way;252383986;Avenida Ministro Petrônio Portela, Parque Monteiro Soares, Freguesia do Ó, São Paulo, Região Sudeste, 02802-120, Brasil;0.05341195162890055;;secondary;São Paulo;São Paulo;Brasil;AV MINISTRO PETRONIO PORTELA, 1642 - 02802120;"{""place_id"": 8546250, ""licence"": ""Data © OpenStreetMap contributors, ODbL 1.0. http://osm.org/copyright"", ""osm_type"": ""way"", ""osm_id"": 252383986, ""lat"": ""-23.4934229"", ""lon"": ""-46.7008274"", ""category"": ""highway"", ""type"": ""secondary"", ""place_rank"": 26, ""importance"": 0.05341195162890055, ""addresstype"": ""road"", ""name"": ""Avenida Ministro Petrônio Portela"", ""display_name"": ""Avenida Ministro Petrônio Portela, Parque Monteiro Soares, Freguesia do Ó, São Paulo, Região Sudeste, 02802-120, Brasil"", ""address"": {""road"": ""Avenida Ministro Petrônio Portela"", ""suburb"": ""Parque Monteiro Soares"", ""city"": ""São Paulo"", ""state"": ""São Paulo"", ""ISO3166-2-lvl4"": ""BR-SP"", ""region"": ""Região Sudeste"", ""postcode"": ""02802-120"", ""country"": ""Brasil"", ""country_code"": ""br""}, ""boundingbox"": [""-23.4976541"", ""-23.4878538"", ""-46.7053552"", ""-46.6976236""]}"
162;HOSPITAL PSIQUIATRICO DE VILA MARIANA;RUA MAJOR MARAGLIANO, 241, 287 - VILA MARIANA, SAO PAULO, SP;-23.5875985;-46.6387604;ok;nominatim;low;;200;;8832854;way;427348541;Rua Major Maragliano, Vila Mariana, São Paulo, Região Sudeste, 04017-030, Brasil;0.05341195162890055;;residential;São Paulo;São Paulo;Brasil;RUA MAJOR MARAGLIANO, 241, 287 - VILA MARIANA, SAO PAULO, SP, São Paulo, SP, Brasil;"{""place_id"": 8832854, ""licence"": ""Data © OpenStreetMap contributors, ODbL 1.0. http://osm.org/copyright"", ""osm_type"": ""way"", ""osm_id"": 427348541, ""lat"": ""-23.5875985"", ""lon"": ""-46.6387604"", ""category"": ""highway"", ""type"": ""residential"", ""place_rank"": 26, ""importance"": 0.05341195162890055, ""addresstype"": ""road"", ""name"": ""Rua Major Maragliano"", ""display_name"": ""Rua Major Maragliano, Vila Mariana, São Paulo, Região Sudeste, 04017-030, Brasil"", ""address"": {""road"": ""Rua Major Maragliano"", ""suburb"": ""Vila Mariana"", ""city_district"": ""Vila Mariana"", ""city"": ""São Paulo"", ""state"": ""São Paulo"", ""ISO3166-2-lvl4"": ""BR-SP"", ""region"": ""Região Sudeste"", ""postcode"": ""04017-030"", ""country"": ""Brasil"", ""country_code"": ""br""}, ""boundingbox"": [""-23.5892824"", ""-23.5858590"", ""-46.6393752"", ""-46.6382466""]}"
163;HOSPITAL GERAL DE VILA NOVA CACHOEIRINHA SAO PAULO;AV DEPUTADO EMILIO CARLOS, 3000 - VILA NOVA CACHOEIRIN, SAO PAULO, SP;-23.4897874;-46.6754035;ok;nominatim;low;;200;;8609822;way;129076165;Avenida Deputado Emílio Carlos, VIla Prado, Limão, São Paulo, Região Sudeste, 02720-200, Brasil;0.05341195162890055;;secondary;São Paulo;São Paulo;Brasil;AV DEPUTADO EMILIO CARLOS, 3000 - 02720200;"{""place_id"": 8609822, ""licence"": ""Data © OpenStreetMap contributors, ODbL 1.0. http://osm.org/copyright"", ""osm_type"": ""way"", ""osm_id"": 129076165, ""lat"": ""-23.4897874"", ""lon"": ""-46.6754035"", ""category"": ""highway"", ""type"": ""secondary"", ""place_rank"": 26, ""importance"": 0.05341195162890055, ""addresstype"": ""road"", ""name"": ""Avenida Deputado Emílio Carlos"", ""display_name"": ""Avenida Deputado Emílio Carlos, VIla Prado, Limão, São Paulo, Região Sudeste, 02720-200, Brasil"", ""address"": {""road"": ""Avenida Deputado Emílio Carlos"", ""suburb"": ""VIla Prado"", ""city"": ""São Paulo"", ""state"": ""São Paulo"", ""ISO3166-2-lvl4"": ""BR-SP"", ""region"": ""Região Sudeste"", ""postcode"": ""02720-200"", ""country"": ""Brasil"", ""country_code"": ""br""}, ""boundingbox"": [""-23.4909650"", ""-23.4886884"", ""-46.6758748"", ""-46.6753794""]}"
164;HOSP DO SERV PUB MUNICIPAL HSPM;CASTRO ALVES, 60 - LIBERDADE, SAO PAULO, SP;-23.5673424;-46.6390710;ok;nominatim;high;;200;;8822077;way;1077056900;Hospital do Servidor Público Municipal, 60, Rua Castro Alves, Liberdade, São Paulo, Região Sudeste, 01532-000, Brasil;7.861829556720863e-05;;hospital;São Paulo;São Paulo;Brasil;CASTRO ALVES, 60 - LIBERDADE, SAO PAULO, SP, São Paulo, SP, Brasil;"{""place_id"": 8822077, ""licence"": ""Data © OpenStreetMap contributors, ODbL 1.0. http://osm.org/copyright"", ""osm_type"": ""way"", ""osm_id"": 1077056900, ""lat"": ""-23.5673424"", ""lon"": ""-46.6390710"", ""category"": ""amenity"", ""type"": ""hospital"", ""place_rank"": 30, ""importance"": 7.861829556720863e-05, ""addresstype"": ""amenity"", ""name"": ""Hospital do Servidor Público Municipal"", ""display_name"": ""Hospital do Servidor Público Municipal, 60, Rua Castro Alves, Liberdade, São Paulo, Região Sudeste, 01532-000, Brasil"", ""address"": {""amenity"": ""Hospital do Servidor Público Municipal"", ""house_number"": ""60"", ""road"": ""Rua Castro Alves"", ""suburb"": ""Liberdade"", ""city_district"": ""Liberdade"", ""city"": ""São Paulo"", ""state"": ""São Paulo"", ""ISO3166-2-lvl4"": ""BR-SP"", ""region"": ""Região Sudeste"", ""postcode"": ""01532-000"", ""country"": ""Brasil"", ""country_code"": ""br""}, ""boundingbox"": [""-23.5681796"", ""-23.5664592"", ""-46.6397587"", ""-46.6382054""]}"
165;HOSP MUN FERNANDO MAURO PIRES DA ROCHA;ESTRADA DE ITAPECERICA, 1661, VILA MARACANA - CAMPO LIMPO, SAO PAULO, SP;-23.6490957;-46.7490028;ok;nominatim;high;;200;;9095366;way;318404108;Hospital Municipal Doutor Fernando Mauro Pires da Rocha, 1661, Estrada de Itapecerica, Jardim São Luís, São Paulo, Região Sudeste, 05835-005, Brasil;7.861829556720863e-05;;hospital;São Paulo;São Paulo;Brasil;ESTRADA DE ITAPECERICA, 1661 - 05835005;"{""place_id"": 9095366, ""licence"": ""Data © OpenStreetMap contributors, ODbL 1.0. http://osm.org/copyright"", ""osm_type"": ""way"", ""osm_id"": 318404108, ""lat"": ""-23.6490957"", ""lon"": ""-46.7490028"", ""category"": ""amenity"", ""type"": ""hospital"", ""place_rank"": 30, ""importance"": 7.861829556720863e-05, ""addresstype"": ""amenity"", ""name"": ""Hospital Municipal Doutor Fernando Mauro Pires da Rocha"", ""display_name"": ""Hospital Municipal Doutor Fernando Mauro Pires da Rocha, 1661, Estrada de Itapecerica, Jardim São Luís, São Paulo, Região Sudeste, 05835-005, Brasil"", ""address"": {""amenity"": ""Hospital Municipal Doutor Fernando Mauro Pires da Rocha"", ""house_number"": ""1661"", ""road"": ""Estrada de Itapecerica"", ""suburb"": ""Jardim São Luís"", ""city"": ""São Paulo"", ""state"": ""São Paulo"", ""ISO3166-2-lvl4"": ""BR-SP"", ""region"": ""Região Sudeste"", ""postcode"": ""05835-005"", ""country"": ""Brasil"", ""country_code"": ""br""}, ""boundingbox"": [""-23.6494621"", ""-23.6480955"", ""-46.7496841"", ""-46.7477743""]}"
166;CENTRO HOSPITALAR DO SISTEMA PENITENCIARIO SAO PAULO;RUA DOM JOSE MAURICIO, 15 - CARANDIRU, SAO PAULO, SP;-23.5085713;-46.6201015;ok;nominatim;low;;200;;8764905;way;491005029;Centro Hospitalar do Sistema Penitênciário, 15, Rua Dom José Maurício, Carandiru, Santana, São Paulo, Região Sudeste, 02028-000, Brasil;7.861829556720863e-05;;prison;São Paulo;São Paulo;Brasil;RUA DOM JOSE MAURICIO, 15 - CARANDIRU, SAO PAULO, SP, São Paulo, SP, Brasil;"{""place_id"": 8764905, ""licence"": ""Data © OpenStreetMap contributors, ODbL 1.0. http://osm.org/copyright"", ""osm_type"": ""way"", ""osm_id"": 491005029, ""lat"": ""-23.5085713"", ""lon"": ""-46.6201015"", ""category"": ""amenity"", ""type"": ""prison"", ""place_rank"": 30, ""importance"": 7.861829556720863e-05, ""addresstype"": ""amenity"", ""name"": ""Centro Hospitalar do Sistema Penitênciário"", ""display_name"": ""Centro Hospitalar do Sistema Penitênciário, 15, Rua Dom José Maurício, Carandiru, Santana, São Paulo, Região Sudeste, 02028-000, Brasil"", ""address"": {""amenity"": ""Centro Hospitalar do Sistema Penitênciário"", ""house_number"": ""15"", ""road"": ""Rua Dom José Maurício"", ""suburb"": ""Carandiru"", ""city_district"": ""Santana"", ""city"": ""São Paulo"", ""state"": ""São Paulo"", ""ISO3166-2-lvl4"": ""BR-SP"", ""region"": ""Região Sudeste"", ""postcode"": ""02028-000"", ""country"": ""Brasil"", ""country_code"": ""br""}, ""boundingbox"": [""-23.5092841"", ""-23.5078304"", ""-46.6210360"", ""-46.6191182""]}"
167;HOSP MUN VER JOSE STOROPOLLI;RUA FRANCISCO FANGANIELLO, 127 - PARQUE NOVO MUNDO, SAO PAULO, SP;-23.5220850;-46.5617446;ok;nominatim;low;;200;;8801369;node;5467328847;Rua Francisco Fanganiello, 127, Rua Francisco Fanganielo, Parque Novo Mundo, Vila Maria, São Paulo, Região Sudeste, 02181-160, Brasil;7.861829556720863e-05;;bus_stop;São Paulo;São Paulo;Brasil;RUA FRANCISCO FANGANIELLO, 127 - PARQUE NOVO MUNDO, SAO PAULO, SP, São Paulo, SP, Brasil;"{""place_id"": 8801369, ""licence"": ""Data © OpenStreetMap contributors, ODbL 1.0. http://osm.org/copyright"", ""osm_type"": ""node"", ""osm_id"": 5467328847, ""lat"": ""-23.5220850"", ""lon"": ""-46.5617446"", ""category"": ""highway"", ""type"": ""bus_stop"", ""place_rank"": 30, ""importance"": 7.861829556720863e-05, ""addresstype"": ""highway"", ""name"": ""Rua Francisco Fanganiello, 127"", ""display_name"": ""Rua Francisco Fanganiello, 127, Rua Francisco Fanganielo, Parque Novo Mundo, Vila Maria, São Paulo, Região Sudeste, 02181-160, Brasil"", ""address"": {""highway"": ""Rua Francisco Fanganiello, 127"", ""road"": ""Rua Francisco Fanganielo"", ""suburb"": ""Parque Novo Mundo"", ""city"": ""São Paulo"", ""state"": ""São Paulo"", ""ISO3166-2-lvl4"": ""BR-SP"", ""region"": ""Região Sudeste"", ""postcode"": ""02181-160"", ""country"": ""Brasil"", ""country_code"": ""br""}, ""boundingbox"": [""-23.5221350"", ""-23.5220350"", ""-46.5617946"", ""-46.5616946""]}"
168;CENTRO MEDICO PMESP;AVENIDA NOVA CANTAREIRA, 3659 - TREMEMBE, SAO PAULO, SP;-23.4690239;-46.6188727;ok;nominatim;low;;200;;8634903;way;1416347692;Centro Médico PMESP, Avenida Nova Cantareira, Jardim Leonor Mendes de Barros, Tucuruvi, São Paulo, Região Sudeste, 02340-001, Brasil;7.861829556720863e-05;;police;São Paulo;São Paulo;Brasil;CENTRO MEDICO PMESP, AVENIDA NOVA CANTAREIRA, 3659 - TREMEMBE, SAO PAULO, SP, São Paulo, SP, Brasil;"{""place_id"": 8634903, ""licence"": ""Data © OpenStreetMap contributors, ODbL 1.0. http://osm.org/copyright"", ""osm_type"": ""way"", ""osm_id"": 1416347692, ""lat"": ""-23.4690239"", ""lon"": ""-46.6188727"", ""category"": ""military"", ""type"": ""police"", ""place_rank"": 30, ""importance"": 7.861829556720863e-05, ""addresstype"": ""military"", ""name"": ""Centro Médico PMESP"", ""display_name"": ""Centro Médico PMESP, Avenida Nova Cantareira, Jardim Leonor Mendes de Barros, Tucuruvi, São Paulo, Região Sudeste, 02340-001, Brasil"", ""address"": {""military"": ""Centro Médico PMESP"", ""road"": ""Avenida Nova Cantareira"", ""suburb"": ""Jardim Leonor Mendes de Barros"", ""city_district"": ""Tucuruvi"", ""city"": ""São Paulo"", ""state"": ""São Paulo"", ""ISO3166-2-lvl4"": ""BR-SP"", ""region"": ""Região Sudeste"", ""postcode"": ""02340-001"", ""country"": ""Brasil"", ""country_code"": ""br""}, ""boundingbox"": [""-23.4712374"", ""-23.4668725"", ""-46.6209127"", ""-46.6175785""]}"
169;HOSP MUN CARMEN PRUDENTE;AVENIDA DOS METALURGICOS, 1797 - CIDADE TIRADENTES, SAO PAULO, SP;-23.5833632;-46.4092773;ok;nominatim;low;;200;;8798294;way;947003323;Avenida dos Metalúrgicos, Parque Santa Etelvina, Cidade Tiradentes, São Paulo, Região Sudeste, 08490-550, Brasil;0.05341195162890055;;secondary;São Paulo;São Paulo;Brasil;AVENIDA DOS METALURGICOS, 1797 - CIDADE TIRADENTES, SAO PAULO, SP, São Paulo, SP, Brasil;"{""place_id"": 8798294, ""licence"": ""Data © OpenStreetMap contributors, ODbL 1.0. http://osm.org/copyright"", ""osm_type"": ""way"", ""osm_id"": 947003323, ""lat"": ""-23.5833632"", ""lon"": ""-46.4092773"", ""category"": ""highway"", ""type"": ""secondary"", ""place_rank"": 26, ""importance"": 0.05341195162890055, ""addresstype"": ""road"", ""name"": ""Avenida dos Metalúrgicos"", ""display_name"": ""Avenida dos Metalúrgicos, Parque Santa Etelvina, Cidade Tiradentes, São Paulo, Região Sudeste, 08490-550, Brasil"", ""address"": {""road"": ""Avenida dos Metalúrgicos"", ""quarter"": ""Parque Santa Etelvina"", ""suburb"": ""Cidade Tiradentes"", ""city"": ""São Paulo"", ""state"": ""São Paulo"", ""ISO3166-2-lvl4"": ""BR-SP"", ""region"": ""Região Sudeste"", ""postcode"": ""08490-550"", ""country"": ""Brasil"", ""country_code"": ""br""}, ""boundingbox"": [""-23.5837412"", ""-23.5830128"", ""-46.4095236"", ""-46.4090796""]}"
170;HOSPITAL LOCAL DE SAPOPEMBA;RUA IAMACARU, 45 - PARQUE SANTA MADALEN, SAO PAULO, SP;;;not_found;nominatim;not_found;Resposta 200 OK mas sem coordenadas;0;Nenhuma das queries retornou coordenadas válidas;;;;;;;;;;;;
171;INSTITUTO DE REABILITACAO LUCY MONTORO;RUA JANDIATUBA, 580 - VILA ANDRADE, SAO PAULO, SP;-23.6322694;-46.7351129;ok;nominatim;high;;200;;9091269;way;1416347427;Instituto de Reabilitação Lucy Montoro, Rua Jandiatuba, Comunidade Travinhas, Vila Andrade, São Paulo, Região Sudeste, 05724-003, Brasil;7.861829556720863e-05;;hospital;São Paulo;São Paulo;Brasil;INSTITUTO DE REABILITACAO LUCY MONTORO, RUA JANDIATUBA, 580 - VILA ANDRADE, SAO PAULO, SP, São Paulo, SP, Brasil;"{""place_id"": 9091269, ""licence"": ""Data © OpenStreetMap contributors, ODbL 1.0. http://osm.org/copyright"", ""osm_type"": ""way"", ""osm_id"": 1416347427, ""lat"": ""-23.6322694"", ""lon"": ""-46.7351129"", ""category"": ""amenity"", ""type"": ""hospital"", ""place_rank"": 30, ""importance"": 7.861829556720863e-05, ""addresstype"": ""amenity"", ""name"": ""Instituto de Reabilitação Lucy Montoro"", ""display_name"": ""Instituto de Reabilitação Lucy Montoro, Rua Jandiatuba, Comunidade Travinhas, Vila Andrade, São Paulo, Região Sudeste, 05724-003, Brasil"", ""address"": {""amenity"": ""Instituto de Reabilitação Lucy Montoro"", ""road"": ""Rua Jandiatuba"", ""suburb"": ""Comunidade Travinhas"", ""city"": ""São Paulo"", ""state"": ""São Paulo"", ""ISO3166-2-lvl4"": ""BR-SP"", ""region"": ""Região Sudeste"", ""postcode"": ""05724-003"", ""country"": ""Brasil"", ""country_code"": ""br""}, ""boundingbox"": [""-23.6328341"", ""-23.6316644"", ""-46.7357592"", ""-46.7343931""]}"
172;HOSP MUN M BOI MIRIM;ESTRADA DO MBOI MIRIM, 5203 - JARDIM ANGELA, SAO PAULO, SP;;;not_found;nominatim;not_found;Resposta 200 OK mas sem coordenadas;0;Nenhuma das queries retornou coordenadas válidas;;;;;;;;;;;;
173;INSTITUTO DO CANCER DO ESTADO DE SAO PAULO;AV DR ARNALDO, 251 - CERQUEIRA CESAR, SAO PAULO, SP;-23.5561305;-46.6681716;ok;nominatim;high;;200;;8967555;way;376315989;Instituto do Câncer do Estado de São Paulo Octavio Frias de Oliveira, 251, Avenida Doutor Arnaldo, Cerqueira César, Jardim Paulista, São Paulo, Região Sudeste, 01246-000, Brasil;0.21584611680957558;;hospital;São Paulo;São Paulo;Brasil;AV DR ARNALDO, 251 - CERQUEIRA CESAR, SAO PAULO, SP, São Paulo, SP, Brasil;"{""place_id"": 8967555, ""licence"": ""Data © OpenStreetMap contributors, ODbL 1.0. http://osm.org/copyright"", ""osm_type"": ""way"", ""osm_id"": 376315989, ""lat"": ""-23.5561305"", ""lon"": ""-46.6681716"", ""category"": ""building"", ""type"": ""hospital"", ""place_rank"": 30, ""importance"": 0.21584611680957558, ""addresstype"": ""building"", ""name"": ""Instituto do Câncer do Estado de São Paulo Octavio Frias de Oliveira"", ""display_name"": ""Instituto do Câncer do Estado de São Paulo Octavio Frias de Oliveira, 251, Avenida Doutor Arnaldo, Cerqueira César, Jardim Paulista, São Paulo, Região Sudeste, 01246-000, Brasil"", ""address"": {""building"": ""Instituto do Câncer do Estado de São Paulo Octavio Frias de Oliveira"", ""house_number"": ""251"", ""road"": ""Avenida Doutor Arnaldo"", ""suburb"": ""Cerqueira César"", ""city"": ""São Paulo"", ""state"": ""São Paulo"", ""ISO3166-2-lvl4"": ""BR-SP"", ""region"": ""Região Sudeste"", ""postcode"": ""01246-000"", ""country"": ""Brasil"", ""country_code"": ""br""}, ""boundingbox"": [""-23.5564314"", ""-23.5558401"", ""-46.6684145"", ""-46.6679345""]}"
174;HOSP MUN SOROCABANA;RUA FAUSTOLO, 1633 - VILA ROMANA, SAO PAULO, SP;-23.5238763;-46.7013591;ok;nominatim;low;;200;;9228904;way;390861888;1633, Rua Faustolo, Bairro Siciliano, Lapa, São Paulo, Região Sudeste, 05041-001, Brasil;9.99999999995449e-06;;house;São Paulo;São Paulo;Brasil;RUA FAUSTOLO, 1633 - 05041001;"{""place_id"": 9228904, ""licence"": ""Data © OpenStreetMap contributors, ODbL 1.0. http://osm.org/copyright"", ""osm_type"": ""way"", ""osm_id"": 390861888, ""lat"": ""-23.5238763"", ""lon"": ""-46.7013591"", ""category"": ""place"", ""type"": ""house"", ""place_rank"": 30, ""importance"": 9.99999999995449e-06, ""addresstype"": ""place"", ""name"": """", ""display_name"": ""1633, Rua Faustolo, Bairro Siciliano, Lapa, São Paulo, Região Sudeste, 05041-001, Brasil"", ""address"": {""house_number"": ""1633"", ""road"": ""Rua Faustolo"", ""suburb"": ""Bairro Siciliano"", ""city"": ""São Paulo"", ""state"": ""São Paulo"", ""ISO3166-2-lvl4"": ""BR-SP"", ""region"": ""Região Sudeste"", ""postcode"": ""05041-001"", ""country"": ""Brasil"", ""country_code"": ""br""}, ""boundingbox"": [""-23.5239263"", ""-23.5238263"", ""-46.7014091"", ""-46.7013091""]}"
175;HOSP MUN GILSON DE CASSIA MARQUES DE CARVALHO;AVENIDA SANTA CATARINA, 2785 - VILA MASCOTE, SAO PAULO, SP;-23.6470652;-46.6628240;ok;nominatim;low;;200;;9081994;way;939548762;Avenida Santa Catarina, Vila Mascote, Jabaquara, São Paulo, Região Sudeste, 04368-000, Brasil;0.05341195162890055;;tertiary;São Paulo;São Paulo;Brasil;AVENIDA SANTA CATARINA, 2785 - VILA MASCOTE, SAO PAULO, SP, São Paulo, SP, Brasil;"{""place_id"": 9081994, ""licence"": ""Data © OpenStreetMap contributors, ODbL 1.0. http://osm.org/copyright"", ""osm_type"": ""way"", ""osm_id"": 939548762, ""lat"": ""-23.6470652"", ""lon"": ""-46.6628240"", ""category"": ""highway"", ""type"": ""tertiary"", ""place_rank"": 26, ""importance"": 0.05341195162890055, ""addresstype"": ""road"", ""name"": ""Avenida Santa Catarina"", ""display_name"": ""Avenida Santa Catarina, Vila Mascote, Jabaquara, São Paulo, Região Sudeste, 04368-000, Brasil"", ""address"": {""road"": ""Avenida Santa Catarina"", ""quarter"": ""Vila Mascote"", ""suburb"": ""Jabaquara"", ""city"": ""São Paulo"", ""state"": ""São Paulo"", ""ISO3166-2-lvl4"": ""BR-SP"", ""region"": ""Região Sudeste"", ""postcode"": ""04368-000"", ""country"": ""Brasil"", ""country_code"": ""br""}, ""boundingbox"": [""-23.6471332"", ""-23.6469972"", ""-46.6628972"", ""-46.6627507""]}"
176;HOSP MUN CAPELA DO SOCORRO;RUA CASSIO DE CAMPOS NOGUEIRA, 2031 - JARDIM DAS IMBUIAS, SAO PAULO, SP;-23.7296842;-46.7129995;ok;nominatim;low;;200;;8984952;way;43793127;Rua Cássio de Campos Nogueira, Jardim das Imbuias, Jardim Iporanga, Cidade Dutra, São Paulo, Região Sudeste, 04831-050, Brasil;0.05341195162890055;;residential;São Paulo;São Paulo;Brasil;RUA CASSIO DE CAMPOS NOGUEIRA, 2031 - JARDIM DAS IMBUIAS, SAO PAULO, SP, São Paulo, SP, Brasil;"{""place_id"": 8984952, ""licence"": ""Data © OpenStreetMap contributors, ODbL 1.0. http://osm.org/copyright"", ""osm_type"": ""way"", ""osm_id"": 43793127, ""lat"": ""-23.7296842"", ""lon"": ""-46.7129995"", ""category"": ""highway"", ""type"": ""residential"", ""place_rank"": 26, ""importance"": 0.05341195162890055, ""addresstype"": ""road"", ""name"": ""Rua Cássio de Campos Nogueira"", ""display_name"": ""Rua Cássio de Campos Nogueira, Jardim das Imbuias, Jardim Iporanga, Cidade Dutra, São Paulo, Região Sudeste, 04831-050, Brasil"", ""address"": {""road"": ""Rua Cássio de Campos Nogueira"", ""residential"": ""Jardim das Imbuias"", ""quarter"": ""Jardim Iporanga"", ""suburb"": ""Cidade Dutra"", ""city"": ""São Paulo"", ""state"": ""São Paulo"", ""ISO3166-2-lvl4"": ""BR-SP"", ""region"": ""Região Sudeste"", ""postcode"": ""04831-050"", ""country"": ""Brasil"", ""country_code"": ""br""}, ""boundingbox"": [""-23.7309138"", ""-23.7289074"", ""-46.7137079"", ""-46.7115887""]}"
177;HOSP MUN JOSANIAS CASTANHA BRAGA;RUA EUZEBIO COGHI, 841 - JARDIM ROSCHEL, SAO PAULO, SP;-23.8247733;-46.7266429;ok;nominatim;high;;200;;9111812;way;781353717;Hospital Municipal de Parelheiros, 841, Rua Euzébio Coghi, Jardim Novo Parelheiros, Parelheiros, Vila Roschel, São Paulo, Região Sudeste, 04883-290, Brasil;7.861829556720863e-05;;hospital;São Paulo;São Paulo;Brasil;RUA EUZEBIO COGHI, 841 - JARDIM ROSCHEL, SAO PAULO, SP, São Paulo, SP, Brasil;"{""place_id"": 9111812, ""licence"": ""Data © OpenStreetMap contributors, ODbL 1.0. http://osm.org/copyright"", ""osm_type"": ""way"", ""osm_id"": 781353717, ""lat"": ""-23.8247733"", ""lon"": ""-46.7266429"", ""category"": ""amenity"", ""type"": ""hospital"", ""place_rank"": 30, ""importance"": 7.861829556720863e-05, ""addresstype"": ""amenity"", ""name"": ""Hospital Municipal de Parelheiros"", ""display_name"": ""Hospital Municipal de Parelheiros, 841, Rua Euzébio Coghi, Jardim Novo Parelheiros, Parelheiros, Vila Roschel, São Paulo, Região Sudeste, 04883-290, Brasil"", ""address"": {""amenity"": ""Hospital Municipal de Parelheiros"", ""house_number"": ""841"", ""road"": ""Rua Euzébio Coghi"", ""quarter"": ""Jardim Novo Parelheiros"", ""suburb"": ""Parelheiros"", ""village"": ""Vila Roschel"", ""city"": ""São Paulo"", ""state"": ""São Paulo"", ""ISO3166-2-lvl4"": ""BR-SP"", ""region"": ""Região Sudeste"", ""postcode"": ""04883-290"", ""country"": ""Brasil"", ""country_code"": ""br""}, ""boundingbox"": [""-23.8269001"", ""-23.8224119"", ""-46.7284608"", ""-46.7242454""]}"
178;HOSPITAL MUNICIPAL SANTA DULCE DOS POBRES;RUA ANTONIO CARLOS, 122 - CONSOLACAO, SAO PAULO, SP;-23.5573928;-46.6562429;ok;nominatim;high;;200;;8938162;way;423038991;Hospital Municipal Bela Vista, 122, Rua Antônio Carlos, Bela Vista, Consolação, São Paulo, Região Sudeste, 01309-010, Brasil;7.861829556720863e-05;;hospital;São Paulo;São Paulo;Brasil;RUA ANTONIO CARLOS, 122 - CONSOLACAO, SAO PAULO, SP, São Paulo, SP, Brasil;"{""place_id"": 8938162, ""licence"": ""Data © OpenStreetMap contributors, ODbL 1.0. http://osm.org/copyright"", ""osm_type"": ""way"", ""osm_id"": 423038991, ""lat"": ""-23.5573928"", ""lon"": ""-46.6562429"", ""category"": ""building"", ""type"": ""hospital"", ""place_rank"": 30, ""importance"": 7.861829556720863e-05, ""addresstype"": ""building"", ""name"": ""Hospital Municipal Bela Vista"", ""display_name"": ""Hospital Municipal Bela Vista, 122, Rua Antônio Carlos, Bela Vista, Consolação, São Paulo, Região Sudeste, 01309-010, Brasil"", ""address"": {""building"": ""Hospital Municipal Bela Vista"", ""house_number"": ""122"", ""road"": ""Rua Antônio Carlos"", ""suburb"": ""Bela Vista"", ""city_district"": ""Consolação"", ""city"": ""São Paulo"", ""state"": ""São Paulo"", ""ISO3166-2-lvl4"": ""BR-SP"", ""region"": ""Região Sudeste"", ""postcode"": ""01309-010"", ""country"": ""Brasil"", ""country_code"": ""br""}, ""boundingbox"": [""-23.5575859"", ""-23.5572790"", ""-46.6563559"", ""-46.6561506""]}"
179;HOSPITAL MUNICIPAL BRASILANDIA;MICHIHISA MURATA, 150 - JARDIM MARISTELA, SAO PAULO, SP;-23.4765440;-46.6980006;ok;nominatim;high;;200;;8527899;way;837675272;Hospital Doutor Adib Jatene, Avenida Michihisa Murata, Vila Inferninho, Parque Monteiro Soares, Freguesia do Ó, São Paulo, Região Sudeste, 02834-090, Brasil;7.861829556720863e-05;;hospital;São Paulo;São Paulo;Brasil;HOSPITAL MUNICIPAL BRASILANDIA, MICHIHISA MURATA, 150 - JARDIM MARISTELA, SAO PAULO, SP, São Paulo, SP, Brasil;"{""place_id"": 8527899, ""licence"": ""Data © OpenStreetMap contributors, ODbL 1.0. http://osm.org/copyright"", ""osm_type"": ""way"", ""osm_id"": 837675272, ""lat"": ""-23.4765440"", ""lon"": ""-46.6980006"", ""category"": ""amenity"", ""type"": ""hospital"", ""place_rank"": 30, ""importance"": 7.861829556720863e-05, ""addresstype"": ""amenity"", ""name"": ""Hospital Doutor Adib Jatene"", ""display_name"": ""Hospital Doutor Adib Jatene, Avenida Michihisa Murata, Vila Inferninho, Parque Monteiro Soares, Freguesia do Ó, São Paulo, Região Sudeste, 02834-090, Brasil"", ""address"": {""amenity"": ""Hospital Doutor Adib Jatene"", ""road"": ""Avenida Michihisa Murata"", ""residential"": ""Vila Inferninho"", ""suburb"": ""Parque Monteiro Soares"", ""city"": ""São Paulo"", ""state"": ""São Paulo"", ""ISO3166-2-lvl4"": ""BR-SP"", ""region"": ""Região Sudeste"", ""postcode"": ""02834-090"", ""country"": ""Brasil"", ""country_code"": ""br""}, ""boundingbox"": [""-23.4773669"", ""-23.4757666"", ""-46.6989844"", ""-46.6971943""]}"
180;HOSPITAL MUNICIPAL GUARAPIRANGA;ESTRADA DA RIVIERA, 4742, ZONA SUL - RIVIERA PAULISTA, SAO PAULO, SP;-23.6911689;-46.7517858;ok;nominatim;low;;200;;8983011;way;249884928;Estrada da Riviera, Jardim Ângela, Jardim Copacabana, São Paulo, Região Sudeste, 04916-000, Brasil;0.05341195162890055;;tertiary;São Paulo;São Paulo;Brasil;ESTRADA DA RIVIERA, 4742 - 04916000;"{""place_id"": 8983011, ""licence"": ""Data © OpenStreetMap contributors, ODbL 1.0. http://osm.org/copyright"", ""osm_type"": ""way"", ""osm_id"": 249884928, ""lat"": ""-23.6911689"", ""lon"": ""-46.7517858"", ""category"": ""highway"", ""type"": ""tertiary"", ""place_rank"": 26, ""importance"": 0.05341195162890055, ""addresstype"": ""road"", ""name"": ""Estrada da Riviera"", ""display_name"": ""Estrada da Riviera, Jardim Ângela, Jardim Copacabana, São Paulo, Região Sudeste, 04916-000, Brasil"", ""address"": {""road"": ""Estrada da Riviera"", ""suburb"": ""Jardim Ângela"", ""village"": ""Jardim Copacabana"", ""city"": ""São Paulo"", ""state"": ""São Paulo"", ""ISO3166-2-lvl4"": ""BR-SP"", ""region"": ""Região Sudeste"", ""postcode"": ""04916-000"", ""country"": ""Brasil"", ""country_code"": ""br""}, ""boundingbox"": [""-23.6944196"", ""-23.6867482"", ""-46.7556024"", ""-46.7515804""]}"
181;INSTITUTO DE INFECTOLOGIA EMILIO RIBAS;DR ARNALDO, 165 - SUMARE, SAO PAULO, SP;-23.5470783;-46.6812257;ok;nominatim;low;;200;;8821311;way;16238438;Avenida Doutor Arnaldo, Sumaré, Perdizes, São Paulo, Região Sudeste, 05437-000, Brasil;0.05341195162890055;;secondary;São Paulo;São Paulo;Brasil;DR ARNALDO, 165 - SUMARE, SAO PAULO, SP, São Paulo, SP, Brasil;"{""place_id"": 8821311, ""licence"": ""Data © OpenStreetMap contributors, ODbL 1.0. http://osm.org/copyright"", ""osm_type"": ""way"", ""osm_id"": 16238438, ""lat"": ""-23.5470783"", ""lon"": ""-46.6812257"", ""category"": ""highway"", ""type"": ""secondary"", ""place_rank"": 26, ""importance"": 0.05341195162890055, ""addresstype"": ""road"", ""name"": ""Avenida Doutor Arnaldo"", ""display_name"": ""Avenida Doutor Arnaldo, Sumaré, Perdizes, São Paulo, Região Sudeste, 05437-000, Brasil"", ""address"": {""road"": ""Avenida Doutor Arnaldo"", ""suburb"": ""Sumaré"", ""city_district"": ""Perdizes"", ""city"": ""São Paulo"", ""state"": ""São Paulo"", ""ISO3166-2-lvl4"": ""BR-SP"", ""region"": ""Região Sudeste"", ""postcode"": ""05437-000"", ""country"": ""Brasil"", ""country_code"": ""br""}, ""boundingbox"": [""-23.5492843"", ""-23.5450449"", ""-46.6824698"", ""-46.6803252""]}"
182;HOSPITAL DO SERV PUB EST FCO MORATO DE OLIVEIRA SAO PAULO;AVENIDA IBIRAPUERA, 981 - IBIRAPUERA, SAO PAULO, SP;-22.5952323;-47.4166274;ok;nominatim;low;;200;;9489207;way;240325002;Avenida Doutor Lauro Correa da Silva, 4250, Jardim Ibirapuera, Jardim Ouro Verde, Limeira, São Paulo, Região Sudeste, 13481-241, Brasil;0.05339719157701988;;secondary;Limeira;São Paulo;Brasil;AVENIDA IBIRAPUERA, 981 - IBIRAPUERA, SAO PAULO, SP, São Paulo, SP, Brasil;"{""place_id"": 9489207, ""licence"": ""Data © OpenStreetMap contributors, ODbL 1.0. http://osm.org/copyright"", ""osm_type"": ""way"", ""osm_id"": 240325002, ""lat"": ""-22.5952323"", ""lon"": ""-47.4166274"", ""category"": ""highway"", ""type"": ""secondary"", ""place_rank"": 26, ""importance"": 0.05339719157701988, ""addresstype"": ""road"", ""name"": ""Avenida Doutor Lauro Correa da Silva, 4250"", ""display_name"": ""Avenida Doutor Lauro Correa da Silva, 4250, Jardim Ibirapuera, Jardim Ouro Verde, Limeira, São Paulo, Região Sudeste, 13481-241, Brasil"", ""address"": {""road"": ""Avenida Doutor Lauro Correa da Silva, 4250"", ""quarter"": ""Jardim Ibirapuera"", ""suburb"": ""Jardim Ouro Verde"", ""city_district"": ""Limeira"", ""city"": ""Limeira"", ""state"": ""São Paulo"", ""ISO3166-2-lvl4"": ""BR-SP"", ""region"": ""Região Sudeste"", ""postcode"": ""13481-241"", ""country"": ""Brasil"", ""country_code"": ""br""}, ""boundingbox"": [""-22.5983979"", ""-22.5920933"", ""-47.4183570"", ""-47.4148173""]}"
183;HOSPITAL MATERNIDADE INTERLAGOS;RUA LEONOR ALVIM, 211 - JD LEBLON, SAO PAULO, SP;-23.7069613;-46.7021968;ok;nominatim;low;;200;;9060887;way;942669917;Rua Leonor Alvim, Jardim Cruzeiro, Cidade Dutra, São Paulo, Região Sudeste, 04806-000, Brasil;0.05341195162890055;;residential;São Paulo;São Paulo;Brasil;RUA LEONOR ALVIM, 211 - 04802190;"{""place_id"": 9060887, ""licence"": ""Data © OpenStreetMap contributors, ODbL 1.0. http://osm.org/copyright"", ""osm_type"": ""way"", ""osm_id"": 942669917, ""lat"": ""-23.7069613"", ""lon"": ""-46.7021968"", ""category"": ""highway"", ""type"": ""residential"", ""place_rank"": 26, ""importance"": 0.05341195162890055, ""addresstype"": ""road"", ""name"": ""Rua Leonor Alvim"", ""display_name"": ""Rua Leonor Alvim, Jardim Cruzeiro, Cidade Dutra, São Paulo, Região Sudeste, 04806-000, Brasil"", ""address"": {""road"": ""Rua Leonor Alvim"", ""quarter"": ""Jardim Cruzeiro"", ""suburb"": ""Cidade Dutra"", ""city"": ""São Paulo"", ""state"": ""São Paulo"", ""ISO3166-2-lvl4"": ""BR-SP"", ""region"": ""Região Sudeste"", ""postcode"": ""04806-000"", ""country"": ""Brasil"", ""country_code"": ""br""}, ""boundingbox"": [""-23.7073123"", ""-23.7067857"", ""-46.7028466"", ""-46.7016182""]}"
184;HOSPITAL GERAL DE PEDREIRA;RUA JOAO FRANCISCO DE MOURA, 251 - VILA CAMPO GRANDE, SAO PAULO, SP;-23.6808407;-46.6783317;ok;nominatim;low;;200;;9108402;way;84759928;Rua João Francisco de Moura, Campinha, Campo Grande, Vila Arriete, São Paulo, Região Sudeste, 04455-000, Brasil;0.05341195162890055;;residential;São Paulo;São Paulo;Brasil;RUA JOAO FRANCISCO DE MOURA, 251 - VILA CAMPO GRANDE, SAO PAULO, SP, São Paulo, SP, Brasil;"{""place_id"": 9108402, ""licence"": ""Data © OpenStreetMap contributors, ODbL 1.0. http://osm.org/copyright"", ""osm_type"": ""way"", ""osm_id"": 84759928, ""lat"": ""-23.6808407"", ""lon"": ""-46.6783317"", ""category"": ""highway"", ""type"": ""residential"", ""place_rank"": 26, ""importance"": 0.05341195162890055, ""addresstype"": ""road"", ""name"": ""Rua João Francisco de Moura"", ""display_name"": ""Rua João Francisco de Moura, Campinha, Campo Grande, Vila Arriete, São Paulo, Região Sudeste, 04455-000, Brasil"", ""address"": {""road"": ""Rua João Francisco de Moura"", ""quarter"": ""Campinha"", ""suburb"": ""Vila Arriete"", ""city"": ""São Paulo"", ""state"": ""São Paulo"", ""ISO3166-2-lvl4"": ""BR-SP"", ""region"": ""Região Sudeste"", ""postcode"": ""04455-000"", ""country"": ""Brasil"", ""country_code"": ""br""}, ""boundingbox"": [""-23.6816848"", ""-23.6801011"", ""-46.6793581"", ""-46.6774810""]}"
185;HOSPITAL HELIOPOLIS UNIDADE DE GESTAO ASSISTENCIAL I;CON XAVIER, 276 - V HELIOPOLIS, SAO PAULO, SP;-23.6071150;-46.5952530;ok;nominatim;low;;200;;8932081;node;7998194012;Rua Côn. Xavier, Rua Cônego Xavier, Nova Heliópolis, Vila Bandeirantes, Sacomã, São Paulo, Região Sudeste, 04231-004, Brasil;7.861829556720863e-05;;bus_stop;São Paulo;São Paulo;Brasil;CON XAVIER, 276 - V HELIOPOLIS, SAO PAULO, SP, São Paulo, SP, Brasil;"{""place_id"": 8932081, ""licence"": ""Data © OpenStreetMap contributors, ODbL 1.0. http://osm.org/copyright"", ""osm_type"": ""node"", ""osm_id"": 7998194012, ""lat"": ""-23.6071150"", ""lon"": ""-46.5952530"", ""category"": ""highway"", ""type"": ""bus_stop"", ""place_rank"": 30, ""importance"": 7.861829556720863e-05, ""addresstype"": ""highway"", ""name"": ""Rua Côn. Xavier"", ""display_name"": ""Rua Côn. Xavier, Rua Cônego Xavier, Nova Heliópolis, Vila Bandeirantes, Sacomã, São Paulo, Região Sudeste, 04231-004, Brasil"", ""address"": {""highway"": ""Rua Côn. Xavier"", ""road"": ""Rua Cônego Xavier"", ""residential"": ""Nova Heliópolis"", ""quarter"": ""Vila Bandeirantes"", ""suburb"": ""Sacomã"", ""city_district"": ""Sacomã"", ""city"": ""São Paulo"", ""state"": ""São Paulo"", ""ISO3166-2-lvl4"": ""BR-SP"", ""region"": ""Região Sudeste"", ""postcode"": ""04231-004"", ""country"": ""Brasil"", ""country_code"": ""br""}, ""boundingbox"": [""-23.6071650"", ""-23.6070650"", ""-46.5953030"", ""-46.5952030""]}"
186;CAISM DR DAVID CAPISTRANO DA COSTA FILHO DA AGUA FUNDA SP;AVENIDA MIGUEL STEFNO, 3030 - AGUA FUNDA, SAO PAULO, SP;;;not_found;nominatim;not_found;Resposta 200 OK mas sem coordenadas;0;Nenhuma das queries retornou coordenadas válidas;;;;;;;;;;;;
187;HOSPITAL INFANTIL DARCY VARGAS UGA III SAO PAULO;RUA DR SERAFICO DE ASSIS CARVALHO, 34 - JARDIM GUEDALA, SAO PAULO, SP;-23.5929419;-46.7109151;ok;nominatim;high;;200;;8937090;way;1183565099;Hospital Infantil Darcy Vargas, 34, Rua Doutor Serafico de Assis Carvalho, Cidade Jardim, Morumbi, São Paulo, Região Sudeste, 05615-900, Brasil;7.861829556720863e-05;;hospital;São Paulo;São Paulo;Brasil;RUA DR SERAFICO DE ASSIS CARVALHO, 34 - 04024002;"{""place_id"": 8937090, ""licence"": ""Data © OpenStreetMap contributors, ODbL 1.0. http://osm.org/copyright"", ""osm_type"": ""way"", ""osm_id"": 1183565099, ""lat"": ""-23.5929419"", ""lon"": ""-46.7109151"", ""category"": ""amenity"", ""type"": ""hospital"", ""place_rank"": 30, ""importance"": 7.861829556720863e-05, ""addresstype"": ""amenity"", ""name"": ""Hospital Infantil Darcy Vargas"", ""display_name"": ""Hospital Infantil Darcy Vargas, 34, Rua Doutor Serafico de Assis Carvalho, Cidade Jardim, Morumbi, São Paulo, Região Sudeste, 05615-900, Brasil"", ""address"": {""amenity"": ""Hospital Infantil Darcy Vargas"", ""house_number"": ""34"", ""road"": ""Rua Doutor Serafico de Assis Carvalho"", ""suburb"": ""Cidade Jardim"", ""city"": ""São Paulo"", ""state"": ""São Paulo"", ""ISO3166-2-lvl4"": ""BR-SP"", ""region"": ""Região Sudeste"", ""postcode"": ""05615-900"", ""country"": ""Brasil"", ""country_code"": ""br""}, ""boundingbox"": [""-23.5934524"", ""-23.5920338"", ""-46.7116343"", ""-46.7102493""]}"
188;HOSP MUN MATERNIDADE PROFESSOR MARIO DEGNI;RUA LUCAS DE LEYDE, 257 - VILA ANTONIO, SAO PAULO, SP;-23.5777487;-46.7648420;ok;nominatim;high;;200;;9043309;way;1348051378;Hospital Municipal e Maternidade Professor  Mario Degni, 257, Rua Lucas de Leyde, Jardim Ester, Parque dos Príncipes, Rio Pequeno, São Paulo, Região Sudeste, 05372-110, Brasil;7.861829556720863e-05;;hospital;São Paulo;São Paulo;Brasil;RUA LUCAS DE LEYDE, 257 - 05376010;"{""place_id"": 9043309, ""licence"": ""Data © OpenStreetMap contributors, ODbL 1.0. http://osm.org/copyright"", ""osm_type"": ""way"", ""osm_id"": 1348051378, ""lat"": ""-23.5777487"", ""lon"": ""-46.7648420"", ""category"": ""amenity"", ""type"": ""hospital"", ""place_rank"": 30, ""importance"": 7.861829556720863e-05, ""addresstype"": ""amenity"", ""name"": ""Hospital Municipal e Maternidade Professor  Mario Degni"", ""display_name"": ""Hospital Municipal e Maternidade Professor  Mario Degni, 257, Rua Lucas de Leyde, Jardim Ester, Parque dos Príncipes, Rio Pequeno, São Paulo, Região Sudeste, 05372-110, Brasil"", ""address"": {""amenity"": ""Hospital Municipal e Maternidade Professor  Mario Degni"", ""house_number"": ""257"", ""road"": ""Rua Lucas de Leyde"", ""quarter"": ""Jardim Ester"", ""suburb"": ""Parque dos Príncipes"", ""city_district"": ""Rio Pequeno"", ""city"": ""São Paulo"", ""state"": ""São Paulo"", ""ISO3166-2-lvl4"": ""BR-SP"", ""region"": ""Região Sudeste"", ""postcode"": ""05372-110"", ""country"": ""Brasil"", ""country_code"": ""br""}, ""boundingbox"": [""-23.5787204"", ""-23.5771631"", ""-46.7653750"", ""-46.7640473""]}"
189;HOSPITAL UNIVERSITARIO DA USP SAO PAULO;AV PROF LINEU PRESTES, 2565 - BUTANTA, SAO PAULO, SP;-23.5649058;-46.7409515;ok;nominatim;high;;200;;8975291;way;158788584;Hospital Universitário, 2565, Avenida Professor Lineu Prestes, Butantã, São Paulo, Região Sudeste, 05508-000, Brasil;0.4446133857442175;;hospital;São Paulo;São Paulo;Brasil;AV PROF LINEU PRESTES, 2565 - BUTANTA, SAO PAULO, SP, São Paulo, SP, Brasil;"{""place_id"": 8975291, ""licence"": ""Data © OpenStreetMap contributors, ODbL 1.0. http://osm.org/copyright"", ""osm_type"": ""way"", ""osm_id"": 158788584, ""lat"": ""-23.5649058"", ""lon"": ""-46.7409515"", ""category"": ""amenity"", ""type"": ""hospital"", ""place_rank"": 30, ""importance"": 0.4446133857442175, ""addresstype"": ""amenity"", ""name"": ""Hospital Universitário"", ""display_name"": ""Hospital Universitário, 2565, Avenida Professor Lineu Prestes, Butantã, São Paulo, Região Sudeste, 05508-000, Brasil"", ""address"": {""amenity"": ""Hospital Universitário"", ""house_number"": ""2565"", ""road"": ""Avenida Professor Lineu Prestes"", ""suburb"": ""Butantã"", ""city"": ""São Paulo"", ""state"": ""São Paulo"", ""ISO3166-2-lvl4"": ""BR-SP"", ""region"": ""Região Sudeste"", ""postcode"": ""05508-000"", ""country"": ""Brasil"", ""country_code"": ""br""}, ""boundingbox"": [""-23.5658343"", ""-23.5636331"", ""-46.7425797"", ""-46.7397181""]}"
190;CAISM PHILIPPE PINEL SAO PAULO;AV RAIMUNDO PEREIRA DE MAGALHAES, 5214 - PIRITUBA, SAO PAULO, SP;-23.4869816;-46.7239346;ok;nominatim;high;;200;;8515185;way;79877355;Centro de Atenção Integrada à Saúde Mental Philippe Pinel, 5214, Avenida Raimundo Pereira de Magalhães, Piqueri, Pirituba, São Paulo, Região Sudeste, 02945-040, Brasil;7.861829556720863e-05;;hospital;São Paulo;São Paulo;Brasil;AV RAIMUNDO PEREIRA DE MAGALHAES, 5214 - PIRITUBA, SAO PAULO, SP, São Paulo, SP, Brasil;"{""place_id"": 8515185, ""licence"": ""Data © OpenStreetMap contributors, ODbL 1.0. http://osm.org/copyright"", ""osm_type"": ""way"", ""osm_id"": 79877355, ""lat"": ""-23.4869816"", ""lon"": ""-46.7239346"", ""category"": ""amenity"", ""type"": ""hospital"", ""place_rank"": 30, ""importance"": 7.861829556720863e-05, ""addresstype"": ""amenity"", ""name"": ""Centro de Atenção Integrada à Saúde Mental Philippe Pinel"", ""display_name"": ""Centro de Atenção Integrada à Saúde Mental Philippe Pinel, 5214, Avenida Raimundo Pereira de Magalhães, Piqueri, Pirituba, São Paulo, Região Sudeste, 02945-040, Brasil"", ""address"": {""amenity"": ""Centro de Atenção Integrada à Saúde Mental Philippe Pinel"", ""house_number"": ""5214"", ""road"": ""Avenida Raimundo Pereira de Magalhães"", ""suburb"": ""Piqueri"", ""city"": ""São Paulo"", ""state"": ""São Paulo"", ""ISO3166-2-lvl4"": ""BR-SP"", ""region"": ""Região Sudeste"", ""postcode"": ""02945-040"", ""country"": ""Brasil"", ""country_code"": ""br""}, ""boundingbox"": [""-23.4880054"", ""-23.4855749"", ""-46.7251542"", ""-46.7228936""]}"
191;HOSPITAL GERAL HENRIQUE ALTIMEYER DE VILA ALPINA;AV FRANCISCO FALCONI, 1501 - VILA ALPINA, SAO PAULO, SP;-23.5930526;-46.5607618;ok;nominatim;high;;200;;8855708;way;195664900;Hospital Estadual Vila Alpina, 1501, Avenida Francisco Falconi, Vila Alpina, Vila Prudente, São Paulo, Região Sudeste, 03227-000, Brasil;7.861829556720863e-05;;hospital;São Paulo;São Paulo;Brasil;AV FRANCISCO FALCONI, 1501 - VILA ALPINA, SAO PAULO, SP, São Paulo, SP, Brasil;"{""place_id"": 8855708, ""licence"": ""Data © OpenStreetMap contributors, ODbL 1.0. http://osm.org/copyright"", ""osm_type"": ""way"", ""osm_id"": 195664900, ""lat"": ""-23.5930526"", ""lon"": ""-46.5607618"", ""category"": ""amenity"", ""type"": ""hospital"", ""place_rank"": 30, ""importance"": 7.861829556720863e-05, ""addresstype"": ""amenity"", ""name"": ""Hospital Estadual Vila Alpina"", ""display_name"": ""Hospital Estadual Vila Alpina, 1501, Avenida Francisco Falconi, Vila Alpina, Vila Prudente, São Paulo, Região Sudeste, 03227-000, Brasil"", ""address"": {""amenity"": ""Hospital Estadual Vila Alpina"", ""house_number"": ""1501"", ""road"": ""Avenida Francisco Falconi"", ""suburb"": ""Vila Alpina"", ""city_district"": ""Vila Prudente"", ""city"": ""São Paulo"", ""state"": ""São Paulo"", ""ISO3166-2-lvl4"": ""BR-SP"", ""region"": ""Região Sudeste"", ""postcode"": ""03227-000"", ""country"": ""Brasil"", ""country_code"": ""br""}, ""boundingbox"": [""-23.5938614"", ""-23.5922764"", ""-46.5626876"", ""-46.5600426""]}"
192;HOSP MUN PIRITUBA JOSE SOARES HUNGRIA;AVENIDA MENOTTI LAUDISIO, 100 - PIRITUBA, SAO PAULO, SP;-23.4845293;-46.7275153;ok;nominatim;high;;200;;8606285;way;79442277;Hospital Municipal Doutor José Soares Hungria, 100, Avenida Menotti Laudisio, Jardim Líbano, Piqueri, Pirituba, São Paulo, Região Sudeste, 02945-000, Brasil;7.861829556720863e-05;;hospital;São Paulo;São Paulo;Brasil;AVENIDA MENOTTI LAUDISIO, 100 - PIRITUBA, SAO PAULO, SP, São Paulo, SP, Brasil;"{""place_id"": 8606285, ""licence"": ""Data © OpenStreetMap contributors, ODbL 1.0. http://osm.org/copyright"", ""osm_type"": ""way"", ""osm_id"": 79442277, ""lat"": ""-23.4845293"", ""lon"": ""-46.7275153"", ""category"": ""amenity"", ""type"": ""hospital"", ""place_rank"": 30, ""importance"": 7.861829556720863e-05, ""addresstype"": ""amenity"", ""name"": ""Hospital Municipal Doutor José Soares Hungria"", ""display_name"": ""Hospital Municipal Doutor José Soares Hungria, 100, Avenida Menotti Laudisio, Jardim Líbano, Piqueri, Pirituba, São Paulo, Região Sudeste, 02945-000, Brasil"", ""address"": {""amenity"": ""Hospital Municipal Doutor José Soares Hungria"", ""house_number"": ""100"", ""road"": ""Avenida Menotti Laudisio"", ""neighbourhood"": ""Jardim Líbano"", ""suburb"": ""Piqueri"", ""city"": ""São Paulo"", ""state"": ""São Paulo"", ""ISO3166-2-lvl4"": ""BR-SP"", ""region"": ""Região Sudeste"", ""postcode"": ""02945-000"", ""country"": ""Brasil"", ""country_code"": ""br""}, ""boundingbox"": [""-23.4856336"", ""-23.4836530"", ""-46.7285330"", ""-46.7265242""]}"
193;HOSPITAL GERAL DE SAO MATEUS SAO PAULO;RUA ANGELO DE CANDIA, 540 - SAO MATEUS, SAO PAULO, SP;-23.5947358;-46.4867109;ok;nominatim;high;;200;;8814414;way;437648955;Hospital Geral de São Mateus, 540, Rua Ângelo de Cândia, Jardim Imperador, São Mateus, São Paulo, Região Sudeste, 03958-000, Brasil;7.861829556720863e-05;;hospital;São Paulo;São Paulo;Brasil;HOSPITAL GERAL DE SAO MATEUS SAO PAULO, RUA ANGELO DE CANDIA, 540 - SAO MATEUS, SAO PAULO, SP, São Paulo, SP, Brasil;"{""place_id"": 8814414, ""licence"": ""Data © OpenStreetMap contributors, ODbL 1.0. http://osm.org/copyright"", ""osm_type"": ""way"", ""osm_id"": 437648955, ""lat"": ""-23.5947358"", ""lon"": ""-46.4867109"", ""category"": ""amenity"", ""type"": ""hospital"", ""place_rank"": 30, ""importance"": 7.861829556720863e-05, ""addresstype"": ""amenity"", ""name"": ""Hospital Geral de São Mateus"", ""display_name"": ""Hospital Geral de São Mateus, 540, Rua Ângelo de Cândia, Jardim Imperador, São Mateus, São Paulo, Região Sudeste, 03958-000, Brasil"", ""address"": {""amenity"": ""Hospital Geral de São Mateus"", ""house_number"": ""540"", ""road"": ""Rua Ângelo de Cândia"", ""suburb"": ""Jardim Imperador"", ""city"": ""São Paulo"", ""state"": ""São Paulo"", ""ISO3166-2-lvl4"": ""BR-SP"", ""region"": ""Região Sudeste"", ""postcode"": ""03958-000"", ""country"": ""Brasil"", ""country_code"": ""br""}, ""boundingbox"": [""-23.5954600"", ""-23.5940117"", ""-46.4872724"", ""-46.4861494""]}"
194;UNIDADE DE GESTAO ASSISTENCIAL II HOSPITAL IPIRANGA SP;AVENIDA NAZARE, 28 - IPIRANGA, SAO PAULO, SP;-23.5842030;-46.6116295;ok;nominatim;high;;200;;8839690;way;467681159;Hospital Ipiranga, 28, Avenida Nazaré, Ipiranga, São Paulo, Região Sudeste, 04262-000, Brasil;7.861829556720863e-05;;hospital;São Paulo;São Paulo;Brasil;AVENIDA NAZARE, 28 - IPIRANGA, SAO PAULO, SP, São Paulo, SP, Brasil;"{""place_id"": 8839690, ""licence"": ""Data © OpenStreetMap contributors, ODbL 1.0. http://osm.org/copyright"", ""osm_type"": ""way"", ""osm_id"": 467681159, ""lat"": ""-23.5842030"", ""lon"": ""-46.6116295"", ""category"": ""amenity"", ""type"": ""hospital"", ""place_rank"": 30, ""importance"": 7.861829556720863e-05, ""addresstype"": ""amenity"", ""name"": ""Hospital Ipiranga"", ""display_name"": ""Hospital Ipiranga, 28, Avenida Nazaré, Ipiranga, São Paulo, Região Sudeste, 04262-000, Brasil"", ""address"": {""amenity"": ""Hospital Ipiranga"", ""house_number"": ""28"", ""road"": ""Avenida Nazaré"", ""suburb"": ""Ipiranga"", ""city_district"": ""Ipiranga"", ""city"": ""São Paulo"", ""state"": ""São Paulo"", ""ISO3166-2-lvl4"": ""BR-SP"", ""region"": ""Região Sudeste"", ""postcode"": ""04262-000"", ""country"": ""Brasil"", ""country_code"": ""br""}, ""boundingbox"": [""-23.5846982"", ""-23.5838803"", ""-46.6121370"", ""-46.6111008""]}"
195;CONJUNTO HOSPITALAR DO MANDAQUI SAO PAULO;RUA VOLUNTARIOS DA PATRIA, 4301 - SANTANA, SAO PAULO, SP;-23.4849783;-46.6314355;ok;nominatim;high;;200;;8683899;relation;3281462;Conjunto Hospitalar do Mandaqui, 4301, Rua Voluntários da Pátria, Alto de Santana, Santana, São Paulo, Região Sudeste, 02401-400, Brasil;0.4353606624145101;;hospital;São Paulo;São Paulo;Brasil;CONJUNTO HOSPITALAR DO MANDAQUI SAO PAULO, RUA VOLUNTARIOS DA PATRIA, 4301 - SANTANA, SAO PAULO, SP, São Paulo, SP, Brasil;"{""place_id"": 8683899, ""licence"": ""Data © OpenStreetMap contributors, ODbL 1.0. http://osm.org/copyright"", ""osm_type"": ""relation"", ""osm_id"": 3281462, ""lat"": ""-23.4849783"", ""lon"": ""-46.6314355"", ""category"": ""amenity"", ""type"": ""hospital"", ""place_rank"": 30, ""importance"": 0.4353606624145101, ""addresstype"": ""amenity"", ""name"": ""Conjunto Hospitalar do Mandaqui"", ""display_name"": ""Conjunto Hospitalar do Mandaqui, 4301, Rua Voluntários da Pátria, Alto de Santana, Santana, São Paulo, Região Sudeste, 02401-400, Brasil"", ""address"": {""amenity"": ""Conjunto Hospitalar do Mandaqui"", ""house_number"": ""4301"", ""road"": ""Rua Voluntários da Pátria"", ""suburb"": ""Alto de Santana"", ""city_district"": ""Santana"", ""city"": ""São Paulo"", ""state"": ""São Paulo"", ""ISO3166-2-lvl4"": ""BR-SP"", ""region"": ""Região Sudeste"", ""postcode"": ""02401-400"", ""country"": ""Brasil"", ""country_code"": ""br""}, ""boundingbox"": [""-23.4867695"", ""-23.4830889"", ""-46.6332399"", ""-46.6294796""]}"
196;HOSPITAL GERAL SANTA MARCELINA DE ITAIM PAULISTA SAO PAULO;AV MARECHAL TITO, 6035 - ITAIM PAULISTA, SAO PAULO, SP;-23.4924231;-46.3889814;ok;nominatim;high;;200;;8694629;way;319792790;Hospital Santa Marcelina do Itaim Paulista O.S.S, 6035, Avenida Marechal Tito, Vila Itaim, Jardim São Luís (Zona leste), Itaim Paulista, São Paulo, Região Sudeste, 08115-100, Brasil;7.861829556720863e-05;;hospital;São Paulo;São Paulo;Brasil;AV MARECHAL TITO, 6035 - ITAIM PAULISTA, SAO PAULO, SP, São Paulo, SP, Brasil;"{""place_id"": 8694629, ""licence"": ""Data © OpenStreetMap contributors, ODbL 1.0. http://osm.org/copyright"", ""osm_type"": ""way"", ""osm_id"": 319792790, ""lat"": ""-23.4924231"", ""lon"": ""-46.3889814"", ""category"": ""amenity"", ""type"": ""hospital"", ""place_rank"": 30, ""importance"": 7.861829556720863e-05, ""addresstype"": ""amenity"", ""name"": ""Hospital Santa Marcelina do Itaim Paulista O.S.S"", ""display_name"": ""Hospital Santa Marcelina do Itaim Paulista O.S.S, 6035, Avenida Marechal Tito, Vila Itaim, Jardim São Luís (Zona leste), Itaim Paulista, São Paulo, Região Sudeste, 08115-100, Brasil"", ""address"": {""amenity"": ""Hospital Santa Marcelina do Itaim Paulista O.S.S"", ""house_number"": ""6035"", ""road"": ""Avenida Marechal Tito"", ""neighbourhood"": ""Vila Itaim"", ""suburb"": ""Jardim São Luís (Zona leste)"", ""city"": ""São Paulo"", ""state"": ""São Paulo"", ""ISO3166-2-lvl4"": ""BR-SP"", ""region"": ""Região Sudeste"", ""postcode"": ""08115-100"", ""country"": ""Brasil"", ""country_code"": ""br""}, ""boundingbox"": [""-23.4933870"", ""-23.4914681"", ""-46.3900733"", ""-46.3879965""]}"
197;HOSP MUN PROF DR WALDOMIRO DE PAULA;RUA AUGUSTO CARLOS BAUMANN, 1074 - ITAQUERA, SAO PAULO, SP;-23.5321357;-46.4472128;ok;nominatim;low;;200;;8699046;way;272661161;Rua Augusto Carlos Bauman, Vila Carmosina, Itaquera, São Paulo, Região Sudeste, 08210-540, Brasil;0.05341195162890055;;secondary;São Paulo;São Paulo;Brasil;RUA AUGUSTO CARLOS BAUMANN, 1074 - ITAQUERA, SAO PAULO, SP, São Paulo, SP, Brasil;"{""place_id"": 8699046, ""licence"": ""Data © OpenStreetMap contributors, ODbL 1.0. http://osm.org/copyright"", ""osm_type"": ""way"", ""osm_id"": 272661161, ""lat"": ""-23.5321357"", ""lon"": ""-46.4472128"", ""category"": ""highway"", ""type"": ""secondary"", ""place_rank"": 26, ""importance"": 0.05341195162890055, ""addresstype"": ""road"", ""name"": ""Rua Augusto Carlos Bauman"", ""display_name"": ""Rua Augusto Carlos Bauman, Vila Carmosina, Itaquera, São Paulo, Região Sudeste, 08210-540, Brasil"", ""address"": {""road"": ""Rua Augusto Carlos Bauman"", ""quarter"": ""Vila Carmosina"", ""suburb"": ""Itaquera"", ""city"": ""São Paulo"", ""state"": ""São Paulo"", ""ISO3166-2-lvl4"": ""BR-SP"", ""region"": ""Região Sudeste"", ""postcode"": ""08210-540"", ""country"": ""Brasil"", ""country_code"": ""br""}, ""boundingbox"": [""-23.5325274"", ""-23.5317431"", ""-46.4478428"", ""-46.4465833""]}"
198;HOSPITAL GERAL DO GRAJAU PROF LIBER JOHN ALPHONSE DI DIO SP;RUA FRANCISCO OTAVIO PACCA, 180 - PARQUE DAS NACOES, SAO PAULO, SP;-23.6911520;-46.5848155;ok;nominatim;low;;200;;9047908;way;269098990;Oficina Brasil, 1937, Avenida Piraporinha, Piraporinha, Diadema, São Paulo, Região Sudeste, 09950-000, Brasil;7.861829556720863e-05;;car_repair;Diadema;São Paulo;Brasil;04822030, 180, SAO PAULO, SP, Brasil;"{""place_id"": 9047908, ""licence"": ""Data © OpenStreetMap contributors, ODbL 1.0. http://osm.org/copyright"", ""osm_type"": ""way"", ""osm_id"": 269098990, ""lat"": ""-23.6911520"", ""lon"": ""-46.5848155"", ""category"": ""shop"", ""type"": ""car_repair"", ""place_rank"": 30, ""importance"": 7.861829556720863e-05, ""addresstype"": ""shop"", ""name"": ""Oficina Brasil"", ""display_name"": ""Oficina Brasil, 1937, Avenida Piraporinha, Piraporinha, Diadema, São Paulo, Região Sudeste, 09950-000, Brasil"", ""address"": {""shop"": ""Oficina Brasil"", ""house_number"": ""1937"", ""road"": ""Avenida Piraporinha"", ""suburb"": ""Piraporinha"", ""city_district"": ""Diadema"", ""city"": ""Diadema"", ""state"": ""São Paulo"", ""ISO3166-2-lvl4"": ""BR-SP"", ""region"": ""Região Sudeste"", ""postcode"": ""09950-000"", ""country"": ""Brasil"", ""country_code"": ""br""}, ""boundingbox"": [""-23.6912159"", ""-23.6910783"", ""-46.5849354"", ""-46.5846886""]}"
199;HOSPITAL E MATERNIDADE LEONOR MENDES DE BARROS SAO PAULO;AV CELSO GARCIA, 2477 - BELENZINHO, SAO PAULO, SP;-23.5359031;-46.5887061;ok;nominatim;high;;200;;8847125;way;463619231;Hospital Maternidade Leonor Mendes de Barros, 2477, Avenida Celso Garcia, Belém, São Paulo, Região Sudeste, 03015-000, Brasil;7.861829556720863e-05;;hospital;São Paulo;São Paulo;Brasil;AV CELSO GARCIA, 2477 - 03015000;"{""place_id"": 8847125, ""licence"": ""Data © OpenStreetMap contributors, ODbL 1.0. http://osm.org/copyright"", ""osm_type"": ""way"", ""osm_id"": 463619231, ""lat"": ""-23.5359031"", ""lon"": ""-46.5887061"", ""category"": ""amenity"", ""type"": ""hospital"", ""place_rank"": 30, ""importance"": 7.861829556720863e-05, ""addresstype"": ""amenity"", ""name"": ""Hospital Maternidade Leonor Mendes de Barros"", ""display_name"": ""Hospital Maternidade Leonor Mendes de Barros, 2477, Avenida Celso Garcia, Belém, São Paulo, Região Sudeste, 03015-000, Brasil"", ""address"": {""amenity"": ""Hospital Maternidade Leonor Mendes de Barros"", ""house_number"": ""2477"", ""road"": ""Avenida Celso Garcia"", ""suburb"": ""Belém"", ""city"": ""São Paulo"", ""state"": ""São Paulo"", ""ISO3166-2-lvl4"": ""BR-SP"", ""region"": ""Região Sudeste"", ""postcode"": ""03015-000"", ""country"": ""Brasil"", ""country_code"": ""br""}, ""boundingbox"": [""-23.5365735"", ""-23.5352205"", ""-46.5896561"", ""-46.5878076""]}"
200;CENTRO DE REFERENCIA E TREINAMENTO DST AIDS SAO PAULO;RUA SANTA CRUZ, 81 - VILA MARIANA, SAO PAULO, SP;-23.5966194;-46.6358133;ok;nominatim;high;;200;;8787168;way;1077044306;Centro de Referência e Treinamento DST/Aids-SP, 81, Rua Santa Cruz, Vila Mariana, São Paulo, Região Sudeste, 04121-000, Brasil;7.861829556720863e-05;;hospital;São Paulo;São Paulo;Brasil;RUA SANTA CRUZ, 81 - VILA MARIANA, SAO PAULO, SP, São Paulo, SP, Brasil;"{""place_id"": 8787168, ""licence"": ""Data © OpenStreetMap contributors, ODbL 1.0. http://osm.org/copyright"", ""osm_type"": ""way"", ""osm_id"": 1077044306, ""lat"": ""-23.5966194"", ""lon"": ""-46.6358133"", ""category"": ""amenity"", ""type"": ""hospital"", ""place_rank"": 30, ""importance"": 7.861829556720863e-05, ""addresstype"": ""amenity"", ""name"": ""Centro de Referência e Treinamento DST/Aids-SP"", ""display_name"": ""Centro de Referência e Treinamento DST/Aids-SP, 81, Rua Santa Cruz, Vila Mariana, São Paulo, Região Sudeste, 04121-000, Brasil"", ""address"": {""amenity"": ""Centro de Referência e Treinamento DST/Aids-SP"", ""house_number"": ""81"", ""road"": ""Rua Santa Cruz"", ""suburb"": ""Vila Mariana"", ""city_district"": ""Vila Mariana"", ""city"": ""São Paulo"", ""state"": ""São Paulo"", ""ISO3166-2-lvl4"": ""BR-SP"", ""region"": ""Região Sudeste"", ""postcode"": ""04121-000"", ""country"": ""Brasil"", ""country_code"": ""br""}, ""boundingbox"": [""-23.5969243"", ""-23.5963444"", ""-46.6359613"", ""-46.6356600""]}"
201;HOSPITAL MILITAR DE AREA DE SAO PAULO;RUA OUVIDOR PORTUGAL, 230 - CAMBUCI, SAO PAULO, SP;-23.5696701;-46.6134492;ok;nominatim;high;;200;;8931936;node;1693998312;Hospital Militar de Área de São Paulo, 230, Rua Ouvidor Portugal, Vila Monumento, Cambuci, São Paulo, Região Sudeste, 01551-010, Brasil;7.861829556720863e-05;;hospital;São Paulo;São Paulo;Brasil;HOSPITAL MILITAR DE AREA DE SAO PAULO, RUA OUVIDOR PORTUGAL, 230 - CAMBUCI, SAO PAULO, SP, São Paulo, SP, Brasil;"{""place_id"": 8931936, ""licence"": ""Data © OpenStreetMap contributors, ODbL 1.0. http://osm.org/copyright"", ""osm_type"": ""node"", ""osm_id"": 1693998312, ""lat"": ""-23.5696701"", ""lon"": ""-46.6134492"", ""category"": ""amenity"", ""type"": ""hospital"", ""place_rank"": 30, ""importance"": 7.861829556720863e-05, ""addresstype"": ""amenity"", ""name"": ""Hospital Militar de Área de São Paulo"", ""display_name"": ""Hospital Militar de Área de São Paulo, 230, Rua Ouvidor Portugal, Vila Monumento, Cambuci, São Paulo, Região Sudeste, 01551-010, Brasil"", ""address"": {""amenity"": ""Hospital Militar de Área de São Paulo"", ""house_number"": ""230"", ""road"": ""Rua Ouvidor Portugal"", ""suburb"": ""Vila Monumento"", ""city_district"": ""Cambuci"", ""city"": ""São Paulo"", ""state"": ""São Paulo"", ""ISO3166-2-lvl4"": ""BR-SP"", ""region"": ""Região Sudeste"", ""postcode"": ""01551-010"", ""country"": ""Brasil"", ""country_code"": ""br""}, ""boundingbox"": [""-23.5697201"", ""-23.5696201"", ""-46.6134992"", ""-46.6133992""]}"
202;CENTRO DE REFERENCIA DA SAUDE DA MULHER;AV RIO BRANCO, 1080 - CAMPOS ELISEOS, SAO PAULO, SP;-22.9288098;-47.1152922;ok;nominatim;low;;200;;9410471;way;149121226;Rua Rio Branco, Jardim Ipaussurama, Jardim Paulicéia, Campinas, São Paulo, Região Sudeste, 13060-562, Brasil;0.053401859311818074;;residential;Campinas;São Paulo;Brasil;AV RIO BRANCO, 1080 - CAMPOS ELISEOS, SAO PAULO, SP, São Paulo, SP, Brasil;"{""place_id"": 9410471, ""licence"": ""Data © OpenStreetMap contributors, ODbL 1.0. http://osm.org/copyright"", ""osm_type"": ""way"", ""osm_id"": 149121226, ""lat"": ""-22.9288098"", ""lon"": ""-47.1152922"", ""category"": ""highway"", ""type"": ""residential"", ""place_rank"": 26, ""importance"": 0.053401859311818074, ""addresstype"": ""road"", ""name"": ""Rua Rio Branco"", ""display_name"": ""Rua Rio Branco, Jardim Ipaussurama, Jardim Paulicéia, Campinas, São Paulo, Região Sudeste, 13060-562, Brasil"", ""address"": {""road"": ""Rua Rio Branco"", ""residential"": ""Jardim Ipaussurama"", ""suburb"": ""Jardim Paulicéia"", ""city_district"": ""Campinas"", ""city"": ""Campinas"", ""state"": ""São Paulo"", ""ISO3166-2-lvl4"": ""BR-SP"", ""region"": ""Região Sudeste"", ""postcode"": ""13060-562"", ""country"": ""Brasil"", ""country_code"": ""br""}, ""boundingbox"": [""-22.9288363"", ""-22.9287833"", ""-47.1159417"", ""-47.1146428""]}"
203;HOSP MUN INFANTIL MENINO JESUS;RUA DOS INGLESES, 258 - BELA VISTA, SAO PAULO, SP;-23.5602200;-46.6469982;ok;nominatim;low;;200;;9665640;way;1172464432;258, Rua dos Ingleses, Morro dos Ingleses, Bela Vista, São Paulo, Região Sudeste, 01329-000, Brasil;9.99999999995449e-06;;house;São Paulo;São Paulo;Brasil;RUA DOS INGLESES, 258 - BELA VISTA, SAO PAULO, SP, São Paulo, SP, Brasil;"{""place_id"": 9665640, ""licence"": ""Data © OpenStreetMap contributors, ODbL 1.0. http://osm.org/copyright"", ""osm_type"": ""way"", ""osm_id"": 1172464432, ""lat"": ""-23.5602200"", ""lon"": ""-46.6469982"", ""category"": ""place"", ""type"": ""house"", ""place_rank"": 30, ""importance"": 9.99999999995449e-06, ""addresstype"": ""place"", ""name"": """", ""display_name"": ""258, Rua dos Ingleses, Morro dos Ingleses, Bela Vista, São Paulo, Região Sudeste, 01329-000, Brasil"", ""address"": {""house_number"": ""258"", ""road"": ""Rua dos Ingleses"", ""suburb"": ""Morro dos Ingleses"", ""city"": ""São Paulo"", ""state"": ""São Paulo"", ""ISO3166-2-lvl4"": ""BR-SP"", ""region"": ""Região Sudeste"", ""postcode"": ""01329-000"", ""country"": ""Brasil"", ""country_code"": ""br""}, ""boundingbox"": [""-23.5602700"", ""-23.5601700"", ""-46.6470482"", ""-46.6469482""]}"
204;HOSP DA AERONAUTICA DE SPHASP;OLAVO FONTOURA, 1400, SANTANA - SANTANA, SAO PAULO, SP;-23.5143658;-46.6366806;ok;nominatim;low;;200;;8978059;way;646945023;Avenida Olavo Fontoura, Carandiru, Santana, São Paulo, Região Sudeste, 02012-021, Brasil;0.05341195162890055;;primary;São Paulo;São Paulo;Brasil;OLAVO FONTOURA, 1400, SANTANA - SANTANA, SAO PAULO, SP, São Paulo, SP, Brasil;"{""place_id"": 8978059, ""licence"": ""Data © OpenStreetMap contributors, ODbL 1.0. http://osm.org/copyright"", ""osm_type"": ""way"", ""osm_id"": 646945023, ""lat"": ""-23.5143658"", ""lon"": ""-46.6366806"", ""category"": ""highway"", ""type"": ""primary"", ""place_rank"": 26, ""importance"": 0.05341195162890055, ""addresstype"": ""road"", ""name"": ""Avenida Olavo Fontoura"", ""display_name"": ""Avenida Olavo Fontoura, Carandiru, Santana, São Paulo, Região Sudeste, 02012-021, Brasil"", ""address"": {""road"": ""Avenida Olavo Fontoura"", ""suburb"": ""Carandiru"", ""city_district"": ""Santana"", ""city"": ""São Paulo"", ""state"": ""São Paulo"", ""ISO3166-2-lvl4"": ""BR-SP"", ""region"": ""Região Sudeste"", ""postcode"": ""02012-021"", ""country"": ""Brasil"", ""country_code"": ""br""}, ""boundingbox"": [""-23.5150607"", ""-23.5141410"", ""-46.6407666"", ""-46.6325520""]}"
205;HOSP MUN MAT ESC DR MARIO DE MORAES A SILVA;DEPUTADO EMILIO CARLOS, 3100 - VILA NOVA CACHOEIRIN, SAO PAULO, SP;-23.4802096;-46.6709709;ok;nominatim;high;;200;;8553501;way;423650178;Hospital Municipal Maternidade-Escola Vila Nova Cachoeirinha, 3100, Avenida Deputado Emílio Carlos, Vila Amélia, Cachoeirinha, São Paulo, Região Sudeste, 02765-050, Brasil;0.04539457909600718;;hospital;São Paulo;São Paulo;Brasil;DEPUTADO EMILIO CARLOS, 3100 - 02721000;"{""place_id"": 8553501, ""licence"": ""Data © OpenStreetMap contributors, ODbL 1.0. http://osm.org/copyright"", ""osm_type"": ""way"", ""osm_id"": 423650178, ""lat"": ""-23.4802096"", ""lon"": ""-46.6709709"", ""category"": ""building"", ""type"": ""hospital"", ""place_rank"": 30, ""importance"": 0.04539457909600718, ""addresstype"": ""building"", ""name"": ""Hospital Municipal Maternidade-Escola Vila Nova Cachoeirinha"", ""display_name"": ""Hospital Municipal Maternidade-Escola Vila Nova Cachoeirinha, 3100, Avenida Deputado Emílio Carlos, Vila Amélia, Cachoeirinha, São Paulo, Região Sudeste, 02765-050, Brasil"", ""address"": {""building"": ""Hospital Municipal Maternidade-Escola Vila Nova Cachoeirinha"", ""house_number"": ""3100"", ""road"": ""Avenida Deputado Emílio Carlos"", ""suburb"": ""Vila Amélia"", ""city"": ""São Paulo"", ""state"": ""São Paulo"", ""ISO3166-2-lvl4"": ""BR-SP"", ""region"": ""Região Sudeste"", ""postcode"": ""02765-050"", ""country"": ""Brasil"", ""country_code"": ""br""}, ""boundingbox"": [""-23.4807433"", ""-23.4796940"", ""-46.6717507"", ""-46.6702427""]}"
206;HOSPITAL GERAL JESUS TEIXEIRA DA COSTA GUAIANASES SAO PAULO;AV MIGUEL ACHIOLE DA FONSECA, 135 - JARDIM SAO PAULO, SAO PAULO, SP;-23.5595500;-46.4048541;ok;nominatim;low;;200;;8745797;way;393911681;Avenida Miguel Achiole da Fonseca, Jardim São Paulo, Guaianases, São Paulo, Região Sudeste, 08461-620, Brasil;0.05341195162890055;;tertiary;São Paulo;São Paulo;Brasil;AV MIGUEL ACHIOLE DA FONSECA, 135 - JARDIM SAO PAULO, SAO PAULO, SP, São Paulo, SP, Brasil;"{""place_id"": 8745797, ""licence"": ""Data © OpenStreetMap contributors, ODbL 1.0. http://osm.org/copyright"", ""osm_type"": ""way"", ""osm_id"": 393911681, ""lat"": ""-23.5595500"", ""lon"": ""-46.4048541"", ""category"": ""highway"", ""type"": ""tertiary"", ""place_rank"": 26, ""importance"": 0.05341195162890055, ""addresstype"": ""road"", ""name"": ""Avenida Miguel Achiole da Fonseca"", ""display_name"": ""Avenida Miguel Achiole da Fonseca, Jardim São Paulo, Guaianases, São Paulo, Região Sudeste, 08461-620, Brasil"", ""address"": {""road"": ""Avenida Miguel Achiole da Fonseca"", ""quarter"": ""Jardim São Paulo"", ""suburb"": ""Guaianases"", ""city"": ""São Paulo"", ""state"": ""São Paulo"", ""ISO3166-2-lvl4"": ""BR-SP"", ""region"": ""Região Sudeste"", ""postcode"": ""08461-620"", ""country"": ""Brasil"", ""country_code"": ""br""}, ""boundingbox"": [""-23.5602350"", ""-23.5590405"", ""-46.4079957"", ""-46.4016858""]}"
207;HOSP MUN DR CARMINO CARICCHIO;AVENIDA CELSO GARCIA, 4815 - TATUAPE, SAO PAULO, SP;-23.5329502;-46.5664411;ok;nominatim;high;;200;;8778472;way;375977786;Hospital Municipal Doutor Cármino Caricchio, 4815, Avenida Celso Garcia, Parque São Jorge, Tatuapé, São Paulo, Região Sudeste, 03069-000, Brasil;7.861829556720863e-05;;hospital;São Paulo;São Paulo;Brasil;AVENIDA CELSO GARCIA, 4815 - TATUAPE, SAO PAULO, SP, São Paulo, SP, Brasil;"{""place_id"": 8778472, ""licence"": ""Data © OpenStreetMap contributors, ODbL 1.0. http://osm.org/copyright"", ""osm_type"": ""way"", ""osm_id"": 375977786, ""lat"": ""-23.5329502"", ""lon"": ""-46.5664411"", ""category"": ""amenity"", ""type"": ""hospital"", ""place_rank"": 30, ""importance"": 7.861829556720863e-05, ""addresstype"": ""amenity"", ""name"": ""Hospital Municipal Doutor Cármino Caricchio"", ""display_name"": ""Hospital Municipal Doutor Cármino Caricchio, 4815, Avenida Celso Garcia, Parque São Jorge, Tatuapé, São Paulo, Região Sudeste, 03069-000, Brasil"", ""address"": {""amenity"": ""Hospital Municipal Doutor Cármino Caricchio"", ""house_number"": ""4815"", ""road"": ""Avenida Celso Garcia"", ""suburb"": ""Parque São Jorge"", ""city"": ""São Paulo"", ""state"": ""São Paulo"", ""ISO3166-2-lvl4"": ""BR-SP"", ""region"": ""Região Sudeste"", ""postcode"": ""03069-000"", ""country"": ""Brasil"", ""country_code"": ""br""}, ""boundingbox"": [""-23.5337538"", ""-23.5324836"", ""-46.5669771"", ""-46.5658105""]}"
208;HOSP MUN TIDE SETUBAL;RUA DR JOSE GUILHERME EIRAS, 123 - SAO MIGUEL PAULISTA, SAO PAULO, SP;-23.4973179;-46.4398650;ok;nominatim;low;;200;;8766667;way;1184110656;Rua Doutor José Guilherme Eiras, Vila Rosária, São Miguel Paulista, São Paulo, Região Sudeste, 08021-090, Brasil;0.05341195162890055;;residential;São Paulo;São Paulo;Brasil;RUA DR JOSE GUILHERME EIRAS, 123 - SAO MIGUEL PAULISTA, SAO PAULO, SP, São Paulo, SP, Brasil;"{""place_id"": 8766667, ""licence"": ""Data © OpenStreetMap contributors, ODbL 1.0. http://osm.org/copyright"", ""osm_type"": ""way"", ""osm_id"": 1184110656, ""lat"": ""-23.4973179"", ""lon"": ""-46.4398650"", ""category"": ""highway"", ""type"": ""residential"", ""place_rank"": 26, ""importance"": 0.05341195162890055, ""addresstype"": ""road"", ""name"": ""Rua Doutor José Guilherme Eiras"", ""display_name"": ""Rua Doutor José Guilherme Eiras, Vila Rosária, São Miguel Paulista, São Paulo, Região Sudeste, 08021-090, Brasil"", ""address"": {""road"": ""Rua Doutor José Guilherme Eiras"", ""quarter"": ""Vila Rosária"", ""suburb"": ""São Miguel Paulista"", ""city"": ""São Paulo"", ""state"": ""São Paulo"", ""ISO3166-2-lvl4"": ""BR-SP"", ""region"": ""Região Sudeste"", ""postcode"": ""08021-090"", ""country"": ""Brasil"", ""country_code"": ""br""}, ""boundingbox"": [""-23.4974676"", ""-23.4971975"", ""-46.4406062"", ""-46.4391160""]}"
209;HOSP MUN V NHOCUNE ALEXANDRE ZAIO;RUA ALVES MALDONADO, 128 - VILA NHOCUNE, SAO PAULO, SP;-23.5424212;-46.5015398;ok;nominatim;high;;200;;8856090;way;442804134;Hospital Municipal Doutor Alexandre Zaio, 128, Rua Alves Maldonado, Cidade Patriarca, Vila Matilde, São Paulo, Região Sudeste, 03556-010, Brasil;7.861829556720863e-05;;hospital;São Paulo;São Paulo;Brasil;RUA ALVES MALDONADO, 128 - VILA NHOCUNE, SAO PAULO, SP, São Paulo, SP, Brasil;"{""place_id"": 8856090, ""licence"": ""Data © OpenStreetMap contributors, ODbL 1.0. http://osm.org/copyright"", ""osm_type"": ""way"", ""osm_id"": 442804134, ""lat"": ""-23.5424212"", ""lon"": ""-46.5015398"", ""category"": ""amenity"", ""type"": ""hospital"", ""place_rank"": 30, ""importance"": 7.861829556720863e-05, ""addresstype"": ""amenity"", ""name"": ""Hospital Municipal Doutor Alexandre Zaio"", ""display_name"": ""Hospital Municipal Doutor Alexandre Zaio, 128, Rua Alves Maldonado, Cidade Patriarca, Vila Matilde, São Paulo, Região Sudeste, 03556-010, Brasil"", ""address"": {""amenity"": ""Hospital Municipal Doutor Alexandre Zaio"", ""house_number"": ""128"", ""road"": ""Rua Alves Maldonado"", ""suburb"": ""Cidade Patriarca"", ""city"": ""São Paulo"", ""state"": ""São Paulo"", ""ISO3166-2-lvl4"": ""BR-SP"", ""region"": ""Região Sudeste"", ""postcode"": ""03556-010"", ""country"": ""Brasil"", ""country_code"": ""br""}, ""boundingbox"": [""-23.5438786"", ""-23.5417079"", ""-46.5028900"", ""-46.5007385""]}"
210;HOSP MUN JABAQUARA ARTUR RIBEIRO DE SABOYA;AVENIDA FRANCISCO DE PAULA QUINTANILHA RIBEIRO, 860 - JABAQUARA, SAO PAULO, SP;-23.6533422;-46.6456764;ok;nominatim;high;;200;;9029850;way;256252796;Hospital Municipal Arthur Ribeiro de Saboya, 860, Avenida Francisco de Paula Quintanilha Ribeiro, Vila do Encontro, Jabaquara, São Paulo, Região Sudeste, 04330-020, Brasil;7.861829556720863e-05;;hospital;São Paulo;São Paulo;Brasil;AVENIDA FRANCISCO DE PAULA QUINTANILHA RIBEIRO, 860 - JABAQUARA, SAO PAULO, SP, São Paulo, SP, Brasil;"{""place_id"": 9029850, ""licence"": ""Data © OpenStreetMap contributors, ODbL 1.0. http://osm.org/copyright"", ""osm_type"": ""way"", ""osm_id"": 256252796, ""lat"": ""-23.6533422"", ""lon"": ""-46.6456764"", ""category"": ""amenity"", ""type"": ""hospital"", ""place_rank"": 30, ""importance"": 7.861829556720863e-05, ""addresstype"": ""amenity"", ""name"": ""Hospital Municipal Arthur Ribeiro de Saboya"", ""display_name"": ""Hospital Municipal Arthur Ribeiro de Saboya, 860, Avenida Francisco de Paula Quintanilha Ribeiro, Vila do Encontro, Jabaquara, São Paulo, Região Sudeste, 04330-020, Brasil"", ""address"": {""amenity"": ""Hospital Municipal Arthur Ribeiro de Saboya"", ""house_number"": ""860"", ""road"": ""Avenida Francisco de Paula Quintanilha Ribeiro"", ""quarter"": ""Vila do Encontro"", ""suburb"": ""Jabaquara"", ""city"": ""São Paulo"", ""state"": ""São Paulo"", ""ISO3166-2-lvl4"": ""BR-SP"", ""region"": ""Região Sudeste"", ""postcode"": ""04330-020"", ""country"": ""Brasil"", ""country_code"": ""br""}, ""boundingbox"": [""-23.6538054"", ""-23.6529168"", ""-46.6462115"", ""-46.6451313""]}"
211;HOSPITAL KATIA DE SOUZA RODRIGUES TAIPASSP SAO PAULO;AV ELISIO TEIXEIRA LEITE, 6999 - PARADA DE TAIPAS, SAO PAULO, SP;-23.4436996;-46.7177512;ok;nominatim;high;;200;;8613916;way;682318862;Hospital Geral de Taipas, 6999, Avenida Elísio Teixeira Leite, Parada de Taípas, Jardim Pirituba, Jaraguá, São Paulo, Região Sudeste, 02810-000, Brasil;7.861829556720863e-05;;hospital;São Paulo;São Paulo;Brasil;AV ELISIO TEIXEIRA LEITE, 6999 - PARADA DE TAIPAS, SAO PAULO, SP, São Paulo, SP, Brasil;"{""place_id"": 8613916, ""licence"": ""Data © OpenStreetMap contributors, ODbL 1.0. http://osm.org/copyright"", ""osm_type"": ""way"", ""osm_id"": 682318862, ""lat"": ""-23.4436996"", ""lon"": ""-46.7177512"", ""category"": ""amenity"", ""type"": ""hospital"", ""place_rank"": 30, ""importance"": 7.861829556720863e-05, ""addresstype"": ""amenity"", ""name"": ""Hospital Geral de Taipas"", ""display_name"": ""Hospital Geral de Taipas, 6999, Avenida Elísio Teixeira Leite, Parada de Taípas, Jardim Pirituba, Jaraguá, São Paulo, Região Sudeste, 02810-000, Brasil"", ""address"": {""amenity"": ""Hospital Geral de Taipas"", ""house_number"": ""6999"", ""road"": ""Avenida Elísio Teixeira Leite"", ""suburb"": ""Parada de Taípas"", ""city_district"": ""Jaraguá"", ""city"": ""São Paulo"", ""state"": ""São Paulo"", ""ISO3166-2-lvl4"": ""BR-SP"", ""region"": ""Região Sudeste"", ""postcode"": ""02810-000"", ""country"": ""Brasil"", ""country_code"": ""br""}, ""boundingbox"": [""-23.4449692"", ""-23.4423873"", ""-46.7185494"", ""-46.7172434""]}"
212;HOSP MUN PROFESSOR DOUTOR ALIPIO CORREA NETTO;ALAMEDA RODRIGO DE BRUM, 1989 - VILA PARANAGUA, SAO PAULO, SP;-23.4996440;-46.4729162;ok;nominatim;high;;200;;8679718;way;437199936;Hospital Municipal Professor Doutor Alípio Corrêa Netto, 1989, Alameda Rodrigo de Brum, Parque Boturussu, Ermelino Matarazzo, São Paulo, Região Sudeste, 03807-230, Brasil;7.861829556720863e-05;;hospital;São Paulo;São Paulo;Brasil;ALAMEDA RODRIGO DE BRUM, 1989 - VILA PARANAGUA, SAO PAULO, SP, São Paulo, SP, Brasil;"{""place_id"": 8679718, ""licence"": ""Data © OpenStreetMap contributors, ODbL 1.0. http://osm.org/copyright"", ""osm_type"": ""way"", ""osm_id"": 437199936, ""lat"": ""-23.4996440"", ""lon"": ""-46.4729162"", ""category"": ""amenity"", ""type"": ""hospital"", ""place_rank"": 30, ""importance"": 7.861829556720863e-05, ""addresstype"": ""amenity"", ""name"": ""Hospital Municipal Professor Doutor Alípio Corrêa Netto"", ""display_name"": ""Hospital Municipal Professor Doutor Alípio Corrêa Netto, 1989, Alameda Rodrigo de Brum, Parque Boturussu, Ermelino Matarazzo, São Paulo, Região Sudeste, 03807-230, Brasil"", ""address"": {""amenity"": ""Hospital Municipal Professor Doutor Alípio Corrêa Netto"", ""house_number"": ""1989"", ""road"": ""Alameda Rodrigo de Brum"", ""suburb"": ""Parque Boturussu"", ""city"": ""São Paulo"", ""state"": ""São Paulo"", ""ISO3166-2-lvl4"": ""BR-SP"", ""region"": ""Região Sudeste"", ""postcode"": ""03807-230"", ""country"": ""Brasil"", ""country_code"": ""br""}, ""boundingbox"": [""-23.5005523"", ""-23.4987394"", ""-46.4737451"", ""-46.4715457""]}"
213;HOSPITAL MUNICIPAL DR BENEDITO MONTENEGRO;RUA ANTONIO LAZARO, 226 - JARDIM IVA, SAO PAULO, SP;-23.5875541;-46.5145716;ok;nominatim;low;;200;;8859021;node;8553785959;226, Rua Antônio Lázaro, Vila Bancária, Sapopemba, São Paulo, Região Sudeste, 03921-080, Brasil;7.861829556720863e-05;;house;São Paulo;São Paulo;Brasil;RUA ANTONIO LAZARO, 226 - JARDIM IVA, SAO PAULO, SP, São Paulo, SP, Brasil;"{""place_id"": 8859021, ""licence"": ""Data © OpenStreetMap contributors, ODbL 1.0. http://osm.org/copyright"", ""osm_type"": ""node"", ""osm_id"": 8553785959, ""lat"": ""-23.5875541"", ""lon"": ""-46.5145716"", ""category"": ""place"", ""type"": ""house"", ""place_rank"": 30, ""importance"": 7.861829556720863e-05, ""addresstype"": ""place"", ""name"": """", ""display_name"": ""226, Rua Antônio Lázaro, Vila Bancária, Sapopemba, São Paulo, Região Sudeste, 03921-080, Brasil"", ""address"": {""house_number"": ""226"", ""road"": ""Rua Antônio Lázaro"", ""suburb"": ""Vila Bancária"", ""city"": ""São Paulo"", ""state"": ""São Paulo"", ""ISO3166-2-lvl4"": ""BR-SP"", ""region"": ""Região Sudeste"", ""postcode"": ""03921-080"", ""country"": ""Brasil"", ""country_code"": ""br""}, ""boundingbox"": [""-23.5876041"", ""-23.5875041"", ""-46.5146216"", ""-46.5145216""]}"
214;HOSP MUN IGNACIO PROENCA DE GOUVEA;JUVENTUS, 562 - PARQUE DA MOOCA, SAO PAULO, SP;-23.5717374;-46.5901660;ok;nominatim;high;;200;;8874303;way;231104142;Hospital Municipal Doutor Ignácio Proença de Gouvêa, 562, Rua Juventus, Parque da Mooca, Mooca, São Paulo, Região Sudeste, 03124-070, Brasil;7.861829556720863e-05;;hospital;São Paulo;São Paulo;Brasil;JUVENTUS, 562 - PARQUE DA MOOCA, SAO PAULO, SP, São Paulo, SP, Brasil;"{""place_id"": 8874303, ""licence"": ""Data © OpenStreetMap contributors, ODbL 1.0. http://osm.org/copyright"", ""osm_type"": ""way"", ""osm_id"": 231104142, ""lat"": ""-23.5717374"", ""lon"": ""-46.5901660"", ""category"": ""amenity"", ""type"": ""hospital"", ""place_rank"": 30, ""importance"": 7.861829556720863e-05, ""addresstype"": ""amenity"", ""name"": ""Hospital Municipal Doutor Ignácio Proença de Gouvêa"", ""display_name"": ""Hospital Municipal Doutor Ignácio Proença de Gouvêa, 562, Rua Juventus, Parque da Mooca, Mooca, São Paulo, Região Sudeste, 03124-070, Brasil"", ""address"": {""amenity"": ""Hospital Municipal Doutor Ignácio Proença de Gouvêa"", ""house_number"": ""562"", ""road"": ""Rua Juventus"", ""suburb"": ""Parque da Mooca"", ""city"": ""São Paulo"", ""state"": ""São Paulo"", ""ISO3166-2-lvl4"": ""BR-SP"", ""region"": ""Região Sudeste"", ""postcode"": ""03124-070"", ""country"": ""Brasil"", ""country_code"": ""br""}, ""boundingbox"": [""-23.5722462"", ""-23.5714608"", ""-46.5905701"", ""-46.5896856""]}"
215;HOSPITAL INFANTIL CANDIDO FONTOURA SAO PAULO;RUA SIQUEIRA BUENO, 1757 - AGUA RASA, SAO PAULO, SP;-23.5519180;-46.5852143;ok;nominatim;high;;200;;8874747;way;301324091;Hospital Infantil Cândido Fontoura, 1757, Rua Siqueira Bueno, Parque da Mooca, Água Rasa, São Paulo, Região Sudeste, 03173-010, Brasil;0.18554865524912875;;hospital;São Paulo;São Paulo;Brasil;HOSPITAL INFANTIL CANDIDO FONTOURA SAO PAULO, RUA SIQUEIRA BUENO, 1757 - AGUA RASA, SAO PAULO, SP, São Paulo, SP, Brasil;"{""place_id"": 8874747, ""licence"": ""Data © OpenStreetMap contributors, ODbL 1.0. http://osm.org/copyright"", ""osm_type"": ""way"", ""osm_id"": 301324091, ""lat"": ""-23.5519180"", ""lon"": ""-46.5852143"", ""category"": ""amenity"", ""type"": ""hospital"", ""place_rank"": 30, ""importance"": 0.18554865524912875, ""addresstype"": ""amenity"", ""name"": ""Hospital Infantil Cândido Fontoura"", ""display_name"": ""Hospital Infantil Cândido Fontoura, 1757, Rua Siqueira Bueno, Parque da Mooca, Água Rasa, São Paulo, Região Sudeste, 03173-010, Brasil"", ""address"": {""amenity"": ""Hospital Infantil Cândido Fontoura"", ""house_number"": ""1757"", ""road"": ""Rua Siqueira Bueno"", ""suburb"": ""Parque da Mooca"", ""city"": ""São Paulo"", ""state"": ""São Paulo"", ""ISO3166-2-lvl4"": ""BR-SP"", ""region"": ""Região Sudeste"", ""postcode"": ""03173-010"", ""country"": ""Brasil"", ""country_code"": ""br""}, ""boundingbox"": [""-23.5526263"", ""-23.5512110"", ""-46.5859768"", ""-46.5844531""]}"
216;HOSPITAL DE TRANSP DO EST DE SP EURYCLIDES DE JESUS ZERBINI;AV BRIGADEIRO LUIZ ANTONIO, 2651 - JARDIM PAULISTA, SAO PAULO, SP;;;not_found;nominatim;not_found;Resposta 200 OK mas sem coordenadas;0;Nenhuma das queries retornou coordenadas válidas;;;;;;;;;;;;
217;HOSPITAL REGIONAL SUL SAO PAULO;RUA GENERAL ROBERTO ALVES DE CARVALHO FILHO, 270 - SANTO AMARO, SAO PAULO, SP;-23.6555597;-46.7058596;ok;nominatim;high;;200;;8967809;way;318404110;Hospital Regional Sul, 270, Rua General Roberto Alves de Carvalho Filho, Jardim Santo Amaro, Santo Amaro, São Paulo, Região Sudeste, 04751-000, Brasil;7.861829556720863e-05;;hospital;São Paulo;São Paulo;Brasil;HOSPITAL REGIONAL SUL SAO PAULO, RUA GENERAL ROBERTO ALVES DE CARVALHO FILHO, 270 - SANTO AMARO, SAO PAULO, SP, São Paulo, SP, Brasil;"{""place_id"": 8967809, ""licence"": ""Data © OpenStreetMap contributors, ODbL 1.0. http://osm.org/copyright"", ""osm_type"": ""way"", ""osm_id"": 318404110, ""lat"": ""-23.6555597"", ""lon"": ""-46.7058596"", ""category"": ""amenity"", ""type"": ""hospital"", ""place_rank"": 30, ""importance"": 7.861829556720863e-05, ""addresstype"": ""amenity"", ""name"": ""Hospital Regional Sul"", ""display_name"": ""Hospital Regional Sul, 270, Rua General Roberto Alves de Carvalho Filho, Jardim Santo Amaro, Santo Amaro, São Paulo, Região Sudeste, 04751-000, Brasil"", ""address"": {""amenity"": ""Hospital Regional Sul"", ""house_number"": ""270"", ""road"": ""Rua General Roberto Alves de Carvalho Filho"", ""suburb"": ""Jardim Santo Amaro"", ""city_district"": ""Santo Amaro"", ""city"": ""São Paulo"", ""state"": ""São Paulo"", ""ISO3166-2-lvl4"": ""BR-SP"", ""region"": ""Região Sudeste"", ""postcode"": ""04751-000"", ""country"": ""Brasil"", ""country_code"": ""br""}, ""boundingbox"": [""-23.6557891"", ""-23.6550531"", ""-46.7061311"", ""-46.7056314""]}"
218;HOSPITAL VITAL BRAZIL SAO PAULO;AV VITAL BRAZIL, 1500 - BUTANTA, SAO PAULO, SP;-23.5651106;-46.7196825;ok;nominatim;high;;200;;8996650;way;245697727;Hospital Vital Brazil, Avenida Albert León C. Calmette / Jean C. Guérin, Caxingui, Butantã, São Paulo, Região Sudeste, 05508-065, Brasil;7.861829556720863e-05;;hospital;São Paulo;São Paulo;Brasil;HOSPITAL VITAL BRAZIL SAO PAULO, São Paulo, SP, Brasil;"{""place_id"": 8996650, ""licence"": ""Data © OpenStreetMap contributors, ODbL 1.0. http://osm.org/copyright"", ""osm_type"": ""way"", ""osm_id"": 245697727, ""lat"": ""-23.5651106"", ""lon"": ""-46.7196825"", ""category"": ""building"", ""type"": ""hospital"", ""place_rank"": 30, ""importance"": 7.861829556720863e-05, ""addresstype"": ""building"", ""name"": ""Hospital Vital Brazil"", ""display_name"": ""Hospital Vital Brazil, Avenida Albert León C. Calmette / Jean C. Guérin, Caxingui, Butantã, São Paulo, Região Sudeste, 05508-065, Brasil"", ""address"": {""building"": ""Hospital Vital Brazil"", ""road"": ""Avenida Albert León C. Calmette / Jean C. Guérin"", ""suburb"": ""Caxingui"", ""city"": ""São Paulo"", ""state"": ""São Paulo"", ""ISO3166-2-lvl4"": ""BR-SP"", ""region"": ""Região Sudeste"", ""postcode"": ""05508-065"", ""country"": ""Brasil"", ""country_code"": ""br""}, ""boundingbox"": [""-23.5652421"", ""-23.5649791"", ""-46.7198355"", ""-46.7195295""]}"
219;HOSPITAL ESTADUAL DE SAPOPEMBA SAO PAULO;RUA MANOEL FRANCA DOS SANTOS, 174 - JARDIM SAPOPEMBA, SAO PAULO, SP;-23.6113360;-46.4936710;ok;nominatim;low;;200;;8703201;node;8089579892;Rua Manoel Franca Dos Santos, Rua Manuel França dos Santos, Jardim Sapopemba, Sapopemba, São Paulo, Região Sudeste, 03975-130, Brasil;7.861829556720863e-05;;bus_stop;São Paulo;São Paulo;Brasil;RUA MANOEL FRANCA DOS SANTOS, 174 - JARDIM SAPOPEMBA, SAO PAULO, SP, São Paulo, SP, Brasil;"{""place_id"": 8703201, ""licence"": ""Data © OpenStreetMap contributors, ODbL 1.0. http://osm.org/copyright"", ""osm_type"": ""node"", ""osm_id"": 8089579892, ""lat"": ""-23.6113360"", ""lon"": ""-46.4936710"", ""category"": ""highway"", ""type"": ""bus_stop"", ""place_rank"": 30, ""importance"": 7.861829556720863e-05, ""addresstype"": ""highway"", ""name"": ""Rua Manoel Franca Dos Santos"", ""display_name"": ""Rua Manoel Franca Dos Santos, Rua Manuel França dos Santos, Jardim Sapopemba, Sapopemba, São Paulo, Região Sudeste, 03975-130, Brasil"", ""address"": {""highway"": ""Rua Manoel Franca Dos Santos"", ""road"": ""Rua Manuel França dos Santos"", ""suburb"": ""Jardim Sapopemba"", ""city"": ""São Paulo"", ""state"": ""São Paulo"", ""ISO3166-2-lvl4"": ""BR-SP"", ""region"": ""Região Sudeste"", ""postcode"": ""03975-130"", ""country"": ""Brasil"", ""country_code"": ""br""}, ""boundingbox"": [""-23.6113860"", ""-23.6112860"", ""-46.4937210"", ""-46.4936210""]}"
220;HOSPITAL GERAL DE VILA PENTEADO DR JOSE PANGELLA SAO PAULO;AV MINISTRO PETRONIO PORTELA, 1642 - JARDIM IRACEMA, SAO PAULO, SP;-23.4934229;-46.7008274;ok;nominatim;low;;200;;8546250;way;252383986;Avenida Ministro Petrônio Portela, Parque Monteiro Soares, Freguesia do Ó, São Paulo, Região Sudeste, 02802-120, Brasil;0.05341195162890055;;secondary;São Paulo;São Paulo;Brasil;AV MINISTRO PETRONIO PORTELA, 1642 - 02802120;"{""place_id"": 8546250, ""licence"": ""Data © OpenStreetMap contributors, ODbL 1.0. http://osm.org/copyright"", ""osm_type"": ""way"", ""osm_id"": 252383986, ""lat"": ""-23.4934229"", ""lon"": ""-46.7008274"", ""category"": ""highway"", ""type"": ""secondary"", ""place_rank"": 26, ""importance"": 0.05341195162890055, ""addresstype"": ""road"", ""name"": ""Avenida Ministro Petrônio Portela"", ""display_name"": ""Avenida Ministro Petrônio Portela, Parque Monteiro Soares, Freguesia do Ó, São Paulo, Região Sudeste, 02802-120, Brasil"", ""address"": {""road"": ""Avenida Ministro Petrônio Portela"", ""suburb"": ""Parque Monteiro Soares"", ""city"": ""São Paulo"", ""state"": ""São Paulo"", ""ISO3166-2-lvl4"": ""BR-SP"", ""region"": ""Região Sudeste"", ""postcode"": ""02802-120"", ""country"": ""Brasil"", ""country_code"": ""br""}, ""boundingbox"": [""-23.4976541"", ""-23.4878538"", ""-46.7053552"", ""-46.6976236""]}"
221;HOSPITAL PSIQUIATRICO DE VILA MARIANA;RUA MAJOR MARAGLIANO, 241, 287 - VILA MARIANA, SAO PAULO, SP;-23.5875985;-46.6387604;ok;nominatim;low;;200;;8832854;way;427348541;Rua Major Maragliano, Vila Mariana, São Paulo, Região Sudeste, 04017-030, Brasil;0.05341195162890055;;residential;São Paulo;São Paulo;Brasil;RUA MAJOR MARAGLIANO, 241, 287 - VILA MARIANA, SAO PAULO, SP, São Paulo, SP, Brasil;"{""place_id"": 8832854, ""licence"": ""Data © OpenStreetMap contributors, ODbL 1.0. http://osm.org/copyright"", ""osm_type"": ""way"", ""osm_id"": 427348541, ""lat"": ""-23.5875985"", ""lon"": ""-46.6387604"", ""category"": ""highway"", ""type"": ""residential"", ""place_rank"": 26, ""importance"": 0.05341195162890055, ""addresstype"": ""road"", ""name"": ""Rua Major Maragliano"", ""display_name"": ""Rua Major Maragliano, Vila Mariana, São Paulo, Região Sudeste, 04017-030, Brasil"", ""address"": {""road"": ""Rua Major Maragliano"", ""suburb"": ""Vila Mariana"", ""city_district"": ""Vila Mariana"", ""city"": ""São Paulo"", ""state"": ""São Paulo"", ""ISO3166-2-lvl4"": ""BR-SP"", ""region"": ""Região Sudeste"", ""postcode"": ""04017-030"", ""country"": ""Brasil"", ""country_code"": ""br""}, ""boundingbox"": [""-23.5892824"", ""-23.5858590"", ""-46.6393752"", ""-46.6382466""]}"
222;HOSPITAL GERAL DE VILA NOVA CACHOEIRINHA SAO PAULO;AV DEPUTADO EMILIO CARLOS, 3000 - VILA NOVA CACHOEIRIN, SAO PAULO, SP;-23.4897874;-46.6754035;ok;nominatim;low;;200;;8609822;way;129076165;Avenida Deputado Emílio Carlos, VIla Prado, Limão, São Paulo, Região Sudeste, 02720-200, Brasil;0.05341195162890055;;secondary;São Paulo;São Paulo;Brasil;AV DEPUTADO EMILIO CARLOS, 3000 - 02720200;"{""place_id"": 8609822, ""licence"": ""Data © OpenStreetMap contributors, ODbL 1.0. http://osm.org/copyright"", ""osm_type"": ""way"", ""osm_id"": 129076165, ""lat"": ""-23.4897874"", ""lon"": ""-46.6754035"", ""category"": ""highway"", ""type"": ""secondary"", ""place_rank"": 26, ""importance"": 0.05341195162890055, ""addresstype"": ""road"", ""name"": ""Avenida Deputado Emílio Carlos"", ""display_name"": ""Avenida Deputado Emílio Carlos, VIla Prado, Limão, São Paulo, Região Sudeste, 02720-200, Brasil"", ""address"": {""road"": ""Avenida Deputado Emílio Carlos"", ""suburb"": ""VIla Prado"", ""city"": ""São Paulo"", ""state"": ""São Paulo"", ""ISO3166-2-lvl4"": ""BR-SP"", ""region"": ""Região Sudeste"", ""postcode"": ""02720-200"", ""country"": ""Brasil"", ""country_code"": ""br""}, ""boundingbox"": [""-23.4909650"", ""-23.4886884"", ""-46.6758748"", ""-46.6753794""]}"
223;HOSP DO SERV PUB MUNICIPAL HSPM;CASTRO ALVES, 60 - LIBERDADE, SAO PAULO, SP;-23.5673424;-46.6390710;ok;nominatim;high;;200;;8822077;way;1077056900;Hospital do Servidor Público Municipal, 60, Rua Castro Alves, Liberdade, São Paulo, Região Sudeste, 01532-000, Brasil;7.861829556720863e-05;;hospital;São Paulo;São Paulo;Brasil;CASTRO ALVES, 60 - LIBERDADE, SAO PAULO, SP, São Paulo, SP, Brasil;"{""place_id"": 8822077, ""licence"": ""Data © OpenStreetMap contributors, ODbL 1.0. http://osm.org/copyright"", ""osm_type"": ""way"", ""osm_id"": 1077056900, ""lat"": ""-23.5673424"", ""lon"": ""-46.6390710"", ""category"": ""amenity"", ""type"": ""hospital"", ""place_rank"": 30, ""importance"": 7.861829556720863e-05, ""addresstype"": ""amenity"", ""name"": ""Hospital do Servidor Público Municipal"", ""display_name"": ""Hospital do Servidor Público Municipal, 60, Rua Castro Alves, Liberdade, São Paulo, Região Sudeste, 01532-000, Brasil"", ""address"": {""amenity"": ""Hospital do Servidor Público Municipal"", ""house_number"": ""60"", ""road"": ""Rua Castro Alves"", ""suburb"": ""Liberdade"", ""city_district"": ""Liberdade"", ""city"": ""São Paulo"", ""state"": ""São Paulo"", ""ISO3166-2-lvl4"": ""BR-SP"", ""region"": ""Região Sudeste"", ""postcode"": ""01532-000"", ""country"": ""Brasil"", ""country_code"": ""br""}, ""boundingbox"": [""-23.5681796"", ""-23.5664592"", ""-46.6397587"", ""-46.6382054""]}"
224;HOSP MUN FERNANDO MAURO PIRES DA ROCHA;ESTRADA DE ITAPECERICA, 1661, VILA MARACANA - CAMPO LIMPO, SAO PAULO, SP;-23.6490957;-46.7490028;ok;nominatim;high;;200;;9095366;way;318404108;Hospital Municipal Doutor Fernando Mauro Pires da Rocha, 1661, Estrada de Itapecerica, Jardim São Luís, São Paulo, Região Sudeste, 05835-005, Brasil;7.861829556720863e-05;;hospital;São Paulo;São Paulo;Brasil;ESTRADA DE ITAPECERICA, 1661 - 05835005;"{""place_id"": 9095366, ""licence"": ""Data © OpenStreetMap contributors, ODbL 1.0. http://osm.org/copyright"", ""osm_type"": ""way"", ""osm_id"": 318404108, ""lat"": ""-23.6490957"", ""lon"": ""-46.7490028"", ""category"": ""amenity"", ""type"": ""hospital"", ""place_rank"": 30, ""importance"": 7.861829556720863e-05, ""addresstype"": ""amenity"", ""name"": ""Hospital Municipal Doutor Fernando Mauro Pires da Rocha"", ""display_name"": ""Hospital Municipal Doutor Fernando Mauro Pires da Rocha, 1661, Estrada de Itapecerica, Jardim São Luís, São Paulo, Região Sudeste, 05835-005, Brasil"", ""address"": {""amenity"": ""Hospital Municipal Doutor Fernando Mauro Pires da Rocha"", ""house_number"": ""1661"", ""road"": ""Estrada de Itapecerica"", ""suburb"": ""Jardim São Luís"", ""city"": ""São Paulo"", ""state"": ""São Paulo"", ""ISO3166-2-lvl4"": ""BR-SP"", ""region"": ""Região Sudeste"", ""postcode"": ""05835-005"", ""country"": ""Brasil"", ""country_code"": ""br""}, ""boundingbox"": [""-23.6494621"", ""-23.6480955"", ""-46.7496841"", ""-46.7477743""]}"
225;CENTRO HOSPITALAR DO SISTEMA PENITENCIARIO SAO PAULO;RUA DOM JOSE MAURICIO, 15 - CARANDIRU, SAO PAULO, SP;-23.5085713;-46.6201015;ok;nominatim;low;;200;;8764905;way;491005029;Centro Hospitalar do Sistema Penitênciário, 15, Rua Dom José Maurício, Carandiru, Santana, São Paulo, Região Sudeste, 02028-000, Brasil;7.861829556720863e-05;;prison;São Paulo;São Paulo;Brasil;RUA DOM JOSE MAURICIO, 15 - CARANDIRU, SAO PAULO, SP, São Paulo, SP, Brasil;"{""place_id"": 8764905, ""licence"": ""Data © OpenStreetMap contributors, ODbL 1.0. http://osm.org/copyright"", ""osm_type"": ""way"", ""osm_id"": 491005029, ""lat"": ""-23.5085713"", ""lon"": ""-46.6201015"", ""category"": ""amenity"", ""type"": ""prison"", ""place_rank"": 30, ""importance"": 7.861829556720863e-05, ""addresstype"": ""amenity"", ""name"": ""Centro Hospitalar do Sistema Penitênciário"", ""display_name"": ""Centro Hospitalar do Sistema Penitênciário, 15, Rua Dom José Maurício, Carandiru, Santana, São Paulo, Região Sudeste, 02028-000, Brasil"", ""address"": {""amenity"": ""Centro Hospitalar do Sistema Penitênciário"", ""house_number"": ""15"", ""road"": ""Rua Dom José Maurício"", ""suburb"": ""Carandiru"", ""city_district"": ""Santana"", ""city"": ""São Paulo"", ""state"": ""São Paulo"", ""ISO3166-2-lvl4"": ""BR-SP"", ""region"": ""Região Sudeste"", ""postcode"": ""02028-000"", ""country"": ""Brasil"", ""country_code"": ""br""}, ""boundingbox"": [""-23.5092841"", ""-23.5078304"", ""-46.6210360"", ""-46.6191182""]}"
226;HOSP MUN VER JOSE STOROPOLLI;RUA FRANCISCO FANGANIELLO, 127 - PARQUE NOVO MUNDO, SAO PAULO, SP;-23.5220850;-46.5617446;ok;nominatim;low;;200;;8801369;node;5467328847;Rua Francisco Fanganiello, 127, Rua Francisco Fanganielo, Parque Novo Mundo, Vila Maria, São Paulo, Região Sudeste, 02181-160, Brasil;7.861829556720863e-05;;bus_stop;São Paulo;São Paulo;Brasil;RUA FRANCISCO FANGANIELLO, 127 - PARQUE NOVO MUNDO, SAO PAULO, SP, São Paulo, SP, Brasil;"{""place_id"": 8801369, ""licence"": ""Data © OpenStreetMap contributors, ODbL 1.0. http://osm.org/copyright"", ""osm_type"": ""node"", ""osm_id"": 5467328847, ""lat"": ""-23.5220850"", ""lon"": ""-46.5617446"", ""category"": ""highway"", ""type"": ""bus_stop"", ""place_rank"": 30, ""importance"": 7.861829556720863e-05, ""addresstype"": ""highway"", ""name"": ""Rua Francisco Fanganiello, 127"", ""display_name"": ""Rua Francisco Fanganiello, 127, Rua Francisco Fanganielo, Parque Novo Mundo, Vila Maria, São Paulo, Região Sudeste, 02181-160, Brasil"", ""address"": {""highway"": ""Rua Francisco Fanganiello, 127"", ""road"": ""Rua Francisco Fanganielo"", ""suburb"": ""Parque Novo Mundo"", ""city"": ""São Paulo"", ""state"": ""São Paulo"", ""ISO3166-2-lvl4"": ""BR-SP"", ""region"": ""Região Sudeste"", ""postcode"": ""02181-160"", ""country"": ""Brasil"", ""country_code"": ""br""}, ""boundingbox"": [""-23.5221350"", ""-23.5220350"", ""-46.5617946"", ""-46.5616946""]}"
227;CENTRO MEDICO PMESP;AVENIDA NOVA CANTAREIRA, 3659 - TREMEMBE, SAO PAULO, SP;-23.4690239;-46.6188727;ok;nominatim;low;;200;;8634903;way;1416347692;Centro Médico PMESP, Avenida Nova Cantareira, Jardim Leonor Mendes de Barros, Tucuruvi, São Paulo, Região Sudeste, 02340-001, Brasil;7.861829556720863e-05;;police;São Paulo;São Paulo;Brasil;CENTRO MEDICO PMESP, AVENIDA NOVA CANTAREIRA, 3659 - TREMEMBE, SAO PAULO, SP, São Paulo, SP, Brasil;"{""place_id"": 8634903, ""licence"": ""Data © OpenStreetMap contributors, ODbL 1.0. http://osm.org/copyright"", ""osm_type"": ""way"", ""osm_id"": 1416347692, ""lat"": ""-23.4690239"", ""lon"": ""-46.6188727"", ""category"": ""military"", ""type"": ""police"", ""place_rank"": 30, ""importance"": 7.861829556720863e-05, ""addresstype"": ""military"", ""name"": ""Centro Médico PMESP"", ""display_name"": ""Centro Médico PMESP, Avenida Nova Cantareira, Jardim Leonor Mendes de Barros, Tucuruvi, São Paulo, Região Sudeste, 02340-001, Brasil"", ""address"": {""military"": ""Centro Médico PMESP"", ""road"": ""Avenida Nova Cantareira"", ""suburb"": ""Jardim Leonor Mendes de Barros"", ""city_district"": ""Tucuruvi"", ""city"": ""São Paulo"", ""state"": ""São Paulo"", ""ISO3166-2-lvl4"": ""BR-SP"", ""region"": ""Região Sudeste"", ""postcode"": ""02340-001"", ""country"": ""Brasil"", ""country_code"": ""br""}, ""boundingbox"": [""-23.4712374"", ""-23.4668725"", ""-46.6209127"", ""-46.6175785""]}"
228;HOSP MUN CARMEN PRUDENTE;AVENIDA DOS METALURGICOS, 1797 - CIDADE TIRADENTES, SAO PAULO, SP;-23.5833632;-46.4092773;ok;nominatim;low;;200;;8798294;way;947003323;Avenida dos Metalúrgicos, Parque Santa Etelvina, Cidade Tiradentes, São Paulo, Região Sudeste, 08490-550, Brasil;0.05341195162890055;;secondary;São Paulo;São Paulo;Brasil;AVENIDA DOS METALURGICOS, 1797 - CIDADE TIRADENTES, SAO PAULO, SP, São Paulo, SP, Brasil;"{""place_id"": 8798294, ""licence"": ""Data © OpenStreetMap contributors, ODbL 1.0. http://osm.org/copyright"", ""osm_type"": ""way"", ""osm_id"": 947003323, ""lat"": ""-23.5833632"", ""lon"": ""-46.4092773"", ""category"": ""highway"", ""type"": ""secondary"", ""place_rank"": 26, ""importance"": 0.05341195162890055, ""addresstype"": ""road"", ""name"": ""Avenida dos Metalúrgicos"", ""display_name"": ""Avenida dos Metalúrgicos, Parque Santa Etelvina, Cidade Tiradentes, São Paulo, Região Sudeste, 08490-550, Brasil"", ""address"": {""road"": ""Avenida dos Metalúrgicos"", ""quarter"": ""Parque Santa Etelvina"", ""suburb"": ""Cidade Tiradentes"", ""city"": ""São Paulo"", ""state"": ""São Paulo"", ""ISO3166-2-lvl4"": ""BR-SP"", ""region"": ""Região Sudeste"", ""postcode"": ""08490-550"", ""country"": ""Brasil"", ""country_code"": ""br""}, ""boundingbox"": [""-23.5837412"", ""-23.5830128"", ""-46.4095236"", ""-46.4090796""]}"
229;HOSPITAL LOCAL DE SAPOPEMBA;RUA IAMACARU, 45 - PARQUE SANTA MADALEN, SAO PAULO, SP;;;not_found;nominatim;not_found;Resposta 200 OK mas sem coordenadas;0;Nenhuma das queries retornou coordenadas válidas;;;;;;;;;;;;
230;INSTITUTO DE REABILITACAO LUCY MONTORO;RUA JANDIATUBA, 580 - VILA ANDRADE, SAO PAULO, SP;-23.6322694;-46.7351129;ok;nominatim;high;;200;;9091269;way;1416347427;Instituto de Reabilitação Lucy Montoro, Rua Jandiatuba, Comunidade Travinhas, Vila Andrade, São Paulo, Região Sudeste, 05724-003, Brasil;7.861829556720863e-05;;hospital;São Paulo;São Paulo;Brasil;INSTITUTO DE REABILITACAO LUCY MONTORO, RUA JANDIATUBA, 580 - VILA ANDRADE, SAO PAULO, SP, São Paulo, SP, Brasil;"{""place_id"": 9091269, ""licence"": ""Data © OpenStreetMap contributors, ODbL 1.0. http://osm.org/copyright"", ""osm_type"": ""way"", ""osm_id"": 1416347427, ""lat"": ""-23.6322694"", ""lon"": ""-46.7351129"", ""category"": ""amenity"", ""type"": ""hospital"", ""place_rank"": 30, ""importance"": 7.861829556720863e-05, ""addresstype"": ""amenity"", ""name"": ""Instituto de Reabilitação Lucy Montoro"", ""display_name"": ""Instituto de Reabilitação Lucy Montoro, Rua Jandiatuba, Comunidade Travinhas, Vila Andrade, São Paulo, Região Sudeste, 05724-003, Brasil"", ""address"": {""amenity"": ""Instituto de Reabilitação Lucy Montoro"", ""road"": ""Rua Jandiatuba"", ""suburb"": ""Comunidade Travinhas"", ""city"": ""São Paulo"", ""state"": ""São Paulo"", ""ISO3166-2-lvl4"": ""BR-SP"", ""region"": ""Região Sudeste"", ""postcode"": ""05724-003"", ""country"": ""Brasil"", ""country_code"": ""br""}, ""boundingbox"": [""-23.6328341"", ""-23.6316644"", ""-46.7357592"", ""-46.7343931""]}"
231;HOSP MUN M BOI MIRIM;ESTRADA DO MBOI MIRIM, 5203 - JARDIM ANGELA, SAO PAULO, SP;;;not_found;nominatim;not_found;Resposta 200 OK mas sem coordenadas;0;Nenhuma das queries retornou coordenadas válidas;;;;;;;;;;;;
232;INSTITUTO DO CANCER DO ESTADO DE SAO PAULO;AV DR ARNALDO, 251 - CERQUEIRA CESAR, SAO PAULO, SP;-23.5561305;-46.6681716;ok;nominatim;high;;200;;8967555;way;376315989;Instituto do Câncer do Estado de São Paulo Octavio Frias de Oliveira, 251, Avenida Doutor Arnaldo, Cerqueira César, Jardim Paulista, São Paulo, Região Sudeste, 01246-000, Brasil;0.21584611680957558;;hospital;São Paulo;São Paulo;Brasil;AV DR ARNALDO, 251 - CERQUEIRA CESAR, SAO PAULO, SP, São Paulo, SP, Brasil;"{""place_id"": 8967555, ""licence"": ""Data © OpenStreetMap contributors, ODbL 1.0. http://osm.org/copyright"", ""osm_type"": ""way"", ""osm_id"": 376315989, ""lat"": ""-23.5561305"", ""lon"": ""-46.6681716"", ""category"": ""building"", ""type"": ""hospital"", ""place_rank"": 30, ""importance"": 0.21584611680957558, ""addresstype"": ""building"", ""name"": ""Instituto do Câncer do Estado de São Paulo Octavio Frias de Oliveira"", ""display_name"": ""Instituto do Câncer do Estado de São Paulo Octavio Frias de Oliveira, 251, Avenida Doutor Arnaldo, Cerqueira César, Jardim Paulista, São Paulo, Região Sudeste, 01246-000, Brasil"", ""address"": {""building"": ""Instituto do Câncer do Estado de São Paulo Octavio Frias de Oliveira"", ""house_number"": ""251"", ""road"": ""Avenida Doutor Arnaldo"", ""suburb"": ""Cerqueira César"", ""city"": ""São Paulo"", ""state"": ""São Paulo"", ""ISO3166-2-lvl4"": ""BR-SP"", ""region"": ""Região Sudeste"", ""postcode"": ""01246-000"", ""country"": ""Brasil"", ""country_code"": ""br""}, ""boundingbox"": [""-23.5564314"", ""-23.5558401"", ""-46.6684145"", ""-46.6679345""]}"
233;HOSP MUN SOROCABANA;AVENIDA QUEIROZ FILHO, 313 - ALTO DE PINHEIROS, SAO PAULO, SP;-23.5375934;-46.7227993;ok;nominatim;low;;200;;8852648;node;11003289871;Base SAMU Oeste, 313, Avenida Queiroz Filho, Boaçava, Alto de Pinheiros, São Paulo, Região Sudeste, 05319-000, Brasil;7.861829556720863e-05;;ambulance_station;São Paulo;São Paulo;Brasil;AVENIDA QUEIROZ FILHO, 313 - ALTO DE PINHEIROS, SAO PAULO, SP, São Paulo, SP, Brasil;"{""place_id"": 8852648, ""licence"": ""Data © OpenStreetMap contributors, ODbL 1.0. http://osm.org/copyright"", ""osm_type"": ""node"", ""osm_id"": 11003289871, ""lat"": ""-23.5375934"", ""lon"": ""-46.7227993"", ""category"": ""emergency"", ""type"": ""ambulance_station"", ""place_rank"": 30, ""importance"": 7.861829556720863e-05, ""addresstype"": ""emergency"", ""name"": ""Base SAMU Oeste"", ""display_name"": ""Base SAMU Oeste, 313, Avenida Queiroz Filho, Boaçava, Alto de Pinheiros, São Paulo, Região Sudeste, 05319-000, Brasil"", ""address"": {""emergency"": ""Base SAMU Oeste"", ""house_number"": ""313"", ""road"": ""Avenida Queiroz Filho"", ""suburb"": ""Boaçava"", ""city"": ""São Paulo"", ""state"": ""São Paulo"", ""ISO3166-2-lvl4"": ""BR-SP"", ""region"": ""Região Sudeste"", ""postcode"": ""05319-000"", ""country"": ""Brasil"", ""country_code"": ""br""}, ""boundingbox"": [""-23.5376434"", ""-23.5375434"", ""-46.7228493"", ""-46.7227493""]}"
234;HOSP MUN GILSON DE CASSIA MARQUES DE CARVALHO;AVENIDA SANTA CATARINA, 2785 - VILA MASCOTE, SAO PAULO, SP;-23.6470652;-46.6628240;ok;nominatim;low;;200;;9081994;way;939548762;Avenida Santa Catarina, Vila Mascote, Jabaquara, São Paulo, Região Sudeste, 04368-000, Brasil;0.05341195162890055;;tertiary;São Paulo;São Paulo;Brasil;AVENIDA SANTA CATARINA, 2785 - VILA MASCOTE, SAO PAULO, SP, São Paulo, SP, Brasil;"{""place_id"": 9081994, ""licence"": ""Data © OpenStreetMap contributors, ODbL 1.0. http://osm.org/copyright"", ""osm_type"": ""way"", ""osm_id"": 939548762, ""lat"": ""-23.6470652"", ""lon"": ""-46.6628240"", ""category"": ""highway"", ""type"": ""tertiary"", ""place_rank"": 26, ""importance"": 0.05341195162890055, ""addresstype"": ""road"", ""name"": ""Avenida Santa Catarina"", ""display_name"": ""Avenida Santa Catarina, Vila Mascote, Jabaquara, São Paulo, Região Sudeste, 04368-000, Brasil"", ""address"": {""road"": ""Avenida Santa Catarina"", ""quarter"": ""Vila Mascote"", ""suburb"": ""Jabaquara"", ""city"": ""São Paulo"", ""state"": ""São Paulo"", ""ISO3166-2-lvl4"": ""BR-SP"", ""region"": ""Região Sudeste"", ""postcode"": ""04368-000"", ""country"": ""Brasil"", ""country_code"": ""br""}, ""boundingbox"": [""-23.6471332"", ""-23.6469972"", ""-46.6628972"", ""-46.6627507""]}"
235;HOSP MUN CAPELA DO SOCORRO;RUA CASSIO DE CAMPOS NOGUEIRA, 2031 - JARDIM DAS IMBUIAS, SAO PAULO, SP;-23.7296842;-46.7129995;ok;nominatim;low;;200;;8984952;way;43793127;Rua Cássio de Campos Nogueira, Jardim das Imbuias, Jardim Iporanga, Cidade Dutra, São Paulo, Região Sudeste, 04831-050, Brasil;0.05341195162890055;;residential;São Paulo;São Paulo;Brasil;RUA CASSIO DE CAMPOS NOGUEIRA, 2031 - JARDIM DAS IMBUIAS, SAO PAULO, SP, São Paulo, SP, Brasil;"{""place_id"": 8984952, ""licence"": ""Data © OpenStreetMap contributors, ODbL 1.0. http://osm.org/copyright"", ""osm_type"": ""way"", ""osm_id"": 43793127, ""lat"": ""-23.7296842"", ""lon"": ""-46.7129995"", ""category"": ""highway"", ""type"": ""residential"", ""place_rank"": 26, ""importance"": 0.05341195162890055, ""addresstype"": ""road"", ""name"": ""Rua Cássio de Campos Nogueira"", ""display_name"": ""Rua Cássio de Campos Nogueira, Jardim das Imbuias, Jardim Iporanga, Cidade Dutra, São Paulo, Região Sudeste, 04831-050, Brasil"", ""address"": {""road"": ""Rua Cássio de Campos Nogueira"", ""residential"": ""Jardim das Imbuias"", ""quarter"": ""Jardim Iporanga"", ""suburb"": ""Cidade Dutra"", ""city"": ""São Paulo"", ""state"": ""São Paulo"", ""ISO3166-2-lvl4"": ""BR-SP"", ""region"": ""Região Sudeste"", ""postcode"": ""04831-050"", ""country"": ""Brasil"", ""country_code"": ""br""}, ""boundingbox"": [""-23.7309138"", ""-23.7289074"", ""-46.7137079"", ""-46.7115887""]}"
236;HOSP MUN JOSANIAS CASTANHA BRAGA;RUA EUZEBIO COGHI, 841 - JARDIM ROSCHEL, SAO PAULO, SP;-23.8247733;-46.7266429;ok;nominatim;high;;200;;9111812;way;781353717;Hospital Municipal de Parelheiros, 841, Rua Euzébio Coghi, Jardim Novo Parelheiros, Parelheiros, Vila Roschel, São Paulo, Região Sudeste, 04883-290, Brasil;7.861829556720863e-05;;hospital;São Paulo;São Paulo;Brasil;RUA EUZEBIO COGHI, 841 - JARDIM ROSCHEL, SAO PAULO, SP, São Paulo, SP, Brasil;"{""place_id"": 9111812, ""licence"": ""Data © OpenStreetMap contributors, ODbL 1.0. http://osm.org/copyright"", ""osm_type"": ""way"", ""osm_id"": 781353717, ""lat"": ""-23.8247733"", ""lon"": ""-46.7266429"", ""category"": ""amenity"", ""type"": ""hospital"", ""place_rank"": 30, ""importance"": 7.861829556720863e-05, ""addresstype"": ""amenity"", ""name"": ""Hospital Municipal de Parelheiros"", ""display_name"": ""Hospital Municipal de Parelheiros, 841, Rua Euzébio Coghi, Jardim Novo Parelheiros, Parelheiros, Vila Roschel, São Paulo, Região Sudeste, 04883-290, Brasil"", ""address"": {""amenity"": ""Hospital Municipal de Parelheiros"", ""house_number"": ""841"", ""road"": ""Rua Euzébio Coghi"", ""quarter"": ""Jardim Novo Parelheiros"", ""suburb"": ""Parelheiros"", ""village"": ""Vila Roschel"", ""city"": ""São Paulo"", ""state"": ""São Paulo"", ""ISO3166-2-lvl4"": ""BR-SP"", ""region"": ""Região Sudeste"", ""postcode"": ""04883-290"", ""country"": ""Brasil"", ""country_code"": ""br""}, ""boundingbox"": [""-23.8269001"", ""-23.8224119"", ""-46.7284608"", ""-46.7242454""]}"
237;HOSPITAL MUNICIPAL SANTA DULCE DOS POBRES;RUA ANTONIO CARLOS, 122 - CONSOLACAO, SAO PAULO, SP;-23.5573928;-46.6562429;ok;nominatim;high;;200;;8938162;way;423038991;Hospital Municipal Bela Vista, 122, Rua Antônio Carlos, Bela Vista, Consolação, São Paulo, Região Sudeste, 01309-010, Brasil;7.861829556720863e-05;;hospital;São Paulo;São Paulo;Brasil;RUA ANTONIO CARLOS, 122 - CONSOLACAO, SAO PAULO, SP, São Paulo, SP, Brasil;"{""place_id"": 8938162, ""licence"": ""Data © OpenStreetMap contributors, ODbL 1.0. http://osm.org/copyright"", ""osm_type"": ""way"", ""osm_id"": 423038991, ""lat"": ""-23.5573928"", ""lon"": ""-46.6562429"", ""category"": ""building"", ""type"": ""hospital"", ""place_rank"": 30, ""importance"": 7.861829556720863e-05, ""addresstype"": ""building"", ""name"": ""Hospital Municipal Bela Vista"", ""display_name"": ""Hospital Municipal Bela Vista, 122, Rua Antônio Carlos, Bela Vista, Consolação, São Paulo, Região Sudeste, 01309-010, Brasil"", ""address"": {""building"": ""Hospital Municipal Bela Vista"", ""house_number"": ""122"", ""road"": ""Rua Antônio Carlos"", ""suburb"": ""Bela Vista"", ""city_district"": ""Consolação"", ""city"": ""São Paulo"", ""state"": ""São Paulo"", ""ISO3166-2-lvl4"": ""BR-SP"", ""region"": ""Região Sudeste"", ""postcode"": ""01309-010"", ""country"": ""Brasil"", ""country_code"": ""br""}, ""boundingbox"": [""-23.5575859"", ""-23.5572790"", ""-46.6563559"", ""-46.6561506""]}"
238;HOSPITAL MUNICIPAL BRASILANDIA;MICHIHISA MURATA, 150 - JARDIM MARISTELA, SAO PAULO, SP;-23.4765440;-46.6980006;ok;nominatim;high;;200;;8527899;way;837675272;Hospital Doutor Adib Jatene, Avenida Michihisa Murata, Vila Inferninho, Parque Monteiro Soares, Freguesia do Ó, São Paulo, Região Sudeste, 02834-090, Brasil;7.861829556720863e-05;;hospital;São Paulo;São Paulo;Brasil;HOSPITAL MUNICIPAL BRASILANDIA, MICHIHISA MURATA, 150 - JARDIM MARISTELA, SAO PAULO, SP, São Paulo, SP, Brasil;"{""place_id"": 8527899, ""licence"": ""Data © OpenStreetMap contributors, ODbL 1.0. http://osm.org/copyright"", ""osm_type"": ""way"", ""osm_id"": 837675272, ""lat"": ""-23.4765440"", ""lon"": ""-46.6980006"", ""category"": ""amenity"", ""type"": ""hospital"", ""place_rank"": 30, ""importance"": 7.861829556720863e-05, ""addresstype"": ""amenity"", ""name"": ""Hospital Doutor Adib Jatene"", ""display_name"": ""Hospital Doutor Adib Jatene, Avenida Michihisa Murata, Vila Inferninho, Parque Monteiro Soares, Freguesia do Ó, São Paulo, Região Sudeste, 02834-090, Brasil"", ""address"": {""amenity"": ""Hospital Doutor Adib Jatene"", ""road"": ""Avenida Michihisa Murata"", ""residential"": ""Vila Inferninho"", ""suburb"": ""Parque Monteiro Soares"", ""city"": ""São Paulo"", ""state"": ""São Paulo"", ""ISO3166-2-lvl4"": ""BR-SP"", ""region"": ""Região Sudeste"", ""postcode"": ""02834-090"", ""country"": ""Brasil"", ""country_code"": ""br""}, ""boundingbox"": [""-23.4773669"", ""-23.4757666"", ""-46.6989844"", ""-46.6971943""]}"
239;HOSPITAL MUNICIPAL GUARAPIRANGA;ESTRADA DA RIVIERA, 4742, ZONA SUL - RIVIERA PAULISTA, SAO PAULO, SP;-23.6911689;-46.7517858;ok;nominatim;low;;200;;9100062;way;249884928;Estrada da Riviera, Jardim Ângela, Jardim Copacabana, São Paulo, Região Sudeste, 04916-000, Brasil;0.05341195162890055;;tertiary;São Paulo;São Paulo;Brasil;ESTRADA DA RIVIERA, 4742 - 04916000;"{""place_id"": 9100062, ""licence"": ""Data © OpenStreetMap contributors, ODbL 1.0. http://osm.org/copyright"", ""osm_type"": ""way"", ""osm_id"": 249884928, ""lat"": ""-23.6911689"", ""lon"": ""-46.7517858"", ""category"": ""highway"", ""type"": ""tertiary"", ""place_rank"": 26, ""importance"": 0.05341195162890055, ""addresstype"": ""road"", ""name"": ""Estrada da Riviera"", ""display_name"": ""Estrada da Riviera, Jardim Ângela, Jardim Copacabana, São Paulo, Região Sudeste, 04916-000, Brasil"", ""address"": {""road"": ""Estrada da Riviera"", ""suburb"": ""Jardim Ângela"", ""village"": ""Jardim Copacabana"", ""city"": ""São Paulo"", ""state"": ""São Paulo"", ""ISO3166-2-lvl4"": ""BR-SP"", ""region"": ""Região Sudeste"", ""postcode"": ""04916-000"", ""country"": ""Brasil"", ""country_code"": ""br""}, ""boundingbox"": [""-23.6944196"", ""-23.6867482"", ""-46.7556024"", ""-46.7515804""]}"
240;INSTITUTO DE INFECTOLOGIA EMILIO RIBAS;DR ARNALDO, 165 - SUMARE, SAO PAULO, SP;-23.5470783;-46.6812257;ok;nominatim;low;;200;;8821311;way;16238438;Avenida Doutor Arnaldo, Sumaré, Perdizes, São Paulo, Região Sudeste, 05437-000, Brasil;0.05341195162890055;;secondary;São Paulo;São Paulo;Brasil;DR ARNALDO, 165 - SUMARE, SAO PAULO, SP, São Paulo, SP, Brasil;"{""place_id"": 8821311, ""licence"": ""Data © OpenStreetMap contributors, ODbL 1.0. http://osm.org/copyright"", ""osm_type"": ""way"", ""osm_id"": 16238438, ""lat"": ""-23.5470783"", ""lon"": ""-46.6812257"", ""category"": ""highway"", ""type"": ""secondary"", ""place_rank"": 26, ""importance"": 0.05341195162890055, ""addresstype"": ""road"", ""name"": ""Avenida Doutor Arnaldo"", ""display_name"": ""Avenida Doutor Arnaldo, Sumaré, Perdizes, São Paulo, Região Sudeste, 05437-000, Brasil"", ""address"": {""road"": ""Avenida Doutor Arnaldo"", ""suburb"": ""Sumaré"", ""city_district"": ""Perdizes"", ""city"": ""São Paulo"", ""state"": ""São Paulo"", ""ISO3166-2-lvl4"": ""BR-SP"", ""region"": ""Região Sudeste"", ""postcode"": ""05437-000"", ""country"": ""Brasil"", ""country_code"": ""br""}, ""boundingbox"": [""-23.5492843"", ""-23.5450449"", ""-46.6824698"", ""-46.6803252""]}"
241;HOSPITAL DO SERV PUB EST FCO MORATO DE OLIVEIRA SAO PAULO;AVENIDA IBIRAPUERA, 981 - IBIRAPUERA, SAO PAULO, SP;-22.5952323;-47.4166274;ok;nominatim;low;;200;;9489207;way;240325002;Avenida Doutor Lauro Correa da Silva, 4250, Jardim Ibirapuera, Jardim Ouro Verde, Limeira, São Paulo, Região Sudeste, 13481-241, Brasil;0.05339719157701988;;secondary;Limeira;São Paulo;Brasil;AVENIDA IBIRAPUERA, 981 - IBIRAPUERA, SAO PAULO, SP, São Paulo, SP, Brasil;"{""place_id"": 9489207, ""licence"": ""Data © OpenStreetMap contributors, ODbL 1.0. http://osm.org/copyright"", ""osm_type"": ""way"", ""osm_id"": 240325002, ""lat"": ""-22.5952323"", ""lon"": ""-47.4166274"", ""category"": ""highway"", ""type"": ""secondary"", ""place_rank"": 26, ""importance"": 0.05339719157701988, ""addresstype"": ""road"", ""name"": ""Avenida Doutor Lauro Correa da Silva, 4250"", ""display_name"": ""Avenida Doutor Lauro Correa da Silva, 4250, Jardim Ibirapuera, Jardim Ouro Verde, Limeira, São Paulo, Região Sudeste, 13481-241, Brasil"", ""address"": {""road"": ""Avenida Doutor Lauro Correa da Silva, 4250"", ""quarter"": ""Jardim Ibirapuera"", ""suburb"": ""Jardim Ouro Verde"", ""city_district"": ""Limeira"", ""city"": ""Limeira"", ""state"": ""São Paulo"", ""ISO3166-2-lvl4"": ""BR-SP"", ""region"": ""Região Sudeste"", ""postcode"": ""13481-241"", ""country"": ""Brasil"", ""country_code"": ""br""}, ""boundingbox"": [""-22.5983979"", ""-22.5920933"", ""-47.4183570"", ""-47.4148173""]}"
242;HOSPITAL MATERNIDADE INTERLAGOS;RUA LEONOR ALVIM, 211 - JD LEBLON, SAO PAULO, SP;-23.7069613;-46.7021968;ok;nominatim;low;;200;;8939023;way;942669917;Rua Leonor Alvim, Jardim Cruzeiro, Cidade Dutra, São Paulo, Região Sudeste, 04806-000, Brasil;0.05341195162890055;;residential;São Paulo;São Paulo;Brasil;RUA LEONOR ALVIM, 211 - 04802190;"{""place_id"": 8939023, ""licence"": ""Data © OpenStreetMap contributors, ODbL 1.0. http://osm.org/copyright"", ""osm_type"": ""way"", ""osm_id"": 942669917, ""lat"": ""-23.7069613"", ""lon"": ""-46.7021968"", ""category"": ""highway"", ""type"": ""residential"", ""place_rank"": 26, ""importance"": 0.05341195162890055, ""addresstype"": ""road"", ""name"": ""Rua Leonor Alvim"", ""display_name"": ""Rua Leonor Alvim, Jardim Cruzeiro, Cidade Dutra, São Paulo, Região Sudeste, 04806-000, Brasil"", ""address"": {""road"": ""Rua Leonor Alvim"", ""quarter"": ""Jardim Cruzeiro"", ""suburb"": ""Cidade Dutra"", ""city"": ""São Paulo"", ""state"": ""São Paulo"", ""ISO3166-2-lvl4"": ""BR-SP"", ""region"": ""Região Sudeste"", ""postcode"": ""04806-000"", ""country"": ""Brasil"", ""country_code"": ""br""}, ""boundingbox"": [""-23.7073123"", ""-23.7067857"", ""-46.7028466"", ""-46.7016182""]}"
243;HOSPITAL GERAL DE PEDREIRA;RUA JOAO FRANCISCO DE MOURA, 251 - VILA CAMPO GRANDE, SAO PAULO, SP;-23.6808407;-46.6783317;ok;nominatim;low;;200;;9108402;way;84759928;Rua João Francisco de Moura, Campinha, Campo Grande, Vila Arriete, São Paulo, Região Sudeste, 04455-000, Brasil;0.05341195162890055;;residential;São Paulo;São Paulo;Brasil;RUA JOAO FRANCISCO DE MOURA, 251 - VILA CAMPO GRANDE, SAO PAULO, SP, São Paulo, SP, Brasil;"{""place_id"": 9108402, ""licence"": ""Data © OpenStreetMap contributors, ODbL 1.0. http://osm.org/copyright"", ""osm_type"": ""way"", ""osm_id"": 84759928, ""lat"": ""-23.6808407"", ""lon"": ""-46.6783317"", ""category"": ""highway"", ""type"": ""residential"", ""place_rank"": 26, ""importance"": 0.05341195162890055, ""addresstype"": ""road"", ""name"": ""Rua João Francisco de Moura"", ""display_name"": ""Rua João Francisco de Moura, Campinha, Campo Grande, Vila Arriete, São Paulo, Região Sudeste, 04455-000, Brasil"", ""address"": {""road"": ""Rua João Francisco de Moura"", ""quarter"": ""Campinha"", ""suburb"": ""Vila Arriete"", ""city"": ""São Paulo"", ""state"": ""São Paulo"", ""ISO3166-2-lvl4"": ""BR-SP"", ""region"": ""Região Sudeste"", ""postcode"": ""04455-000"", ""country"": ""Brasil"", ""country_code"": ""br""}, ""boundingbox"": [""-23.6816848"", ""-23.6801011"", ""-46.6793581"", ""-46.6774810""]}"
244;HOSPITAL HELIOPOLIS UNIDADE DE GESTAO ASSISTENCIAL I;CON XAVIER, 276 - V HELIOPOLIS, SAO PAULO, SP;-23.6071150;-46.5952530;ok;nominatim;low;;200;;8932081;node;7998194012;Rua Côn. Xavier, Rua Cônego Xavier, Nova Heliópolis, Vila Bandeirantes, Sacomã, São Paulo, Região Sudeste, 04231-004, Brasil;7.861829556720863e-05;;bus_stop;São Paulo;São Paulo;Brasil;CON XAVIER, 276 - V HELIOPOLIS, SAO PAULO, SP, São Paulo, SP, Brasil;"{""place_id"": 8932081, ""licence"": ""Data © OpenStreetMap contributors, ODbL 1.0. http://osm.org/copyright"", ""osm_type"": ""node"", ""osm_id"": 7998194012, ""lat"": ""-23.6071150"", ""lon"": ""-46.5952530"", ""category"": ""highway"", ""type"": ""bus_stop"", ""place_rank"": 30, ""importance"": 7.861829556720863e-05, ""addresstype"": ""highway"", ""name"": ""Rua Côn. Xavier"", ""display_name"": ""Rua Côn. Xavier, Rua Cônego Xavier, Nova Heliópolis, Vila Bandeirantes, Sacomã, São Paulo, Região Sudeste, 04231-004, Brasil"", ""address"": {""highway"": ""Rua Côn. Xavier"", ""road"": ""Rua Cônego Xavier"", ""residential"": ""Nova Heliópolis"", ""quarter"": ""Vila Bandeirantes"", ""suburb"": ""Sacomã"", ""city_district"": ""Sacomã"", ""city"": ""São Paulo"", ""state"": ""São Paulo"", ""ISO3166-2-lvl4"": ""BR-SP"", ""region"": ""Região Sudeste"", ""postcode"": ""04231-004"", ""country"": ""Brasil"", ""country_code"": ""br""}, ""boundingbox"": [""-23.6071650"", ""-23.6070650"", ""-46.5953030"", ""-46.5952030""]}"
245;CAISM DR DAVID CAPISTRANO DA COSTA FILHO DA AGUA FUNDA SP;AVENIDA MIGUEL STEFNO, 3030 - AGUA FUNDA, SAO PAULO, SP;;;not_found;nominatim;not_found;Resposta 200 OK mas sem coordenadas;0;Nenhuma das queries retornou coordenadas válidas;;;;;;;;;;;;
246;HOSPITAL INFANTIL DARCY VARGAS UGA III SAO PAULO;RUA DR SERAFICO DE ASSIS CARVALHO, 34 - JARDIM GUEDALA, SAO PAULO, SP;-23.5929419;-46.7109151;ok;nominatim;high;;200;;8937090;way;1183565099;Hospital Infantil Darcy Vargas, 34, Rua Doutor Serafico de Assis Carvalho, Cidade Jardim, Morumbi, São Paulo, Região Sudeste, 05615-900, Brasil;7.861829556720863e-05;;hospital;São Paulo;São Paulo;Brasil;RUA DR SERAFICO DE ASSIS CARVALHO, 34 - 04024002;"{""place_id"": 8937090, ""licence"": ""Data © OpenStreetMap contributors, ODbL 1.0. http://osm.org/copyright"", ""osm_type"": ""way"", ""osm_id"": 1183565099, ""lat"": ""-23.5929419"", ""lon"": ""-46.7109151"", ""category"": ""amenity"", ""type"": ""hospital"", ""place_rank"": 30, ""importance"": 7.861829556720863e-05, ""addresstype"": ""amenity"", ""name"": ""Hospital Infantil Darcy Vargas"", ""display_name"": ""Hospital Infantil Darcy Vargas, 34, Rua Doutor Serafico de Assis Carvalho, Cidade Jardim, Morumbi, São Paulo, Região Sudeste, 05615-900, Brasil"", ""address"": {""amenity"": ""Hospital Infantil Darcy Vargas"", ""house_number"": ""34"", ""road"": ""Rua Doutor Serafico de Assis Carvalho"", ""suburb"": ""Cidade Jardim"", ""city"": ""São Paulo"", ""state"": ""São Paulo"", ""ISO3166-2-lvl4"": ""BR-SP"", ""region"": ""Região Sudeste"", ""postcode"": ""05615-900"", ""country"": ""Brasil"", ""country_code"": ""br""}, ""boundingbox"": [""-23.5934524"", ""-23.5920338"", ""-46.7116343"", ""-46.7102493""]}"
247;HOSP MUN MATERNIDADE PROFESSOR MARIO DEGNI;RUA LUCAS DE LEYDE, 257 - VILA ANTONIO, SAO PAULO, SP;-23.5777487;-46.7648420;ok;nominatim;high;;200;;9043309;way;1348051378;Hospital Municipal e Maternidade Professor  Mario Degni, 257, Rua Lucas de Leyde, Jardim Ester, Parque dos Príncipes, Rio Pequeno, São Paulo, Região Sudeste, 05372-110, Brasil;7.861829556720863e-05;;hospital;São Paulo;São Paulo;Brasil;RUA LUCAS DE LEYDE, 257 - 05376010;"{""place_id"": 9043309, ""licence"": ""Data © OpenStreetMap contributors, ODbL 1.0. http://osm.org/copyright"", ""osm_type"": ""way"", ""osm_id"": 1348051378, ""lat"": ""-23.5777487"", ""lon"": ""-46.7648420"", ""category"": ""amenity"", ""type"": ""hospital"", ""place_rank"": 30, ""importance"": 7.861829556720863e-05, ""addresstype"": ""amenity"", ""name"": ""Hospital Municipal e Maternidade Professor  Mario Degni"", ""display_name"": ""Hospital Municipal e Maternidade Professor  Mario Degni, 257, Rua Lucas de Leyde, Jardim Ester, Parque dos Príncipes, Rio Pequeno, São Paulo, Região Sudeste, 05372-110, Brasil"", ""address"": {""amenity"": ""Hospital Municipal e Maternidade Professor  Mario Degni"", ""house_number"": ""257"", ""road"": ""Rua Lucas de Leyde"", ""quarter"": ""Jardim Ester"", ""suburb"": ""Parque dos Príncipes"", ""city_district"": ""Rio Pequeno"", ""city"": ""São Paulo"", ""state"": ""São Paulo"", ""ISO3166-2-lvl4"": ""BR-SP"", ""region"": ""Região Sudeste"", ""postcode"": ""05372-110"", ""country"": ""Brasil"", ""country_code"": ""br""}, ""boundingbox"": [""-23.5787204"", ""-23.5771631"", ""-46.7653750"", ""-46.7640473""]}"
248;HOSPITAL UNIVERSITARIO DA USP SAO PAULO;AV PROF LINEU PRESTES, 2565 - BUTANTA, SAO PAULO, SP;-23.5649058;-46.7409515;ok;nominatim;high;;200;;8885964;way;158788584;Hospital Universitário, 2565, Avenida Professor Lineu Prestes, Butantã, São Paulo, Região Sudeste, 05508-000, Brasil;0.4446133857442175;;hospital;São Paulo;São Paulo;Brasil;AV PROF LINEU PRESTES, 2565 - BUTANTA, SAO PAULO, SP, São Paulo, SP, Brasil;"{""place_id"": 8885964, ""licence"": ""Data © OpenStreetMap contributors, ODbL 1.0. http://osm.org/copyright"", ""osm_type"": ""way"", ""osm_id"": 158788584, ""lat"": ""-23.5649058"", ""lon"": ""-46.7409515"", ""category"": ""amenity"", ""type"": ""hospital"", ""place_rank"": 30, ""importance"": 0.4446133857442175, ""addresstype"": ""amenity"", ""name"": ""Hospital Universitário"", ""display_name"": ""Hospital Universitário, 2565, Avenida Professor Lineu Prestes, Butantã, São Paulo, Região Sudeste, 05508-000, Brasil"", ""address"": {""amenity"": ""Hospital Universitário"", ""house_number"": ""2565"", ""road"": ""Avenida Professor Lineu Prestes"", ""suburb"": ""Butantã"", ""city"": ""São Paulo"", ""state"": ""São Paulo"", ""ISO3166-2-lvl4"": ""BR-SP"", ""region"": ""Região Sudeste"", ""postcode"": ""05508-000"", ""country"": ""Brasil"", ""country_code"": ""br""}, ""boundingbox"": [""-23.5658343"", ""-23.5636331"", ""-46.7425797"", ""-46.7397181""]}"
249;CAISM PHILIPPE PINEL SAO PAULO;AV RAIMUNDO PEREIRA DE MAGALHAES, 5214 - PIRITUBA, SAO PAULO, SP;-23.4869816;-46.7239346;ok;nominatim;high;;200;;8608806;way;79877355;Centro de Atenção Integrada à Saúde Mental Philippe Pinel, 5214, Avenida Raimundo Pereira de Magalhães, Piqueri, Pirituba, São Paulo, Região Sudeste, 02945-040, Brasil;7.861829556720863e-05;;hospital;São Paulo;São Paulo;Brasil;AV RAIMUNDO PEREIRA DE MAGALHAES, 5214 - PIRITUBA, SAO PAULO, SP, São Paulo, SP, Brasil;"{""place_id"": 8608806, ""licence"": ""Data © OpenStreetMap contributors, ODbL 1.0. http://osm.org/copyright"", ""osm_type"": ""way"", ""osm_id"": 79877355, ""lat"": ""-23.4869816"", ""lon"": ""-46.7239346"", ""category"": ""amenity"", ""type"": ""hospital"", ""place_rank"": 30, ""importance"": 7.861829556720863e-05, ""addresstype"": ""amenity"", ""name"": ""Centro de Atenção Integrada à Saúde Mental Philippe Pinel"", ""display_name"": ""Centro de Atenção Integrada à Saúde Mental Philippe Pinel, 5214, Avenida Raimundo Pereira de Magalhães, Piqueri, Pirituba, São Paulo, Região Sudeste, 02945-040, Brasil"", ""address"": {""amenity"": ""Centro de Atenção Integrada à Saúde Mental Philippe Pinel"", ""house_number"": ""5214"", ""road"": ""Avenida Raimundo Pereira de Magalhães"", ""suburb"": ""Piqueri"", ""city"": ""São Paulo"", ""state"": ""São Paulo"", ""ISO3166-2-lvl4"": ""BR-SP"", ""region"": ""Região Sudeste"", ""postcode"": ""02945-040"", ""country"": ""Brasil"", ""country_code"": ""br""}, ""boundingbox"": [""-23.4880054"", ""-23.4855749"", ""-46.7251542"", ""-46.7228936""]}"
250;HOSPITAL GERAL HENRIQUE ALTIMEYER DE VILA ALPINA;AV FRANCISCO FALCONI, 1501 - VILA ALPINA, SAO PAULO, SP;-23.5930526;-46.5607618;ok;nominatim;high;;200;;8855708;way;195664900;Hospital Estadual Vila Alpina, 1501, Avenida Francisco Falconi, Vila Alpina, Vila Prudente, São Paulo, Região Sudeste, 03227-000, Brasil;7.861829556720863e-05;;hospital;São Paulo;São Paulo;Brasil;AV FRANCISCO FALCONI, 1501 - VILA ALPINA, SAO PAULO, SP, São Paulo, SP, Brasil;"{""place_id"": 8855708, ""licence"": ""Data © OpenStreetMap contributors, ODbL 1.0. http://osm.org/copyright"", ""osm_type"": ""way"", ""osm_id"": 195664900, ""lat"": ""-23.5930526"", ""lon"": ""-46.5607618"", ""category"": ""amenity"", ""type"": ""hospital"", ""place_rank"": 30, ""importance"": 7.861829556720863e-05, ""addresstype"": ""amenity"", ""name"": ""Hospital Estadual Vila Alpina"", ""display_name"": ""Hospital Estadual Vila Alpina, 1501, Avenida Francisco Falconi, Vila Alpina, Vila Prudente, São Paulo, Região Sudeste, 03227-000, Brasil"", ""address"": {""amenity"": ""Hospital Estadual Vila Alpina"", ""house_number"": ""1501"", ""road"": ""Avenida Francisco Falconi"", ""suburb"": ""Vila Alpina"", ""city_district"": ""Vila Prudente"", ""city"": ""São Paulo"", ""state"": ""São Paulo"", ""ISO3166-2-lvl4"": ""BR-SP"", ""region"": ""Região Sudeste"", ""postcode"": ""03227-000"", ""country"": ""Brasil"", ""country_code"": ""br""}, ""boundingbox"": [""-23.5938614"", ""-23.5922764"", ""-46.5626876"", ""-46.5600426""]}"
251;HOSP MUN PIRITUBA JOSE SOARES HUNGRIA;AVENIDA MENOTTI LAUDISIO, 100 - PIRITUBA, SAO PAULO, SP;-23.4845293;-46.7275153;ok;nominatim;high;;200;;8606285;way;79442277;Hospital Municipal Doutor José Soares Hungria, 100, Avenida Menotti Laudisio, Jardim Líbano, Piqueri, Pirituba, São Paulo, Região Sudeste, 02945-000, Brasil;7.861829556720863e-05;;hospital;São Paulo;São Paulo;Brasil;AVENIDA MENOTTI LAUDISIO, 100 - PIRITUBA, SAO PAULO, SP, São Paulo, SP, Brasil;"{""place_id"": 8606285, ""licence"": ""Data © OpenStreetMap contributors, ODbL 1.0. http://osm.org/copyright"", ""osm_type"": ""way"", ""osm_id"": 79442277, ""lat"": ""-23.4845293"", ""lon"": ""-46.7275153"", ""category"": ""amenity"", ""type"": ""hospital"", ""place_rank"": 30, ""importance"": 7.861829556720863e-05, ""addresstype"": ""amenity"", ""name"": ""Hospital Municipal Doutor José Soares Hungria"", ""display_name"": ""Hospital Municipal Doutor José Soares Hungria, 100, Avenida Menotti Laudisio, Jardim Líbano, Piqueri, Pirituba, São Paulo, Região Sudeste, 02945-000, Brasil"", ""address"": {""amenity"": ""Hospital Municipal Doutor José Soares Hungria"", ""house_number"": ""100"", ""road"": ""Avenida Menotti Laudisio"", ""neighbourhood"": ""Jardim Líbano"", ""suburb"": ""Piqueri"", ""city"": ""São Paulo"", ""state"": ""São Paulo"", ""ISO3166-2-lvl4"": ""BR-SP"", ""region"": ""Região Sudeste"", ""postcode"": ""02945-000"", ""country"": ""Brasil"", ""country_code"": ""br""}, ""boundingbox"": [""-23.4856336"", ""-23.4836530"", ""-46.7285330"", ""-46.7265242""]}"
252;HOSPITAL GERAL DE SAO MATEUS SAO PAULO;RUA ANGELO DE CANDIA, 540 - SAO MATEUS, SAO PAULO, SP;-23.5947358;-46.4867109;ok;nominatim;high;;200;;8814414;way;437648955;Hospital Geral de São Mateus, 540, Rua Ângelo de Cândia, Jardim Imperador, São Mateus, São Paulo, Região Sudeste, 03958-000, Brasil;7.861829556720863e-05;;hospital;São Paulo;São Paulo;Brasil;HOSPITAL GERAL DE SAO MATEUS SAO PAULO, RUA ANGELO DE CANDIA, 540 - SAO MATEUS, SAO PAULO, SP, São Paulo, SP, Brasil;"{""place_id"": 8814414, ""licence"": ""Data © OpenStreetMap contributors, ODbL 1.0. http://osm.org/copyright"", ""osm_type"": ""way"", ""osm_id"": 437648955, ""lat"": ""-23.5947358"", ""lon"": ""-46.4867109"", ""category"": ""amenity"", ""type"": ""hospital"", ""place_rank"": 30, ""importance"": 7.861829556720863e-05, ""addresstype"": ""amenity"", ""name"": ""Hospital Geral de São Mateus"", ""display_name"": ""Hospital Geral de São Mateus, 540, Rua Ângelo de Cândia, Jardim Imperador, São Mateus, São Paulo, Região Sudeste, 03958-000, Brasil"", ""address"": {""amenity"": ""Hospital Geral de São Mateus"", ""house_number"": ""540"", ""road"": ""Rua Ângelo de Cândia"", ""suburb"": ""Jardim Imperador"", ""city"": ""São Paulo"", ""state"": ""São Paulo"", ""ISO3166-2-lvl4"": ""BR-SP"", ""region"": ""Região Sudeste"", ""postcode"": ""03958-000"", ""country"": ""Brasil"", ""country_code"": ""br""}, ""boundingbox"": [""-23.5954600"", ""-23.5940117"", ""-46.4872724"", ""-46.4861494""]}"
253;UNIDADE DE GESTAO ASSISTENCIAL II HOSPITAL IPIRANGA SP;AVENIDA NAZARE, 28 - IPIRANGA, SAO PAULO, SP;-23.5842030;-46.6116295;ok;nominatim;high;;200;;8839690;way;467681159;Hospital Ipiranga, 28, Avenida Nazaré, Ipiranga, São Paulo, Região Sudeste, 04262-000, Brasil;7.861829556720863e-05;;hospital;São Paulo;São Paulo;Brasil;AVENIDA NAZARE, 28 - IPIRANGA, SAO PAULO, SP, São Paulo, SP, Brasil;"{""place_id"": 8839690, ""licence"": ""Data © OpenStreetMap contributors, ODbL 1.0. http://osm.org/copyright"", ""osm_type"": ""way"", ""osm_id"": 467681159, ""lat"": ""-23.5842030"", ""lon"": ""-46.6116295"", ""category"": ""amenity"", ""type"": ""hospital"", ""place_rank"": 30, ""importance"": 7.861829556720863e-05, ""addresstype"": ""amenity"", ""name"": ""Hospital Ipiranga"", ""display_name"": ""Hospital Ipiranga, 28, Avenida Nazaré, Ipiranga, São Paulo, Região Sudeste, 04262-000, Brasil"", ""address"": {""amenity"": ""Hospital Ipiranga"", ""house_number"": ""28"", ""road"": ""Avenida Nazaré"", ""suburb"": ""Ipiranga"", ""city_district"": ""Ipiranga"", ""city"": ""São Paulo"", ""state"": ""São Paulo"", ""ISO3166-2-lvl4"": ""BR-SP"", ""region"": ""Região Sudeste"", ""postcode"": ""04262-000"", ""country"": ""Brasil"", ""country_code"": ""br""}, ""boundingbox"": [""-23.5846982"", ""-23.5838803"", ""-46.6121370"", ""-46.6111008""]}"
254;CONJUNTO HOSPITALAR DO MANDAQUI SAO PAULO;RUA VOLUNTARIOS DA PATRIA, 4301 - SANTANA, SAO PAULO, SP;-23.4849783;-46.6314355;ok;nominatim;high;;200;;8683899;relation;3281462;Conjunto Hospitalar do Mandaqui, 4301, Rua Voluntários da Pátria, Alto de Santana, Santana, São Paulo, Região Sudeste, 02401-400, Brasil;0.4353606624145101;;hospital;São Paulo;São Paulo;Brasil;CONJUNTO HOSPITALAR DO MANDAQUI SAO PAULO, RUA VOLUNTARIOS DA PATRIA, 4301 - SANTANA, SAO PAULO, SP, São Paulo, SP, Brasil;"{""place_id"": 8683899, ""licence"": ""Data © OpenStreetMap contributors, ODbL 1.0. http://osm.org/copyright"", ""osm_type"": ""relation"", ""osm_id"": 3281462, ""lat"": ""-23.4849783"", ""lon"": ""-46.6314355"", ""category"": ""amenity"", ""type"": ""hospital"", ""place_rank"": 30, ""importance"": 0.4353606624145101, ""addresstype"": ""amenity"", ""name"": ""Conjunto Hospitalar do Mandaqui"", ""display_name"": ""Conjunto Hospitalar do Mandaqui, 4301, Rua Voluntários da Pátria, Alto de Santana, Santana, São Paulo, Região Sudeste, 02401-400, Brasil"", ""address"": {""amenity"": ""Conjunto Hospitalar do Mandaqui"", ""house_number"": ""4301"", ""road"": ""Rua Voluntários da Pátria"", ""suburb"": ""Alto de Santana"", ""city_district"": ""Santana"", ""city"": ""São Paulo"", ""state"": ""São Paulo"", ""ISO3166-2-lvl4"": ""BR-SP"", ""region"": ""Região Sudeste"", ""postcode"": ""02401-400"", ""country"": ""Brasil"", ""country_code"": ""br""}, ""boundingbox"": [""-23.4867695"", ""-23.4830889"", ""-46.6332399"", ""-46.6294796""]}"
255;HOSPITAL GERAL SANTA MARCELINA DE ITAIM PAULISTA SAO PAULO;AV MARECHAL TITO, 6035 - ITAIM PAULISTA, SAO PAULO, SP;-23.4924231;-46.3889814;ok;nominatim;high;;200;;8694629;way;319792790;Hospital Santa Marcelina do Itaim Paulista O.S.S, 6035, Avenida Marechal Tito, Vila Itaim, Jardim São Luís (Zona leste), Itaim Paulista, São Paulo, Região Sudeste, 08115-100, Brasil;7.861829556720863e-05;;hospital;São Paulo;São Paulo;Brasil;AV MARECHAL TITO, 6035 - ITAIM PAULISTA, SAO PAULO, SP, São Paulo, SP, Brasil;"{""place_id"": 8694629, ""licence"": ""Data © OpenStreetMap contributors, ODbL 1.0. http://osm.org/copyright"", ""osm_type"": ""way"", ""osm_id"": 319792790, ""lat"": ""-23.4924231"", ""lon"": ""-46.3889814"", ""category"": ""amenity"", ""type"": ""hospital"", ""place_rank"": 30, ""importance"": 7.861829556720863e-05, ""addresstype"": ""amenity"", ""name"": ""Hospital Santa Marcelina do Itaim Paulista O.S.S"", ""display_name"": ""Hospital Santa Marcelina do Itaim Paulista O.S.S, 6035, Avenida Marechal Tito, Vila Itaim, Jardim São Luís (Zona leste), Itaim Paulista, São Paulo, Região Sudeste, 08115-100, Brasil"", ""address"": {""amenity"": ""Hospital Santa Marcelina do Itaim Paulista O.S.S"", ""house_number"": ""6035"", ""road"": ""Avenida Marechal Tito"", ""neighbourhood"": ""Vila Itaim"", ""suburb"": ""Jardim São Luís (Zona leste)"", ""city"": ""São Paulo"", ""state"": ""São Paulo"", ""ISO3166-2-lvl4"": ""BR-SP"", ""region"": ""Região Sudeste"", ""postcode"": ""08115-100"", ""country"": ""Brasil"", ""country_code"": ""br""}, ""boundingbox"": [""-23.4933870"", ""-23.4914681"", ""-46.3900733"", ""-46.3879965""]}"
256;HOSP MUN PROF DR WALDOMIRO DE PAULA;RUA AUGUSTO CARLOS BAUMANN, 1074 - ITAQUERA, SAO PAULO, SP;-23.5321357;-46.4472128;ok;nominatim;low;;200;;8699046;way;272661161;Rua Augusto Carlos Bauman, Vila Carmosina, Itaquera, São Paulo, Região Sudeste, 08210-540, Brasil;0.05341195162890055;;secondary;São Paulo;São Paulo;Brasil;RUA AUGUSTO CARLOS BAUMANN, 1074 - ITAQUERA, SAO PAULO, SP, São Paulo, SP, Brasil;"{""place_id"": 8699046, ""licence"": ""Data © OpenStreetMap contributors, ODbL 1.0. http://osm.org/copyright"", ""osm_type"": ""way"", ""osm_id"": 272661161, ""lat"": ""-23.5321357"", ""lon"": ""-46.4472128"", ""category"": ""highway"", ""type"": ""secondary"", ""place_rank"": 26, ""importance"": 0.05341195162890055, ""addresstype"": ""road"", ""name"": ""Rua Augusto Carlos Bauman"", ""display_name"": ""Rua Augusto Carlos Bauman, Vila Carmosina, Itaquera, São Paulo, Região Sudeste, 08210-540, Brasil"", ""address"": {""road"": ""Rua Augusto Carlos Bauman"", ""quarter"": ""Vila Carmosina"", ""suburb"": ""Itaquera"", ""city"": ""São Paulo"", ""state"": ""São Paulo"", ""ISO3166-2-lvl4"": ""BR-SP"", ""region"": ""Região Sudeste"", ""postcode"": ""08210-540"", ""country"": ""Brasil"", ""country_code"": ""br""}, ""boundingbox"": [""-23.5325274"", ""-23.5317431"", ""-46.4478428"", ""-46.4465833""]}"
257;HOSPITAL GERAL DO GRAJAU PROF LIBER JOHN ALPHONSE DI DIO SP;RUA FRANCISCO OTAVIO PACCA, 180 - PARQUE DAS NACOES, SAO PAULO, SP;-23.6911520;-46.5848155;ok;nominatim;low;;200;;9047908;way;269098990;Oficina Brasil, 1937, Avenida Piraporinha, Piraporinha, Diadema, São Paulo, Região Sudeste, 09950-000, Brasil;7.861829556720863e-05;;car_repair;Diadema;São Paulo;Brasil;04822030, 180, SAO PAULO, SP, Brasil;"{""place_id"": 9047908, ""licence"": ""Data © OpenStreetMap contributors, ODbL 1.0. http://osm.org/copyright"", ""osm_type"": ""way"", ""osm_id"": 269098990, ""lat"": ""-23.6911520"", ""lon"": ""-46.5848155"", ""category"": ""shop"", ""type"": ""car_repair"", ""place_rank"": 30, ""importance"": 7.861829556720863e-05, ""addresstype"": ""shop"", ""name"": ""Oficina Brasil"", ""display_name"": ""Oficina Brasil, 1937, Avenida Piraporinha, Piraporinha, Diadema, São Paulo, Região Sudeste, 09950-000, Brasil"", ""address"": {""shop"": ""Oficina Brasil"", ""house_number"": ""1937"", ""road"": ""Avenida Piraporinha"", ""suburb"": ""Piraporinha"", ""city_district"": ""Diadema"", ""city"": ""Diadema"", ""state"": ""São Paulo"", ""ISO3166-2-lvl4"": ""BR-SP"", ""region"": ""Região Sudeste"", ""postcode"": ""09950-000"", ""country"": ""Brasil"", ""country_code"": ""br""}, ""boundingbox"": [""-23.6912159"", ""-23.6910783"", ""-46.5849354"", ""-46.5846886""]}"
258;HOSPITAL E MATERNIDADE LEONOR MENDES DE BARROS SAO PAULO;AV CELSO GARCIA, 2477 - BELENZINHO, SAO PAULO, SP;-23.5359031;-46.5887061;ok;nominatim;high;;200;;8847125;way;463619231;Hospital Maternidade Leonor Mendes de Barros, 2477, Avenida Celso Garcia, Belém, São Paulo, Região Sudeste, 03015-000, Brasil;7.861829556720863e-05;;hospital;São Paulo;São Paulo;Brasil;AV CELSO GARCIA, 2477 - 03015000;"{""place_id"": 8847125, ""licence"": ""Data © OpenStreetMap contributors, ODbL 1.0. http://osm.org/copyright"", ""osm_type"": ""way"", ""osm_id"": 463619231, ""lat"": ""-23.5359031"", ""lon"": ""-46.5887061"", ""category"": ""amenity"", ""type"": ""hospital"", ""place_rank"": 30, ""importance"": 7.861829556720863e-05, ""addresstype"": ""amenity"", ""name"": ""Hospital Maternidade Leonor Mendes de Barros"", ""display_name"": ""Hospital Maternidade Leonor Mendes de Barros, 2477, Avenida Celso Garcia, Belém, São Paulo, Região Sudeste, 03015-000, Brasil"", ""address"": {""amenity"": ""Hospital Maternidade Leonor Mendes de Barros"", ""house_number"": ""2477"", ""road"": ""Avenida Celso Garcia"", ""suburb"": ""Belém"", ""city"": ""São Paulo"", ""state"": ""São Paulo"", ""ISO3166-2-lvl4"": ""BR-SP"", ""region"": ""Região Sudeste"", ""postcode"": ""03015-000"", ""country"": ""Brasil"", ""country_code"": ""br""}, ""boundingbox"": [""-23.5365735"", ""-23.5352205"", ""-46.5896561"", ""-46.5878076""]}"
259;CENTRO DE REFERENCIA E TREINAMENTO DST AIDS SAO PAULO;RUA SANTA CRUZ, 81 - VILA MARIANA, SAO PAULO, SP;-23.5966194;-46.6358133;ok;nominatim;high;;200;;8787168;way;1077044306;Centro de Referência e Treinamento DST/Aids-SP, 81, Rua Santa Cruz, Vila Mariana, São Paulo, Região Sudeste, 04121-000, Brasil;7.861829556720863e-05;;hospital;São Paulo;São Paulo;Brasil;RUA SANTA CRUZ, 81 - VILA MARIANA, SAO PAULO, SP, São Paulo, SP, Brasil;"{""place_id"": 8787168, ""licence"": ""Data © OpenStreetMap contributors, ODbL 1.0. http://osm.org/copyright"", ""osm_type"": ""way"", ""osm_id"": 1077044306, ""lat"": ""-23.5966194"", ""lon"": ""-46.6358133"", ""category"": ""amenity"", ""type"": ""hospital"", ""place_rank"": 30, ""importance"": 7.861829556720863e-05, ""addresstype"": ""amenity"", ""name"": ""Centro de Referência e Treinamento DST/Aids-SP"", ""display_name"": ""Centro de Referência e Treinamento DST/Aids-SP, 81, Rua Santa Cruz, Vila Mariana, São Paulo, Região Sudeste, 04121-000, Brasil"", ""address"": {""amenity"": ""Centro de Referência e Treinamento DST/Aids-SP"", ""house_number"": ""81"", ""road"": ""Rua Santa Cruz"", ""suburb"": ""Vila Mariana"", ""city_district"": ""Vila Mariana"", ""city"": ""São Paulo"", ""state"": ""São Paulo"", ""ISO3166-2-lvl4"": ""BR-SP"", ""region"": ""Região Sudeste"", ""postcode"": ""04121-000"", ""country"": ""Brasil"", ""country_code"": ""br""}, ""boundingbox"": [""-23.5969243"", ""-23.5963444"", ""-46.6359613"", ""-46.6356600""]}"
260;HOSPITAL MILITAR DE AREA DE SAO PAULO;RUA OUVIDOR PORTUGAL, 230 - CAMBUCI, SAO PAULO, SP;-23.5696701;-46.6134492;ok;nominatim;high;;200;;8931936;node;1693998312;Hospital Militar de Área de São Paulo, 230, Rua Ouvidor Portugal, Vila Monumento, Cambuci, São Paulo, Região Sudeste, 01551-010, Brasil;7.861829556720863e-05;;hospital;São Paulo;São Paulo;Brasil;HOSPITAL MILITAR DE AREA DE SAO PAULO, RUA OUVIDOR PORTUGAL, 230 - CAMBUCI, SAO PAULO, SP, São Paulo, SP, Brasil;"{""place_id"": 8931936, ""licence"": ""Data © OpenStreetMap contributors, ODbL 1.0. http://osm.org/copyright"", ""osm_type"": ""node"", ""osm_id"": 1693998312, ""lat"": ""-23.5696701"", ""lon"": ""-46.6134492"", ""category"": ""amenity"", ""type"": ""hospital"", ""place_rank"": 30, ""importance"": 7.861829556720863e-05, ""addresstype"": ""amenity"", ""name"": ""Hospital Militar de Área de São Paulo"", ""display_name"": ""Hospital Militar de Área de São Paulo, 230, Rua Ouvidor Portugal, Vila Monumento, Cambuci, São Paulo, Região Sudeste, 01551-010, Brasil"", ""address"": {""amenity"": ""Hospital Militar de Área de São Paulo"", ""house_number"": ""230"", ""road"": ""Rua Ouvidor Portugal"", ""suburb"": ""Vila Monumento"", ""city_district"": ""Cambuci"", ""city"": ""São Paulo"", ""state"": ""São Paulo"", ""ISO3166-2-lvl4"": ""BR-SP"", ""region"": ""Região Sudeste"", ""postcode"": ""01551-010"", ""country"": ""Brasil"", ""country_code"": ""br""}, ""boundingbox"": [""-23.5697201"", ""-23.5696201"", ""-46.6134992"", ""-46.6133992""]}"
261;CENTRO DE REFERENCIA DA SAUDE DA MULHER;AV RIO BRANCO, 1080 - CAMPOS ELISEOS, SAO PAULO, SP;-22.9288098;-47.1152922;ok;nominatim;low;;200;;9410471;way;149121226;Rua Rio Branco, Jardim Ipaussurama, Jardim Paulicéia, Campinas, São Paulo, Região Sudeste, 13060-562, Brasil;0.053401859311818074;;residential;Campinas;São Paulo;Brasil;AV RIO BRANCO, 1080 - CAMPOS ELISEOS, SAO PAULO, SP, São Paulo, SP, Brasil;"{""place_id"": 9410471, ""licence"": ""Data © OpenStreetMap contributors, ODbL 1.0. http://osm.org/copyright"", ""osm_type"": ""way"", ""osm_id"": 149121226, ""lat"": ""-22.9288098"", ""lon"": ""-47.1152922"", ""category"": ""highway"", ""type"": ""residential"", ""place_rank"": 26, ""importance"": 0.053401859311818074, ""addresstype"": ""road"", ""name"": ""Rua Rio Branco"", ""display_name"": ""Rua Rio Branco, Jardim Ipaussurama, Jardim Paulicéia, Campinas, São Paulo, Região Sudeste, 13060-562, Brasil"", ""address"": {""road"": ""Rua Rio Branco"", ""residential"": ""Jardim Ipaussurama"", ""suburb"": ""Jardim Paulicéia"", ""city_district"": ""Campinas"", ""city"": ""Campinas"", ""state"": ""São Paulo"", ""ISO3166-2-lvl4"": ""BR-SP"", ""region"": ""Região Sudeste"", ""postcode"": ""13060-562"", ""country"": ""Brasil"", ""country_code"": ""br""}, ""boundingbox"": [""-22.9288363"", ""-22.9287833"", ""-47.1159417"", ""-47.1146428""]}"
262;HOSP MUN INFANTIL MENINO JESUS;RUA DOS INGLESES, 258 - BELA VISTA, SAO PAULO, SP;-23.5602200;-46.6469982;ok;nominatim;low;;200;;9665640;way;1172464432;258, Rua dos Ingleses, Morro dos Ingleses, Bela Vista, São Paulo, Região Sudeste, 01329-000, Brasil;9.99999999995449e-06;;house;São Paulo;São Paulo;Brasil;RUA DOS INGLESES, 258 - BELA VISTA, SAO PAULO, SP, São Paulo, SP, Brasil;"{""place_id"": 9665640, ""licence"": ""Data © OpenStreetMap contributors, ODbL 1.0. http://osm.org/copyright"", ""osm_type"": ""way"", ""osm_id"": 1172464432, ""lat"": ""-23.5602200"", ""lon"": ""-46.6469982"", ""category"": ""place"", ""type"": ""house"", ""place_rank"": 30, ""importance"": 9.99999999995449e-06, ""addresstype"": ""place"", ""name"": """", ""display_name"": ""258, Rua dos Ingleses, Morro dos Ingleses, Bela Vista, São Paulo, Região Sudeste, 01329-000, Brasil"", ""address"": {""house_number"": ""258"", ""road"": ""Rua dos Ingleses"", ""suburb"": ""Morro dos Ingleses"", ""city"": ""São Paulo"", ""state"": ""São Paulo"", ""ISO3166-2-lvl4"": ""BR-SP"", ""region"": ""Região Sudeste"", ""postcode"": ""01329-000"", ""country"": ""Brasil"", ""country_code"": ""br""}, ""boundingbox"": [""-23.5602700"", ""-23.5601700"", ""-46.6470482"", ""-46.6469482""]}"
263;HOSP DA AERONAUTICA DE SPHASP;OLAVO FONTOURA, 1400, SANTANA - SANTANA, SAO PAULO, SP;-23.5143658;-46.6366806;ok;nominatim;low;;200;;8978059;way;646945023;Avenida Olavo Fontoura, Carandiru, Santana, São Paulo, Região Sudeste, 02012-021, Brasil;0.05341195162890055;;primary;São Paulo;São Paulo;Brasil;OLAVO FONTOURA, 1400, SANTANA - SANTANA, SAO PAULO, SP, São Paulo, SP, Brasil;"{""place_id"": 8978059, ""licence"": ""Data © OpenStreetMap contributors, ODbL 1.0. http://osm.org/copyright"", ""osm_type"": ""way"", ""osm_id"": 646945023, ""lat"": ""-23.5143658"", ""lon"": ""-46.6366806"", ""category"": ""highway"", ""type"": ""primary"", ""place_rank"": 26, ""importance"": 0.05341195162890055, ""addresstype"": ""road"", ""name"": ""Avenida Olavo Fontoura"", ""display_name"": ""Avenida Olavo Fontoura, Carandiru, Santana, São Paulo, Região Sudeste, 02012-021, Brasil"", ""address"": {""road"": ""Avenida Olavo Fontoura"", ""suburb"": ""Carandiru"", ""city_district"": ""Santana"", ""city"": ""São Paulo"", ""state"": ""São Paulo"", ""ISO3166-2-lvl4"": ""BR-SP"", ""region"": ""Região Sudeste"", ""postcode"": ""02012-021"", ""country"": ""Brasil"", ""country_code"": ""br""}, ""boundingbox"": [""-23.5150607"", ""-23.5141410"", ""-46.6407666"", ""-46.6325520""]}"
264;HOSP MUN MAT ESC DR MARIO DE MORAES A SILVA;DEPUTADO EMILIO CARLOS, 3100 - VILA NOVA CACHOEIRIN, SAO PAULO, SP;-23.4802096;-46.6709709;ok;nominatim;high;;200;;8553501;way;423650178;Hospital Municipal Maternidade-Escola Vila Nova Cachoeirinha, 3100, Avenida Deputado Emílio Carlos, Vila Amélia, Cachoeirinha, São Paulo, Região Sudeste, 02765-050, Brasil;0.04539457909600718;;hospital;São Paulo;São Paulo;Brasil;DEPUTADO EMILIO CARLOS, 3100 - 02721000;"{""place_id"": 8553501, ""licence"": ""Data © OpenStreetMap contributors, ODbL 1.0. http://osm.org/copyright"", ""osm_type"": ""way"", ""osm_id"": 423650178, ""lat"": ""-23.4802096"", ""lon"": ""-46.6709709"", ""category"": ""building"", ""type"": ""hospital"", ""place_rank"": 30, ""importance"": 0.04539457909600718, ""addresstype"": ""building"", ""name"": ""Hospital Municipal Maternidade-Escola Vila Nova Cachoeirinha"", ""display_name"": ""Hospital Municipal Maternidade-Escola Vila Nova Cachoeirinha, 3100, Avenida Deputado Emílio Carlos, Vila Amélia, Cachoeirinha, São Paulo, Região Sudeste, 02765-050, Brasil"", ""address"": {""building"": ""Hospital Municipal Maternidade-Escola Vila Nova Cachoeirinha"", ""house_number"": ""3100"", ""road"": ""Avenida Deputado Emílio Carlos"", ""suburb"": ""Vila Amélia"", ""city"": ""São Paulo"", ""state"": ""São Paulo"", ""ISO3166-2-lvl4"": ""BR-SP"", ""region"": ""Região Sudeste"", ""postcode"": ""02765-050"", ""country"": ""Brasil"", ""country_code"": ""br""}, ""boundingbox"": [""-23.4807433"", ""-23.4796940"", ""-46.6717507"", ""-46.6702427""]}"
265;HOSPITAL GERAL JESUS TEIXEIRA DA COSTA GUAIANASES SAO PAULO;AV MIGUEL ACHIOLE DA FONSECA, 135 - JARDIM SAO PAULO, SAO PAULO, SP;-23.5523813;-46.4053829;ok;nominatim;high;;200;;8835683;way;260876142;Hospital Geral Jesus Teixeira da Costa, Avenida Miguel Achiole da Fonseca, Jardim São Paulo, Guaianases, São Paulo, Região Sudeste, 08412-000, Brasil;7.861829556720863e-05;;hospital;São Paulo;São Paulo;Brasil;HOSPITAL GERAL JESUS TEIXEIRA DA COSTA GUAIANASES SAO PAULO, AV MIGUEL ACHIOLE DA FONSECA, 135 - JARDIM SAO PAULO, SAO PAULO, SP, São Paulo, SP, Brasil;"{""place_id"": 8835683, ""licence"": ""Data © OpenStreetMap contributors, ODbL 1.0. http://osm.org/copyright"", ""osm_type"": ""way"", ""osm_id"": 260876142, ""lat"": ""-23.5523813"", ""lon"": ""-46.4053829"", ""category"": ""amenity"", ""type"": ""hospital"", ""place_rank"": 30, ""importance"": 7.861829556720863e-05, ""addresstype"": ""amenity"", ""name"": ""Hospital Geral Jesus Teixeira da Costa"", ""display_name"": ""Hospital Geral Jesus Teixeira da Costa, Avenida Miguel Achiole da Fonseca, Jardim São Paulo, Guaianases, São Paulo, Região Sudeste, 08412-000, Brasil"", ""address"": {""amenity"": ""Hospital Geral Jesus Teixeira da Costa"", ""road"": ""Avenida Miguel Achiole da Fonseca"", ""quarter"": ""Jardim São Paulo"", ""suburb"": ""Guaianases"", ""city"": ""São Paulo"", ""state"": ""São Paulo"", ""ISO3166-2-lvl4"": ""BR-SP"", ""region"": ""Região Sudeste"", ""postcode"": ""08412-000"", ""country"": ""Brasil"", ""country_code"": ""br""}, ""boundingbox"": [""-23.5537353"", ""-23.5513729"", ""-46.4066739"", ""-46.4034789""]}"
266;HOSP MUN DR CARMINO CARICCHIO;AV CELSO GARCIA, 4815 - TATUAPE, SAO PAULO, SP;-23.5329502;-46.5664411;ok;nominatim;high;;200;;8778472;way;375977786;Hospital Municipal Doutor Cármino Caricchio, 4815, Avenida Celso Garcia, Parque São Jorge, Tatuapé, São Paulo, Região Sudeste, 03069-000, Brasil;7.861829556720863e-05;;hospital;São Paulo;São Paulo;Brasil;AV CELSO GARCIA, 4815 - TATUAPE, SAO PAULO, SP, São Paulo, SP, Brasil;"{""place_id"": 8778472, ""licence"": ""Data © OpenStreetMap contributors, ODbL 1.0. http://osm.org/copyright"", ""osm_type"": ""way"", ""osm_id"": 375977786, ""lat"": ""-23.5329502"", ""lon"": ""-46.5664411"", ""category"": ""amenity"", ""type"": ""hospital"", ""place_rank"": 30, ""importance"": 7.861829556720863e-05, ""addresstype"": ""amenity"", ""name"": ""Hospital Municipal Doutor Cármino Caricchio"", ""display_name"": ""Hospital Municipal Doutor Cármino Caricchio, 4815, Avenida Celso Garcia, Parque São Jorge, Tatuapé, São Paulo, Região Sudeste, 03069-000, Brasil"", ""address"": {""amenity"": ""Hospital Municipal Doutor Cármino Caricchio"", ""house_number"": ""4815"", ""road"": ""Avenida Celso Garcia"", ""suburb"": ""Parque São Jorge"", ""city"": ""São Paulo"", ""state"": ""São Paulo"", ""ISO3166-2-lvl4"": ""BR-SP"", ""region"": ""Região Sudeste"", ""postcode"": ""03069-000"", ""country"": ""Brasil"", ""country_code"": ""br""}, ""boundingbox"": [""-23.5337538"", ""-23.5324836"", ""-46.5669771"", ""-46.5658105""]}"
267;HOSP MUN TIDE SETUBAL;RUA DR JOSE GUILHERME EIRAS, 123 - SAO MIGUEL PAULISTA, SAO PAULO, SP;-23.4973179;-46.4398650;ok;nominatim;low;;200;;8766667;way;1184110656;Rua Doutor José Guilherme Eiras, Vila Rosária, São Miguel Paulista, São Paulo, Região Sudeste, 08021-090, Brasil;0.05341195162890055;;residential;São Paulo;São Paulo;Brasil;RUA DR JOSE GUILHERME EIRAS, 123 - SAO MIGUEL PAULISTA, SAO PAULO, SP, São Paulo, SP, Brasil;"{""place_id"": 8766667, ""licence"": ""Data © OpenStreetMap contributors, ODbL 1.0. http://osm.org/copyright"", ""osm_type"": ""way"", ""osm_id"": 1184110656, ""lat"": ""-23.4973179"", ""lon"": ""-46.4398650"", ""category"": ""highway"", ""type"": ""residential"", ""place_rank"": 26, ""importance"": 0.05341195162890055, ""addresstype"": ""road"", ""name"": ""Rua Doutor José Guilherme Eiras"", ""display_name"": ""Rua Doutor José Guilherme Eiras, Vila Rosária, São Miguel Paulista, São Paulo, Região Sudeste, 08021-090, Brasil"", ""address"": {""road"": ""Rua Doutor José Guilherme Eiras"", ""quarter"": ""Vila Rosária"", ""suburb"": ""São Miguel Paulista"", ""city"": ""São Paulo"", ""state"": ""São Paulo"", ""ISO3166-2-lvl4"": ""BR-SP"", ""region"": ""Região Sudeste"", ""postcode"": ""08021-090"", ""country"": ""Brasil"", ""country_code"": ""br""}, ""boundingbox"": [""-23.4974676"", ""-23.4971975"", ""-46.4406062"", ""-46.4391160""]}"
268;HOSP MUN V NHOCUNE ALEXANDRE ZAIO;RUA ALVES MALDONADO, 128 - VILA NHOCUNE, SAO PAULO, SP;-23.5424212;-46.5015398;ok;nominatim;high;;200;;8856090;way;442804134;Hospital Municipal Doutor Alexandre Zaio, 128, Rua Alves Maldonado, Cidade Patriarca, Vila Matilde, São Paulo, Região Sudeste, 03556-010, Brasil;7.861829556720863e-05;;hospital;São Paulo;São Paulo;Brasil;RUA ALVES MALDONADO, 128 - VILA NHOCUNE, SAO PAULO, SP, São Paulo, SP, Brasil;"{""place_id"": 8856090, ""licence"": ""Data © OpenStreetMap contributors, ODbL 1.0. http://osm.org/copyright"", ""osm_type"": ""way"", ""osm_id"": 442804134, ""lat"": ""-23.5424212"", ""lon"": ""-46.5015398"", ""category"": ""amenity"", ""type"": ""hospital"", ""place_rank"": 30, ""importance"": 7.861829556720863e-05, ""addresstype"": ""amenity"", ""name"": ""Hospital Municipal Doutor Alexandre Zaio"", ""display_name"": ""Hospital Municipal Doutor Alexandre Zaio, 128, Rua Alves Maldonado, Cidade Patriarca, Vila Matilde, São Paulo, Região Sudeste, 03556-010, Brasil"", ""address"": {""amenity"": ""Hospital Municipal Doutor Alexandre Zaio"", ""house_number"": ""128"", ""road"": ""Rua Alves Maldonado"", ""suburb"": ""Cidade Patriarca"", ""city"": ""São Paulo"", ""state"": ""São Paulo"", ""ISO3166-2-lvl4"": ""BR-SP"", ""region"": ""Região Sudeste"", ""postcode"": ""03556-010"", ""country"": ""Brasil"", ""country_code"": ""br""}, ""boundingbox"": [""-23.5438786"", ""-23.5417079"", ""-46.5028900"", ""-46.5007385""]}"
269;HOSP MUN JABAQUARA ARTUR RIBEIRO DE SABOYA;AVENIDA FRANCISCO DE PAULA QUINTANILHA RIBEIRO, 860 - JABAQUARA, SAO PAULO, SP;-23.6533422;-46.6456764;ok;nominatim;high;;200;;9029850;way;256252796;Hospital Municipal Arthur Ribeiro de Saboya, 860, Avenida Francisco de Paula Quintanilha Ribeiro, Vila do Encontro, Jabaquara, São Paulo, Região Sudeste, 04330-020, Brasil;7.861829556720863e-05;;hospital;São Paulo;São Paulo;Brasil;AVENIDA FRANCISCO DE PAULA QUINTANILHA RIBEIRO, 860 - JABAQUARA, SAO PAULO, SP, São Paulo, SP, Brasil;"{""place_id"": 9029850, ""licence"": ""Data © OpenStreetMap contributors, ODbL 1.0. http://osm.org/copyright"", ""osm_type"": ""way"", ""osm_id"": 256252796, ""lat"": ""-23.6533422"", ""lon"": ""-46.6456764"", ""category"": ""amenity"", ""type"": ""hospital"", ""place_rank"": 30, ""importance"": 7.861829556720863e-05, ""addresstype"": ""amenity"", ""name"": ""Hospital Municipal Arthur Ribeiro de Saboya"", ""display_name"": ""Hospital Municipal Arthur Ribeiro de Saboya, 860, Avenida Francisco de Paula Quintanilha Ribeiro, Vila do Encontro, Jabaquara, São Paulo, Região Sudeste, 04330-020, Brasil"", ""address"": {""amenity"": ""Hospital Municipal Arthur Ribeiro de Saboya"", ""house_number"": ""860"", ""road"": ""Avenida Francisco de Paula Quintanilha Ribeiro"", ""quarter"": ""Vila do Encontro"", ""suburb"": ""Jabaquara"", ""city"": ""São Paulo"", ""state"": ""São Paulo"", ""ISO3166-2-lvl4"": ""BR-SP"", ""region"": ""Região Sudeste"", ""postcode"": ""04330-020"", ""country"": ""Brasil"", ""country_code"": ""br""}, ""boundingbox"": [""-23.6538054"", ""-23.6529168"", ""-46.6462115"", ""-46.6451313""]}"
270;HOSPITAL KATIA DE SOUZA RODRIGUES TAIPASSP SAO PAULO;AV ELISIO TEIXEIRA LEITE, 6999 - PARADA DE TAIPAS, SAO PAULO, SP;-23.4436996;-46.7177512;ok;nominatim;high;;200;;8613916;way;682318862;Hospital Geral de Taipas, 6999, Avenida Elísio Teixeira Leite, Parada de Taípas, Jardim Pirituba, Jaraguá, São Paulo, Região Sudeste, 02810-000, Brasil;7.861829556720863e-05;;hospital;São Paulo;São Paulo;Brasil;AV ELISIO TEIXEIRA LEITE, 6999 - PARADA DE TAIPAS, SAO PAULO, SP, São Paulo, SP, Brasil;"{""place_id"": 8613916, ""licence"": ""Data © OpenStreetMap contributors, ODbL 1.0. http://osm.org/copyright"", ""osm_type"": ""way"", ""osm_id"": 682318862, ""lat"": ""-23.4436996"", ""lon"": ""-46.7177512"", ""category"": ""amenity"", ""type"": ""hospital"", ""place_rank"": 30, ""importance"": 7.861829556720863e-05, ""addresstype"": ""amenity"", ""name"": ""Hospital Geral de Taipas"", ""display_name"": ""Hospital Geral de Taipas, 6999, Avenida Elísio Teixeira Leite, Parada de Taípas, Jardim Pirituba, Jaraguá, São Paulo, Região Sudeste, 02810-000, Brasil"", ""address"": {""amenity"": ""Hospital Geral de Taipas"", ""house_number"": ""6999"", ""road"": ""Avenida Elísio Teixeira Leite"", ""suburb"": ""Parada de Taípas"", ""city_district"": ""Jaraguá"", ""city"": ""São Paulo"", ""state"": ""São Paulo"", ""ISO3166-2-lvl4"": ""BR-SP"", ""region"": ""Região Sudeste"", ""postcode"": ""02810-000"", ""country"": ""Brasil"", ""country_code"": ""br""}, ""boundingbox"": [""-23.4449692"", ""-23.4423873"", ""-46.7185494"", ""-46.7172434""]}"
271;HOSP MUN PROFESSOR DOUTOR ALIPIO CORREA NETTO;ALAMEDA RODRIGO DE BRUM, 1989 - VILA PARANAGUA, SAO PAULO, SP;-23.4996440;-46.4729162;ok;nominatim;high;;200;;8679718;way;437199936;Hospital Municipal Professor Doutor Alípio Corrêa Netto, 1989, Alameda Rodrigo de Brum, Parque Boturussu, Ermelino Matarazzo, São Paulo, Região Sudeste, 03807-230, Brasil;7.861829556720863e-05;;hospital;São Paulo;São Paulo;Brasil;ALAMEDA RODRIGO DE BRUM, 1989 - VILA PARANAGUA, SAO PAULO, SP, São Paulo, SP, Brasil;"{""place_id"": 8679718, ""licence"": ""Data © OpenStreetMap contributors, ODbL 1.0. http://osm.org/copyright"", ""osm_type"": ""way"", ""osm_id"": 437199936, ""lat"": ""-23.4996440"", ""lon"": ""-46.4729162"", ""category"": ""amenity"", ""type"": ""hospital"", ""place_rank"": 30, ""importance"": 7.861829556720863e-05, ""addresstype"": ""amenity"", ""name"": ""Hospital Municipal Professor Doutor Alípio Corrêa Netto"", ""display_name"": ""Hospital Municipal Professor Doutor Alípio Corrêa Netto, 1989, Alameda Rodrigo de Brum, Parque Boturussu, Ermelino Matarazzo, São Paulo, Região Sudeste, 03807-230, Brasil"", ""address"": {""amenity"": ""Hospital Municipal Professor Doutor Alípio Corrêa Netto"", ""house_number"": ""1989"", ""road"": ""Alameda Rodrigo de Brum"", ""suburb"": ""Parque Boturussu"", ""city"": ""São Paulo"", ""state"": ""São Paulo"", ""ISO3166-2-lvl4"": ""BR-SP"", ""region"": ""Região Sudeste"", ""postcode"": ""03807-230"", ""country"": ""Brasil"", ""country_code"": ""br""}, ""boundingbox"": [""-23.5005523"", ""-23.4987394"", ""-46.4737451"", ""-46.4715457""]}"
272;HOSPITAL MUNICIPAL DR BENEDITO MONTENEGRO;RUA ANTONIO LAZARO, 226 - JARDIM IVA, SAO PAULO, SP;-23.5875541;-46.5145716;ok;nominatim;low;;200;;8859021;node;8553785959;226, Rua Antônio Lázaro, Vila Bancária, Sapopemba, São Paulo, Região Sudeste, 03921-080, Brasil;7.861829556720863e-05;;house;São Paulo;São Paulo;Brasil;RUA ANTONIO LAZARO, 226 - JARDIM IVA, SAO PAULO, SP, São Paulo, SP, Brasil;"{""place_id"": 8859021, ""licence"": ""Data © OpenStreetMap contributors, ODbL 1.0. http://osm.org/copyright"", ""osm_type"": ""node"", ""osm_id"": 8553785959, ""lat"": ""-23.5875541"", ""lon"": ""-46.5145716"", ""category"": ""place"", ""type"": ""house"", ""place_rank"": 30, ""importance"": 7.861829556720863e-05, ""addresstype"": ""place"", ""name"": """", ""display_name"": ""226, Rua Antônio Lázaro, Vila Bancária, Sapopemba, São Paulo, Região Sudeste, 03921-080, Brasil"", ""address"": {""house_number"": ""226"", ""road"": ""Rua Antônio Lázaro"", ""suburb"": ""Vila Bancária"", ""city"": ""São Paulo"", ""state"": ""São Paulo"", ""ISO3166-2-lvl4"": ""BR-SP"", ""region"": ""Região Sudeste"", ""postcode"": ""03921-080"", ""country"": ""Brasil"", ""country_code"": ""br""}, ""boundingbox"": [""-23.5876041"", ""-23.5875041"", ""-46.5146216"", ""-46.5145216""]}"
273;HOSP MUN IGNACIO PROENCA DE GOUVEA;JUVENTUS, 562 - PARQUE DA MOOCA, SAO PAULO, SP;-23.5717374;-46.5901660;ok;nominatim;high;;200;;8874303;way;231104142;Hospital Municipal Doutor Ignácio Proença de Gouvêa, 562, Rua Juventus, Parque da Mooca, Mooca, São Paulo, Região Sudeste, 03124-070, Brasil;7.861829556720863e-05;;hospital;São Paulo;São Paulo;Brasil;JUVENTUS, 562 - PARQUE DA MOOCA, SAO PAULO, SP, São Paulo, SP, Brasil;"{""place_id"": 8874303, ""licence"": ""Data © OpenStreetMap contributors, ODbL 1.0. http://osm.org/copyright"", ""osm_type"": ""way"", ""osm_id"": 231104142, ""lat"": ""-23.5717374"", ""lon"": ""-46.5901660"", ""category"": ""amenity"", ""type"": ""hospital"", ""place_rank"": 30, ""importance"": 7.861829556720863e-05, ""addresstype"": ""amenity"", ""name"": ""Hospital Municipal Doutor Ignácio Proença de Gouvêa"", ""display_name"": ""Hospital Municipal Doutor Ignácio Proença de Gouvêa, 562, Rua Juventus, Parque da Mooca, Mooca, São Paulo, Região Sudeste, 03124-070, Brasil"", ""address"": {""amenity"": ""Hospital Municipal Doutor Ignácio Proença de Gouvêa"", ""house_number"": ""562"", ""road"": ""Rua Juventus"", ""suburb"": ""Parque da Mooca"", ""city"": ""São Paulo"", ""state"": ""São Paulo"", ""ISO3166-2-lvl4"": ""BR-SP"", ""region"": ""Região Sudeste"", ""postcode"": ""03124-070"", ""country"": ""Brasil"", ""country_code"": ""br""}, ""boundingbox"": [""-23.5722462"", ""-23.5714608"", ""-46.5905701"", ""-46.5896856""]}"
274;HOSPITAL INFANTIL CANDIDO FONTOURA SAO PAULO;RUA SIQUEIRA BUENO, 1757 - AGUA RASA, SAO PAULO, SP;-23.5519180;-46.5852143;ok;nominatim;high;;200;;8874747;way;301324091;Hospital Infantil Cândido Fontoura, 1757, Rua Siqueira Bueno, Parque da Mooca, Água Rasa, São Paulo, Região Sudeste, 03173-010, Brasil;0.18554865524912875;;hospital;São Paulo;São Paulo;Brasil;HOSPITAL INFANTIL CANDIDO FONTOURA SAO PAULO, RUA SIQUEIRA BUENO, 1757 - AGUA RASA, SAO PAULO, SP, São Paulo, SP, Brasil;"{""place_id"": 8874747, ""licence"": ""Data © OpenStreetMap contributors, ODbL 1.0. http://osm.org/copyright"", ""osm_type"": ""way"", ""osm_id"": 301324091, ""lat"": ""-23.5519180"", ""lon"": ""-46.5852143"", ""category"": ""amenity"", ""type"": ""hospital"", ""place_rank"": 30, ""importance"": 0.18554865524912875, ""addresstype"": ""amenity"", ""name"": ""Hospital Infantil Cândido Fontoura"", ""display_name"": ""Hospital Infantil Cândido Fontoura, 1757, Rua Siqueira Bueno, Parque da Mooca, Água Rasa, São Paulo, Região Sudeste, 03173-010, Brasil"", ""address"": {""amenity"": ""Hospital Infantil Cândido Fontoura"", ""house_number"": ""1757"", ""road"": ""Rua Siqueira Bueno"", ""suburb"": ""Parque da Mooca"", ""city"": ""São Paulo"", ""state"": ""São Paulo"", ""ISO3166-2-lvl4"": ""BR-SP"", ""region"": ""Região Sudeste"", ""postcode"": ""03173-010"", ""country"": ""Brasil"", ""country_code"": ""br""}, ""boundingbox"": [""-23.5526263"", ""-23.5512110"", ""-46.5859768"", ""-46.5844531""]}"
275;HOSPITAL DE TRANSP DO EST DE SP EURYCLIDES DE JESUS ZERBINI;AV BRIGADEIRO LUIZ ANTONIO, 2651 - JARDIM PAULISTA, SAO PAULO, SP;;;not_found;nominatim;not_found;Resposta 200 OK mas sem coordenadas;0;Nenhuma das queries retornou coordenadas válidas;;;;;;;;;;;;
276;HOSPITAL REGIONAL SUL SAO PAULO;RUA GENERAL ROBERTO ALVES DE CARVALHO FILHO, 270 - SANTO AMARO, SAO PAULO, SP;-23.6555597;-46.7058596;ok;nominatim;high;;200;;8967809;way;318404110;Hospital Regional Sul, 270, Rua General Roberto Alves de Carvalho Filho, Jardim Santo Amaro, Santo Amaro, São Paulo, Região Sudeste, 04751-000, Brasil;7.861829556720863e-05;;hospital;São Paulo;São Paulo;Brasil;HOSPITAL REGIONAL SUL SAO PAULO, RUA GENERAL ROBERTO ALVES DE CARVALHO FILHO, 270 - SANTO AMARO, SAO PAULO, SP, São Paulo, SP, Brasil;"{""place_id"": 8967809, ""licence"": ""Data © OpenStreetMap contributors, ODbL 1.0. http://osm.org/copyright"", ""osm_type"": ""way"", ""osm_id"": 318404110, ""lat"": ""-23.6555597"", ""lon"": ""-46.7058596"", ""category"": ""amenity"", ""type"": ""hospital"", ""place_rank"": 30, ""importance"": 7.861829556720863e-05, ""addresstype"": ""amenity"", ""name"": ""Hospital Regional Sul"", ""display_name"": ""Hospital Regional Sul, 270, Rua General Roberto Alves de Carvalho Filho, Jardim Santo Amaro, Santo Amaro, São Paulo, Região Sudeste, 04751-000, Brasil"", ""address"": {""amenity"": ""Hospital Regional Sul"", ""house_number"": ""270"", ""road"": ""Rua General Roberto Alves de Carvalho Filho"", ""suburb"": ""Jardim Santo Amaro"", ""city_district"": ""Santo Amaro"", ""city"": ""São Paulo"", ""state"": ""São Paulo"", ""ISO3166-2-lvl4"": ""BR-SP"", ""region"": ""Região Sudeste"", ""postcode"": ""04751-000"", ""country"": ""Brasil"", ""country_code"": ""br""}, ""boundingbox"": [""-23.6557891"", ""-23.6550531"", ""-46.7061311"", ""-46.7056314""]}"
277;HOSPITAL VITAL BRAZIL SAO PAULO;AV VITAL BRAZIL, 1500 - BUTANTA, SAO PAULO, SP;-23.5651106;-46.7196825;ok;nominatim;high;;200;;8996650;way;245697727;Hospital Vital Brazil, Avenida Albert León C. Calmette / Jean C. Guérin, Caxingui, Butantã, São Paulo, Região Sudeste, 05508-065, Brasil;7.861829556720863e-05;;hospital;São Paulo;São Paulo;Brasil;HOSPITAL VITAL BRAZIL SAO PAULO, São Paulo, SP, Brasil;"{""place_id"": 8996650, ""licence"": ""Data © OpenStreetMap contributors, ODbL 1.0. http://osm.org/copyright"", ""osm_type"": ""way"", ""osm_id"": 245697727, ""lat"": ""-23.5651106"", ""lon"": ""-46.7196825"", ""category"": ""building"", ""type"": ""hospital"", ""place_rank"": 30, ""importance"": 7.861829556720863e-05, ""addresstype"": ""building"", ""name"": ""Hospital Vital Brazil"", ""display_name"": ""Hospital Vital Brazil, Avenida Albert León C. Calmette / Jean C. Guérin, Caxingui, Butantã, São Paulo, Região Sudeste, 05508-065, Brasil"", ""address"": {""building"": ""Hospital Vital Brazil"", ""road"": ""Avenida Albert León C. Calmette / Jean C. Guérin"", ""suburb"": ""Caxingui"", ""city"": ""São Paulo"", ""state"": ""São Paulo"", ""ISO3166-2-lvl4"": ""BR-SP"", ""region"": ""Região Sudeste"", ""postcode"": ""05508-065"", ""country"": ""Brasil"", ""country_code"": ""br""}, ""boundingbox"": [""-23.5652421"", ""-23.5649791"", ""-46.7198355"", ""-46.7195295""]}"
278;HOSPITAL ESTADUAL DE SAPOPEMBA SAO PAULO;RUA MANOEL FRANCA DOS SANTOS, 174 - JARDIM SAPOPEMBA, SAO PAULO, SP;-23.6113360;-46.4936710;ok;nominatim;low;;200;;8703201;node;8089579892;Rua Manoel Franca Dos Santos, Rua Manuel França dos Santos, Jardim Sapopemba, Sapopemba, São Paulo, Região Sudeste, 03975-130, Brasil;7.861829556720863e-05;;bus_stop;São Paulo;São Paulo;Brasil;RUA MANOEL FRANCA DOS SANTOS, 174 - JARDIM SAPOPEMBA, SAO PAULO, SP, São Paulo, SP, Brasil;"{""place_id"": 8703201, ""licence"": ""Data © OpenStreetMap contributors, ODbL 1.0. http://osm.org/copyright"", ""osm_type"": ""node"", ""osm_id"": 8089579892, ""lat"": ""-23.6113360"", ""lon"": ""-46.4936710"", ""category"": ""highway"", ""type"": ""bus_stop"", ""place_rank"": 30, ""importance"": 7.861829556720863e-05, ""addresstype"": ""highway"", ""name"": ""Rua Manoel Franca Dos Santos"", ""display_name"": ""Rua Manoel Franca Dos Santos, Rua Manuel França dos Santos, Jardim Sapopemba, Sapopemba, São Paulo, Região Sudeste, 03975-130, Brasil"", ""address"": {""highway"": ""Rua Manoel Franca Dos Santos"", ""road"": ""Rua Manuel França dos Santos"", ""suburb"": ""Jardim Sapopemba"", ""city"": ""São Paulo"", ""state"": ""São Paulo"", ""ISO3166-2-lvl4"": ""BR-SP"", ""region"": ""Região Sudeste"", ""postcode"": ""03975-130"", ""country"": ""Brasil"", ""country_code"": ""br""}, ""boundingbox"": [""-23.6113860"", ""-23.6112860"", ""-46.4937210"", ""-46.4936210""]}"
279;HOSPITAL GERAL DE VILA PENTEADO DR JOSE PANGELLA SAO PAULO;AV MINISTRO PETRONIO PORTELA, 1642 - JARDIM IRACEMA, SAO PAULO, SP;-23.4934229;-46.7008274;ok;nominatim;low;;200;;8546250;way;252383986;Avenida Ministro Petrônio Portela, Parque Monteiro Soares, Freguesia do Ó, São Paulo, Região Sudeste, 02802-120, Brasil;0.05341195162890055;;secondary;São Paulo;São Paulo;Brasil;AV MINISTRO PETRONIO PORTELA, 1642 - 02802120;"{""place_id"": 8546250, ""licence"": ""Data © OpenStreetMap contributors, ODbL 1.0. http://osm.org/copyright"", ""osm_type"": ""way"", ""osm_id"": 252383986, ""lat"": ""-23.4934229"", ""lon"": ""-46.7008274"", ""category"": ""highway"", ""type"": ""secondary"", ""place_rank"": 26, ""importance"": 0.05341195162890055, ""addresstype"": ""road"", ""name"": ""Avenida Ministro Petrônio Portela"", ""display_name"": ""Avenida Ministro Petrônio Portela, Parque Monteiro Soares, Freguesia do Ó, São Paulo, Região Sudeste, 02802-120, Brasil"", ""address"": {""road"": ""Avenida Ministro Petrônio Portela"", ""suburb"": ""Parque Monteiro Soares"", ""city"": ""São Paulo"", ""state"": ""São Paulo"", ""ISO3166-2-lvl4"": ""BR-SP"", ""region"": ""Região Sudeste"", ""postcode"": ""02802-120"", ""country"": ""Brasil"", ""country_code"": ""br""}, ""boundingbox"": [""-23.4976541"", ""-23.4878538"", ""-46.7053552"", ""-46.6976236""]}"
280;HOSPITAL PSIQUIATRICO DE VILA MARIANA;RUA MAJOR MARAGLIANO, 241, 287 - VILA MARIANA, SAO PAULO, SP;-23.5875985;-46.6387604;ok;nominatim;low;;200;;8832854;way;427348541;Rua Major Maragliano, Vila Mariana, São Paulo, Região Sudeste, 04017-030, Brasil;0.05341195162890055;;residential;São Paulo;São Paulo;Brasil;RUA MAJOR MARAGLIANO, 241, 287 - VILA MARIANA, SAO PAULO, SP, São Paulo, SP, Brasil;"{""place_id"": 8832854, ""licence"": ""Data © OpenStreetMap contributors, ODbL 1.0. http://osm.org/copyright"", ""osm_type"": ""way"", ""osm_id"": 427348541, ""lat"": ""-23.5875985"", ""lon"": ""-46.6387604"", ""category"": ""highway"", ""type"": ""residential"", ""place_rank"": 26, ""importance"": 0.05341195162890055, ""addresstype"": ""road"", ""name"": ""Rua Major Maragliano"", ""display_name"": ""Rua Major Maragliano, Vila Mariana, São Paulo, Região Sudeste, 04017-030, Brasil"", ""address"": {""road"": ""Rua Major Maragliano"", ""suburb"": ""Vila Mariana"", ""city_district"": ""Vila Mariana"", ""city"": ""São Paulo"", ""state"": ""São Paulo"", ""ISO3166-2-lvl4"": ""BR-SP"", ""region"": ""Região Sudeste"", ""postcode"": ""04017-030"", ""country"": ""Brasil"", ""country_code"": ""br""}, ""boundingbox"": [""-23.5892824"", ""-23.5858590"", ""-46.6393752"", ""-46.6382466""]}"
281;HOSPITAL GERAL DE VILA NOVA CACHOEIRINHA SAO PAULO;AV DEPUTADO EMILIO CARLOS, 3000 - VILA NOVA CACHOEIRIN, SAO PAULO, SP;-23.4897874;-46.6754035;ok;nominatim;low;;200;;8609822;way;129076165;Avenida Deputado Emílio Carlos, VIla Prado, Limão, São Paulo, Região Sudeste, 02720-200, Brasil;0.05341195162890055;;secondary;São Paulo;São Paulo;Brasil;AV DEPUTADO EMILIO CARLOS, 3000 - 02720200;"{""place_id"": 8609822, ""licence"": ""Data © OpenStreetMap contributors, ODbL 1.0. http://osm.org/copyright"", ""osm_type"": ""way"", ""osm_id"": 129076165, ""lat"": ""-23.4897874"", ""lon"": ""-46.6754035"", ""category"": ""highway"", ""type"": ""secondary"", ""place_rank"": 26, ""importance"": 0.05341195162890055, ""addresstype"": ""road"", ""name"": ""Avenida Deputado Emílio Carlos"", ""display_name"": ""Avenida Deputado Emílio Carlos, VIla Prado, Limão, São Paulo, Região Sudeste, 02720-200, Brasil"", ""address"": {""road"": ""Avenida Deputado Emílio Carlos"", ""suburb"": ""VIla Prado"", ""city"": ""São Paulo"", ""state"": ""São Paulo"", ""ISO3166-2-lvl4"": ""BR-SP"", ""region"": ""Região Sudeste"", ""postcode"": ""02720-200"", ""country"": ""Brasil"", ""country_code"": ""br""}, ""boundingbox"": [""-23.4909650"", ""-23.4886884"", ""-46.6758748"", ""-46.6753794""]}"
282;HOSP DO SERV PUB MUNICIPAL HSPM;CASTRO ALVES, 60 - LIBERDADE, SAO PAULO, SP;-23.5673424;-46.6390710;ok;nominatim;high;;200;;8822077;way;1077056900;Hospital do Servidor Público Municipal, 60, Rua Castro Alves, Liberdade, São Paulo, Região Sudeste, 01532-000, Brasil;7.861829556720863e-05;;hospital;São Paulo;São Paulo;Brasil;CASTRO ALVES, 60 - LIBERDADE, SAO PAULO, SP, São Paulo, SP, Brasil;"{""place_id"": 8822077, ""licence"": ""Data © OpenStreetMap contributors, ODbL 1.0. http://osm.org/copyright"", ""osm_type"": ""way"", ""osm_id"": 1077056900, ""lat"": ""-23.5673424"", ""lon"": ""-46.6390710"", ""category"": ""amenity"", ""type"": ""hospital"", ""place_rank"": 30, ""importance"": 7.861829556720863e-05, ""addresstype"": ""amenity"", ""name"": ""Hospital do Servidor Público Municipal"", ""display_name"": ""Hospital do Servidor Público Municipal, 60, Rua Castro Alves, Liberdade, São Paulo, Região Sudeste, 01532-000, Brasil"", ""address"": {""amenity"": ""Hospital do Servidor Público Municipal"", ""house_number"": ""60"", ""road"": ""Rua Castro Alves"", ""suburb"": ""Liberdade"", ""city_district"": ""Liberdade"", ""city"": ""São Paulo"", ""state"": ""São Paulo"", ""ISO3166-2-lvl4"": ""BR-SP"", ""region"": ""Região Sudeste"", ""postcode"": ""01532-000"", ""country"": ""Brasil"", ""country_code"": ""br""}, ""boundingbox"": [""-23.5681796"", ""-23.5664592"", ""-46.6397587"", ""-46.6382054""]}"
283;HOSP MUN FERNANDO MAURO PIRES DA ROCHA;ESTRADA DE ITAPECERICA, 1661, VILA MARACANA - CAMPO LIMPO, SAO PAULO, SP;-23.6490957;-46.7490028;ok;nominatim;high;;200;;9095366;way;318404108;Hospital Municipal Doutor Fernando Mauro Pires da Rocha, 1661, Estrada de Itapecerica, Jardim São Luís, São Paulo, Região Sudeste, 05835-005, Brasil;7.861829556720863e-05;;hospital;São Paulo;São Paulo;Brasil;ESTRADA DE ITAPECERICA, 1661 - 05835005;"{""place_id"": 9095366, ""licence"": ""Data © OpenStreetMap contributors, ODbL 1.0. http://osm.org/copyright"", ""osm_type"": ""way"", ""osm_id"": 318404108, ""lat"": ""-23.6490957"", ""lon"": ""-46.7490028"", ""category"": ""amenity"", ""type"": ""hospital"", ""place_rank"": 30, ""importance"": 7.861829556720863e-05, ""addresstype"": ""amenity"", ""name"": ""Hospital Municipal Doutor Fernando Mauro Pires da Rocha"", ""display_name"": ""Hospital Municipal Doutor Fernando Mauro Pires da Rocha, 1661, Estrada de Itapecerica, Jardim São Luís, São Paulo, Região Sudeste, 05835-005, Brasil"", ""address"": {""amenity"": ""Hospital Municipal Doutor Fernando Mauro Pires da Rocha"", ""house_number"": ""1661"", ""road"": ""Estrada de Itapecerica"", ""suburb"": ""Jardim São Luís"", ""city"": ""São Paulo"", ""state"": ""São Paulo"", ""ISO3166-2-lvl4"": ""BR-SP"", ""region"": ""Região Sudeste"", ""postcode"": ""05835-005"", ""country"": ""Brasil"", ""country_code"": ""br""}, ""boundingbox"": [""-23.6494621"", ""-23.6480955"", ""-46.7496841"", ""-46.7477743""]}"
284;CENTRO HOSPITALAR DO SISTEMA PENITENCIARIO SAO PAULO;RUA DOM JOSE MAURICIO, 15 - CARANDIRU, SAO PAULO, SP;-23.5085713;-46.6201015;ok;nominatim;low;;200;;8764905;way;491005029;Centro Hospitalar do Sistema Penitênciário, 15, Rua Dom José Maurício, Carandiru, Santana, São Paulo, Região Sudeste, 02028-000, Brasil;7.861829556720863e-05;;prison;São Paulo;São Paulo;Brasil;RUA DOM JOSE MAURICIO, 15 - CARANDIRU, SAO PAULO, SP, São Paulo, SP, Brasil;"{""place_id"": 8764905, ""licence"": ""Data © OpenStreetMap contributors, ODbL 1.0. http://osm.org/copyright"", ""osm_type"": ""way"", ""osm_id"": 491005029, ""lat"": ""-23.5085713"", ""lon"": ""-46.6201015"", ""category"": ""amenity"", ""type"": ""prison"", ""place_rank"": 30, ""importance"": 7.861829556720863e-05, ""addresstype"": ""amenity"", ""name"": ""Centro Hospitalar do Sistema Penitênciário"", ""display_name"": ""Centro Hospitalar do Sistema Penitênciário, 15, Rua Dom José Maurício, Carandiru, Santana, São Paulo, Região Sudeste, 02028-000, Brasil"", ""address"": {""amenity"": ""Centro Hospitalar do Sistema Penitênciário"", ""house_number"": ""15"", ""road"": ""Rua Dom José Maurício"", ""suburb"": ""Carandiru"", ""city_district"": ""Santana"", ""city"": ""São Paulo"", ""state"": ""São Paulo"", ""ISO3166-2-lvl4"": ""BR-SP"", ""region"": ""Região Sudeste"", ""postcode"": ""02028-000"", ""country"": ""Brasil"", ""country_code"": ""br""}, ""boundingbox"": [""-23.5092841"", ""-23.5078304"", ""-46.6210360"", ""-46.6191182""]}"
285;HOSP MUN VER JOSE STOROPOLLI;RUA FRANCISCO FANGANIELLO, 127 - PARQUE NOVO MUNDO, SAO PAULO, SP;-23.5220850;-46.5617446;ok;nominatim;low;;200;;8801369;node;5467328847;Rua Francisco Fanganiello, 127, Rua Francisco Fanganielo, Parque Novo Mundo, Vila Maria, São Paulo, Região Sudeste, 02181-160, Brasil;7.861829556720863e-05;;bus_stop;São Paulo;São Paulo;Brasil;RUA FRANCISCO FANGANIELLO, 127 - PARQUE NOVO MUNDO, SAO PAULO, SP, São Paulo, SP, Brasil;"{""place_id"": 8801369, ""licence"": ""Data © OpenStreetMap contributors, ODbL 1.0. http://osm.org/copyright"", ""osm_type"": ""node"", ""osm_id"": 5467328847, ""lat"": ""-23.5220850"", ""lon"": ""-46.5617446"", ""category"": ""highway"", ""type"": ""bus_stop"", ""place_rank"": 30, ""importance"": 7.861829556720863e-05, ""addresstype"": ""highway"", ""name"": ""Rua Francisco Fanganiello, 127"", ""display_name"": ""Rua Francisco Fanganiello, 127, Rua Francisco Fanganielo, Parque Novo Mundo, Vila Maria, São Paulo, Região Sudeste, 02181-160, Brasil"", ""address"": {""highway"": ""Rua Francisco Fanganiello, 127"", ""road"": ""Rua Francisco Fanganielo"", ""suburb"": ""Parque Novo Mundo"", ""city"": ""São Paulo"", ""state"": ""São Paulo"", ""ISO3166-2-lvl4"": ""BR-SP"", ""region"": ""Região Sudeste"", ""postcode"": ""02181-160"", ""country"": ""Brasil"", ""country_code"": ""br""}, ""boundingbox"": [""-23.5221350"", ""-23.5220350"", ""-46.5617946"", ""-46.5616946""]}"
286;CENTRO MEDICO PMESP;AVENIDA NOVA CANTAREIRA, 3659 - TREMEMBE, SAO PAULO, SP;-23.4690239;-46.6188727;ok;nominatim;low;;200;;8634903;way;1416347692;Centro Médico PMESP, Avenida Nova Cantareira, Jardim Leonor Mendes de Barros, Tucuruvi, São Paulo, Região Sudeste, 02340-001, Brasil;7.861829556720863e-05;;police;São Paulo;São Paulo;Brasil;CENTRO MEDICO PMESP, AVENIDA NOVA CANTAREIRA, 3659 - TREMEMBE, SAO PAULO, SP, São Paulo, SP, Brasil;"{""place_id"": 8634903, ""licence"": ""Data © OpenStreetMap contributors, ODbL 1.0. http://osm.org/copyright"", ""osm_type"": ""way"", ""osm_id"": 1416347692, ""lat"": ""-23.4690239"", ""lon"": ""-46.6188727"", ""category"": ""military"", ""type"": ""police"", ""place_rank"": 30, ""importance"": 7.861829556720863e-05, ""addresstype"": ""military"", ""name"": ""Centro Médico PMESP"", ""display_name"": ""Centro Médico PMESP, Avenida Nova Cantareira, Jardim Leonor Mendes de Barros, Tucuruvi, São Paulo, Região Sudeste, 02340-001, Brasil"", ""address"": {""military"": ""Centro Médico PMESP"", ""road"": ""Avenida Nova Cantareira"", ""suburb"": ""Jardim Leonor Mendes de Barros"", ""city_district"": ""Tucuruvi"", ""city"": ""São Paulo"", ""state"": ""São Paulo"", ""ISO3166-2-lvl4"": ""BR-SP"", ""region"": ""Região Sudeste"", ""postcode"": ""02340-001"", ""country"": ""Brasil"", ""country_code"": ""br""}, ""boundingbox"": [""-23.4712374"", ""-23.4668725"", ""-46.6209127"", ""-46.6175785""]}"
287;HOSP MUN CARMEN PRUDENTE;AVENIDA DOS METALURGICOS, 1797 - CIDADE TIRADENTES, SAO PAULO, SP;-23.5833632;-46.4092773;ok;nominatim;low;;200;;8798294;way;947003323;Avenida dos Metalúrgicos, Parque Santa Etelvina, Cidade Tiradentes, São Paulo, Região Sudeste, 08490-550, Brasil;0.05341195162890055;;secondary;São Paulo;São Paulo;Brasil;AVENIDA DOS METALURGICOS, 1797 - CIDADE TIRADENTES, SAO PAULO, SP, São Paulo, SP, Brasil;"{""place_id"": 8798294, ""licence"": ""Data © OpenStreetMap contributors, ODbL 1.0. http://osm.org/copyright"", ""osm_type"": ""way"", ""osm_id"": 947003323, ""lat"": ""-23.5833632"", ""lon"": ""-46.4092773"", ""category"": ""highway"", ""type"": ""secondary"", ""place_rank"": 26, ""importance"": 0.05341195162890055, ""addresstype"": ""road"", ""name"": ""Avenida dos Metalúrgicos"", ""display_name"": ""Avenida dos Metalúrgicos, Parque Santa Etelvina, Cidade Tiradentes, São Paulo, Região Sudeste, 08490-550, Brasil"", ""address"": {""road"": ""Avenida dos Metalúrgicos"", ""quarter"": ""Parque Santa Etelvina"", ""suburb"": ""Cidade Tiradentes"", ""city"": ""São Paulo"", ""state"": ""São Paulo"", ""ISO3166-2-lvl4"": ""BR-SP"", ""region"": ""Região Sudeste"", ""postcode"": ""08490-550"", ""country"": ""Brasil"", ""country_code"": ""br""}, ""boundingbox"": [""-23.5837412"", ""-23.5830128"", ""-46.4095236"", ""-46.4090796""]}"
288;HOSPITAL LOCAL DE SAPOPEMBA;RUA IAMACARU, 45 - PARQUE SANTA MADALEN, SAO PAULO, SP;;;not_found;nominatim;not_found;Resposta 200 OK mas sem coordenadas;0;Nenhuma das queries retornou coordenadas válidas;;;;;;;;;;;;
289;INSTITUTO DE REABILITACAO LUCY MONTORO;RUA JANDIATUBA, 580 - VILA ANDRADE, SAO PAULO, SP;-23.6322694;-46.7351129;ok;nominatim;high;;200;;9091269;way;1416347427;Instituto de Reabilitação Lucy Montoro, Rua Jandiatuba, Comunidade Travinhas, Vila Andrade, São Paulo, Região Sudeste, 05724-003, Brasil;7.861829556720863e-05;;hospital;São Paulo;São Paulo;Brasil;INSTITUTO DE REABILITACAO LUCY MONTORO, RUA JANDIATUBA, 580 - VILA ANDRADE, SAO PAULO, SP, São Paulo, SP, Brasil;"{""place_id"": 9091269, ""licence"": ""Data © OpenStreetMap contributors, ODbL 1.0. http://osm.org/copyright"", ""osm_type"": ""way"", ""osm_id"": 1416347427, ""lat"": ""-23.6322694"", ""lon"": ""-46.7351129"", ""category"": ""amenity"", ""type"": ""hospital"", ""place_rank"": 30, ""importance"": 7.861829556720863e-05, ""addresstype"": ""amenity"", ""name"": ""Instituto de Reabilitação Lucy Montoro"", ""display_name"": ""Instituto de Reabilitação Lucy Montoro, Rua Jandiatuba, Comunidade Travinhas, Vila Andrade, São Paulo, Região Sudeste, 05724-003, Brasil"", ""address"": {""amenity"": ""Instituto de Reabilitação Lucy Montoro"", ""road"": ""Rua Jandiatuba"", ""suburb"": ""Comunidade Travinhas"", ""city"": ""São Paulo"", ""state"": ""São Paulo"", ""ISO3166-2-lvl4"": ""BR-SP"", ""region"": ""Região Sudeste"", ""postcode"": ""05724-003"", ""country"": ""Brasil"", ""country_code"": ""br""}, ""boundingbox"": [""-23.6328341"", ""-23.6316644"", ""-46.7357592"", ""-46.7343931""]}"
290;HOSP MUN M BOI MIRIM;ESTRADA DO MBOI MIRIM, 5203 - JARDIM ANGELA, SAO PAULO, SP;;;not_found;nominatim;not_found;Resposta 200 OK mas sem coordenadas;0;Nenhuma das queries retornou coordenadas válidas;;;;;;;;;;;;
291;INSTITUTO DO CANCER DO ESTADO DE SAO PAULO;AV DR ARNALDO, 251 - CERQUEIRA CESAR, SAO PAULO, SP;-23.5561305;-46.6681716;ok;nominatim;high;;200;;8967555;way;376315989;Instituto do Câncer do Estado de São Paulo Octavio Frias de Oliveira, 251, Avenida Doutor Arnaldo, Cerqueira César, Jardim Paulista, São Paulo, Região Sudeste, 01246-000, Brasil;0.21584611680957558;;hospital;São Paulo;São Paulo;Brasil;AV DR ARNALDO, 251 - CERQUEIRA CESAR, SAO PAULO, SP, São Paulo, SP, Brasil;"{""place_id"": 8967555, ""licence"": ""Data © OpenStreetMap contributors, ODbL 1.0. http://osm.org/copyright"", ""osm_type"": ""way"", ""osm_id"": 376315989, ""lat"": ""-23.5561305"", ""lon"": ""-46.6681716"", ""category"": ""building"", ""type"": ""hospital"", ""place_rank"": 30, ""importance"": 0.21584611680957558, ""addresstype"": ""building"", ""name"": ""Instituto do Câncer do Estado de São Paulo Octavio Frias de Oliveira"", ""display_name"": ""Instituto do Câncer do Estado de São Paulo Octavio Frias de Oliveira, 251, Avenida Doutor Arnaldo, Cerqueira César, Jardim Paulista, São Paulo, Região Sudeste, 01246-000, Brasil"", ""address"": {""building"": ""Instituto do Câncer do Estado de São Paulo Octavio Frias de Oliveira"", ""house_number"": ""251"", ""road"": ""Avenida Doutor Arnaldo"", ""suburb"": ""Cerqueira César"", ""city"": ""São Paulo"", ""state"": ""São Paulo"", ""ISO3166-2-lvl4"": ""BR-SP"", ""region"": ""Região Sudeste"", ""postcode"": ""01246-000"", ""country"": ""Brasil"", ""country_code"": ""br""}, ""boundingbox"": [""-23.5564314"", ""-23.5558401"", ""-46.6684145"", ""-46.6679345""]}"
292;HOSP MUN SOROCABANA;AVENIDA QUEIROZ FILHO, 313 - ALTO DE PINHEIROS, SAO PAULO, SP;-23.5375934;-46.7227993;ok;nominatim;low;;200;;8852648;node;11003289871;Base SAMU Oeste, 313, Avenida Queiroz Filho, Boaçava, Alto de Pinheiros, São Paulo, Região Sudeste, 05319-000, Brasil;7.861829556720863e-05;;ambulance_station;São Paulo;São Paulo;Brasil;AVENIDA QUEIROZ FILHO, 313 - ALTO DE PINHEIROS, SAO PAULO, SP, São Paulo, SP, Brasil;"{""place_id"": 8852648, ""licence"": ""Data © OpenStreetMap contributors, ODbL 1.0. http://osm.org/copyright"", ""osm_type"": ""node"", ""osm_id"": 11003289871, ""lat"": ""-23.5375934"", ""lon"": ""-46.7227993"", ""category"": ""emergency"", ""type"": ""ambulance_station"", ""place_rank"": 30, ""importance"": 7.861829556720863e-05, ""addresstype"": ""emergency"", ""name"": ""Base SAMU Oeste"", ""display_name"": ""Base SAMU Oeste, 313, Avenida Queiroz Filho, Boaçava, Alto de Pinheiros, São Paulo, Região Sudeste, 05319-000, Brasil"", ""address"": {""emergency"": ""Base SAMU Oeste"", ""house_number"": ""313"", ""road"": ""Avenida Queiroz Filho"", ""suburb"": ""Boaçava"", ""city"": ""São Paulo"", ""state"": ""São Paulo"", ""ISO3166-2-lvl4"": ""BR-SP"", ""region"": ""Região Sudeste"", ""postcode"": ""05319-000"", ""country"": ""Brasil"", ""country_code"": ""br""}, ""boundingbox"": [""-23.5376434"", ""-23.5375434"", ""-46.7228493"", ""-46.7227493""]}"
293;HOSP MUN GILSON DE CASSIA MARQUES DE CARVALHO;AVENIDA SANTA CATARINA, 2785 - VILA MASCOTE, SAO PAULO, SP;-23.6476557;-46.6624679;ok;nominatim;low;;200;;9062601;way;747949671;Avenida Santa Catarina, Vila Mascote, Jabaquara, São Paulo, Região Sudeste, 04368-000, Brasil;0.05341195162890055;;tertiary;São Paulo;São Paulo;Brasil;AVENIDA SANTA CATARINA, 2785 - VILA MASCOTE, SAO PAULO, SP, São Paulo, SP, Brasil;"{""place_id"": 9062601, ""licence"": ""Data © OpenStreetMap contributors, ODbL 1.0. http://osm.org/copyright"", ""osm_type"": ""way"", ""osm_id"": 747949671, ""lat"": ""-23.6476557"", ""lon"": ""-46.6624679"", ""category"": ""highway"", ""type"": ""tertiary"", ""place_rank"": 26, ""importance"": 0.05341195162890055, ""addresstype"": ""road"", ""name"": ""Avenida Santa Catarina"", ""display_name"": ""Avenida Santa Catarina, Vila Mascote, Jabaquara, São Paulo, Região Sudeste, 04368-000, Brasil"", ""address"": {""road"": ""Avenida Santa Catarina"", ""quarter"": ""Vila Mascote"", ""suburb"": ""Jabaquara"", ""city"": ""São Paulo"", ""state"": ""São Paulo"", ""ISO3166-2-lvl4"": ""BR-SP"", ""region"": ""Região Sudeste"", ""postcode"": ""04368-000"", ""country"": ""Brasil"", ""country_code"": ""br""}, ""boundingbox"": [""-23.6482773"", ""-23.6471332"", ""-46.6627507"", ""-46.6624238""]}"
294;HOSP MUN CAPELA DO SOCORRO;RUA CASSIO DE CAMPOS NOGUEIRA, 2031 - JARDIM DAS IMBUIAS, SAO PAULO, SP;-23.7296842;-46.7129995;ok;nominatim;low;;200;;8984952;way;43793127;Rua Cássio de Campos Nogueira, Jardim das Imbuias, Jardim Iporanga, Cidade Dutra, São Paulo, Região Sudeste, 04831-050, Brasil;0.05341195162890055;;residential;São Paulo;São Paulo;Brasil;RUA CASSIO DE CAMPOS NOGUEIRA, 2031 - JARDIM DAS IMBUIAS, SAO PAULO, SP, São Paulo, SP, Brasil;"{""place_id"": 8984952, ""licence"": ""Data © OpenStreetMap contributors, ODbL 1.0. http://osm.org/copyright"", ""osm_type"": ""way"", ""osm_id"": 43793127, ""lat"": ""-23.7296842"", ""lon"": ""-46.7129995"", ""category"": ""highway"", ""type"": ""residential"", ""place_rank"": 26, ""importance"": 0.05341195162890055, ""addresstype"": ""road"", ""name"": ""Rua Cássio de Campos Nogueira"", ""display_name"": ""Rua Cássio de Campos Nogueira, Jardim das Imbuias, Jardim Iporanga, Cidade Dutra, São Paulo, Região Sudeste, 04831-050, Brasil"", ""address"": {""road"": ""Rua Cássio de Campos Nogueira"", ""residential"": ""Jardim das Imbuias"", ""quarter"": ""Jardim Iporanga"", ""suburb"": ""Cidade Dutra"", ""city"": ""São Paulo"", ""state"": ""São Paulo"", ""ISO3166-2-lvl4"": ""BR-SP"", ""region"": ""Região Sudeste"", ""postcode"": ""04831-050"", ""country"": ""Brasil"", ""country_code"": ""br""}, ""boundingbox"": [""-23.7309138"", ""-23.7289074"", ""-46.7137079"", ""-46.7115887""]}"
295;HOSP MUN JOSANIAS CASTANHA BRAGA;RUA EUZEBIO COGHI, 841 - JARDIM ROSCHEL, SAO PAULO, SP;-23.8247733;-46.7266429;ok;nominatim;high;;200;;9111812;way;781353717;Hospital Municipal de Parelheiros, 841, Rua Euzébio Coghi, Jardim Novo Parelheiros, Parelheiros, Vila Roschel, São Paulo, Região Sudeste, 04883-290, Brasil;7.861829556720863e-05;;hospital;São Paulo;São Paulo;Brasil;RUA EUZEBIO COGHI, 841 - JARDIM ROSCHEL, SAO PAULO, SP, São Paulo, SP, Brasil;"{""place_id"": 9111812, ""licence"": ""Data © OpenStreetMap contributors, ODbL 1.0. http://osm.org/copyright"", ""osm_type"": ""way"", ""osm_id"": 781353717, ""lat"": ""-23.8247733"", ""lon"": ""-46.7266429"", ""category"": ""amenity"", ""type"": ""hospital"", ""place_rank"": 30, ""importance"": 7.861829556720863e-05, ""addresstype"": ""amenity"", ""name"": ""Hospital Municipal de Parelheiros"", ""display_name"": ""Hospital Municipal de Parelheiros, 841, Rua Euzébio Coghi, Jardim Novo Parelheiros, Parelheiros, Vila Roschel, São Paulo, Região Sudeste, 04883-290, Brasil"", ""address"": {""amenity"": ""Hospital Municipal de Parelheiros"", ""house_number"": ""841"", ""road"": ""Rua Euzébio Coghi"", ""quarter"": ""Jardim Novo Parelheiros"", ""suburb"": ""Parelheiros"", ""village"": ""Vila Roschel"", ""city"": ""São Paulo"", ""state"": ""São Paulo"", ""ISO3166-2-lvl4"": ""BR-SP"", ""region"": ""Região Sudeste"", ""postcode"": ""04883-290"", ""country"": ""Brasil"", ""country_code"": ""br""}, ""boundingbox"": [""-23.8269001"", ""-23.8224119"", ""-46.7284608"", ""-46.7242454""]}"
296;HOSPITAL MUNICIPAL SANTA DULCE DOS POBRES;RUA ANTONIO CARLOS, 122 - CONSOLACAO, SAO PAULO, SP;-23.5573928;-46.6562429;ok;nominatim;high;;200;;8938162;way;423038991;Hospital Municipal Bela Vista, 122, Rua Antônio Carlos, Bela Vista, Consolação, São Paulo, Região Sudeste, 01309-010, Brasil;7.861829556720863e-05;;hospital;São Paulo;São Paulo;Brasil;RUA ANTONIO CARLOS, 122 - CONSOLACAO, SAO PAULO, SP, São Paulo, SP, Brasil;"{""place_id"": 8938162, ""licence"": ""Data © OpenStreetMap contributors, ODbL 1.0. http://osm.org/copyright"", ""osm_type"": ""way"", ""osm_id"": 423038991, ""lat"": ""-23.5573928"", ""lon"": ""-46.6562429"", ""category"": ""building"", ""type"": ""hospital"", ""place_rank"": 30, ""importance"": 7.861829556720863e-05, ""addresstype"": ""building"", ""name"": ""Hospital Municipal Bela Vista"", ""display_name"": ""Hospital Municipal Bela Vista, 122, Rua Antônio Carlos, Bela Vista, Consolação, São Paulo, Região Sudeste, 01309-010, Brasil"", ""address"": {""building"": ""Hospital Municipal Bela Vista"", ""house_number"": ""122"", ""road"": ""Rua Antônio Carlos"", ""suburb"": ""Bela Vista"", ""city_district"": ""Consolação"", ""city"": ""São Paulo"", ""state"": ""São Paulo"", ""ISO3166-2-lvl4"": ""BR-SP"", ""region"": ""Região Sudeste"", ""postcode"": ""01309-010"", ""country"": ""Brasil"", ""country_code"": ""br""}, ""boundingbox"": [""-23.5575859"", ""-23.5572790"", ""-46.6563559"", ""-46.6561506""]}"
297;HOSPITAL MUNICIPAL BRASILANDIA;MICHIHISA MURATA, 150 - JARDIM MARISTELA, SAO PAULO, SP;-23.4765440;-46.6980006;ok;nominatim;high;;200;;8537779;way;837675272;Hospital Doutor Adib Jatene, Avenida Michihisa Murata, Vila Inferninho, Parque Monteiro Soares, Freguesia do Ó, São Paulo, Região Sudeste, 02834-090, Brasil;7.861829556720863e-05;;hospital;São Paulo;São Paulo;Brasil;HOSPITAL MUNICIPAL BRASILANDIA, MICHIHISA MURATA, 150 - JARDIM MARISTELA, SAO PAULO, SP, São Paulo, SP, Brasil;"{""place_id"": 8537779, ""licence"": ""Data © OpenStreetMap contributors, ODbL 1.0. http://osm.org/copyright"", ""osm_type"": ""way"", ""osm_id"": 837675272, ""lat"": ""-23.4765440"", ""lon"": ""-46.6980006"", ""category"": ""amenity"", ""type"": ""hospital"", ""place_rank"": 30, ""importance"": 7.861829556720863e-05, ""addresstype"": ""amenity"", ""name"": ""Hospital Doutor Adib Jatene"", ""display_name"": ""Hospital Doutor Adib Jatene, Avenida Michihisa Murata, Vila Inferninho, Parque Monteiro Soares, Freguesia do Ó, São Paulo, Região Sudeste, 02834-090, Brasil"", ""address"": {""amenity"": ""Hospital Doutor Adib Jatene"", ""road"": ""Avenida Michihisa Murata"", ""residential"": ""Vila Inferninho"", ""suburb"": ""Parque Monteiro Soares"", ""city"": ""São Paulo"", ""state"": ""São Paulo"", ""ISO3166-2-lvl4"": ""BR-SP"", ""region"": ""Região Sudeste"", ""postcode"": ""02834-090"", ""country"": ""Brasil"", ""country_code"": ""br""}, ""boundingbox"": [""-23.4773669"", ""-23.4757666"", ""-46.6989844"", ""-46.6971943""]}"
298;HOSPITAL MUNICIPAL GUARAPIRANGA;ESTRADA DA RIVIERA, 4742, ZONA SUL - RIVIERA PAULISTA, SAO PAULO, SP;-23.6911689;-46.7517858;ok;nominatim;low;;200;;8983011;way;249884928;Estrada da Riviera, Jardim Ângela, Jardim Copacabana, São Paulo, Região Sudeste, 04916-000, Brasil;0.05341195162890055;;tertiary;São Paulo;São Paulo;Brasil;ESTRADA DA RIVIERA, 4742 - 04916000;"{""place_id"": 8983011, ""licence"": ""Data © OpenStreetMap contributors, ODbL 1.0. http://osm.org/copyright"", ""osm_type"": ""way"", ""osm_id"": 249884928, ""lat"": ""-23.6911689"", ""lon"": ""-46.7517858"", ""category"": ""highway"", ""type"": ""tertiary"", ""place_rank"": 26, ""importance"": 0.05341195162890055, ""addresstype"": ""road"", ""name"": ""Estrada da Riviera"", ""display_name"": ""Estrada da Riviera, Jardim Ângela, Jardim Copacabana, São Paulo, Região Sudeste, 04916-000, Brasil"", ""address"": {""road"": ""Estrada da Riviera"", ""suburb"": ""Jardim Ângela"", ""village"": ""Jardim Copacabana"", ""city"": ""São Paulo"", ""state"": ""São Paulo"", ""ISO3166-2-lvl4"": ""BR-SP"", ""region"": ""Região Sudeste"", ""postcode"": ""04916-000"", ""country"": ""Brasil"", ""country_code"": ""br""}, ""boundingbox"": [""-23.6944196"", ""-23.6867482"", ""-46.7556024"", ""-46.7515804""]}"
299;INSTITUTO DE INFECTOLOGIA EMILIO RIBAS;DR ARNALDO, 165 - SUMARE, SAO PAULO, SP;-23.5470783;-46.6812257;ok;nominatim;low;;200;;8821311;way;16238438;Avenida Doutor Arnaldo, Sumaré, Perdizes, São Paulo, Região Sudeste, 05437-000, Brasil;0.05341195162890055;;secondary;São Paulo;São Paulo;Brasil;DR ARNALDO, 165 - SUMARE, SAO PAULO, SP, São Paulo, SP, Brasil;"{""place_id"": 8821311, ""licence"": ""Data © OpenStreetMap contributors, ODbL 1.0. http://osm.org/copyright"", ""osm_type"": ""way"", ""osm_id"": 16238438, ""lat"": ""-23.5470783"", ""lon"": ""-46.6812257"", ""category"": ""highway"", ""type"": ""secondary"", ""place_rank"": 26, ""importance"": 0.05341195162890055, ""addresstype"": ""road"", ""name"": ""Avenida Doutor Arnaldo"", ""display_name"": ""Avenida Doutor Arnaldo, Sumaré, Perdizes, São Paulo, Região Sudeste, 05437-000, Brasil"", ""address"": {""road"": ""Avenida Doutor Arnaldo"", ""suburb"": ""Sumaré"", ""city_district"": ""Perdizes"", ""city"": ""São Paulo"", ""state"": ""São Paulo"", ""ISO3166-2-lvl4"": ""BR-SP"", ""region"": ""Região Sudeste"", ""postcode"": ""05437-000"", ""country"": ""Brasil"", ""country_code"": ""br""}, ""boundingbox"": [""-23.5492843"", ""-23.5450449"", ""-46.6824698"", ""-46.6803252""]}"
300;HOSPITAL DO SERV PUB EST FCO MORATO DE OLIVEIRA SAO PAULO;AVENIDA IBIRAPUERA, 981 - IBIRAPUERA, SAO PAULO, SP;-22.5952323;-47.4166274;ok;nominatim;low;;200;;9489207;way;240325002;Avenida Doutor Lauro Correa da Silva, 4250, Jardim Ibirapuera, Jardim Ouro Verde, Limeira, São Paulo, Região Sudeste, 13481-241, Brasil;0.05339719157701988;;secondary;Limeira;São Paulo;Brasil;AVENIDA IBIRAPUERA, 981 - IBIRAPUERA, SAO PAULO, SP, São Paulo, SP, Brasil;"{""place_id"": 9489207, ""licence"": ""Data © OpenStreetMap contributors, ODbL 1.0. http://osm.org/copyright"", ""osm_type"": ""way"", ""osm_id"": 240325002, ""lat"": ""-22.5952323"", ""lon"": ""-47.4166274"", ""category"": ""highway"", ""type"": ""secondary"", ""place_rank"": 26, ""importance"": 0.05339719157701988, ""addresstype"": ""road"", ""name"": ""Avenida Doutor Lauro Correa da Silva, 4250"", ""display_name"": ""Avenida Doutor Lauro Correa da Silva, 4250, Jardim Ibirapuera, Jardim Ouro Verde, Limeira, São Paulo, Região Sudeste, 13481-241, Brasil"", ""address"": {""road"": ""Avenida Doutor Lauro Correa da Silva, 4250"", ""quarter"": ""Jardim Ibirapuera"", ""suburb"": ""Jardim Ouro Verde"", ""city_district"": ""Limeira"", ""city"": ""Limeira"", ""state"": ""São Paulo"", ""ISO3166-2-lvl4"": ""BR-SP"", ""region"": ""Região Sudeste"", ""postcode"": ""13481-241"", ""country"": ""Brasil"", ""country_code"": ""br""}, ""boundingbox"": [""-22.5983979"", ""-22.5920933"", ""-47.4183570"", ""-47.4148173""]}"
301;HOSPITAL MATERNIDADE INTERLAGOS;RUA LEONOR ALVIM, 211 - JD LEBLON, SAO PAULO, SP;-23.7069613;-46.7021968;ok;nominatim;low;;200;;8939023;way;942669917;Rua Leonor Alvim, Jardim Cruzeiro, Cidade Dutra, São Paulo, Região Sudeste, 04806-000, Brasil;0.05341195162890055;;residential;São Paulo;São Paulo;Brasil;RUA LEONOR ALVIM, 211 - 04802190;"{""place_id"": 8939023, ""licence"": ""Data © OpenStreetMap contributors, ODbL 1.0. http://osm.org/copyright"", ""osm_type"": ""way"", ""osm_id"": 942669917, ""lat"": ""-23.7069613"", ""lon"": ""-46.7021968"", ""category"": ""highway"", ""type"": ""residential"", ""place_rank"": 26, ""importance"": 0.05341195162890055, ""addresstype"": ""road"", ""name"": ""Rua Leonor Alvim"", ""display_name"": ""Rua Leonor Alvim, Jardim Cruzeiro, Cidade Dutra, São Paulo, Região Sudeste, 04806-000, Brasil"", ""address"": {""road"": ""Rua Leonor Alvim"", ""quarter"": ""Jardim Cruzeiro"", ""suburb"": ""Cidade Dutra"", ""city"": ""São Paulo"", ""state"": ""São Paulo"", ""ISO3166-2-lvl4"": ""BR-SP"", ""region"": ""Região Sudeste"", ""postcode"": ""04806-000"", ""country"": ""Brasil"", ""country_code"": ""br""}, ""boundingbox"": [""-23.7073123"", ""-23.7067857"", ""-46.7028466"", ""-46.7016182""]}"
302;HOSPITAL GERAL DE PEDREIRA;RUA JOAO FRANCISCO DE MOURA, 251 - VILA CAMPO GRANDE, SAO PAULO, SP;-23.6808407;-46.6783317;ok;nominatim;low;;200;;9108402;way;84759928;Rua João Francisco de Moura, Campinha, Campo Grande, Vila Arriete, São Paulo, Região Sudeste, 04455-000, Brasil;0.05341195162890055;;residential;São Paulo;São Paulo;Brasil;RUA JOAO FRANCISCO DE MOURA, 251 - VILA CAMPO GRANDE, SAO PAULO, SP, São Paulo, SP, Brasil;"{""place_id"": 9108402, ""licence"": ""Data © OpenStreetMap contributors, ODbL 1.0. http://osm.org/copyright"", ""osm_type"": ""way"", ""osm_id"": 84759928, ""lat"": ""-23.6808407"", ""lon"": ""-46.6783317"", ""category"": ""highway"", ""type"": ""residential"", ""place_rank"": 26, ""importance"": 0.05341195162890055, ""addresstype"": ""road"", ""name"": ""Rua João Francisco de Moura"", ""display_name"": ""Rua João Francisco de Moura, Campinha, Campo Grande, Vila Arriete, São Paulo, Região Sudeste, 04455-000, Brasil"", ""address"": {""road"": ""Rua João Francisco de Moura"", ""quarter"": ""Campinha"", ""suburb"": ""Vila Arriete"", ""city"": ""São Paulo"", ""state"": ""São Paulo"", ""ISO3166-2-lvl4"": ""BR-SP"", ""region"": ""Região Sudeste"", ""postcode"": ""04455-000"", ""country"": ""Brasil"", ""country_code"": ""br""}, ""boundingbox"": [""-23.6816848"", ""-23.6801011"", ""-46.6793581"", ""-46.6774810""]}"
303;HOSPITAL HELIOPOLIS UNIDADE DE GESTAO ASSISTENCIAL I;CON XAVIER, 276 - V HELIOPOLIS, SAO PAULO, SP;-23.6071150;-46.5952530;ok;nominatim;low;;200;;8932081;node;7998194012;Rua Côn. Xavier, Rua Cônego Xavier, Nova Heliópolis, Vila Bandeirantes, Sacomã, São Paulo, Região Sudeste, 04231-004, Brasil;7.861829556720863e-05;;bus_stop;São Paulo;São Paulo;Brasil;CON XAVIER, 276 - V HELIOPOLIS, SAO PAULO, SP, São Paulo, SP, Brasil;"{""place_id"": 8932081, ""licence"": ""Data © OpenStreetMap contributors, ODbL 1.0. http://osm.org/copyright"", ""osm_type"": ""node"", ""osm_id"": 7998194012, ""lat"": ""-23.6071150"", ""lon"": ""-46.5952530"", ""category"": ""highway"", ""type"": ""bus_stop"", ""place_rank"": 30, ""importance"": 7.861829556720863e-05, ""addresstype"": ""highway"", ""name"": ""Rua Côn. Xavier"", ""display_name"": ""Rua Côn. Xavier, Rua Cônego Xavier, Nova Heliópolis, Vila Bandeirantes, Sacomã, São Paulo, Região Sudeste, 04231-004, Brasil"", ""address"": {""highway"": ""Rua Côn. Xavier"", ""road"": ""Rua Cônego Xavier"", ""residential"": ""Nova Heliópolis"", ""quarter"": ""Vila Bandeirantes"", ""suburb"": ""Sacomã"", ""city_district"": ""Sacomã"", ""city"": ""São Paulo"", ""state"": ""São Paulo"", ""ISO3166-2-lvl4"": ""BR-SP"", ""region"": ""Região Sudeste"", ""postcode"": ""04231-004"", ""country"": ""Brasil"", ""country_code"": ""br""}, ""boundingbox"": [""-23.6071650"", ""-23.6070650"", ""-46.5953030"", ""-46.5952030""]}"
304;CAISM DR DAVID CAPISTRANO DA COSTA FILHO DA AGUA FUNDA SP;AVENIDA MIGUEL STEFNO, 3030 - AGUA FUNDA, SAO PAULO, SP;;;not_found;nominatim;not_found;Resposta 200 OK mas sem coordenadas;0;Nenhuma das queries retornou coordenadas válidas;;;;;;;;;;;;
305;HOSPITAL INFANTIL DARCY VARGAS UGA III SAO PAULO;RUA DR SERAFICO DE ASSIS CARVALHO, 34 - JARDIM GUEDALA, SAO PAULO, SP;-23.5929419;-46.7109151;ok;nominatim;high;;200;;8937090;way;1183565099;Hospital Infantil Darcy Vargas, 34, Rua Doutor Serafico de Assis Carvalho, Cidade Jardim, Morumbi, São Paulo, Região Sudeste, 05615-900, Brasil;7.861829556720863e-05;;hospital;São Paulo;São Paulo;Brasil;RUA DR SERAFICO DE ASSIS CARVALHO, 34 - 04024002;"{""place_id"": 8937090, ""licence"": ""Data © OpenStreetMap contributors, ODbL 1.0. http://osm.org/copyright"", ""osm_type"": ""way"", ""osm_id"": 1183565099, ""lat"": ""-23.5929419"", ""lon"": ""-46.7109151"", ""category"": ""amenity"", ""type"": ""hospital"", ""place_rank"": 30, ""importance"": 7.861829556720863e-05, ""addresstype"": ""amenity"", ""name"": ""Hospital Infantil Darcy Vargas"", ""display_name"": ""Hospital Infantil Darcy Vargas, 34, Rua Doutor Serafico de Assis Carvalho, Cidade Jardim, Morumbi, São Paulo, Região Sudeste, 05615-900, Brasil"", ""address"": {""amenity"": ""Hospital Infantil Darcy Vargas"", ""house_number"": ""34"", ""road"": ""Rua Doutor Serafico de Assis Carvalho"", ""suburb"": ""Cidade Jardim"", ""city"": ""São Paulo"", ""state"": ""São Paulo"", ""ISO3166-2-lvl4"": ""BR-SP"", ""region"": ""Região Sudeste"", ""postcode"": ""05615-900"", ""country"": ""Brasil"", ""country_code"": ""br""}, ""boundingbox"": [""-23.5934524"", ""-23.5920338"", ""-46.7116343"", ""-46.7102493""]}"
306;HOSP MUN MATERNIDADE PROFESSOR MARIO DEGNI;RUA LUCAS DE LEYDE, 257 - VILA ANTONIO, SAO PAULO, SP;-23.5777487;-46.7648420;ok;nominatim;high;;200;;9043309;way;1348051378;Hospital Municipal e Maternidade Professor  Mario Degni, 257, Rua Lucas de Leyde, Jardim Ester, Parque dos Príncipes, Rio Pequeno, São Paulo, Região Sudeste, 05372-110, Brasil;7.861829556720863e-05;;hospital;São Paulo;São Paulo;Brasil;RUA LUCAS DE LEYDE, 257 - 05376010;"{""place_id"": 9043309, ""licence"": ""Data © OpenStreetMap contributors, ODbL 1.0. http://osm.org/copyright"", ""osm_type"": ""way"", ""osm_id"": 1348051378, ""lat"": ""-23.5777487"", ""lon"": ""-46.7648420"", ""category"": ""amenity"", ""type"": ""hospital"", ""place_rank"": 30, ""importance"": 7.861829556720863e-05, ""addresstype"": ""amenity"", ""name"": ""Hospital Municipal e Maternidade Professor  Mario Degni"", ""display_name"": ""Hospital Municipal e Maternidade Professor  Mario Degni, 257, Rua Lucas de Leyde, Jardim Ester, Parque dos Príncipes, Rio Pequeno, São Paulo, Região Sudeste, 05372-110, Brasil"", ""address"": {""amenity"": ""Hospital Municipal e Maternidade Professor  Mario Degni"", ""house_number"": ""257"", ""road"": ""Rua Lucas de Leyde"", ""quarter"": ""Jardim Ester"", ""suburb"": ""Parque dos Príncipes"", ""city_district"": ""Rio Pequeno"", ""city"": ""São Paulo"", ""state"": ""São Paulo"", ""ISO3166-2-lvl4"": ""BR-SP"", ""region"": ""Região Sudeste"", ""postcode"": ""05372-110"", ""country"": ""Brasil"", ""country_code"": ""br""}, ""boundingbox"": [""-23.5787204"", ""-23.5771631"", ""-46.7653750"", ""-46.7640473""]}"
307;HOSPITAL UNIVERSITARIO DA USP SAO PAULO;AV PROF LINEU PRESTES, 2565 - BUTANTA, SAO PAULO, SP;-23.5649058;-46.7409515;ok;nominatim;high;;200;;8975291;way;158788584;Hospital Universitário, 2565, Avenida Professor Lineu Prestes, Butantã, São Paulo, Região Sudeste, 05508-000, Brasil;0.4446133857442175;;hospital;São Paulo;São Paulo;Brasil;AV PROF LINEU PRESTES, 2565 - BUTANTA, SAO PAULO, SP, São Paulo, SP, Brasil;"{""place_id"": 8975291, ""licence"": ""Data © OpenStreetMap contributors, ODbL 1.0. http://osm.org/copyright"", ""osm_type"": ""way"", ""osm_id"": 158788584, ""lat"": ""-23.5649058"", ""lon"": ""-46.7409515"", ""category"": ""amenity"", ""type"": ""hospital"", ""place_rank"": 30, ""importance"": 0.4446133857442175, ""addresstype"": ""amenity"", ""name"": ""Hospital Universitário"", ""display_name"": ""Hospital Universitário, 2565, Avenida Professor Lineu Prestes, Butantã, São Paulo, Região Sudeste, 05508-000, Brasil"", ""address"": {""amenity"": ""Hospital Universitário"", ""house_number"": ""2565"", ""road"": ""Avenida Professor Lineu Prestes"", ""suburb"": ""Butantã"", ""city"": ""São Paulo"", ""state"": ""São Paulo"", ""ISO3166-2-lvl4"": ""BR-SP"", ""region"": ""Região Sudeste"", ""postcode"": ""05508-000"", ""country"": ""Brasil"", ""country_code"": ""br""}, ""boundingbox"": [""-23.5658343"", ""-23.5636331"", ""-46.7425797"", ""-46.7397181""]}"
308;CAISM PHILIPPE PINEL SAO PAULO;AV RAIMUNDO PEREIRA DE MAGALHAES, 5214 - PIRITUBA, SAO PAULO, SP;-23.4869816;-46.7239346;ok;nominatim;high;;200;;8515185;way;79877355;Centro de Atenção Integrada à Saúde Mental Philippe Pinel, 5214, Avenida Raimundo Pereira de Magalhães, Piqueri, Pirituba, São Paulo, Região Sudeste, 02945-040, Brasil;7.861829556720863e-05;;hospital;São Paulo;São Paulo;Brasil;AV RAIMUNDO PEREIRA DE MAGALHAES, 5214 - PIRITUBA, SAO PAULO, SP, São Paulo, SP, Brasil;"{""place_id"": 8515185, ""licence"": ""Data © OpenStreetMap contributors, ODbL 1.0. http://osm.org/copyright"", ""osm_type"": ""way"", ""osm_id"": 79877355, ""lat"": ""-23.4869816"", ""lon"": ""-46.7239346"", ""category"": ""amenity"", ""type"": ""hospital"", ""place_rank"": 30, ""importance"": 7.861829556720863e-05, ""addresstype"": ""amenity"", ""name"": ""Centro de Atenção Integrada à Saúde Mental Philippe Pinel"", ""display_name"": ""Centro de Atenção Integrada à Saúde Mental Philippe Pinel, 5214, Avenida Raimundo Pereira de Magalhães, Piqueri, Pirituba, São Paulo, Região Sudeste, 02945-040, Brasil"", ""address"": {""amenity"": ""Centro de Atenção Integrada à Saúde Mental Philippe Pinel"", ""house_number"": ""5214"", ""road"": ""Avenida Raimundo Pereira de Magalhães"", ""suburb"": ""Piqueri"", ""city"": ""São Paulo"", ""state"": ""São Paulo"", ""ISO3166-2-lvl4"": ""BR-SP"", ""region"": ""Região Sudeste"", ""postcode"": ""02945-040"", ""country"": ""Brasil"", ""country_code"": ""br""}, ""boundingbox"": [""-23.4880054"", ""-23.4855749"", ""-46.7251542"", ""-46.7228936""]}"
309;HOSPITAL GERAL HENRIQUE ALTIMEYER DE VILA ALPINA;AV FRANCISCO FALCONI, 1501 - VILA ALPINA, SAO PAULO, SP;-23.5930526;-46.5607618;ok;nominatim;high;;200;;8855708;way;195664900;Hospital Estadual Vila Alpina, 1501, Avenida Francisco Falconi, Vila Alpina, Vila Prudente, São Paulo, Região Sudeste, 03227-000, Brasil;7.861829556720863e-05;;hospital;São Paulo;São Paulo;Brasil;AV FRANCISCO FALCONI, 1501 - VILA ALPINA, SAO PAULO, SP, São Paulo, SP, Brasil;"{""place_id"": 8855708, ""licence"": ""Data © OpenStreetMap contributors, ODbL 1.0. http://osm.org/copyright"", ""osm_type"": ""way"", ""osm_id"": 195664900, ""lat"": ""-23.5930526"", ""lon"": ""-46.5607618"", ""category"": ""amenity"", ""type"": ""hospital"", ""place_rank"": 30, ""importance"": 7.861829556720863e-05, ""addresstype"": ""amenity"", ""name"": ""Hospital Estadual Vila Alpina"", ""display_name"": ""Hospital Estadual Vila Alpina, 1501, Avenida Francisco Falconi, Vila Alpina, Vila Prudente, São Paulo, Região Sudeste, 03227-000, Brasil"", ""address"": {""amenity"": ""Hospital Estadual Vila Alpina"", ""house_number"": ""1501"", ""road"": ""Avenida Francisco Falconi"", ""suburb"": ""Vila Alpina"", ""city_district"": ""Vila Prudente"", ""city"": ""São Paulo"", ""state"": ""São Paulo"", ""ISO3166-2-lvl4"": ""BR-SP"", ""region"": ""Região Sudeste"", ""postcode"": ""03227-000"", ""country"": ""Brasil"", ""country_code"": ""br""}, ""boundingbox"": [""-23.5938614"", ""-23.5922764"", ""-46.5626876"", ""-46.5600426""]}"
310;HOSP MUN PIRITUBA JOSE SOARES HUNGRIA;AVENIDA MENOTTI LAUDISIO, 100 - PIRITUBA, SAO PAULO, SP;-23.4845293;-46.7275153;ok;nominatim;high;;200;;8606285;way;79442277;Hospital Municipal Doutor José Soares Hungria, 100, Avenida Menotti Laudisio, Jardim Líbano, Piqueri, Pirituba, São Paulo, Região Sudeste, 02945-000, Brasil;7.861829556720863e-05;;hospital;São Paulo;São Paulo;Brasil;AVENIDA MENOTTI LAUDISIO, 100 - PIRITUBA, SAO PAULO, SP, São Paulo, SP, Brasil;"{""place_id"": 8606285, ""licence"": ""Data © OpenStreetMap contributors, ODbL 1.0. http://osm.org/copyright"", ""osm_type"": ""way"", ""osm_id"": 79442277, ""lat"": ""-23.4845293"", ""lon"": ""-46.7275153"", ""category"": ""amenity"", ""type"": ""hospital"", ""place_rank"": 30, ""importance"": 7.861829556720863e-05, ""addresstype"": ""amenity"", ""name"": ""Hospital Municipal Doutor José Soares Hungria"", ""display_name"": ""Hospital Municipal Doutor José Soares Hungria, 100, Avenida Menotti Laudisio, Jardim Líbano, Piqueri, Pirituba, São Paulo, Região Sudeste, 02945-000, Brasil"", ""address"": {""amenity"": ""Hospital Municipal Doutor José Soares Hungria"", ""house_number"": ""100"", ""road"": ""Avenida Menotti Laudisio"", ""neighbourhood"": ""Jardim Líbano"", ""suburb"": ""Piqueri"", ""city"": ""São Paulo"", ""state"": ""São Paulo"", ""ISO3166-2-lvl4"": ""BR-SP"", ""region"": ""Região Sudeste"", ""postcode"": ""02945-000"", ""country"": ""Brasil"", ""country_code"": ""br""}, ""boundingbox"": [""-23.4856336"", ""-23.4836530"", ""-46.7285330"", ""-46.7265242""]}"
311;HOSPITAL GERAL DE SAO MATEUS SAO PAULO;RUA ANGELO DE CANDIA, 540 - SAO MATEUS, SAO PAULO, SP;-23.5947358;-46.4867109;ok;nominatim;high;;200;;8814414;way;437648955;Hospital Geral de São Mateus, 540, Rua Ângelo de Cândia, Jardim Imperador, São Mateus, São Paulo, Região Sudeste, 03958-000, Brasil;7.861829556720863e-05;;hospital;São Paulo;São Paulo;Brasil;HOSPITAL GERAL DE SAO MATEUS SAO PAULO, RUA ANGELO DE CANDIA, 540 - SAO MATEUS, SAO PAULO, SP, São Paulo, SP, Brasil;"{""place_id"": 8814414, ""licence"": ""Data © OpenStreetMap contributors, ODbL 1.0. http://osm.org/copyright"", ""osm_type"": ""way"", ""osm_id"": 437648955, ""lat"": ""-23.5947358"", ""lon"": ""-46.4867109"", ""category"": ""amenity"", ""type"": ""hospital"", ""place_rank"": 30, ""importance"": 7.861829556720863e-05, ""addresstype"": ""amenity"", ""name"": ""Hospital Geral de São Mateus"", ""display_name"": ""Hospital Geral de São Mateus, 540, Rua Ângelo de Cândia, Jardim Imperador, São Mateus, São Paulo, Região Sudeste, 03958-000, Brasil"", ""address"": {""amenity"": ""Hospital Geral de São Mateus"", ""house_number"": ""540"", ""road"": ""Rua Ângelo de Cândia"", ""suburb"": ""Jardim Imperador"", ""city"": ""São Paulo"", ""state"": ""São Paulo"", ""ISO3166-2-lvl4"": ""BR-SP"", ""region"": ""Região Sudeste"", ""postcode"": ""03958-000"", ""country"": ""Brasil"", ""country_code"": ""br""}, ""boundingbox"": [""-23.5954600"", ""-23.5940117"", ""-46.4872724"", ""-46.4861494""]}"
312;UNIDADE DE GESTAO ASSISTENCIAL II HOSPITAL IPIRANGA SP;AVENIDA NAZARE, 28 - IPIRANGA, SAO PAULO, SP;-23.5842030;-46.6116295;ok;nominatim;high;;200;;8839690;way;467681159;Hospital Ipiranga, 28, Avenida Nazaré, Ipiranga, São Paulo, Região Sudeste, 04262-000, Brasil;7.861829556720863e-05;;hospital;São Paulo;São Paulo;Brasil;AVENIDA NAZARE, 28 - IPIRANGA, SAO PAULO, SP, São Paulo, SP, Brasil;"{""place_id"": 8839690, ""licence"": ""Data © OpenStreetMap contributors, ODbL 1.0. http://osm.org/copyright"", ""osm_type"": ""way"", ""osm_id"": 467681159, ""lat"": ""-23.5842030"", ""lon"": ""-46.6116295"", ""category"": ""amenity"", ""type"": ""hospital"", ""place_rank"": 30, ""importance"": 7.861829556720863e-05, ""addresstype"": ""amenity"", ""name"": ""Hospital Ipiranga"", ""display_name"": ""Hospital Ipiranga, 28, Avenida Nazaré, Ipiranga, São Paulo, Região Sudeste, 04262-000, Brasil"", ""address"": {""amenity"": ""Hospital Ipiranga"", ""house_number"": ""28"", ""road"": ""Avenida Nazaré"", ""suburb"": ""Ipiranga"", ""city_district"": ""Ipiranga"", ""city"": ""São Paulo"", ""state"": ""São Paulo"", ""ISO3166-2-lvl4"": ""BR-SP"", ""region"": ""Região Sudeste"", ""postcode"": ""04262-000"", ""country"": ""Brasil"", ""country_code"": ""br""}, ""boundingbox"": [""-23.5846982"", ""-23.5838803"", ""-46.6121370"", ""-46.6111008""]}"
313;CONJUNTO HOSPITALAR DO MANDAQUI SAO PAULO;RUA VOLUNTARIOS DA PATRIA, 4301 - SANTANA, SAO PAULO, SP;-23.4849783;-46.6314355;ok;nominatim;high;;200;;8683899;relation;3281462;Conjunto Hospitalar do Mandaqui, 4301, Rua Voluntários da Pátria, Alto de Santana, Santana, São Paulo, Região Sudeste, 02401-400, Brasil;0.4353606624145101;;hospital;São Paulo;São Paulo;Brasil;CONJUNTO HOSPITALAR DO MANDAQUI SAO PAULO, RUA VOLUNTARIOS DA PATRIA, 4301 - SANTANA, SAO PAULO, SP, São Paulo, SP, Brasil;"{""place_id"": 8683899, ""licence"": ""Data © OpenStreetMap contributors, ODbL 1.0. http://osm.org/copyright"", ""osm_type"": ""relation"", ""osm_id"": 3281462, ""lat"": ""-23.4849783"", ""lon"": ""-46.6314355"", ""category"": ""amenity"", ""type"": ""hospital"", ""place_rank"": 30, ""importance"": 0.4353606624145101, ""addresstype"": ""amenity"", ""name"": ""Conjunto Hospitalar do Mandaqui"", ""display_name"": ""Conjunto Hospitalar do Mandaqui, 4301, Rua Voluntários da Pátria, Alto de Santana, Santana, São Paulo, Região Sudeste, 02401-400, Brasil"", ""address"": {""amenity"": ""Conjunto Hospitalar do Mandaqui"", ""house_number"": ""4301"", ""road"": ""Rua Voluntários da Pátria"", ""suburb"": ""Alto de Santana"", ""city_district"": ""Santana"", ""city"": ""São Paulo"", ""state"": ""São Paulo"", ""ISO3166-2-lvl4"": ""BR-SP"", ""region"": ""Região Sudeste"", ""postcode"": ""02401-400"", ""country"": ""Brasil"", ""country_code"": ""br""}, ""boundingbox"": [""-23.4867695"", ""-23.4830889"", ""-46.6332399"", ""-46.6294796""]}"
314;HOSPITAL GERAL SANTA MARCELINA DE ITAIM PAULISTA SAO PAULO;AV MARECHAL TITO, 6035 - ITAIM PAULISTA, SAO PAULO, SP;-23.4924231;-46.3889814;ok;nominatim;high;;200;;8694629;way;319792790;Hospital Santa Marcelina do Itaim Paulista O.S.S, 6035, Avenida Marechal Tito, Vila Itaim, Jardim São Luís (Zona leste), Itaim Paulista, São Paulo, Região Sudeste, 08115-100, Brasil;7.861829556720863e-05;;hospital;São Paulo;São Paulo;Brasil;AV MARECHAL TITO, 6035 - ITAIM PAULISTA, SAO PAULO, SP, São Paulo, SP, Brasil;"{""place_id"": 8694629, ""licence"": ""Data © OpenStreetMap contributors, ODbL 1.0. http://osm.org/copyright"", ""osm_type"": ""way"", ""osm_id"": 319792790, ""lat"": ""-23.4924231"", ""lon"": ""-46.3889814"", ""category"": ""amenity"", ""type"": ""hospital"", ""place_rank"": 30, ""importance"": 7.861829556720863e-05, ""addresstype"": ""amenity"", ""name"": ""Hospital Santa Marcelina do Itaim Paulista O.S.S"", ""display_name"": ""Hospital Santa Marcelina do Itaim Paulista O.S.S, 6035, Avenida Marechal Tito, Vila Itaim, Jardim São Luís (Zona leste), Itaim Paulista, São Paulo, Região Sudeste, 08115-100, Brasil"", ""address"": {""amenity"": ""Hospital Santa Marcelina do Itaim Paulista O.S.S"", ""house_number"": ""6035"", ""road"": ""Avenida Marechal Tito"", ""neighbourhood"": ""Vila Itaim"", ""suburb"": ""Jardim São Luís (Zona leste)"", ""city"": ""São Paulo"", ""state"": ""São Paulo"", ""ISO3166-2-lvl4"": ""BR-SP"", ""region"": ""Região Sudeste"", ""postcode"": ""08115-100"", ""country"": ""Brasil"", ""country_code"": ""br""}, ""boundingbox"": [""-23.4933870"", ""-23.4914681"", ""-46.3900733"", ""-46.3879965""]}"
315;HOSP MUN PROF DR WALDOMIRO DE PAULA;RUA AUGUSTO CARLOS BAUMANN, 1074 - ITAQUERA, SAO PAULO, SP;-23.5321357;-46.4472128;ok;nominatim;low;;200;;8699046;way;272661161;Rua Augusto Carlos Bauman, Vila Carmosina, Itaquera, São Paulo, Região Sudeste, 08210-540, Brasil;0.05341195162890055;;secondary;São Paulo;São Paulo;Brasil;RUA AUGUSTO CARLOS BAUMANN, 1074 - ITAQUERA, SAO PAULO, SP, São Paulo, SP, Brasil;"{""place_id"": 8699046, ""licence"": ""Data © OpenStreetMap contributors, ODbL 1.0. http://osm.org/copyright"", ""osm_type"": ""way"", ""osm_id"": 272661161, ""lat"": ""-23.5321357"", ""lon"": ""-46.4472128"", ""category"": ""highway"", ""type"": ""secondary"", ""place_rank"": 26, ""importance"": 0.05341195162890055, ""addresstype"": ""road"", ""name"": ""Rua Augusto Carlos Bauman"", ""display_name"": ""Rua Augusto Carlos Bauman, Vila Carmosina, Itaquera, São Paulo, Região Sudeste, 08210-540, Brasil"", ""address"": {""road"": ""Rua Augusto Carlos Bauman"", ""quarter"": ""Vila Carmosina"", ""suburb"": ""Itaquera"", ""city"": ""São Paulo"", ""state"": ""São Paulo"", ""ISO3166-2-lvl4"": ""BR-SP"", ""region"": ""Região Sudeste"", ""postcode"": ""08210-540"", ""country"": ""Brasil"", ""country_code"": ""br""}, ""boundingbox"": [""-23.5325274"", ""-23.5317431"", ""-46.4478428"", ""-46.4465833""]}"
316;HOSPITAL GERAL DO GRAJAU PROF LIBER JOHN ALPHONSE DI DIO SP;RUA FRANCISCO OTAVIO PACCA, 180 - PARQUE DAS NACOES, SAO PAULO, SP;-23.6911520;-46.5848155;ok;nominatim;low;;200;;9047908;way;269098990;Oficina Brasil, 1937, Avenida Piraporinha, Piraporinha, Diadema, São Paulo, Região Sudeste, 09950-000, Brasil;7.861829556720863e-05;;car_repair;Diadema;São Paulo;Brasil;04822030, 180, SAO PAULO, SP, Brasil;"{""place_id"": 9047908, ""licence"": ""Data © OpenStreetMap contributors, ODbL 1.0. http://osm.org/copyright"", ""osm_type"": ""way"", ""osm_id"": 269098990, ""lat"": ""-23.6911520"", ""lon"": ""-46.5848155"", ""category"": ""shop"", ""type"": ""car_repair"", ""place_rank"": 30, ""importance"": 7.861829556720863e-05, ""addresstype"": ""shop"", ""name"": ""Oficina Brasil"", ""display_name"": ""Oficina Brasil, 1937, Avenida Piraporinha, Piraporinha, Diadema, São Paulo, Região Sudeste, 09950-000, Brasil"", ""address"": {""shop"": ""Oficina Brasil"", ""house_number"": ""1937"", ""road"": ""Avenida Piraporinha"", ""suburb"": ""Piraporinha"", ""city_district"": ""Diadema"", ""city"": ""Diadema"", ""state"": ""São Paulo"", ""ISO3166-2-lvl4"": ""BR-SP"", ""region"": ""Região Sudeste"", ""postcode"": ""09950-000"", ""country"": ""Brasil"", ""country_code"": ""br""}, ""boundingbox"": [""-23.6912159"", ""-23.6910783"", ""-46.5849354"", ""-46.5846886""]}"
317;HOSPITAL E MATERNIDADE LEONOR MENDES DE BARROS SAO PAULO;AV CELSO GARCIA, 2477 - BELENZINHO, SAO PAULO, SP;-23.5359031;-46.5887061;ok;nominatim;high;;200;;8847125;way;463619231;Hospital Maternidade Leonor Mendes de Barros, 2477, Avenida Celso Garcia, Belém, São Paulo, Região Sudeste, 03015-000, Brasil;7.861829556720863e-05;;hospital;São Paulo;São Paulo;Brasil;AV CELSO GARCIA, 2477 - 03015000;"{""place_id"": 8847125, ""licence"": ""Data © OpenStreetMap contributors, ODbL 1.0. http://osm.org/copyright"", ""osm_type"": ""way"", ""osm_id"": 463619231, ""lat"": ""-23.5359031"", ""lon"": ""-46.5887061"", ""category"": ""amenity"", ""type"": ""hospital"", ""place_rank"": 30, ""importance"": 7.861829556720863e-05, ""addresstype"": ""amenity"", ""name"": ""Hospital Maternidade Leonor Mendes de Barros"", ""display_name"": ""Hospital Maternidade Leonor Mendes de Barros, 2477, Avenida Celso Garcia, Belém, São Paulo, Região Sudeste, 03015-000, Brasil"", ""address"": {""amenity"": ""Hospital Maternidade Leonor Mendes de Barros"", ""house_number"": ""2477"", ""road"": ""Avenida Celso Garcia"", ""suburb"": ""Belém"", ""city"": ""São Paulo"", ""state"": ""São Paulo"", ""ISO3166-2-lvl4"": ""BR-SP"", ""region"": ""Região Sudeste"", ""postcode"": ""03015-000"", ""country"": ""Brasil"", ""country_code"": ""br""}, ""boundingbox"": [""-23.5365735"", ""-23.5352205"", ""-46.5896561"", ""-46.5878076""]}"
318;CENTRO DE REFERENCIA E TREINAMENTO DST AIDS SAO PAULO;RUA SANTA CRUZ, 81 - VILA MARIANA, SAO PAULO, SP;-23.5966194;-46.6358133;ok;nominatim;high;;200;;8787168;way;1077044306;Centro de Referência e Treinamento DST/Aids-SP, 81, Rua Santa Cruz, Vila Mariana, São Paulo, Região Sudeste, 04121-000, Brasil;7.861829556720863e-05;;hospital;São Paulo;São Paulo;Brasil;RUA SANTA CRUZ, 81 - VILA MARIANA, SAO PAULO, SP, São Paulo, SP, Brasil;"{""place_id"": 8787168, ""licence"": ""Data © OpenStreetMap contributors, ODbL 1.0. http://osm.org/copyright"", ""osm_type"": ""way"", ""osm_id"": 1077044306, ""lat"": ""-23.5966194"", ""lon"": ""-46.6358133"", ""category"": ""amenity"", ""type"": ""hospital"", ""place_rank"": 30, ""importance"": 7.861829556720863e-05, ""addresstype"": ""amenity"", ""name"": ""Centro de Referência e Treinamento DST/Aids-SP"", ""display_name"": ""Centro de Referência e Treinamento DST/Aids-SP, 81, Rua Santa Cruz, Vila Mariana, São Paulo, Região Sudeste, 04121-000, Brasil"", ""address"": {""amenity"": ""Centro de Referência e Treinamento DST/Aids-SP"", ""house_number"": ""81"", ""road"": ""Rua Santa Cruz"", ""suburb"": ""Vila Mariana"", ""city_district"": ""Vila Mariana"", ""city"": ""São Paulo"", ""state"": ""São Paulo"", ""ISO3166-2-lvl4"": ""BR-SP"", ""region"": ""Região Sudeste"", ""postcode"": ""04121-000"", ""country"": ""Brasil"", ""country_code"": ""br""}, ""boundingbox"": [""-23.5969243"", ""-23.5963444"", ""-46.6359613"", ""-46.6356600""]}"
319;HOSPITAL MILITAR DE AREA DE SAO PAULO;RUA OUVIDOR PORTUGAL, 230 - CAMBUCI, SAO PAULO, SP;-23.5696701;-46.6134492;ok;nominatim;high;;200;;8817387;node;1693998312;Hospital Militar de Área de São Paulo, 230, Rua Ouvidor Portugal, Vila Monumento, Cambuci, São Paulo, Região Sudeste, 01551-010, Brasil;7.861829556720863e-05;;hospital;São Paulo;São Paulo;Brasil;HOSPITAL MILITAR DE AREA DE SAO PAULO, RUA OUVIDOR PORTUGAL, 230 - CAMBUCI, SAO PAULO, SP, São Paulo, SP, Brasil;"{""place_id"": 8817387, ""licence"": ""Data © OpenStreetMap contributors, ODbL 1.0. http://osm.org/copyright"", ""osm_type"": ""node"", ""osm_id"": 1693998312, ""lat"": ""-23.5696701"", ""lon"": ""-46.6134492"", ""category"": ""amenity"", ""type"": ""hospital"", ""place_rank"": 30, ""importance"": 7.861829556720863e-05, ""addresstype"": ""amenity"", ""name"": ""Hospital Militar de Área de São Paulo"", ""display_name"": ""Hospital Militar de Área de São Paulo, 230, Rua Ouvidor Portugal, Vila Monumento, Cambuci, São Paulo, Região Sudeste, 01551-010, Brasil"", ""address"": {""amenity"": ""Hospital Militar de Área de São Paulo"", ""house_number"": ""230"", ""road"": ""Rua Ouvidor Portugal"", ""suburb"": ""Vila Monumento"", ""city_district"": ""Cambuci"", ""city"": ""São Paulo"", ""state"": ""São Paulo"", ""ISO3166-2-lvl4"": ""BR-SP"", ""region"": ""Região Sudeste"", ""postcode"": ""01551-010"", ""country"": ""Brasil"", ""country_code"": ""br""}, ""boundingbox"": [""-23.5697201"", ""-23.5696201"", ""-46.6134992"", ""-46.6133992""]}"
320;CENTRO DE REFERENCIA DA SAUDE DA MULHER;AV RIO BRANCO, 1080 - CAMPOS ELISEOS, SAO PAULO, SP;-22.9288098;-47.1152922;ok;nominatim;low;;200;;9410471;way;149121226;Rua Rio Branco, Jardim Ipaussurama, Jardim Paulicéia, Campinas, São Paulo, Região Sudeste, 13060-562, Brasil;0.053401859311818074;;residential;Campinas;São Paulo;Brasil;AV RIO BRANCO, 1080 - CAMPOS ELISEOS, SAO PAULO, SP, São Paulo, SP, Brasil;"{""place_id"": 9410471, ""licence"": ""Data © OpenStreetMap contributors, ODbL 1.0. http://osm.org/copyright"", ""osm_type"": ""way"", ""osm_id"": 149121226, ""lat"": ""-22.9288098"", ""lon"": ""-47.1152922"", ""category"": ""highway"", ""type"": ""residential"", ""place_rank"": 26, ""importance"": 0.053401859311818074, ""addresstype"": ""road"", ""name"": ""Rua Rio Branco"", ""display_name"": ""Rua Rio Branco, Jardim Ipaussurama, Jardim Paulicéia, Campinas, São Paulo, Região Sudeste, 13060-562, Brasil"", ""address"": {""road"": ""Rua Rio Branco"", ""residential"": ""Jardim Ipaussurama"", ""suburb"": ""Jardim Paulicéia"", ""city_district"": ""Campinas"", ""city"": ""Campinas"", ""state"": ""São Paulo"", ""ISO3166-2-lvl4"": ""BR-SP"", ""region"": ""Região Sudeste"", ""postcode"": ""13060-562"", ""country"": ""Brasil"", ""country_code"": ""br""}, ""boundingbox"": [""-22.9288363"", ""-22.9287833"", ""-47.1159417"", ""-47.1146428""]}"
321;HOSP MUN INFANTIL MENINO JESUS;RUA DOS INGLESES, 258 - BELA VISTA, SAO PAULO, SP;-23.5602200;-46.6469982;ok;nominatim;low;;200;;9665640;way;1172464432;258, Rua dos Ingleses, Morro dos Ingleses, Bela Vista, São Paulo, Região Sudeste, 01329-000, Brasil;9.99999999995449e-06;;house;São Paulo;São Paulo;Brasil;RUA DOS INGLESES, 258 - BELA VISTA, SAO PAULO, SP, São Paulo, SP, Brasil;"{""place_id"": 9665640, ""licence"": ""Data © OpenStreetMap contributors, ODbL 1.0. http://osm.org/copyright"", ""osm_type"": ""way"", ""osm_id"": 1172464432, ""lat"": ""-23.5602200"", ""lon"": ""-46.6469982"", ""category"": ""place"", ""type"": ""house"", ""place_rank"": 30, ""importance"": 9.99999999995449e-06, ""addresstype"": ""place"", ""name"": """", ""display_name"": ""258, Rua dos Ingleses, Morro dos Ingleses, Bela Vista, São Paulo, Região Sudeste, 01329-000, Brasil"", ""address"": {""house_number"": ""258"", ""road"": ""Rua dos Ingleses"", ""suburb"": ""Morro dos Ingleses"", ""city"": ""São Paulo"", ""state"": ""São Paulo"", ""ISO3166-2-lvl4"": ""BR-SP"", ""region"": ""Região Sudeste"", ""postcode"": ""01329-000"", ""country"": ""Brasil"", ""country_code"": ""br""}, ""boundingbox"": [""-23.5602700"", ""-23.5601700"", ""-46.6470482"", ""-46.6469482""]}"
322;HOSP DA AERONAUTICA DE SPHASP;OLAVO FONTOURA, 1400, SANTANA - SANTANA, SAO PAULO, SP;-23.5143658;-46.6366806;ok;nominatim;low;;200;;8978059;way;646945023;Avenida Olavo Fontoura, Carandiru, Santana, São Paulo, Região Sudeste, 02012-021, Brasil;0.05341195162890055;;primary;São Paulo;São Paulo;Brasil;OLAVO FONTOURA, 1400, SANTANA - SANTANA, SAO PAULO, SP, São Paulo, SP, Brasil;"{""place_id"": 8978059, ""licence"": ""Data © OpenStreetMap contributors, ODbL 1.0. http://osm.org/copyright"", ""osm_type"": ""way"", ""osm_id"": 646945023, ""lat"": ""-23.5143658"", ""lon"": ""-46.6366806"", ""category"": ""highway"", ""type"": ""primary"", ""place_rank"": 26, ""importance"": 0.05341195162890055, ""addresstype"": ""road"", ""name"": ""Avenida Olavo Fontoura"", ""display_name"": ""Avenida Olavo Fontoura, Carandiru, Santana, São Paulo, Região Sudeste, 02012-021, Brasil"", ""address"": {""road"": ""Avenida Olavo Fontoura"", ""suburb"": ""Carandiru"", ""city_district"": ""Santana"", ""city"": ""São Paulo"", ""state"": ""São Paulo"", ""ISO3166-2-lvl4"": ""BR-SP"", ""region"": ""Região Sudeste"", ""postcode"": ""02012-021"", ""country"": ""Brasil"", ""country_code"": ""br""}, ""boundingbox"": [""-23.5150607"", ""-23.5141410"", ""-46.6407666"", ""-46.6325520""]}"
323;HOSP MUN MAT ESC DR MARIO DE MORAES A SILVA;DEPUTADO EMILIO CARLOS, 3100 - VILA NOVA CACHOEIRIN, SAO PAULO, SP;-23.4802096;-46.6709709;ok;nominatim;high;;200;;8553501;way;423650178;Hospital Municipal Maternidade-Escola Vila Nova Cachoeirinha, 3100, Avenida Deputado Emílio Carlos, Vila Amélia, Cachoeirinha, São Paulo, Região Sudeste, 02765-050, Brasil;0.04539457909600718;;hospital;São Paulo;São Paulo;Brasil;DEPUTADO EMILIO CARLOS, 3100 - 02721000;"{""place_id"": 8553501, ""licence"": ""Data © OpenStreetMap contributors, ODbL 1.0. http://osm.org/copyright"", ""osm_type"": ""way"", ""osm_id"": 423650178, ""lat"": ""-23.4802096"", ""lon"": ""-46.6709709"", ""category"": ""building"", ""type"": ""hospital"", ""place_rank"": 30, ""importance"": 0.04539457909600718, ""addresstype"": ""building"", ""name"": ""Hospital Municipal Maternidade-Escola Vila Nova Cachoeirinha"", ""display_name"": ""Hospital Municipal Maternidade-Escola Vila Nova Cachoeirinha, 3100, Avenida Deputado Emílio Carlos, Vila Amélia, Cachoeirinha, São Paulo, Região Sudeste, 02765-050, Brasil"", ""address"": {""building"": ""Hospital Municipal Maternidade-Escola Vila Nova Cachoeirinha"", ""house_number"": ""3100"", ""road"": ""Avenida Deputado Emílio Carlos"", ""suburb"": ""Vila Amélia"", ""city"": ""São Paulo"", ""state"": ""São Paulo"", ""ISO3166-2-lvl4"": ""BR-SP"", ""region"": ""Região Sudeste"", ""postcode"": ""02765-050"", ""country"": ""Brasil"", ""country_code"": ""br""}, ""boundingbox"": [""-23.4807433"", ""-23.4796940"", ""-46.6717507"", ""-46.6702427""]}"
324;HOSPITAL GERAL JESUS TEIXEIRA DA COSTA GUAIANASES SAO PAULO;AV MIGUEL ACHIOLE DA FONSECA, 135 - JARDIM SAO PAULO, SAO PAULO, SP;-23.5523813;-46.4053829;ok;nominatim;high;;200;;8835683;way;260876142;Hospital Geral Jesus Teixeira da Costa, Avenida Miguel Achiole da Fonseca, Jardim São Paulo, Guaianases, São Paulo, Região Sudeste, 08412-000, Brasil;7.861829556720863e-05;;hospital;São Paulo;São Paulo;Brasil;HOSPITAL GERAL JESUS TEIXEIRA DA COSTA GUAIANASES SAO PAULO, AV MIGUEL ACHIOLE DA FONSECA, 135 - JARDIM SAO PAULO, SAO PAULO, SP, São Paulo, SP, Brasil;"{""place_id"": 8835683, ""licence"": ""Data © OpenStreetMap contributors, ODbL 1.0. http://osm.org/copyright"", ""osm_type"": ""way"", ""osm_id"": 260876142, ""lat"": ""-23.5523813"", ""lon"": ""-46.4053829"", ""category"": ""amenity"", ""type"": ""hospital"", ""place_rank"": 30, ""importance"": 7.861829556720863e-05, ""addresstype"": ""amenity"", ""name"": ""Hospital Geral Jesus Teixeira da Costa"", ""display_name"": ""Hospital Geral Jesus Teixeira da Costa, Avenida Miguel Achiole da Fonseca, Jardim São Paulo, Guaianases, São Paulo, Região Sudeste, 08412-000, Brasil"", ""address"": {""amenity"": ""Hospital Geral Jesus Teixeira da Costa"", ""road"": ""Avenida Miguel Achiole da Fonseca"", ""quarter"": ""Jardim São Paulo"", ""suburb"": ""Guaianases"", ""city"": ""São Paulo"", ""state"": ""São Paulo"", ""ISO3166-2-lvl4"": ""BR-SP"", ""region"": ""Região Sudeste"", ""postcode"": ""08412-000"", ""country"": ""Brasil"", ""country_code"": ""br""}, ""boundingbox"": [""-23.5537353"", ""-23.5513729"", ""-46.4066739"", ""-46.4034789""]}"
325;HOSP MUN DR CARMINO CARICCHIO;AVENIDA CELSO GARCIA, 4815 - TATUAPE, SAO PAULO, SP;-23.5329502;-46.5664411;ok;nominatim;high;;200;;8853928;way;375977786;Hospital Municipal Doutor Cármino Caricchio, 4815, Avenida Celso Garcia, Parque São Jorge, Tatuapé, São Paulo, Região Sudeste, 03069-000, Brasil;7.861829556720863e-05;;hospital;São Paulo;São Paulo;Brasil;AVENIDA CELSO GARCIA, 4815 - TATUAPE, SAO PAULO, SP, São Paulo, SP, Brasil;"{""place_id"": 8853928, ""licence"": ""Data © OpenStreetMap contributors, ODbL 1.0. http://osm.org/copyright"", ""osm_type"": ""way"", ""osm_id"": 375977786, ""lat"": ""-23.5329502"", ""lon"": ""-46.5664411"", ""category"": ""amenity"", ""type"": ""hospital"", ""place_rank"": 30, ""importance"": 7.861829556720863e-05, ""addresstype"": ""amenity"", ""name"": ""Hospital Municipal Doutor Cármino Caricchio"", ""display_name"": ""Hospital Municipal Doutor Cármino Caricchio, 4815, Avenida Celso Garcia, Parque São Jorge, Tatuapé, São Paulo, Região Sudeste, 03069-000, Brasil"", ""address"": {""amenity"": ""Hospital Municipal Doutor Cármino Caricchio"", ""house_number"": ""4815"", ""road"": ""Avenida Celso Garcia"", ""suburb"": ""Parque São Jorge"", ""city"": ""São Paulo"", ""state"": ""São Paulo"", ""ISO3166-2-lvl4"": ""BR-SP"", ""region"": ""Região Sudeste"", ""postcode"": ""03069-000"", ""country"": ""Brasil"", ""country_code"": ""br""}, ""boundingbox"": [""-23.5337538"", ""-23.5324836"", ""-46.5669771"", ""-46.5658105""]}"
326;HOSP MUN TIDE SETUBAL;RUA DR JOSE GUILHERME EIRAS, 123 - SAO MIGUEL PAULISTA, SAO PAULO, SP;-23.4973179;-46.4398650;ok;nominatim;low;;200;;8736283;way;1184110656;Rua Doutor José Guilherme Eiras, Vila Rosária, São Miguel Paulista, São Paulo, Região Sudeste, 08021-090, Brasil;0.05341195162890055;;residential;São Paulo;São Paulo;Brasil;RUA DR JOSE GUILHERME EIRAS, 123 - SAO MIGUEL PAULISTA, SAO PAULO, SP, São Paulo, SP, Brasil;"{""place_id"": 8736283, ""licence"": ""Data © OpenStreetMap contributors, ODbL 1.0. http://osm.org/copyright"", ""osm_type"": ""way"", ""osm_id"": 1184110656, ""lat"": ""-23.4973179"", ""lon"": ""-46.4398650"", ""category"": ""highway"", ""type"": ""residential"", ""place_rank"": 26, ""importance"": 0.05341195162890055, ""addresstype"": ""road"", ""name"": ""Rua Doutor José Guilherme Eiras"", ""display_name"": ""Rua Doutor José Guilherme Eiras, Vila Rosária, São Miguel Paulista, São Paulo, Região Sudeste, 08021-090, Brasil"", ""address"": {""road"": ""Rua Doutor José Guilherme Eiras"", ""quarter"": ""Vila Rosária"", ""suburb"": ""São Miguel Paulista"", ""city"": ""São Paulo"", ""state"": ""São Paulo"", ""ISO3166-2-lvl4"": ""BR-SP"", ""region"": ""Região Sudeste"", ""postcode"": ""08021-090"", ""country"": ""Brasil"", ""country_code"": ""br""}, ""boundingbox"": [""-23.4974676"", ""-23.4971975"", ""-46.4406062"", ""-46.4391160""]}"
327;HOSP MUN V NHOCUNE ALEXANDRE ZAIO;RUA ALVES MALDONADO, 128 - VILA NHOCUNE, SAO PAULO, SP;-23.5424212;-46.5015398;ok;nominatim;high;;200;;8856090;way;442804134;Hospital Municipal Doutor Alexandre Zaio, 128, Rua Alves Maldonado, Cidade Patriarca, Vila Matilde, São Paulo, Região Sudeste, 03556-010, Brasil;7.861829556720863e-05;;hospital;São Paulo;São Paulo;Brasil;RUA ALVES MALDONADO, 128 - VILA NHOCUNE, SAO PAULO, SP, São Paulo, SP, Brasil;"{""place_id"": 8856090, ""licence"": ""Data © OpenStreetMap contributors, ODbL 1.0. http://osm.org/copyright"", ""osm_type"": ""way"", ""osm_id"": 442804134, ""lat"": ""-23.5424212"", ""lon"": ""-46.5015398"", ""category"": ""amenity"", ""type"": ""hospital"", ""place_rank"": 30, ""importance"": 7.861829556720863e-05, ""addresstype"": ""amenity"", ""name"": ""Hospital Municipal Doutor Alexandre Zaio"", ""display_name"": ""Hospital Municipal Doutor Alexandre Zaio, 128, Rua Alves Maldonado, Cidade Patriarca, Vila Matilde, São Paulo, Região Sudeste, 03556-010, Brasil"", ""address"": {""amenity"": ""Hospital Municipal Doutor Alexandre Zaio"", ""house_number"": ""128"", ""road"": ""Rua Alves Maldonado"", ""suburb"": ""Cidade Patriarca"", ""city"": ""São Paulo"", ""state"": ""São Paulo"", ""ISO3166-2-lvl4"": ""BR-SP"", ""region"": ""Região Sudeste"", ""postcode"": ""03556-010"", ""country"": ""Brasil"", ""country_code"": ""br""}, ""boundingbox"": [""-23.5438786"", ""-23.5417079"", ""-46.5028900"", ""-46.5007385""]}"
328;HOSP MUN JABAQUARA ARTUR RIBEIRO DE SABOYA;AVENIDA FRANCISCO DE PAULA QUINTANILHA RIBEIRO, 860 - JABAQUARA, SAO PAULO, SP;-23.6533422;-46.6456764;ok;nominatim;high;;200;;9029850;way;256252796;Hospital Municipal Arthur Ribeiro de Saboya, 860, Avenida Francisco de Paula Quintanilha Ribeiro, Vila do Encontro, Jabaquara, São Paulo, Região Sudeste, 04330-020, Brasil;7.861829556720863e-05;;hospital;São Paulo;São Paulo;Brasil;AVENIDA FRANCISCO DE PAULA QUINTANILHA RIBEIRO, 860 - JABAQUARA, SAO PAULO, SP, São Paulo, SP, Brasil;"{""place_id"": 9029850, ""licence"": ""Data © OpenStreetMap contributors, ODbL 1.0. http://osm.org/copyright"", ""osm_type"": ""way"", ""osm_id"": 256252796, ""lat"": ""-23.6533422"", ""lon"": ""-46.6456764"", ""category"": ""amenity"", ""type"": ""hospital"", ""place_rank"": 30, ""importance"": 7.861829556720863e-05, ""addresstype"": ""amenity"", ""name"": ""Hospital Municipal Arthur Ribeiro de Saboya"", ""display_name"": ""Hospital Municipal Arthur Ribeiro de Saboya, 860, Avenida Francisco de Paula Quintanilha Ribeiro, Vila do Encontro, Jabaquara, São Paulo, Região Sudeste, 04330-020, Brasil"", ""address"": {""amenity"": ""Hospital Municipal Arthur Ribeiro de Saboya"", ""house_number"": ""860"", ""road"": ""Avenida Francisco de Paula Quintanilha Ribeiro"", ""quarter"": ""Vila do Encontro"", ""suburb"": ""Jabaquara"", ""city"": ""São Paulo"", ""state"": ""São Paulo"", ""ISO3166-2-lvl4"": ""BR-SP"", ""region"": ""Região Sudeste"", ""postcode"": ""04330-020"", ""country"": ""Brasil"", ""country_code"": ""br""}, ""boundingbox"": [""-23.6538054"", ""-23.6529168"", ""-46.6462115"", ""-46.6451313""]}"
329;HOSPITAL KATIA DE SOUZA RODRIGUES TAIPASSP SAO PAULO;AV ELISIO TEIXEIRA LEITE, 6999 - PARADA DE TAIPAS, SAO PAULO, SP;-23.4436996;-46.7177512;ok;nominatim;high;;200;;8575868;way;682318862;Hospital Geral de Taipas, 6999, Avenida Elísio Teixeira Leite, Parada de Taípas, Jardim Pirituba, Jaraguá, São Paulo, Região Sudeste, 02810-000, Brasil;7.861829556720863e-05;;hospital;São Paulo;São Paulo;Brasil;AV ELISIO TEIXEIRA LEITE, 6999 - PARADA DE TAIPAS, SAO PAULO, SP, São Paulo, SP, Brasil;"{""place_id"": 8575868, ""licence"": ""Data © OpenStreetMap contributors, ODbL 1.0. http://osm.org/copyright"", ""osm_type"": ""way"", ""osm_id"": 682318862, ""lat"": ""-23.4436996"", ""lon"": ""-46.7177512"", ""category"": ""amenity"", ""type"": ""hospital"", ""place_rank"": 30, ""importance"": 7.861829556720863e-05, ""addresstype"": ""amenity"", ""name"": ""Hospital Geral de Taipas"", ""display_name"": ""Hospital Geral de Taipas, 6999, Avenida Elísio Teixeira Leite, Parada de Taípas, Jardim Pirituba, Jaraguá, São Paulo, Região Sudeste, 02810-000, Brasil"", ""address"": {""amenity"": ""Hospital Geral de Taipas"", ""house_number"": ""6999"", ""road"": ""Avenida Elísio Teixeira Leite"", ""suburb"": ""Parada de Taípas"", ""city_district"": ""Jaraguá"", ""city"": ""São Paulo"", ""state"": ""São Paulo"", ""ISO3166-2-lvl4"": ""BR-SP"", ""region"": ""Região Sudeste"", ""postcode"": ""02810-000"", ""country"": ""Brasil"", ""country_code"": ""br""}, ""boundingbox"": [""-23.4449692"", ""-23.4423873"", ""-46.7185494"", ""-46.7172434""]}"
330;HOSP MUN PROFESSOR DOUTOR ALIPIO CORREA NETTO;ALAMEDA RODRIGO DE BRUM, 1989 - VILA PARANAGUA, SAO PAULO, SP;-23.4996440;-46.4729162;ok;nominatim;high;;200;;8679718;way;437199936;Hospital Municipal Professor Doutor Alípio Corrêa Netto, 1989, Alameda Rodrigo de Brum, Parque Boturussu, Ermelino Matarazzo, São Paulo, Região Sudeste, 03807-230, Brasil;7.861829556720863e-05;;hospital;São Paulo;São Paulo;Brasil;ALAMEDA RODRIGO DE BRUM, 1989 - VILA PARANAGUA, SAO PAULO, SP, São Paulo, SP, Brasil;"{""place_id"": 8679718, ""licence"": ""Data © OpenStreetMap contributors, ODbL 1.0. http://osm.org/copyright"", ""osm_type"": ""way"", ""osm_id"": 437199936, ""lat"": ""-23.4996440"", ""lon"": ""-46.4729162"", ""category"": ""amenity"", ""type"": ""hospital"", ""place_rank"": 30, ""importance"": 7.861829556720863e-05, ""addresstype"": ""amenity"", ""name"": ""Hospital Municipal Professor Doutor Alípio Corrêa Netto"", ""display_name"": ""Hospital Municipal Professor Doutor Alípio Corrêa Netto, 1989, Alameda Rodrigo de Brum, Parque Boturussu, Ermelino Matarazzo, São Paulo, Região Sudeste, 03807-230, Brasil"", ""address"": {""amenity"": ""Hospital Municipal Professor Doutor Alípio Corrêa Netto"", ""house_number"": ""1989"", ""road"": ""Alameda Rodrigo de Brum"", ""suburb"": ""Parque Boturussu"", ""city"": ""São Paulo"", ""state"": ""São Paulo"", ""ISO3166-2-lvl4"": ""BR-SP"", ""region"": ""Região Sudeste"", ""postcode"": ""03807-230"", ""country"": ""Brasil"", ""country_code"": ""br""}, ""boundingbox"": [""-23.5005523"", ""-23.4987394"", ""-46.4737451"", ""-46.4715457""]}"
331;HOSPITAL MUNICIPAL DR BENEDITO MONTENEGRO;RUA ANTONIO LAZARO, 226 - JARDIM IVA, SAO PAULO, SP;-23.5875541;-46.5145716;ok;nominatim;low;;200;;8859021;node;8553785959;226, Rua Antônio Lázaro, Vila Bancária, Sapopemba, São Paulo, Região Sudeste, 03921-080, Brasil;7.861829556720863e-05;;house;São Paulo;São Paulo;Brasil;RUA ANTONIO LAZARO, 226 - JARDIM IVA, SAO PAULO, SP, São Paulo, SP, Brasil;"{""place_id"": 8859021, ""licence"": ""Data © OpenStreetMap contributors, ODbL 1.0. http://osm.org/copyright"", ""osm_type"": ""node"", ""osm_id"": 8553785959, ""lat"": ""-23.5875541"", ""lon"": ""-46.5145716"", ""category"": ""place"", ""type"": ""house"", ""place_rank"": 30, ""importance"": 7.861829556720863e-05, ""addresstype"": ""place"", ""name"": """", ""display_name"": ""226, Rua Antônio Lázaro, Vila Bancária, Sapopemba, São Paulo, Região Sudeste, 03921-080, Brasil"", ""address"": {""house_number"": ""226"", ""road"": ""Rua Antônio Lázaro"", ""suburb"": ""Vila Bancária"", ""city"": ""São Paulo"", ""state"": ""São Paulo"", ""ISO3166-2-lvl4"": ""BR-SP"", ""region"": ""Região Sudeste"", ""postcode"": ""03921-080"", ""country"": ""Brasil"", ""country_code"": ""br""}, ""boundingbox"": [""-23.5876041"", ""-23.5875041"", ""-46.5146216"", ""-46.5145216""]}"
332;HOSP MUN IGNACIO PROENCA DE GOUVEA;JUVENTUS, 562 - PARQUE DA MOOCA, SAO PAULO, SP;-23.5717374;-46.5901660;ok;nominatim;high;;200;;8874303;way;231104142;Hospital Municipal Doutor Ignácio Proença de Gouvêa, 562, Rua Juventus, Parque da Mooca, Mooca, São Paulo, Região Sudeste, 03124-070, Brasil;7.861829556720863e-05;;hospital;São Paulo;São Paulo;Brasil;JUVENTUS, 562 - PARQUE DA MOOCA, SAO PAULO, SP, São Paulo, SP, Brasil;"{""place_id"": 8874303, ""licence"": ""Data © OpenStreetMap contributors, ODbL 1.0. http://osm.org/copyright"", ""osm_type"": ""way"", ""osm_id"": 231104142, ""lat"": ""-23.5717374"", ""lon"": ""-46.5901660"", ""category"": ""amenity"", ""type"": ""hospital"", ""place_rank"": 30, ""importance"": 7.861829556720863e-05, ""addresstype"": ""amenity"", ""name"": ""Hospital Municipal Doutor Ignácio Proença de Gouvêa"", ""display_name"": ""Hospital Municipal Doutor Ignácio Proença de Gouvêa, 562, Rua Juventus, Parque da Mooca, Mooca, São Paulo, Região Sudeste, 03124-070, Brasil"", ""address"": {""amenity"": ""Hospital Municipal Doutor Ignácio Proença de Gouvêa"", ""house_number"": ""562"", ""road"": ""Rua Juventus"", ""suburb"": ""Parque da Mooca"", ""city"": ""São Paulo"", ""state"": ""São Paulo"", ""ISO3166-2-lvl4"": ""BR-SP"", ""region"": ""Região Sudeste"", ""postcode"": ""03124-070"", ""country"": ""Brasil"", ""country_code"": ""br""}, ""boundingbox"": [""-23.5722462"", ""-23.5714608"", ""-46.5905701"", ""-46.5896856""]}"
333;HOSPITAL INFANTIL CANDIDO FONTOURA SAO PAULO;RUA SIQUEIRA BUENO, 1757 - AGUA RASA, SAO PAULO, SP;-23.5519180;-46.5852143;ok;nominatim;high;;200;;8874747;way;301324091;Hospital Infantil Cândido Fontoura, 1757, Rua Siqueira Bueno, Parque da Mooca, Água Rasa, São Paulo, Região Sudeste, 03173-010, Brasil;0.18554865524912875;;hospital;São Paulo;São Paulo;Brasil;HOSPITAL INFANTIL CANDIDO FONTOURA SAO PAULO, RUA SIQUEIRA BUENO, 1757 - AGUA RASA, SAO PAULO, SP, São Paulo, SP, Brasil;"{""place_id"": 8874747, ""licence"": ""Data © OpenStreetMap contributors, ODbL 1.0. http://osm.org/copyright"", ""osm_type"": ""way"", ""osm_id"": 301324091, ""lat"": ""-23.5519180"", ""lon"": ""-46.5852143"", ""category"": ""amenity"", ""type"": ""hospital"", ""place_rank"": 30, ""importance"": 0.18554865524912875, ""addresstype"": ""amenity"", ""name"": ""Hospital Infantil Cândido Fontoura"", ""display_name"": ""Hospital Infantil Cândido Fontoura, 1757, Rua Siqueira Bueno, Parque da Mooca, Água Rasa, São Paulo, Região Sudeste, 03173-010, Brasil"", ""address"": {""amenity"": ""Hospital Infantil Cândido Fontoura"", ""house_number"": ""1757"", ""road"": ""Rua Siqueira Bueno"", ""suburb"": ""Parque da Mooca"", ""city"": ""São Paulo"", ""state"": ""São Paulo"", ""ISO3166-2-lvl4"": ""BR-SP"", ""region"": ""Região Sudeste"", ""postcode"": ""03173-010"", ""country"": ""Brasil"", ""country_code"": ""br""}, ""boundingbox"": [""-23.5526263"", ""-23.5512110"", ""-46.5859768"", ""-46.5844531""]}"
334;HOSPITAL DE TRANSP DO EST DE SP EURYCLIDES DE JESUS ZERBINI;AV BRIGADEIRO LUIZ ANTONIO, 2651 - JARDIM PAULISTA, SAO PAULO, SP;;;not_found;nominatim;not_found;Resposta 200 OK mas sem coordenadas;0;Nenhuma das queries retornou coordenadas válidas;;;;;;;;;;;;
335;HOSPITAL REGIONAL SUL SAO PAULO;RUA GENERAL ROBERTO ALVES DE CARVALHO FILHO, 270 - SANTO AMARO, SAO PAULO, SP;-23.6555597;-46.7058596;ok;nominatim;high;;200;;8967809;way;318404110;Hospital Regional Sul, 270, Rua General Roberto Alves de Carvalho Filho, Jardim Santo Amaro, Santo Amaro, São Paulo, Região Sudeste, 04751-000, Brasil;7.861829556720863e-05;;hospital;São Paulo;São Paulo;Brasil;HOSPITAL REGIONAL SUL SAO PAULO, RUA GENERAL ROBERTO ALVES DE CARVALHO FILHO, 270 - SANTO AMARO, SAO PAULO, SP, São Paulo, SP, Brasil;"{""place_id"": 8967809, ""licence"": ""Data © OpenStreetMap contributors, ODbL 1.0. http://osm.org/copyright"", ""osm_type"": ""way"", ""osm_id"": 318404110, ""lat"": ""-23.6555597"", ""lon"": ""-46.7058596"", ""category"": ""amenity"", ""type"": ""hospital"", ""place_rank"": 30, ""importance"": 7.861829556720863e-05, ""addresstype"": ""amenity"", ""name"": ""Hospital Regional Sul"", ""display_name"": ""Hospital Regional Sul, 270, Rua General Roberto Alves de Carvalho Filho, Jardim Santo Amaro, Santo Amaro, São Paulo, Região Sudeste, 04751-000, Brasil"", ""address"": {""amenity"": ""Hospital Regional Sul"", ""house_number"": ""270"", ""road"": ""Rua General Roberto Alves de Carvalho Filho"", ""suburb"": ""Jardim Santo Amaro"", ""city_district"": ""Santo Amaro"", ""city"": ""São Paulo"", ""state"": ""São Paulo"", ""ISO3166-2-lvl4"": ""BR-SP"", ""region"": ""Região Sudeste"", ""postcode"": ""04751-000"", ""country"": ""Brasil"", ""country_code"": ""br""}, ""boundingbox"": [""-23.6557891"", ""-23.6550531"", ""-46.7061311"", ""-46.7056314""]}"
336;HOSPITAL VITAL BRAZIL SAO PAULO;AV VITAL BRAZIL, 1500 - BUTANTA, SAO PAULO, SP;-23.5651106;-46.7196825;ok;nominatim;high;;200;;8996650;way;245697727;Hospital Vital Brazil, Avenida Albert León C. Calmette / Jean C. Guérin, Caxingui, Butantã, São Paulo, Região Sudeste, 05508-065, Brasil;7.861829556720863e-05;;hospital;São Paulo;São Paulo;Brasil;HOSPITAL VITAL BRAZIL SAO PAULO, São Paulo, SP, Brasil;"{""place_id"": 8996650, ""licence"": ""Data © OpenStreetMap contributors, ODbL 1.0. http://osm.org/copyright"", ""osm_type"": ""way"", ""osm_id"": 245697727, ""lat"": ""-23.5651106"", ""lon"": ""-46.7196825"", ""category"": ""building"", ""type"": ""hospital"", ""place_rank"": 30, ""importance"": 7.861829556720863e-05, ""addresstype"": ""building"", ""name"": ""Hospital Vital Brazil"", ""display_name"": ""Hospital Vital Brazil, Avenida Albert León C. Calmette / Jean C. Guérin, Caxingui, Butantã, São Paulo, Região Sudeste, 05508-065, Brasil"", ""address"": {""building"": ""Hospital Vital Brazil"", ""road"": ""Avenida Albert León C. Calmette / Jean C. Guérin"", ""suburb"": ""Caxingui"", ""city"": ""São Paulo"", ""state"": ""São Paulo"", ""ISO3166-2-lvl4"": ""BR-SP"", ""region"": ""Região Sudeste"", ""postcode"": ""05508-065"", ""country"": ""Brasil"", ""country_code"": ""br""}, ""boundingbox"": [""-23.5652421"", ""-23.5649791"", ""-46.7198355"", ""-46.7195295""]}"
337;HOSPITAL ESTADUAL DE SAPOPEMBA SAO PAULO;RUA MANOEL FRANCA DOS SANTOS, 174 - JARDIM SAPOPEMBA, SAO PAULO, SP;-23.6113360;-46.4936710;ok;nominatim;low;;200;;8703201;node;8089579892;Rua Manoel Franca Dos Santos, Rua Manuel França dos Santos, Jardim Sapopemba, Sapopemba, São Paulo, Região Sudeste, 03975-130, Brasil;7.861829556720863e-05;;bus_stop;São Paulo;São Paulo;Brasil;RUA MANOEL FRANCA DOS SANTOS, 174 - JARDIM SAPOPEMBA, SAO PAULO, SP, São Paulo, SP, Brasil;"{""place_id"": 8703201, ""licence"": ""Data © OpenStreetMap contributors, ODbL 1.0. http://osm.org/copyright"", ""osm_type"": ""node"", ""osm_id"": 8089579892, ""lat"": ""-23.6113360"", ""lon"": ""-46.4936710"", ""category"": ""highway"", ""type"": ""bus_stop"", ""place_rank"": 30, ""importance"": 7.861829556720863e-05, ""addresstype"": ""highway"", ""name"": ""Rua Manoel Franca Dos Santos"", ""display_name"": ""Rua Manoel Franca Dos Santos, Rua Manuel França dos Santos, Jardim Sapopemba, Sapopemba, São Paulo, Região Sudeste, 03975-130, Brasil"", ""address"": {""highway"": ""Rua Manoel Franca Dos Santos"", ""road"": ""Rua Manuel França dos Santos"", ""suburb"": ""Jardim Sapopemba"", ""city"": ""São Paulo"", ""state"": ""São Paulo"", ""ISO3166-2-lvl4"": ""BR-SP"", ""region"": ""Região Sudeste"", ""postcode"": ""03975-130"", ""country"": ""Brasil"", ""country_code"": ""br""}, ""boundingbox"": [""-23.6113860"", ""-23.6112860"", ""-46.4937210"", ""-46.4936210""]}"
338;HOSPITAL GERAL DE VILA PENTEADO DR JOSE PANGELLA SAO PAULO;AV MINISTRO PETRONIO PORTELA, 1642 - JARDIM IRACEMA, SAO PAULO, SP;-23.4934229;-46.7008274;ok;nominatim;low;;200;;8546250;way;252383986;Avenida Ministro Petrônio Portela, Parque Monteiro Soares, Freguesia do Ó, São Paulo, Região Sudeste, 02802-120, Brasil;0.05341195162890055;;secondary;São Paulo;São Paulo;Brasil;AV MINISTRO PETRONIO PORTELA, 1642 - 02802120;"{""place_id"": 8546250, ""licence"": ""Data © OpenStreetMap contributors, ODbL 1.0. http://osm.org/copyright"", ""osm_type"": ""way"", ""osm_id"": 252383986, ""lat"": ""-23.4934229"", ""lon"": ""-46.7008274"", ""category"": ""highway"", ""type"": ""secondary"", ""place_rank"": 26, ""importance"": 0.05341195162890055, ""addresstype"": ""road"", ""name"": ""Avenida Ministro Petrônio Portela"", ""display_name"": ""Avenida Ministro Petrônio Portela, Parque Monteiro Soares, Freguesia do Ó, São Paulo, Região Sudeste, 02802-120, Brasil"", ""address"": {""road"": ""Avenida Ministro Petrônio Portela"", ""suburb"": ""Parque Monteiro Soares"", ""city"": ""São Paulo"", ""state"": ""São Paulo"", ""ISO3166-2-lvl4"": ""BR-SP"", ""region"": ""Região Sudeste"", ""postcode"": ""02802-120"", ""country"": ""Brasil"", ""country_code"": ""br""}, ""boundingbox"": [""-23.4976541"", ""-23.4878538"", ""-46.7053552"", ""-46.6976236""]}"
339;HOSPITAL PSIQUIATRICO DE VILA MARIANA;RUA MAJOR MARAGLIANO, 241, 287 - VILA MARIANA, SAO PAULO, SP;-23.5875985;-46.6387604;ok;nominatim;low;;200;;8832854;way;427348541;Rua Major Maragliano, Vila Mariana, São Paulo, Região Sudeste, 04017-030, Brasil;0.05341195162890055;;residential;São Paulo;São Paulo;Brasil;RUA MAJOR MARAGLIANO, 241, 287 - VILA MARIANA, SAO PAULO, SP, São Paulo, SP, Brasil;"{""place_id"": 8832854, ""licence"": ""Data © OpenStreetMap contributors, ODbL 1.0. http://osm.org/copyright"", ""osm_type"": ""way"", ""osm_id"": 427348541, ""lat"": ""-23.5875985"", ""lon"": ""-46.6387604"", ""category"": ""highway"", ""type"": ""residential"", ""place_rank"": 26, ""importance"": 0.05341195162890055, ""addresstype"": ""road"", ""name"": ""Rua Major Maragliano"", ""display_name"": ""Rua Major Maragliano, Vila Mariana, São Paulo, Região Sudeste, 04017-030, Brasil"", ""address"": {""road"": ""Rua Major Maragliano"", ""suburb"": ""Vila Mariana"", ""city_district"": ""Vila Mariana"", ""city"": ""São Paulo"", ""state"": ""São Paulo"", ""ISO3166-2-lvl4"": ""BR-SP"", ""region"": ""Região Sudeste"", ""postcode"": ""04017-030"", ""country"": ""Brasil"", ""country_code"": ""br""}, ""boundingbox"": [""-23.5892824"", ""-23.5858590"", ""-46.6393752"", ""-46.6382466""]}"
340;HOSPITAL GERAL DE VILA NOVA CACHOEIRINHA SAO PAULO;AV DEPUTADO EMILIO CARLOS, 3000 - VILA NOVA CACHOEIRIN, SAO PAULO, SP;-23.4897874;-46.6754035;ok;nominatim;low;;200;;8609822;way;129076165;Avenida Deputado Emílio Carlos, VIla Prado, Limão, São Paulo, Região Sudeste, 02720-200, Brasil;0.05341195162890055;;secondary;São Paulo;São Paulo;Brasil;AV DEPUTADO EMILIO CARLOS, 3000 - 02720200;"{""place_id"": 8609822, ""licence"": ""Data © OpenStreetMap contributors, ODbL 1.0. http://osm.org/copyright"", ""osm_type"": ""way"", ""osm_id"": 129076165, ""lat"": ""-23.4897874"", ""lon"": ""-46.6754035"", ""category"": ""highway"", ""type"": ""secondary"", ""place_rank"": 26, ""importance"": 0.05341195162890055, ""addresstype"": ""road"", ""name"": ""Avenida Deputado Emílio Carlos"", ""display_name"": ""Avenida Deputado Emílio Carlos, VIla Prado, Limão, São Paulo, Região Sudeste, 02720-200, Brasil"", ""address"": {""road"": ""Avenida Deputado Emílio Carlos"", ""suburb"": ""VIla Prado"", ""city"": ""São Paulo"", ""state"": ""São Paulo"", ""ISO3166-2-lvl4"": ""BR-SP"", ""region"": ""Região Sudeste"", ""postcode"": ""02720-200"", ""country"": ""Brasil"", ""country_code"": ""br""}, ""boundingbox"": [""-23.4909650"", ""-23.4886884"", ""-46.6758748"", ""-46.6753794""]}"
341;HOSP DO SERV PUB MUNICIPAL HSPM;CASTRO ALVES, 60 - LIBERDADE, SAO PAULO, SP;-23.5673424;-46.6390710;ok;nominatim;high;;200;;8822077;way;1077056900;Hospital do Servidor Público Municipal, 60, Rua Castro Alves, Liberdade, São Paulo, Região Sudeste, 01532-000, Brasil;7.861829556720863e-05;;hospital;São Paulo;São Paulo;Brasil;CASTRO ALVES, 60 - LIBERDADE, SAO PAULO, SP, São Paulo, SP, Brasil;"{""place_id"": 8822077, ""licence"": ""Data © OpenStreetMap contributors, ODbL 1.0. http://osm.org/copyright"", ""osm_type"": ""way"", ""osm_id"": 1077056900, ""lat"": ""-23.5673424"", ""lon"": ""-46.6390710"", ""category"": ""amenity"", ""type"": ""hospital"", ""place_rank"": 30, ""importance"": 7.861829556720863e-05, ""addresstype"": ""amenity"", ""name"": ""Hospital do Servidor Público Municipal"", ""display_name"": ""Hospital do Servidor Público Municipal, 60, Rua Castro Alves, Liberdade, São Paulo, Região Sudeste, 01532-000, Brasil"", ""address"": {""amenity"": ""Hospital do Servidor Público Municipal"", ""house_number"": ""60"", ""road"": ""Rua Castro Alves"", ""suburb"": ""Liberdade"", ""city_district"": ""Liberdade"", ""city"": ""São Paulo"", ""state"": ""São Paulo"", ""ISO3166-2-lvl4"": ""BR-SP"", ""region"": ""Região Sudeste"", ""postcode"": ""01532-000"", ""country"": ""Brasil"", ""country_code"": ""br""}, ""boundingbox"": [""-23.5681796"", ""-23.5664592"", ""-46.6397587"", ""-46.6382054""]}"
342;HOSP MUN FERNANDO MAURO PIRES DA ROCHA;ESTRADA DE ITAPECERICA, 1661, VILA MARACANA - CAMPO LIMPO, SAO PAULO, SP;-23.6490957;-46.7490028;ok;nominatim;high;;200;;9095366;way;318404108;Hospital Municipal Doutor Fernando Mauro Pires da Rocha, 1661, Estrada de Itapecerica, Jardim São Luís, São Paulo, Região Sudeste, 05835-005, Brasil;7.861829556720863e-05;;hospital;São Paulo;São Paulo;Brasil;ESTRADA DE ITAPECERICA, 1661 - 05835005;"{""place_id"": 9095366, ""licence"": ""Data © OpenStreetMap contributors, ODbL 1.0. http://osm.org/copyright"", ""osm_type"": ""way"", ""osm_id"": 318404108, ""lat"": ""-23.6490957"", ""lon"": ""-46.7490028"", ""category"": ""amenity"", ""type"": ""hospital"", ""place_rank"": 30, ""importance"": 7.861829556720863e-05, ""addresstype"": ""amenity"", ""name"": ""Hospital Municipal Doutor Fernando Mauro Pires da Rocha"", ""display_name"": ""Hospital Municipal Doutor Fernando Mauro Pires da Rocha, 1661, Estrada de Itapecerica, Jardim São Luís, São Paulo, Região Sudeste, 05835-005, Brasil"", ""address"": {""amenity"": ""Hospital Municipal Doutor Fernando Mauro Pires da Rocha"", ""house_number"": ""1661"", ""road"": ""Estrada de Itapecerica"", ""suburb"": ""Jardim São Luís"", ""city"": ""São Paulo"", ""state"": ""São Paulo"", ""ISO3166-2-lvl4"": ""BR-SP"", ""region"": ""Região Sudeste"", ""postcode"": ""05835-005"", ""country"": ""Brasil"", ""country_code"": ""br""}, ""boundingbox"": [""-23.6494621"", ""-23.6480955"", ""-46.7496841"", ""-46.7477743""]}"
343;CENTRO HOSPITALAR DO SISTEMA PENITENCIARIO SAO PAULO;RUA DOM JOSE MAURICIO, 15 - CARANDIRU, SAO PAULO, SP;-23.5085713;-46.6201015;ok;nominatim;low;;200;;8764905;way;491005029;Centro Hospitalar do Sistema Penitênciário, 15, Rua Dom José Maurício, Carandiru, Santana, São Paulo, Região Sudeste, 02028-000, Brasil;7.861829556720863e-05;;prison;São Paulo;São Paulo;Brasil;RUA DOM JOSE MAURICIO, 15 - CARANDIRU, SAO PAULO, SP, São Paulo, SP, Brasil;"{""place_id"": 8764905, ""licence"": ""Data © OpenStreetMap contributors, ODbL 1.0. http://osm.org/copyright"", ""osm_type"": ""way"", ""osm_id"": 491005029, ""lat"": ""-23.5085713"", ""lon"": ""-46.6201015"", ""category"": ""amenity"", ""type"": ""prison"", ""place_rank"": 30, ""importance"": 7.861829556720863e-05, ""addresstype"": ""amenity"", ""name"": ""Centro Hospitalar do Sistema Penitênciário"", ""display_name"": ""Centro Hospitalar do Sistema Penitênciário, 15, Rua Dom José Maurício, Carandiru, Santana, São Paulo, Região Sudeste, 02028-000, Brasil"", ""address"": {""amenity"": ""Centro Hospitalar do Sistema Penitênciário"", ""house_number"": ""15"", ""road"": ""Rua Dom José Maurício"", ""suburb"": ""Carandiru"", ""city_district"": ""Santana"", ""city"": ""São Paulo"", ""state"": ""São Paulo"", ""ISO3166-2-lvl4"": ""BR-SP"", ""region"": ""Região Sudeste"", ""postcode"": ""02028-000"", ""country"": ""Brasil"", ""country_code"": ""br""}, ""boundingbox"": [""-23.5092841"", ""-23.5078304"", ""-46.6210360"", ""-46.6191182""]}"
344;HOSP MUN VER JOSE STOROPOLLI;RUA FRANCISCO FANGANIELLO, 127 - PARQUE NOVO MUNDO, SAO PAULO, SP;-23.5220850;-46.5617446;ok;nominatim;low;;200;;8801369;node;5467328847;Rua Francisco Fanganiello, 127, Rua Francisco Fanganielo, Parque Novo Mundo, Vila Maria, São Paulo, Região Sudeste, 02181-160, Brasil;7.861829556720863e-05;;bus_stop;São Paulo;São Paulo;Brasil;RUA FRANCISCO FANGANIELLO, 127 - PARQUE NOVO MUNDO, SAO PAULO, SP, São Paulo, SP, Brasil;"{""place_id"": 8801369, ""licence"": ""Data © OpenStreetMap contributors, ODbL 1.0. http://osm.org/copyright"", ""osm_type"": ""node"", ""osm_id"": 5467328847, ""lat"": ""-23.5220850"", ""lon"": ""-46.5617446"", ""category"": ""highway"", ""type"": ""bus_stop"", ""place_rank"": 30, ""importance"": 7.861829556720863e-05, ""addresstype"": ""highway"", ""name"": ""Rua Francisco Fanganiello, 127"", ""display_name"": ""Rua Francisco Fanganiello, 127, Rua Francisco Fanganielo, Parque Novo Mundo, Vila Maria, São Paulo, Região Sudeste, 02181-160, Brasil"", ""address"": {""highway"": ""Rua Francisco Fanganiello, 127"", ""road"": ""Rua Francisco Fanganielo"", ""suburb"": ""Parque Novo Mundo"", ""city"": ""São Paulo"", ""state"": ""São Paulo"", ""ISO3166-2-lvl4"": ""BR-SP"", ""region"": ""Região Sudeste"", ""postcode"": ""02181-160"", ""country"": ""Brasil"", ""country_code"": ""br""}, ""boundingbox"": [""-23.5221350"", ""-23.5220350"", ""-46.5617946"", ""-46.5616946""]}"
345;CENTRO MEDICO PMESP;AVENIDA NOVA CANTAREIRA, 3659 - TREMEMBE, SAO PAULO, SP;-23.4690239;-46.6188727;ok;nominatim;low;;200;;8634903;way;1416347692;Centro Médico PMESP, Avenida Nova Cantareira, Jardim Leonor Mendes de Barros, Tucuruvi, São Paulo, Região Sudeste, 02340-001, Brasil;7.861829556720863e-05;;police;São Paulo;São Paulo;Brasil;CENTRO MEDICO PMESP, AVENIDA NOVA CANTAREIRA, 3659 - TREMEMBE, SAO PAULO, SP, São Paulo, SP, Brasil;"{""place_id"": 8634903, ""licence"": ""Data © OpenStreetMap contributors, ODbL 1.0. http://osm.org/copyright"", ""osm_type"": ""way"", ""osm_id"": 1416347692, ""lat"": ""-23.4690239"", ""lon"": ""-46.6188727"", ""category"": ""military"", ""type"": ""police"", ""place_rank"": 30, ""importance"": 7.861829556720863e-05, ""addresstype"": ""military"", ""name"": ""Centro Médico PMESP"", ""display_name"": ""Centro Médico PMESP, Avenida Nova Cantareira, Jardim Leonor Mendes de Barros, Tucuruvi, São Paulo, Região Sudeste, 02340-001, Brasil"", ""address"": {""military"": ""Centro Médico PMESP"", ""road"": ""Avenida Nova Cantareira"", ""suburb"": ""Jardim Leonor Mendes de Barros"", ""city_district"": ""Tucuruvi"", ""city"": ""São Paulo"", ""state"": ""São Paulo"", ""ISO3166-2-lvl4"": ""BR-SP"", ""region"": ""Região Sudeste"", ""postcode"": ""02340-001"", ""country"": ""Brasil"", ""country_code"": ""br""}, ""boundingbox"": [""-23.4712374"", ""-23.4668725"", ""-46.6209127"", ""-46.6175785""]}"
346;HOSP MUN CARMEN PRUDENTE;AVENIDA DOS METALURGICOS, 1797 - CIDADE TIRADENTES, SAO PAULO, SP;-23.5833632;-46.4092773;ok;nominatim;low;;200;;8798294;way;947003323;Avenida dos Metalúrgicos, Parque Santa Etelvina, Cidade Tiradentes, São Paulo, Região Sudeste, 08490-550, Brasil;0.05341195162890055;;secondary;São Paulo;São Paulo;Brasil;AVENIDA DOS METALURGICOS, 1797 - CIDADE TIRADENTES, SAO PAULO, SP, São Paulo, SP, Brasil;"{""place_id"": 8798294, ""licence"": ""Data © OpenStreetMap contributors, ODbL 1.0. http://osm.org/copyright"", ""osm_type"": ""way"", ""osm_id"": 947003323, ""lat"": ""-23.5833632"", ""lon"": ""-46.4092773"", ""category"": ""highway"", ""type"": ""secondary"", ""place_rank"": 26, ""importance"": 0.05341195162890055, ""addresstype"": ""road"", ""name"": ""Avenida dos Metalúrgicos"", ""display_name"": ""Avenida dos Metalúrgicos, Parque Santa Etelvina, Cidade Tiradentes, São Paulo, Região Sudeste, 08490-550, Brasil"", ""address"": {""road"": ""Avenida dos Metalúrgicos"", ""quarter"": ""Parque Santa Etelvina"", ""suburb"": ""Cidade Tiradentes"", ""city"": ""São Paulo"", ""state"": ""São Paulo"", ""ISO3166-2-lvl4"": ""BR-SP"", ""region"": ""Região Sudeste"", ""postcode"": ""08490-550"", ""country"": ""Brasil"", ""country_code"": ""br""}, ""boundingbox"": [""-23.5837412"", ""-23.5830128"", ""-46.4095236"", ""-46.4090796""]}"
347;HOSPITAL LOCAL DE SAPOPEMBA;RUA IAMACARU, 45 - PARQUE SANTA MADALEN, SAO PAULO, SP;;;not_found;nominatim;not_found;Resposta 200 OK mas sem coordenadas;0;Nenhuma das queries retornou coordenadas válidas;;;;;;;;;;;;
348;INSTITUTO DE REABILITACAO LUCY MONTORO;RUA JANDIATUBA, 580 - VILA ANDRADE, SAO PAULO, SP;-23.6322694;-46.7351129;ok;nominatim;high;;200;;9091269;way;1416347427;Instituto de Reabilitação Lucy Montoro, Rua Jandiatuba, Comunidade Travinhas, Vila Andrade, São Paulo, Região Sudeste, 05724-003, Brasil;7.861829556720863e-05;;hospital;São Paulo;São Paulo;Brasil;INSTITUTO DE REABILITACAO LUCY MONTORO, RUA JANDIATUBA, 580 - VILA ANDRADE, SAO PAULO, SP, São Paulo, SP, Brasil;"{""place_id"": 9091269, ""licence"": ""Data © OpenStreetMap contributors, ODbL 1.0. http://osm.org/copyright"", ""osm_type"": ""way"", ""osm_id"": 1416347427, ""lat"": ""-23.6322694"", ""lon"": ""-46.7351129"", ""category"": ""amenity"", ""type"": ""hospital"", ""place_rank"": 30, ""importance"": 7.861829556720863e-05, ""addresstype"": ""amenity"", ""name"": ""Instituto de Reabilitação Lucy Montoro"", ""display_name"": ""Instituto de Reabilitação Lucy Montoro, Rua Jandiatuba, Comunidade Travinhas, Vila Andrade, São Paulo, Região Sudeste, 05724-003, Brasil"", ""address"": {""amenity"": ""Instituto de Reabilitação Lucy Montoro"", ""road"": ""Rua Jandiatuba"", ""suburb"": ""Comunidade Travinhas"", ""city"": ""São Paulo"", ""state"": ""São Paulo"", ""ISO3166-2-lvl4"": ""BR-SP"", ""region"": ""Região Sudeste"", ""postcode"": ""05724-003"", ""country"": ""Brasil"", ""country_code"": ""br""}, ""boundingbox"": [""-23.6328341"", ""-23.6316644"", ""-46.7357592"", ""-46.7343931""]}"
349;HOSP MUN M BOI MIRIM;ESTRADA DO MBOI MIRIM, 5203 - JARDIM ANGELA, SAO PAULO, SP;;;not_found;nominatim;not_found;Resposta 200 OK mas sem coordenadas;0;Nenhuma das queries retornou coordenadas válidas;;;;;;;;;;;;
350;INSTITUTO DO CANCER DO ESTADO DE SAO PAULO;AV DR ARNALDO, 251 - CERQUEIRA CESAR, SAO PAULO, SP;-23.5561305;-46.6681716;ok;nominatim;high;;200;;8967555;way;376315989;Instituto do Câncer do Estado de São Paulo Octavio Frias de Oliveira, 251, Avenida Doutor Arnaldo, Cerqueira César, Jardim Paulista, São Paulo, Região Sudeste, 01246-000, Brasil;0.21584611680957558;;hospital;São Paulo;São Paulo;Brasil;AV DR ARNALDO, 251 - CERQUEIRA CESAR, SAO PAULO, SP, São Paulo, SP, Brasil;"{""place_id"": 8967555, ""licence"": ""Data © OpenStreetMap contributors, ODbL 1.0. http://osm.org/copyright"", ""osm_type"": ""way"", ""osm_id"": 376315989, ""lat"": ""-23.5561305"", ""lon"": ""-46.6681716"", ""category"": ""building"", ""type"": ""hospital"", ""place_rank"": 30, ""importance"": 0.21584611680957558, ""addresstype"": ""building"", ""name"": ""Instituto do Câncer do Estado de São Paulo Octavio Frias de Oliveira"", ""display_name"": ""Instituto do Câncer do Estado de São Paulo Octavio Frias de Oliveira, 251, Avenida Doutor Arnaldo, Cerqueira César, Jardim Paulista, São Paulo, Região Sudeste, 01246-000, Brasil"", ""address"": {""building"": ""Instituto do Câncer do Estado de São Paulo Octavio Frias de Oliveira"", ""house_number"": ""251"", ""road"": ""Avenida Doutor Arnaldo"", ""suburb"": ""Cerqueira César"", ""city"": ""São Paulo"", ""state"": ""São Paulo"", ""ISO3166-2-lvl4"": ""BR-SP"", ""region"": ""Região Sudeste"", ""postcode"": ""01246-000"", ""country"": ""Brasil"", ""country_code"": ""br""}, ""boundingbox"": [""-23.5564314"", ""-23.5558401"", ""-46.6684145"", ""-46.6679345""]}"
351;HOSP MUN SOROCABANA;AVENIDA QUEIROZ FILHO, 313 - ALTO DE PINHEIROS, SAO PAULO, SP;-23.5375934;-46.7227993;ok;nominatim;low;;200;;8852648;node;11003289871;Base SAMU Oeste, 313, Avenida Queiroz Filho, Boaçava, Alto de Pinheiros, São Paulo, Região Sudeste, 05319-000, Brasil;7.861829556720863e-05;;ambulance_station;São Paulo;São Paulo;Brasil;AVENIDA QUEIROZ FILHO, 313 - ALTO DE PINHEIROS, SAO PAULO, SP, São Paulo, SP, Brasil;"{""place_id"": 8852648, ""licence"": ""Data © OpenStreetMap contributors, ODbL 1.0. http://osm.org/copyright"", ""osm_type"": ""node"", ""osm_id"": 11003289871, ""lat"": ""-23.5375934"", ""lon"": ""-46.7227993"", ""category"": ""emergency"", ""type"": ""ambulance_station"", ""place_rank"": 30, ""importance"": 7.861829556720863e-05, ""addresstype"": ""emergency"", ""name"": ""Base SAMU Oeste"", ""display_name"": ""Base SAMU Oeste, 313, Avenida Queiroz Filho, Boaçava, Alto de Pinheiros, São Paulo, Região Sudeste, 05319-000, Brasil"", ""address"": {""emergency"": ""Base SAMU Oeste"", ""house_number"": ""313"", ""road"": ""Avenida Queiroz Filho"", ""suburb"": ""Boaçava"", ""city"": ""São Paulo"", ""state"": ""São Paulo"", ""ISO3166-2-lvl4"": ""BR-SP"", ""region"": ""Região Sudeste"", ""postcode"": ""05319-000"", ""country"": ""Brasil"", ""country_code"": ""br""}, ""boundingbox"": [""-23.5376434"", ""-23.5375434"", ""-46.7228493"", ""-46.7227493""]}"
352;HOSP MUN GILSON DE CASSIA MARQUES DE CARVALHO;AVENIDA SANTA CATARINA, 2785 - VILA MASCOTE, SAO PAULO, SP;-23.6470652;-46.6628240;ok;nominatim;low;;200;;9081994;way;939548762;Avenida Santa Catarina, Vila Mascote, Jabaquara, São Paulo, Região Sudeste, 04368-000, Brasil;0.05341195162890055;;tertiary;São Paulo;São Paulo;Brasil;AVENIDA SANTA CATARINA, 2785 - VILA MASCOTE, SAO PAULO, SP, São Paulo, SP, Brasil;"{""place_id"": 9081994, ""licence"": ""Data © OpenStreetMap contributors, ODbL 1.0. http://osm.org/copyright"", ""osm_type"": ""way"", ""osm_id"": 939548762, ""lat"": ""-23.6470652"", ""lon"": ""-46.6628240"", ""category"": ""highway"", ""type"": ""tertiary"", ""place_rank"": 26, ""importance"": 0.05341195162890055, ""addresstype"": ""road"", ""name"": ""Avenida Santa Catarina"", ""display_name"": ""Avenida Santa Catarina, Vila Mascote, Jabaquara, São Paulo, Região Sudeste, 04368-000, Brasil"", ""address"": {""road"": ""Avenida Santa Catarina"", ""quarter"": ""Vila Mascote"", ""suburb"": ""Jabaquara"", ""city"": ""São Paulo"", ""state"": ""São Paulo"", ""ISO3166-2-lvl4"": ""BR-SP"", ""region"": ""Região Sudeste"", ""postcode"": ""04368-000"", ""country"": ""Brasil"", ""country_code"": ""br""}, ""boundingbox"": [""-23.6471332"", ""-23.6469972"", ""-46.6628972"", ""-46.6627507""]}"
353;HOSP MUN CAPELA DO SOCORRO;RUA CASSIO DE CAMPOS NOGUEIRA, 2031 - JARDIM DAS IMBUIAS, SAO PAULO, SP;-23.7296842;-46.7129995;ok;nominatim;low;;200;;8984952;way;43793127;Rua Cássio de Campos Nogueira, Jardim das Imbuias, Jardim Iporanga, Cidade Dutra, São Paulo, Região Sudeste, 04831-050, Brasil;0.05341195162890055;;residential;São Paulo;São Paulo;Brasil;RUA CASSIO DE CAMPOS NOGUEIRA, 2031 - JARDIM DAS IMBUIAS, SAO PAULO, SP, São Paulo, SP, Brasil;"{""place_id"": 8984952, ""licence"": ""Data © OpenStreetMap contributors, ODbL 1.0. http://osm.org/copyright"", ""osm_type"": ""way"", ""osm_id"": 43793127, ""lat"": ""-23.7296842"", ""lon"": ""-46.7129995"", ""category"": ""highway"", ""type"": ""residential"", ""place_rank"": 26, ""importance"": 0.05341195162890055, ""addresstype"": ""road"", ""name"": ""Rua Cássio de Campos Nogueira"", ""display_name"": ""Rua Cássio de Campos Nogueira, Jardim das Imbuias, Jardim Iporanga, Cidade Dutra, São Paulo, Região Sudeste, 04831-050, Brasil"", ""address"": {""road"": ""Rua Cássio de Campos Nogueira"", ""residential"": ""Jardim das Imbuias"", ""quarter"": ""Jardim Iporanga"", ""suburb"": ""Cidade Dutra"", ""city"": ""São Paulo"", ""state"": ""São Paulo"", ""ISO3166-2-lvl4"": ""BR-SP"", ""region"": ""Região Sudeste"", ""postcode"": ""04831-050"", ""country"": ""Brasil"", ""country_code"": ""br""}, ""boundingbox"": [""-23.7309138"", ""-23.7289074"", ""-46.7137079"", ""-46.7115887""]}"
354;HOSP MUN JOSANIAS CASTANHA BRAGA;RUA EUZEBIO COGHI, 841 - JARDIM ROSCHEL, SAO PAULO, SP;-23.8247733;-46.7266429;ok;nominatim;high;;200;;9111812;way;781353717;Hospital Municipal de Parelheiros, 841, Rua Euzébio Coghi, Jardim Novo Parelheiros, Parelheiros, Vila Roschel, São Paulo, Região Sudeste, 04883-290, Brasil;7.861829556720863e-05;;hospital;São Paulo;São Paulo;Brasil;RUA EUZEBIO COGHI, 841 - JARDIM ROSCHEL, SAO PAULO, SP, São Paulo, SP, Brasil;"{""place_id"": 9111812, ""licence"": ""Data © OpenStreetMap contributors, ODbL 1.0. http://osm.org/copyright"", ""osm_type"": ""way"", ""osm_id"": 781353717, ""lat"": ""-23.8247733"", ""lon"": ""-46.7266429"", ""category"": ""amenity"", ""type"": ""hospital"", ""place_rank"": 30, ""importance"": 7.861829556720863e-05, ""addresstype"": ""amenity"", ""name"": ""Hospital Municipal de Parelheiros"", ""display_name"": ""Hospital Municipal de Parelheiros, 841, Rua Euzébio Coghi, Jardim Novo Parelheiros, Parelheiros, Vila Roschel, São Paulo, Região Sudeste, 04883-290, Brasil"", ""address"": {""amenity"": ""Hospital Municipal de Parelheiros"", ""house_number"": ""841"", ""road"": ""Rua Euzébio Coghi"", ""quarter"": ""Jardim Novo Parelheiros"", ""suburb"": ""Parelheiros"", ""village"": ""Vila Roschel"", ""city"": ""São Paulo"", ""state"": ""São Paulo"", ""ISO3166-2-lvl4"": ""BR-SP"", ""region"": ""Região Sudeste"", ""postcode"": ""04883-290"", ""country"": ""Brasil"", ""country_code"": ""br""}, ""boundingbox"": [""-23.8269001"", ""-23.8224119"", ""-46.7284608"", ""-46.7242454""]}"
