origin_id;origin_hospital;origin_bairro;destination_id;destination_hospital;destination_bairro;distance_meters;distance_km;duration_seconds;duration_minutes;status;error_message
1;HOSPITAL MUNICIPAL SANTA DULCE DOS POBRES;CONSOLACAO;1;HOSPITAL MUNICIPAL SANTA DULCE DOS POBRES;CONSOLACAO;0;0.0;0;0.0;ok;
1;HOSPITAL MUNICIPAL SANTA DULCE DOS POBRES;CONSOLACAO;2;HOSPITAL MUNICIPAL BRASILANDIA;JARDIM MARISTELA;14160;14.16;1481;24.7;ok;
1;HOSPITAL MUNICIPAL SANTA DULCE DOS POBRES;CONSOLACAO;3;HOSPITAL MUNICIPAL GUARAPIRANGA;RIVIERA PAULISTA;20920;20.92;1768;29.47;ok;
1;HOSPITAL MUNICIPAL SANTA DULCE DOS POBRES;CONSOLACAO;4;INSTITUTO DE INFECTOLOGIA EMILIO RIBAS;SUMARE;3140;3.14;350;5.84;ok;
1;HOSPITAL MUNICIPAL SANTA DULCE DOS POBRES;CONSOLACAO;5;HOSPITAL DO SERV PUB EST FCO MORATO DE OLIVEIRA SAO PAULO;IBIRAPUERA;6270;6.27;650;10.83;ok;
1;HOSPITAL MUNICIPAL SANTA DULCE DOS POBRES;CONSOLACAO;6;HOSPITAL MATERNIDADE INTERLAGOS;JD LEBLON;22210;22.21;1903;31.72;ok;
1;HOSPITAL MUNICIPAL SANTA DULCE DOS POBRES;CONSOLACAO;7;HOSPITAL GERAL DE PEDREIRA;VILA CAMPO GRANDE;18030;18.03;1843;30.72;ok;
1;HOSPITAL MUNICIPAL SANTA DULCE DOS POBRES;CONSOLACAO;8;HOSPITAL HELIOPOLIS UNIDADE DE GESTAO ASSISTENCIAL I;V HELIOPOLIS;11740;11.74;1260;21.0;ok;
1;HOSPITAL MUNICIPAL SANTA DULCE DOS POBRES;CONSOLACAO;10;HOSPITAL INFANTIL DARCY VARGAS UGA III SAO PAULO;JARDIM GUEDALA;7640;7.64;867;14.45;ok;
1;HOSPITAL MUNICIPAL SANTA DULCE DOS POBRES;CONSOLACAO;11;HOSP MUN MATERNIDADE PROFESSOR MARIO DEGNI;VILA ANTONIO;14160;14.16;1207;20.13;ok;
1;HOSPITAL MUNICIPAL SANTA DULCE DOS POBRES;CONSOLACAO;12;HOSPITAL UNIVERSITARIO DA USP SAO PAULO;BUTANTA;10760;10.76;1311;21.87;ok;
1;HOSPITAL MUNICIPAL SANTA DULCE DOS POBRES;CONSOLACAO;13;CAISM PHILIPPE PINEL SAO PAULO;PIRITUBA;15050;15.05;1518;25.3;ok;
1;HOSPITAL MUNICIPAL SANTA DULCE DOS POBRES;CONSOLACAO;14;HOSPITAL GERAL HENRIQUE ALTIMEYER DE VILA ALPINA;VILA ALPINA;13320;13.32;1446;24.11;ok;
1;HOSPITAL MUNICIPAL SANTA DULCE DOS POBRES;CONSOLACAO;16;HOSPITAL GERAL DE SAO MATEUS SAO PAULO;SAO MATEUS;26120;26.12;2176;36.28;ok;
1;HOSPITAL MUNICIPAL SANTA DULCE DOS POBRES;CONSOLACAO;17;UNIDADE DE GESTAO ASSISTENCIAL II HOSPITAL IPIRANGA SP;IPIRANGA;8070;8.07;971;16.19;ok;
1;HOSPITAL MUNICIPAL SANTA DULCE DOS POBRES;CONSOLACAO;18;CONJUNTO HOSPITALAR DO MANDAQUI SAO PAULO;SANTANA;11660;11.66;1303;21.73;ok;
1;HOSPITAL MUNICIPAL SANTA DULCE DOS POBRES;CONSOLACAO;19;HOSPITAL GERAL SANTA MARCELINA DE ITAIM PAULISTA SAO PAULO;ITAIM PAULISTA;38740;38.74;2459;40.99;ok;
1;HOSPITAL MUNICIPAL SANTA DULCE DOS POBRES;CONSOLACAO;20;HOSP MUN PROF DR WALDOMIRO DE PAULA;ITAQUERA;35980;35.98;2402;40.04;ok;
1;HOSPITAL MUNICIPAL SANTA DULCE DOS POBRES;CONSOLACAO;21;HOSPITAL GERAL DO GRAJAU PROF LIBER JOHN ALPHONSE DI DIO SP;PARQUE DAS NACOES;22310;22.31;1995;33.25;ok;
1;HOSPITAL MUNICIPAL SANTA DULCE DOS POBRES;CONSOLACAO;22;HOSPITAL E MATERNIDADE LEONOR MENDES DE BARROS SAO PAULO;BELENZINHO;9860;9.86;1136;18.95;ok;
1;HOSPITAL MUNICIPAL SANTA DULCE DOS POBRES;CONSOLACAO;23;CENTRO DE REFERENCIA E TREINAMENTO DST AIDS SAO PAULO;VILA MARIANA;6010;6.01;726;12.1;ok;
1;HOSPITAL MUNICIPAL SANTA DULCE DOS POBRES;CONSOLACAO;24;HOSPITAL MILITAR DE AREA DE SAO PAULO;CAMBUCI;6300;6.3;808;13.47;ok;
1;HOSPITAL MUNICIPAL SANTA DULCE DOS POBRES;CONSOLACAO;25;CENTRO DE REFERENCIA DA SAUDE DA MULHER;CAMPOS ELISEOS;3940;3.94;493;8.23;ok;
1;HOSPITAL MUNICIPAL SANTA DULCE DOS POBRES;CONSOLACAO;26;HOSP MUN INFANTIL MENINO JESUS;BELA VISTA;3050;3.05;367;6.12;ok;
1;HOSPITAL MUNICIPAL SANTA DULCE DOS POBRES;CONSOLACAO;28;HOSP MUN MAT ESC DR MARIO DE MORAES A SILVA;VILA NOVA CACHOEIRIN;12090;12.09;1322;22.04;ok;
1;HOSPITAL MUNICIPAL SANTA DULCE DOS POBRES;CONSOLACAO;29;HOSPITAL GERAL JESUS TEIXEIRA DA COSTA GUAIANASES SAO PAULO;JARDIM SAO PAULO;43920;43.92;2980;49.68;ok;
1;HOSPITAL MUNICIPAL SANTA DULCE DOS POBRES;CONSOLACAO;30;HOSP MUN DR CARMINO CARICCHIO;TATUAPE;13940;13.94;1339;22.32;ok;
1;HOSPITAL MUNICIPAL SANTA DULCE DOS POBRES;CONSOLACAO;31;HOSP MUN TIDE SETUBAL;SAO MIGUEL PAULISTA;32150;32.15;2145;35.76;ok;
1;HOSPITAL MUNICIPAL SANTA DULCE DOS POBRES;CONSOLACAO;32;HOSP MUN V NHOCUNE ALEXANDRE ZAIO;VILA NHOCUNE;18490;18.49;1945;32.43;ok;
1;HOSPITAL MUNICIPAL SANTA DULCE DOS POBRES;CONSOLACAO;33;HOSP MUN JABAQUARA ARTUR RIBEIRO DE SABOYA;JABAQUARA;13460;13.46;1422;23.71;ok;
1;HOSPITAL MUNICIPAL SANTA DULCE DOS POBRES;CONSOLACAO;34;HOSPITAL KATIA DE SOUZA RODRIGUES TAIPASSP SAO PAULO;PARADA DE TAIPAS;18620;18.62;1774;29.58;ok;
1;HOSPITAL MUNICIPAL SANTA DULCE DOS POBRES;CONSOLACAO;35;HOSP MUN PROFESSOR DOUTOR ALIPIO CORREA NETTO;VILA PARANAGUA;24690;24.69;2193;36.55;ok;
1;HOSPITAL MUNICIPAL SANTA DULCE DOS POBRES;CONSOLACAO;36;HOSPITAL MUNICIPAL DR BENEDITO MONTENEGRO;JARDIM IVA;17690;17.69;1907;31.79;ok;
1;HOSPITAL MUNICIPAL SANTA DULCE DOS POBRES;CONSOLACAO;37;HOSP MUN IGNACIO PROENCA DE GOUVEA;PARQUE DA MOOCA;9620;9.62;1072;17.88;ok;
1;HOSPITAL MUNICIPAL SANTA DULCE DOS POBRES;CONSOLACAO;38;HOSPITAL INFANTIL CANDIDO FONTOURA SAO PAULO;AGUA RASA;8850;8.85;1027;17.13;ok;
1;HOSPITAL MUNICIPAL SANTA DULCE DOS POBRES;CONSOLACAO;40;HOSPITAL REGIONAL SUL SAO PAULO;SANTO AMARO;16780;16.78;1449;24.15;ok;
1;HOSPITAL MUNICIPAL SANTA DULCE DOS POBRES;CONSOLACAO;42;HOSPITAL ESTADUAL DE SAPOPEMBA SAO PAULO;JARDIM SAPOPEMBA;21900;21.9;2198;36.64;ok;
1;HOSPITAL MUNICIPAL SANTA DULCE DOS POBRES;CONSOLACAO;43;HOSPITAL GERAL DE VILA PENTEADO DR JOSE PANGELLA SAO PAULO;JARDIM IRACEMA;12660;12.66;1246;20.78;ok;
1;HOSPITAL MUNICIPAL SANTA DULCE DOS POBRES;CONSOLACAO;46;HOSP DO SERV PUB MUNICIPAL HSPM;LIBERDADE;4540;4.54;569;9.5;ok;
1;HOSPITAL MUNICIPAL SANTA DULCE DOS POBRES;CONSOLACAO;47;HOSP MUN FERNANDO MAURO PIRES DA ROCHA;CAMPO LIMPO;15900;15.9;1313;21.89;ok;
1;HOSPITAL MUNICIPAL SANTA DULCE DOS POBRES;CONSOLACAO;48;CENTRO HOSPITALAR DO SISTEMA PENITENCIARIO SAO PAULO;CARANDIRU;8740;8.74;1031;17.18;ok;
1;HOSPITAL MUNICIPAL SANTA DULCE DOS POBRES;CONSOLACAO;49;HOSP MUN VER JOSE STOROPOLLI;PARQUE NOVO MUNDO;16410;16.41;1402;23.37;ok;
1;HOSPITAL MUNICIPAL SANTA DULCE DOS POBRES;CONSOLACAO;50;CENTRO MEDICO PMESP;TREMEMBE;13790;13.79;1594;26.58;ok;
1;HOSPITAL MUNICIPAL SANTA DULCE DOS POBRES;CONSOLACAO;51;HOSP MUN CARMEN PRUDENTE;CIDADE TIRADENTES;35140;35.14;3035;50.6;ok;
1;HOSPITAL MUNICIPAL SANTA DULCE DOS POBRES;CONSOLACAO;53;INSTITUTO DE REABILITACAO LUCY MONTORO;VILA ANDRADE;13720;13.72;1178;19.64;ok;
1;HOSPITAL MUNICIPAL SANTA DULCE DOS POBRES;CONSOLACAO;55;INSTITUTO DO CANCER DO ESTADO DE SAO PAULO;CERQUEIRA CESAR;2860;2.86;334;5.57;ok;
1;HOSPITAL MUNICIPAL SANTA DULCE DOS POBRES;CONSOLACAO;56;HOSP MUN SOROCABANA;VILA ROMANA;8109;8.11;875;14.58;ok;
1;HOSPITAL MUNICIPAL SANTA DULCE DOS POBRES;CONSOLACAO;57;HOSP MUN GILSON DE CASSIA MARQUES DE CARVALHO;VILA MASCOTE;13310;13.31;1343;22.4;ok;
1;HOSPITAL MUNICIPAL SANTA DULCE DOS POBRES;CONSOLACAO;58;HOSP MUN CAPELA DO SOCORRO;JARDIM DAS IMBUIAS;25660;25.66;2322;38.7;ok;
1;HOSPITAL MUNICIPAL SANTA DULCE DOS POBRES;CONSOLACAO;59;HOSP MUN JOSANIAS CASTANHA BRAGA;JARDIM ROSCHEL;38730;38.73;3191;53.2;ok;
1;HOSPITAL MUNICIPAL SANTA DULCE DOS POBRES;CONSOLACAO;233;HOSP MUN SOROCABANA;ALTO DE PINHEIROS;9240;9.24;1009;16.82;ok;
2;HOSPITAL MUNICIPAL BRASILANDIA;JARDIM MARISTELA;1;HOSPITAL MUNICIPAL SANTA DULCE DOS POBRES;CONSOLACAO;14180;14.18;1515;25.25;ok;
2;HOSPITAL MUNICIPAL BRASILANDIA;JARDIM MARISTELA;2;HOSPITAL MUNICIPAL BRASILANDIA;JARDIM MARISTELA;0;0.0;0;0.0;ok;
2;HOSPITAL MUNICIPAL BRASILANDIA;JARDIM MARISTELA;3;HOSPITAL MUNICIPAL GUARAPIRANGA;RIVIERA PAULISTA;35680;35.68;2425;40.43;ok;
2;HOSPITAL MUNICIPAL BRASILANDIA;JARDIM MARISTELA;4;INSTITUTO DE INFECTOLOGIA EMILIO RIBAS;SUMARE;10870;10.87;1097;18.29;ok;
2;HOSPITAL MUNICIPAL BRASILANDIA;JARDIM MARISTELA;5;HOSPITAL DO SERV PUB EST FCO MORATO DE OLIVEIRA SAO PAULO;IBIRAPUERA;17980;17.98;1826;30.45;ok;
2;HOSPITAL MUNICIPAL BRASILANDIA;JARDIM MARISTELA;6;HOSPITAL MATERNIDADE INTERLAGOS;JD LEBLON;36980;36.98;2561;42.68;ok;
2;HOSPITAL MUNICIPAL BRASILANDIA;JARDIM MARISTELA;7;HOSPITAL GERAL DE PEDREIRA;VILA CAMPO GRANDE;35970;35.97;2521;42.02;ok;
2;HOSPITAL MUNICIPAL BRASILANDIA;JARDIM MARISTELA;8;HOSPITAL HELIOPOLIS UNIDADE DE GESTAO ASSISTENCIAL I;V HELIOPOLIS;23220;23.22;2104;35.07;ok;
2;HOSPITAL MUNICIPAL BRASILANDIA;JARDIM MARISTELA;10;HOSPITAL INFANTIL DARCY VARGAS UGA III SAO PAULO;JARDIM GUEDALA;22660;22.66;1649;27.49;ok;
2;HOSPITAL MUNICIPAL BRASILANDIA;JARDIM MARISTELA;11;HOSP MUN MATERNIDADE PROFESSOR MARIO DEGNI;VILA ANTONIO;18980;18.98;1562;26.03;ok;
2;HOSPITAL MUNICIPAL BRASILANDIA;JARDIM MARISTELA;12;HOSPITAL UNIVERSITARIO DA USP SAO PAULO;BUTANTA;17050;17.05;1462;24.37;ok;
2;HOSPITAL MUNICIPAL BRASILANDIA;JARDIM MARISTELA;13;CAISM PHILIPPE PINEL SAO PAULO;PIRITUBA;5530;5.53;562;9.38;ok;
2;HOSPITAL MUNICIPAL BRASILANDIA;JARDIM MARISTELA;14;HOSPITAL GERAL HENRIQUE ALTIMEYER DE VILA ALPINA;VILA ALPINA;24710;24.71;1881;31.36;ok;
2;HOSPITAL MUNICIPAL BRASILANDIA;JARDIM MARISTELA;16;HOSPITAL GERAL DE SAO MATEUS SAO PAULO;SAO MATEUS;31100;31.1;2316;38.6;ok;
2;HOSPITAL MUNICIPAL BRASILANDIA;JARDIM MARISTELA;17;UNIDADE DE GESTAO ASSISTENCIAL II HOSPITAL IPIRANGA SP;IPIRANGA;19990;19.99;1831;30.52;ok;
2;HOSPITAL MUNICIPAL BRASILANDIA;JARDIM MARISTELA;18;CONJUNTO HOSPITALAR DO MANDAQUI SAO PAULO;SANTANA;10620;10.62;1183;19.72;ok;
2;HOSPITAL MUNICIPAL BRASILANDIA;JARDIM MARISTELA;19;HOSPITAL GERAL SANTA MARCELINA DE ITAIM PAULISTA SAO PAULO;ITAIM PAULISTA;43720;43.72;2598;43.31;ok;
2;HOSPITAL MUNICIPAL BRASILANDIA;JARDIM MARISTELA;20;HOSP MUN PROF DR WALDOMIRO DE PAULA;ITAQUERA;40960;40.96;2541;42.36;ok;
2;HOSPITAL MUNICIPAL BRASILANDIA;JARDIM MARISTELA;21;HOSPITAL GERAL DO GRAJAU PROF LIBER JOHN ALPHONSE DI DIO SP;PARQUE DAS NACOES;35240;35.24;2906;48.44;ok;
2;HOSPITAL MUNICIPAL BRASILANDIA;JARDIM MARISTELA;22;HOSPITAL E MATERNIDADE LEONOR MENDES DE BARROS SAO PAULO;BELENZINHO;17740;17.74;1286;21.44;ok;
2;HOSPITAL MUNICIPAL BRASILANDIA;JARDIM MARISTELA;23;CENTRO DE REFERENCIA E TREINAMENTO DST AIDS SAO PAULO;VILA MARIANA;19400;19.4;1957;32.62;ok;
2;HOSPITAL MUNICIPAL BRASILANDIA;JARDIM MARISTELA;24;HOSPITAL MILITAR DE AREA DE SAO PAULO;CAMBUCI;18590;18.59;1702;28.38;ok;
2;HOSPITAL MUNICIPAL BRASILANDIA;JARDIM MARISTELA;25;CENTRO DE REFERENCIA DA SAUDE DA MULHER;CAMPOS ELISEOS;12190;12.19;1178;19.64;ok;
2;HOSPITAL MUNICIPAL BRASILANDIA;JARDIM MARISTELA;26;HOSP MUN INFANTIL MENINO JESUS;BELA VISTA;14310;14.31;1575;26.26;ok;
2;HOSPITAL MUNICIPAL BRASILANDIA;JARDIM MARISTELA;28;HOSP MUN MAT ESC DR MARIO DE MORAES A SILVA;VILA NOVA CACHOEIRIN;4820;4.82;640;10.68;ok;
2;HOSPITAL MUNICIPAL BRASILANDIA;JARDIM MARISTELA;29;HOSPITAL GERAL JESUS TEIXEIRA DA COSTA GUAIANASES SAO PAULO;JARDIM SAO PAULO;48900;48.9;3119;52.0;ok;
2;HOSPITAL MUNICIPAL BRASILANDIA;JARDIM MARISTELA;30;HOSP MUN DR CARMINO CARICCHIO;TATUAPE;18920;18.92;1478;24.64;ok;
2;HOSPITAL MUNICIPAL BRASILANDIA;JARDIM MARISTELA;31;HOSP MUN TIDE SETUBAL;SAO MIGUEL PAULISTA;37130;37.13;2284;38.08;ok;
2;HOSPITAL MUNICIPAL BRASILANDIA;JARDIM MARISTELA;32;HOSP MUN V NHOCUNE ALEXANDRE ZAIO;VILA NHOCUNE;28110;28.11;2125;35.43;ok;
2;HOSPITAL MUNICIPAL BRASILANDIA;JARDIM MARISTELA;33;HOSP MUN JABAQUARA ARTUR RIBEIRO DE SABOYA;JABAQUARA;32259;32.26;2346;39.1;ok;
2;HOSPITAL MUNICIPAL BRASILANDIA;JARDIM MARISTELA;34;HOSPITAL KATIA DE SOUZA RODRIGUES TAIPASSP SAO PAULO;PARADA DE TAIPAS;6230;6.23;576;9.61;ok;
2;HOSPITAL MUNICIPAL BRASILANDIA;JARDIM MARISTELA;35;HOSP MUN PROFESSOR DOUTOR ALIPIO CORREA NETTO;VILA PARANAGUA;29670;29.67;2332;38.87;ok;
2;HOSPITAL MUNICIPAL BRASILANDIA;JARDIM MARISTELA;36;HOSPITAL MUNICIPAL DR BENEDITO MONTENEGRO;JARDIM IVA;27300;27.3;2230;37.18;ok;
2;HOSPITAL MUNICIPAL BRASILANDIA;JARDIM MARISTELA;37;HOSP MUN IGNACIO PROENCA DE GOUVEA;PARQUE DA MOOCA;22920;22.92;1754;29.24;ok;
2;HOSPITAL MUNICIPAL BRASILANDIA;JARDIM MARISTELA;38;HOSPITAL INFANTIL CANDIDO FONTOURA SAO PAULO;AGUA RASA;20420;20.42;1518;25.31;ok;
2;HOSPITAL MUNICIPAL BRASILANDIA;JARDIM MARISTELA;40;HOSPITAL REGIONAL SUL SAO PAULO;SANTO AMARO;31550;31.55;2106;35.11;ok;
2;HOSPITAL MUNICIPAL BRASILANDIA;JARDIM MARISTELA;42;HOSPITAL ESTADUAL DE SAPOPEMBA SAO PAULO;JARDIM SAPOPEMBA;33240;33.24;2573;42.89;ok;
2;HOSPITAL MUNICIPAL BRASILANDIA;JARDIM MARISTELA;43;HOSPITAL GERAL DE VILA PENTEADO DR JOSE PANGELLA SAO PAULO;JARDIM IRACEMA;2460;2.46;261;4.36;ok;
2;HOSPITAL MUNICIPAL BRASILANDIA;JARDIM MARISTELA;46;HOSP DO SERV PUB MUNICIPAL HSPM;LIBERDADE;17700;17.7;1686;28.1;ok;
2;HOSPITAL MUNICIPAL BRASILANDIA;JARDIM MARISTELA;47;HOSP MUN FERNANDO MAURO PIRES DA ROCHA;CAMPO LIMPO;30670;30.67;1971;32.85;ok;
2;HOSPITAL MUNICIPAL BRASILANDIA;JARDIM MARISTELA;48;CENTRO HOSPITALAR DO SISTEMA PENITENCIARIO SAO PAULO;CARANDIRU;13900;13.9;1274;21.23;ok;
2;HOSPITAL MUNICIPAL BRASILANDIA;JARDIM MARISTELA;49;HOSP MUN VER JOSE STOROPOLLI;PARQUE NOVO MUNDO;21390;21.39;1541;25.69;ok;
2;HOSPITAL MUNICIPAL BRASILANDIA;JARDIM MARISTELA;50;CENTRO MEDICO PMESP;TREMEMBE;13650;13.65;1373;22.88;ok;
2;HOSPITAL MUNICIPAL BRASILANDIA;JARDIM MARISTELA;51;HOSP MUN CARMEN PRUDENTE;CIDADE TIRADENTES;40120;40.12;3174;52.91;ok;
2;HOSPITAL MUNICIPAL BRASILANDIA;JARDIM MARISTELA;53;INSTITUTO DE REABILITACAO LUCY MONTORO;VILA ANDRADE;28490;28.49;1836;30.6;ok;
2;HOSPITAL MUNICIPAL BRASILANDIA;JARDIM MARISTELA;55;INSTITUTO DO CANCER DO ESTADO DE SAO PAULO;CERQUEIRA CESAR;12670;12.67;1333;22.22;ok;
2;HOSPITAL MUNICIPAL BRASILANDIA;JARDIM MARISTELA;56;HOSP MUN SOROCABANA;VILA ROMANA;6900;6.9;685;11.42;ok;
2;HOSPITAL MUNICIPAL BRASILANDIA;JARDIM MARISTELA;57;HOSP MUN GILSON DE CASSIA MARQUES DE CARVALHO;VILA MASCOTE;29470;29.47;2081;34.69;ok;
2;HOSPITAL MUNICIPAL BRASILANDIA;JARDIM MARISTELA;58;HOSP MUN CAPELA DO SOCORRO;JARDIM DAS IMBUIAS;40430;40.43;2979;49.66;ok;
2;HOSPITAL MUNICIPAL BRASILANDIA;JARDIM MARISTELA;59;HOSP MUN JOSANIAS CASTANHA BRAGA;JARDIM ROSCHEL;53500;53.5;3849;64.16;ok;
2;HOSPITAL MUNICIPAL BRASILANDIA;JARDIM MARISTELA;233;HOSP MUN SOROCABANA;ALTO DE PINHEIROS;9540;9.54;1040;17.35;ok;
3;HOSPITAL MUNICIPAL GUARAPIRANGA;RIVIERA PAULISTA;1;HOSPITAL MUNICIPAL SANTA DULCE DOS POBRES;CONSOLACAO;20080;20.08;1902;31.72;ok;
3;HOSPITAL MUNICIPAL GUARAPIRANGA;RIVIERA PAULISTA;2;HOSPITAL MUNICIPAL BRASILANDIA;JARDIM MARISTELA;34500;34.5;2505;41.75;ok;
3;HOSPITAL MUNICIPAL GUARAPIRANGA;RIVIERA PAULISTA;3;HOSPITAL MUNICIPAL GUARAPIRANGA;RIVIERA PAULISTA;0;0.0;0;0.0;ok;
3;HOSPITAL MUNICIPAL GUARAPIRANGA;RIVIERA PAULISTA;4;INSTITUTO DE INFECTOLOGIA EMILIO RIBAS;SUMARE;22190;22.19;1971;32.86;ok;
3;HOSPITAL MUNICIPAL GUARAPIRANGA;RIVIERA PAULISTA;5;HOSPITAL DO SERV PUB EST FCO MORATO DE OLIVEIRA SAO PAULO;IBIRAPUERA;16780;16.78;1660;27.68;ok;
3;HOSPITAL MUNICIPAL GUARAPIRANGA;RIVIERA PAULISTA;6;HOSPITAL MATERNIDADE INTERLAGOS;JD LEBLON;11860;11.86;1228;20.48;ok;
3;HOSPITAL MUNICIPAL GUARAPIRANGA;RIVIERA PAULISTA;7;HOSPITAL GERAL DE PEDREIRA;VILA CAMPO GRANDE;11900;11.9;1253;20.9;ok;
3;HOSPITAL MUNICIPAL GUARAPIRANGA;RIVIERA PAULISTA;8;HOSPITAL HELIOPOLIS UNIDADE DE GESTAO ASSISTENCIAL I;V HELIOPOLIS;24770;24.77;2401;40.02;ok;
3;HOSPITAL MUNICIPAL GUARAPIRANGA;RIVIERA PAULISTA;10;HOSPITAL INFANTIL DARCY VARGAS UGA III SAO PAULO;JARDIM GUEDALA;15590;15.59;1671;27.86;ok;
3;HOSPITAL MUNICIPAL GUARAPIRANGA;RIVIERA PAULISTA;11;HOSP MUN MATERNIDADE PROFESSOR MARIO DEGNI;VILA ANTONIO;19680;19.68;2020;33.67;ok;
3;HOSPITAL MUNICIPAL GUARAPIRANGA;RIVIERA PAULISTA;12;HOSPITAL UNIVERSITARIO DA USP SAO PAULO;BUTANTA;18600;18.6;2128;35.47;ok;
3;HOSPITAL MUNICIPAL GUARAPIRANGA;RIVIERA PAULISTA;13;CAISM PHILIPPE PINEL SAO PAULO;PIRITUBA;34690;34.69;2531;42.19;ok;
3;HOSPITAL MUNICIPAL GUARAPIRANGA;RIVIERA PAULISTA;14;HOSPITAL GERAL HENRIQUE ALTIMEYER DE VILA ALPINA;VILA ALPINA;28870;28.87;2863;47.73;ok;
3;HOSPITAL MUNICIPAL GUARAPIRANGA;RIVIERA PAULISTA;16;HOSPITAL GERAL DE SAO MATEUS SAO PAULO;SAO MATEUS;57180;57.18;3731;62.19;ok;
3;HOSPITAL MUNICIPAL GUARAPIRANGA;RIVIERA PAULISTA;17;UNIDADE DE GESTAO ASSISTENCIAL II HOSPITAL IPIRANGA SP;IPIRANGA;23480;23.48;2325;38.77;ok;
3;HOSPITAL MUNICIPAL GUARAPIRANGA;RIVIERA PAULISTA;18;CONJUNTO HOSPITALAR DO MANDAQUI SAO PAULO;SANTANA;41800;41.8;2946;49.1;ok;
3;HOSPITAL MUNICIPAL GUARAPIRANGA;RIVIERA PAULISTA;19;HOSPITAL GERAL SANTA MARCELINA DE ITAIM PAULISTA SAO PAULO;ITAIM PAULISTA;69800;69.8;4014;66.91;ok;
3;HOSPITAL MUNICIPAL GUARAPIRANGA;RIVIERA PAULISTA;20;HOSP MUN PROF DR WALDOMIRO DE PAULA;ITAQUERA;67040;67.04;3957;65.95;ok;
3;HOSPITAL MUNICIPAL GUARAPIRANGA;RIVIERA PAULISTA;21;HOSPITAL GERAL DO GRAJAU PROF LIBER JOHN ALPHONSE DI DIO SP;PARQUE DAS NACOES;23430;23.43;2313;38.56;ok;
3;HOSPITAL MUNICIPAL GUARAPIRANGA;RIVIERA PAULISTA;22;HOSPITAL E MATERNIDADE LEONOR MENDES DE BARROS SAO PAULO;BELENZINHO;43820;43.82;2702;45.04;ok;
3;HOSPITAL MUNICIPAL GUARAPIRANGA;RIVIERA PAULISTA;23;CENTRO DE REFERENCIA E TREINAMENTO DST AIDS SAO PAULO;VILA MARIANA;18630;18.63;1865;31.09;ok;
3;HOSPITAL MUNICIPAL GUARAPIRANGA;RIVIERA PAULISTA;24;HOSPITAL MILITAR DE AREA DE SAO PAULO;CAMBUCI;23150;23.15;2382;39.71;ok;
3;HOSPITAL MUNICIPAL GUARAPIRANGA;RIVIERA PAULISTA;25;CENTRO DE REFERENCIA DA SAUDE DA MULHER;CAMPOS ELISEOS;24540;24.54;2277;37.97;ok;
3;HOSPITAL MUNICIPAL GUARAPIRANGA;RIVIERA PAULISTA;26;HOSP MUN INFANTIL MENINO JESUS;BELA VISTA;21480;21.48;2065;34.42;ok;
3;HOSPITAL MUNICIPAL GUARAPIRANGA;RIVIERA PAULISTA;28;HOSP MUN MAT ESC DR MARIO DE MORAES A SILVA;VILA NOVA CACHOEIRIN;35890;35.89;2604;43.41;ok;
3;HOSPITAL MUNICIPAL GUARAPIRANGA;RIVIERA PAULISTA;29;HOSPITAL GERAL JESUS TEIXEIRA DA COSTA GUAIANASES SAO PAULO;JARDIM SAO PAULO;74980;74.98;4535;75.59;ok;
3;HOSPITAL MUNICIPAL GUARAPIRANGA;RIVIERA PAULISTA;30;HOSP MUN DR CARMINO CARICCHIO;TATUAPE;44990;44.99;2894;48.24;ok;
3;HOSPITAL MUNICIPAL GUARAPIRANGA;RIVIERA PAULISTA;31;HOSP MUN TIDE SETUBAL;SAO MIGUEL PAULISTA;63210;63.21;3700;61.68;ok;
3;HOSPITAL MUNICIPAL GUARAPIRANGA;RIVIERA PAULISTA;32;HOSP MUN V NHOCUNE ALEXANDRE ZAIO;VILA NHOCUNE;54190;54.19;3541;59.02;ok;
3;HOSPITAL MUNICIPAL GUARAPIRANGA;RIVIERA PAULISTA;33;HOSP MUN JABAQUARA ARTUR RIBEIRO DE SABOYA;JABAQUARA;15750;15.75;1531;25.53;ok;
3;HOSPITAL MUNICIPAL GUARAPIRANGA;RIVIERA PAULISTA;34;HOSPITAL KATIA DE SOUZA RODRIGUES TAIPASSP SAO PAULO;PARADA DE TAIPAS;38960;38.96;2797;46.63;ok;
3;HOSPITAL MUNICIPAL GUARAPIRANGA;RIVIERA PAULISTA;35;HOSP MUN PROFESSOR DOUTOR ALIPIO CORREA NETTO;VILA PARANAGUA;55750;55.75;3747;62.47;ok;
3;HOSPITAL MUNICIPAL GUARAPIRANGA;RIVIERA PAULISTA;36;HOSPITAL MUNICIPAL DR BENEDITO MONTENEGRO;JARDIM IVA;34630;34.63;3408;56.81;ok;
3;HOSPITAL MUNICIPAL GUARAPIRANGA;RIVIERA PAULISTA;37;HOSP MUN IGNACIO PROENCA DE GOUVEA;PARQUE DA MOOCA;27330;27.33;2675;44.59;ok;
3;HOSPITAL MUNICIPAL GUARAPIRANGA;RIVIERA PAULISTA;38;HOSPITAL INFANTIL CANDIDO FONTOURA SAO PAULO;AGUA RASA;28340;28.34;2662;44.38;ok;
3;HOSPITAL MUNICIPAL GUARAPIRANGA;RIVIERA PAULISTA;40;HOSPITAL REGIONAL SUL SAO PAULO;SANTO AMARO;8160;8.16;813;13.56;ok;
3;HOSPITAL MUNICIPAL GUARAPIRANGA;RIVIERA PAULISTA;42;HOSPITAL ESTADUAL DE SAPOPEMBA SAO PAULO;JARDIM SAPOPEMBA;35430;35.43;3434;57.24;ok;
3;HOSPITAL MUNICIPAL GUARAPIRANGA;RIVIERA PAULISTA;43;HOSPITAL GERAL DE VILA PENTEADO DR JOSE PANGELLA SAO PAULO;JARDIM IRACEMA;32299;32.3;2260;37.67;ok;
3;HOSPITAL MUNICIPAL GUARAPIRANGA;RIVIERA PAULISTA;46;HOSP DO SERV PUB MUNICIPAL HSPM;LIBERDADE;22590;22.59;2243;37.39;ok;
3;HOSPITAL MUNICIPAL GUARAPIRANGA;RIVIERA PAULISTA;47;HOSP MUN FERNANDO MAURO PIRES DA ROCHA;CAMPO LIMPO;6580;6.58;654;10.9;ok;
3;HOSPITAL MUNICIPAL GUARAPIRANGA;RIVIERA PAULISTA;48;CENTRO HOSPITALAR DO SISTEMA PENITENCIARIO SAO PAULO;CARANDIRU;27700;27.7;2678;44.64;ok;
3;HOSPITAL MUNICIPAL GUARAPIRANGA;RIVIERA PAULISTA;49;HOSP MUN VER JOSE STOROPOLLI;PARQUE NOVO MUNDO;47470;47.47;2957;49.28;ok;
3;HOSPITAL MUNICIPAL GUARAPIRANGA;RIVIERA PAULISTA;50;CENTRO MEDICO PMESP;TREMEMBE;32750;32.75;3242;54.04;ok;
3;HOSPITAL MUNICIPAL GUARAPIRANGA;RIVIERA PAULISTA;51;HOSP MUN CARMEN PRUDENTE;CIDADE TIRADENTES;46780;46.78;4440;74.0;ok;
3;HOSPITAL MUNICIPAL GUARAPIRANGA;RIVIERA PAULISTA;53;INSTITUTO DE REABILITACAO LUCY MONTORO;VILA ANDRADE;8940;8.94;966;16.1;ok;
3;HOSPITAL MUNICIPAL GUARAPIRANGA;RIVIERA PAULISTA;55;INSTITUTO DO CANCER DO ESTADO DE SAO PAULO;CERQUEIRA CESAR;21370;21.37;1898;31.65;ok;
3;HOSPITAL MUNICIPAL GUARAPIRANGA;RIVIERA PAULISTA;56;HOSP MUN SOROCABANA;VILA ROMANA;23610;23.61;2087;34.79;ok;
3;HOSPITAL MUNICIPAL GUARAPIRANGA;RIVIERA PAULISTA;57;HOSP MUN GILSON DE CASSIA MARQUES DE CARVALHO;VILA MASCOTE;13390;13.39;1295;21.6;ok;
3;HOSPITAL MUNICIPAL GUARAPIRANGA;RIVIERA PAULISTA;58;HOSP MUN CAPELA DO SOCORRO;JARDIM DAS IMBUIAS;14780;14.78;1537;25.63;ok;
3;HOSPITAL MUNICIPAL GUARAPIRANGA;RIVIERA PAULISTA;59;HOSP MUN JOSANIAS CASTANHA BRAGA;JARDIM ROSCHEL;28130;28.13;2438;40.65;ok;
3;HOSPITAL MUNICIPAL GUARAPIRANGA;RIVIERA PAULISTA;233;HOSP MUN SOROCABANA;ALTO DE PINHEIROS;22980;22.98;1834;30.57;ok;
4;INSTITUTO DE INFECTOLOGIA EMILIO RIBAS;SUMARE;1;HOSPITAL MUNICIPAL SANTA DULCE DOS POBRES;CONSOLACAO;3310;3.31;417;6.96;ok;
4;INSTITUTO DE INFECTOLOGIA EMILIO RIBAS;SUMARE;2;HOSPITAL MUNICIPAL BRASILANDIA;JARDIM MARISTELA;11010;11.01;1131;18.86;ok;
4;INSTITUTO DE INFECTOLOGIA EMILIO RIBAS;SUMARE;3;HOSPITAL MUNICIPAL GUARAPIRANGA;RIVIERA PAULISTA;22430;22.43;1861;31.03;ok;
4;INSTITUTO DE INFECTOLOGIA EMILIO RIBAS;SUMARE;4;INSTITUTO DE INFECTOLOGIA EMILIO RIBAS;SUMARE;0;0.0;0;0.0;ok;
4;INSTITUTO DE INFECTOLOGIA EMILIO RIBAS;SUMARE;5;HOSPITAL DO SERV PUB EST FCO MORATO DE OLIVEIRA SAO PAULO;IBIRAPUERA;7180;7.18;758;12.64;ok;
4;INSTITUTO DE INFECTOLOGIA EMILIO RIBAS;SUMARE;6;HOSPITAL MATERNIDADE INTERLAGOS;JD LEBLON;23720;23.72;1996;33.28;ok;
4;INSTITUTO DE INFECTOLOGIA EMILIO RIBAS;SUMARE;7;HOSPITAL GERAL DE PEDREIRA;VILA CAMPO GRANDE;18940;18.94;1951;32.53;ok;
4;INSTITUTO DE INFECTOLOGIA EMILIO RIBAS;SUMARE;8;HOSPITAL HELIOPOLIS UNIDADE DE GESTAO ASSISTENCIAL I;V HELIOPOLIS;14420;14.42;1544;25.74;ok;
4;INSTITUTO DE INFECTOLOGIA EMILIO RIBAS;SUMARE;10;HOSPITAL INFANTIL DARCY VARGAS UGA III SAO PAULO;JARDIM GUEDALA;8630;8.63;974;16.24;ok;
4;INSTITUTO DE INFECTOLOGIA EMILIO RIBAS;SUMARE;11;HOSP MUN MATERNIDADE PROFESSOR MARIO DEGNI;VILA ANTONIO;13520;13.52;1150;19.18;ok;
4;INSTITUTO DE INFECTOLOGIA EMILIO RIBAS;SUMARE;12;HOSPITAL UNIVERSITARIO DA USP SAO PAULO;BUTANTA;9890;9.89;1234;20.58;ok;
4;INSTITUTO DE INFECTOLOGIA EMILIO RIBAS;SUMARE;13;CAISM PHILIPPE PINEL SAO PAULO;PIRITUBA;11910;11.91;1167;19.46;ok;
4;INSTITUTO DE INFECTOLOGIA EMILIO RIBAS;SUMARE;14;HOSPITAL GERAL HENRIQUE ALTIMEYER DE VILA ALPINA;VILA ALPINA;16000;16.0;1730;28.85;ok;
4;INSTITUTO DE INFECTOLOGIA EMILIO RIBAS;SUMARE;16;HOSPITAL GERAL DE SAO MATEUS SAO PAULO;SAO MATEUS;29100;29.1;2210;36.84;ok;
4;INSTITUTO DE INFECTOLOGIA EMILIO RIBAS;SUMARE;17;UNIDADE DE GESTAO ASSISTENCIAL II HOSPITAL IPIRANGA SP;IPIRANGA;10260;10.26;1236;20.61;ok;
4;INSTITUTO DE INFECTOLOGIA EMILIO RIBAS;SUMARE;18;CONJUNTO HOSPITALAR DO MANDAQUI SAO PAULO;SANTANA;11370;11.37;1196;19.94;ok;
4;INSTITUTO DE INFECTOLOGIA EMILIO RIBAS;SUMARE;19;HOSPITAL GERAL SANTA MARCELINA DE ITAIM PAULISTA SAO PAULO;ITAIM PAULISTA;41720;41.72;2493;41.55;ok;
4;INSTITUTO DE INFECTOLOGIA EMILIO RIBAS;SUMARE;20;HOSP MUN PROF DR WALDOMIRO DE PAULA;ITAQUERA;38960;38.96;2435;40.6;ok;
4;INSTITUTO DE INFECTOLOGIA EMILIO RIBAS;SUMARE;21;HOSPITAL GERAL DO GRAJAU PROF LIBER JOHN ALPHONSE DI DIO SP;PARQUE DAS NACOES;24920;24.92;2184;36.41;ok;
4;INSTITUTO DE INFECTOLOGIA EMILIO RIBAS;SUMARE;22;HOSPITAL E MATERNIDADE LEONOR MENDES DE BARROS SAO PAULO;BELENZINHO;15740;15.74;1181;19.68;ok;
4;INSTITUTO DE INFECTOLOGIA EMILIO RIBAS;SUMARE;23;CENTRO DE REFERENCIA E TREINAMENTO DST AIDS SAO PAULO;VILA MARIANA;8610;8.61;888;14.81;ok;
4;INSTITUTO DE INFECTOLOGIA EMILIO RIBAS;SUMARE;24;HOSPITAL MILITAR DE AREA DE SAO PAULO;CAMBUCI;9350;9.35;1092;18.2;ok;
4;INSTITUTO DE INFECTOLOGIA EMILIO RIBAS;SUMARE;25;CENTRO DE REFERENCIA DA SAUDE DA MULHER;CAMPOS ELISEOS;5900;5.9;746;12.45;ok;
4;INSTITUTO DE INFECTOLOGIA EMILIO RIBAS;SUMARE;26;HOSP MUN INFANTIL MENINO JESUS;BELA VISTA;5160;5.16;629;10.5;ok;
4;INSTITUTO DE INFECTOLOGIA EMILIO RIBAS;SUMARE;28;HOSP MUN MAT ESC DR MARIO DE MORAES A SILVA;VILA NOVA CACHOEIRIN;9930;9.93;974;16.24;ok;
4;INSTITUTO DE INFECTOLOGIA EMILIO RIBAS;SUMARE;29;HOSPITAL GERAL JESUS TEIXEIRA DA COSTA GUAIANASES SAO PAULO;JARDIM SAO PAULO;46910;46.91;3014;50.24;ok;
4;INSTITUTO DE INFECTOLOGIA EMILIO RIBAS;SUMARE;30;HOSP MUN DR CARMINO CARICCHIO;TATUAPE;16920;16.92;1373;22.88;ok;
4;INSTITUTO DE INFECTOLOGIA EMILIO RIBAS;SUMARE;31;HOSP MUN TIDE SETUBAL;SAO MIGUEL PAULISTA;35130;35.13;2179;36.32;ok;
4;INSTITUTO DE INFECTOLOGIA EMILIO RIBAS;SUMARE;32;HOSP MUN V NHOCUNE ALEXANDRE ZAIO;VILA NHOCUNE;26110;26.11;2020;33.67;ok;
4;INSTITUTO DE INFECTOLOGIA EMILIO RIBAS;SUMARE;33;HOSP MUN JABAQUARA ARTUR RIBEIRO DE SABOYA;JABAQUARA;14370;14.37;1530;25.51;ok;
4;INSTITUTO DE INFECTOLOGIA EMILIO RIBAS;SUMARE;34;HOSPITAL KATIA DE SOUZA RODRIGUES TAIPASSP SAO PAULO;PARADA DE TAIPAS;15470;15.47;1424;23.74;ok;
4;INSTITUTO DE INFECTOLOGIA EMILIO RIBAS;SUMARE;35;HOSP MUN PROFESSOR DOUTOR ALIPIO CORREA NETTO;VILA PARANAGUA;27670;27.67;2226;37.11;ok;
4;INSTITUTO DE INFECTOLOGIA EMILIO RIBAS;SUMARE;36;HOSPITAL MUNICIPAL DR BENEDITO MONTENEGRO;JARDIM IVA;25310;25.31;2125;35.42;ok;
4;INSTITUTO DE INFECTOLOGIA EMILIO RIBAS;SUMARE;37;HOSP MUN IGNACIO PROENCA DE GOUVEA;PARQUE DA MOOCA;12290;12.29;1356;22.61;ok;
4;INSTITUTO DE INFECTOLOGIA EMILIO RIBAS;SUMARE;38;HOSPITAL INFANTIL CANDIDO FONTOURA SAO PAULO;AGUA RASA;11900;11.9;1311;21.86;ok;
4;INSTITUTO DE INFECTOLOGIA EMILIO RIBAS;SUMARE;40;HOSPITAL REGIONAL SUL SAO PAULO;SANTO AMARO;18300;18.3;1542;25.71;ok;
4;INSTITUTO DE INFECTOLOGIA EMILIO RIBAS;SUMARE;42;HOSPITAL ESTADUAL DE SAPOPEMBA SAO PAULO;JARDIM SAPOPEMBA;31240;31.24;2468;41.14;ok;
4;INSTITUTO DE INFECTOLOGIA EMILIO RIBAS;SUMARE;43;HOSPITAL GERAL DE VILA PENTEADO DR JOSE PANGELLA SAO PAULO;JARDIM IRACEMA;9520;9.52;896;14.94;ok;
4;INSTITUTO DE INFECTOLOGIA EMILIO RIBAS;SUMARE;46;HOSP DO SERV PUB MUNICIPAL HSPM;LIBERDADE;6640;6.64;832;13.87;ok;
4;INSTITUTO DE INFECTOLOGIA EMILIO RIBAS;SUMARE;47;HOSP MUN FERNANDO MAURO PIRES DA ROCHA;CAMPO LIMPO;17410;17.41;1407;23.45;ok;
4;INSTITUTO DE INFECTOLOGIA EMILIO RIBAS;SUMARE;48;CENTRO HOSPITALAR DO SISTEMA PENITENCIARIO SAO PAULO;CARANDIRU;10990;10.99;1159;19.33;ok;
4;INSTITUTO DE INFECTOLOGIA EMILIO RIBAS;SUMARE;49;HOSP MUN VER JOSE STOROPOLLI;PARQUE NOVO MUNDO;19390;19.39;1435;23.93;ok;
4;INSTITUTO DE INFECTOLOGIA EMILIO RIBAS;SUMARE;50;CENTRO MEDICO PMESP;TREMEMBE;14560;14.56;1574;26.24;ok;
4;INSTITUTO DE INFECTOLOGIA EMILIO RIBAS;SUMARE;51;HOSP MUN CARMEN PRUDENTE;CIDADE TIRADENTES;38120;38.12;3069;51.16;ok;
4;INSTITUTO DE INFECTOLOGIA EMILIO RIBAS;SUMARE;53;INSTITUTO DE REABILITACAO LUCY MONTORO;VILA ANDRADE;15230;15.23;1272;21.2;ok;
4;INSTITUTO DE INFECTOLOGIA EMILIO RIBAS;SUMARE;55;INSTITUTO DO CANCER DO ESTADO DE SAO PAULO;CERQUEIRA CESAR;1800;1.8;235;3.93;ok;
4;INSTITUTO DE INFECTOLOGIA EMILIO RIBAS;SUMARE;56;HOSP MUN SOROCABANA;VILA ROMANA;4970;4.97;524;8.75;ok;
4;INSTITUTO DE INFECTOLOGIA EMILIO RIBAS;SUMARE;57;HOSP MUN GILSON DE CASSIA MARQUES DE CARVALHO;VILA MASCOTE;14230;14.23;1452;24.2;ok;
4;INSTITUTO DE INFECTOLOGIA EMILIO RIBAS;SUMARE;58;HOSP MUN CAPELA DO SOCORRO;JARDIM DAS IMBUIAS;27170;27.17;2415;40.26;ok;
4;INSTITUTO DE INFECTOLOGIA EMILIO RIBAS;SUMARE;59;HOSP MUN JOSANIAS CASTANHA BRAGA;JARDIM ROSCHEL;40240;40.24;3285;54.76;ok;
4;INSTITUTO DE INFECTOLOGIA EMILIO RIBAS;SUMARE;233;HOSP MUN SOROCABANA;ALTO DE PINHEIROS;6050;6.05;728;12.15;ok;
5;HOSPITAL DO SERV PUB EST FCO MORATO DE OLIVEIRA SAO PAULO;IBIRAPUERA;1;HOSPITAL MUNICIPAL SANTA DULCE DOS POBRES;CONSOLACAO;5920;5.92;623;10.39;ok;
5;HOSPITAL DO SERV PUB EST FCO MORATO DE OLIVEIRA SAO PAULO;IBIRAPUERA;2;HOSPITAL MUNICIPAL BRASILANDIA;JARDIM MARISTELA;21690;21.69;1840;30.67;ok;
5;HOSPITAL DO SERV PUB EST FCO MORATO DE OLIVEIRA SAO PAULO;IBIRAPUERA;3;HOSPITAL MUNICIPAL GUARAPIRANGA;RIVIERA PAULISTA;19270;19.27;1717;28.62;ok;
5;HOSPITAL DO SERV PUB EST FCO MORATO DE OLIVEIRA SAO PAULO;IBIRAPUERA;4;INSTITUTO DE INFECTOLOGIA EMILIO RIBAS;SUMARE;8189;8.19;882;14.71;ok;
5;HOSPITAL DO SERV PUB EST FCO MORATO DE OLIVEIRA SAO PAULO;IBIRAPUERA;5;HOSPITAL DO SERV PUB EST FCO MORATO DE OLIVEIRA SAO PAULO;IBIRAPUERA;0;0.0;0;0.0;ok;
5;HOSPITAL DO SERV PUB EST FCO MORATO DE OLIVEIRA SAO PAULO;IBIRAPUERA;6;HOSPITAL MATERNIDADE INTERLAGOS;JD LEBLON;15680;15.68;1534;25.57;ok;
5;HOSPITAL DO SERV PUB EST FCO MORATO DE OLIVEIRA SAO PAULO;IBIRAPUERA;7;HOSPITAL GERAL DE PEDREIRA;VILA CAMPO GRANDE;12190;12.19;1267;21.13;ok;
5;HOSPITAL DO SERV PUB EST FCO MORATO DE OLIVEIRA SAO PAULO;IBIRAPUERA;8;HOSPITAL HELIOPOLIS UNIDADE DE GESTAO ASSISTENCIAL I;V HELIOPOLIS;8940;8.94;932;15.54;ok;
5;HOSPITAL DO SERV PUB EST FCO MORATO DE OLIVEIRA SAO PAULO;IBIRAPUERA;10;HOSPITAL INFANTIL DARCY VARGAS UGA III SAO PAULO;JARDIM GUEDALA;8610;8.61;960;16.01;ok;
5;HOSPITAL DO SERV PUB EST FCO MORATO DE OLIVEIRA SAO PAULO;IBIRAPUERA;11;HOSP MUN MATERNIDADE PROFESSOR MARIO DEGNI;VILA ANTONIO;17300;17.3;1428;23.81;ok;
5;HOSPITAL DO SERV PUB EST FCO MORATO DE OLIVEIRA SAO PAULO;IBIRAPUERA;12;HOSPITAL UNIVERSITARIO DA USP SAO PAULO;BUTANTA;13430;13.43;1466;24.44;ok;
5;HOSPITAL DO SERV PUB EST FCO MORATO DE OLIVEIRA SAO PAULO;IBIRAPUERA;13;CAISM PHILIPPE PINEL SAO PAULO;PIRITUBA;21880;21.88;1866;31.11;ok;
5;HOSPITAL DO SERV PUB EST FCO MORATO DE OLIVEIRA SAO PAULO;IBIRAPUERA;14;HOSPITAL GERAL HENRIQUE ALTIMEYER DE VILA ALPINA;VILA ALPINA;11370;11.37;1204;20.07;ok;
5;HOSPITAL DO SERV PUB EST FCO MORATO DE OLIVEIRA SAO PAULO;IBIRAPUERA;16;HOSPITAL GERAL DE SAO MATEUS SAO PAULO;SAO MATEUS;20560;20.56;2125;35.42;ok;
5;HOSPITAL DO SERV PUB EST FCO MORATO DE OLIVEIRA SAO PAULO;IBIRAPUERA;17;UNIDADE DE GESTAO ASSISTENCIAL II HOSPITAL IPIRANGA SP;IPIRANGA;5980;5.98;666;11.11;ok;
5;HOSPITAL DO SERV PUB EST FCO MORATO DE OLIVEIRA SAO PAULO;IBIRAPUERA;18;CONJUNTO HOSPITALAR DO MANDAQUI SAO PAULO;SANTANA;14510;14.51;1490;24.84;ok;
5;HOSPITAL DO SERV PUB EST FCO MORATO DE OLIVEIRA SAO PAULO;IBIRAPUERA;19;HOSPITAL GERAL SANTA MARCELINA DE ITAIM PAULISTA SAO PAULO;ITAIM PAULISTA;42050;42.05;2641;44.03;ok;
5;HOSPITAL DO SERV PUB EST FCO MORATO DE OLIVEIRA SAO PAULO;IBIRAPUERA;20;HOSP MUN PROF DR WALDOMIRO DE PAULA;ITAQUERA;26920;26.92;2557;42.63;ok;
5;HOSPITAL DO SERV PUB EST FCO MORATO DE OLIVEIRA SAO PAULO;IBIRAPUERA;21;HOSPITAL GERAL DO GRAJAU PROF LIBER JOHN ALPHONSE DI DIO SP;PARQUE DAS NACOES;18170;18.17;1500;25.01;ok;
5;HOSPITAL DO SERV PUB EST FCO MORATO DE OLIVEIRA SAO PAULO;IBIRAPUERA;22;HOSPITAL E MATERNIDADE LEONOR MENDES DE BARROS SAO PAULO;BELENZINHO;12690;12.69;1227;20.46;ok;
5;HOSPITAL DO SERV PUB EST FCO MORATO DE OLIVEIRA SAO PAULO;IBIRAPUERA;23;CENTRO DE REFERENCIA E TREINAMENTO DST AIDS SAO PAULO;VILA MARIANA;1850;1.85;204;3.41;ok;
5;HOSPITAL DO SERV PUB EST FCO MORATO DE OLIVEIRA SAO PAULO;IBIRAPUERA;24;HOSPITAL MILITAR DE AREA DE SAO PAULO;CAMBUCI;6600;6.6;726;12.1;ok;
5;HOSPITAL DO SERV PUB EST FCO MORATO DE OLIVEIRA SAO PAULO;IBIRAPUERA;25;CENTRO DE REFERENCIA DA SAUDE DA MULHER;CAMPOS ELISEOS;9120;9.12;890;14.85;ok;
5;HOSPITAL DO SERV PUB EST FCO MORATO DE OLIVEIRA SAO PAULO;IBIRAPUERA;26;HOSP MUN INFANTIL MENINO JESUS;BELA VISTA;5380;5.38;610;10.17;ok;
5;HOSPITAL DO SERV PUB EST FCO MORATO DE OLIVEIRA SAO PAULO;IBIRAPUERA;28;HOSP MUN MAT ESC DR MARIO DE MORAES A SILVA;VILA NOVA CACHOEIRIN;17960;17.96;1738;28.98;ok;
5;HOSPITAL DO SERV PUB EST FCO MORATO DE OLIVEIRA SAO PAULO;IBIRAPUERA;29;HOSPITAL GERAL JESUS TEIXEIRA DA COSTA GUAIANASES SAO PAULO;JARDIM SAO PAULO;33770;33.77;3124;52.07;ok;
5;HOSPITAL DO SERV PUB EST FCO MORATO DE OLIVEIRA SAO PAULO;IBIRAPUERA;30;HOSP MUN DR CARMINO CARICCHIO;TATUAPE;14610;14.61;1431;23.86;ok;
5;HOSPITAL DO SERV PUB EST FCO MORATO DE OLIVEIRA SAO PAULO;IBIRAPUERA;31;HOSP MUN TIDE SETUBAL;SAO MIGUEL PAULISTA;35450;35.45;2328;38.8;ok;
5;HOSPITAL DO SERV PUB EST FCO MORATO DE OLIVEIRA SAO PAULO;IBIRAPUERA;32;HOSP MUN V NHOCUNE ALEXANDRE ZAIO;VILA NHOCUNE;21330;21.33;2036;33.94;ok;
5;HOSPITAL DO SERV PUB EST FCO MORATO DE OLIVEIRA SAO PAULO;IBIRAPUERA;33;HOSP MUN JABAQUARA ARTUR RIBEIRO DE SABOYA;JABAQUARA;7620;7.62;846;14.11;ok;
5;HOSPITAL DO SERV PUB EST FCO MORATO DE OLIVEIRA SAO PAULO;IBIRAPUERA;34;HOSPITAL KATIA DE SOUZA RODRIGUES TAIPASSP SAO PAULO;PARADA DE TAIPAS;26150;26.15;2132;35.55;ok;
5;HOSPITAL DO SERV PUB EST FCO MORATO DE OLIVEIRA SAO PAULO;IBIRAPUERA;35;HOSP MUN PROFESSOR DOUTOR ALIPIO CORREA NETTO;VILA PARANAGUA;27990;27.99;2375;39.59;ok;
5;HOSPITAL DO SERV PUB EST FCO MORATO DE OLIVEIRA SAO PAULO;IBIRAPUERA;36;HOSPITAL MUNICIPAL DR BENEDITO MONTENEGRO;JARDIM IVA;17130;17.13;1749;29.15;ok;
5;HOSPITAL DO SERV PUB EST FCO MORATO DE OLIVEIRA SAO PAULO;IBIRAPUERA;37;HOSP MUN IGNACIO PROENCA DE GOUVEA;PARQUE DA MOOCA;9830;9.83;1015;16.93;ok;
5;HOSPITAL DO SERV PUB EST FCO MORATO DE OLIVEIRA SAO PAULO;IBIRAPUERA;38;HOSPITAL INFANTIL CANDIDO FONTOURA SAO PAULO;AGUA RASA;11680;11.68;1118;18.64;ok;
5;HOSPITAL DO SERV PUB EST FCO MORATO DE OLIVEIRA SAO PAULO;IBIRAPUERA;40;HOSPITAL REGIONAL SUL SAO PAULO;SANTO AMARO;10000;10.0;1054;17.57;ok;
5;HOSPITAL DO SERV PUB EST FCO MORATO DE OLIVEIRA SAO PAULO;IBIRAPUERA;42;HOSPITAL ESTADUAL DE SAPOPEMBA SAO PAULO;JARDIM SAPOPEMBA;20340;20.34;2037;33.96;ok;
5;HOSPITAL DO SERV PUB EST FCO MORATO DE OLIVEIRA SAO PAULO;IBIRAPUERA;43;HOSPITAL GERAL DE VILA PENTEADO DR JOSE PANGELLA SAO PAULO;JARDIM IRACEMA;19490;19.49;1595;26.59;ok;
5;HOSPITAL DO SERV PUB EST FCO MORATO DE OLIVEIRA SAO PAULO;IBIRAPUERA;46;HOSP DO SERV PUB MUNICIPAL HSPM;LIBERDADE;5160;5.16;585;9.76;ok;
5;HOSPITAL DO SERV PUB EST FCO MORATO DE OLIVEIRA SAO PAULO;IBIRAPUERA;47;HOSP MUN FERNANDO MAURO PIRES DA ROCHA;CAMPO LIMPO;14250;14.25;1262;21.04;ok;
5;HOSPITAL DO SERV PUB EST FCO MORATO DE OLIVEIRA SAO PAULO;IBIRAPUERA;48;CENTRO HOSPITALAR DO SISTEMA PENITENCIARIO SAO PAULO;CARANDIRU;12050;12.05;1213;20.22;ok;
5;HOSPITAL DO SERV PUB EST FCO MORATO DE OLIVEIRA SAO PAULO;IBIRAPUERA;49;HOSP MUN VER JOSE STOROPOLLI;PARQUE NOVO MUNDO;19720;19.72;1584;26.41;ok;
5;HOSPITAL DO SERV PUB EST FCO MORATO DE OLIVEIRA SAO PAULO;IBIRAPUERA;50;CENTRO MEDICO PMESP;TREMEMBE;17090;17.09;1776;29.62;ok;
5;HOSPITAL DO SERV PUB EST FCO MORATO DE OLIVEIRA SAO PAULO;IBIRAPUERA;51;HOSP MUN CARMEN PRUDENTE;CIDADE TIRADENTES;31730;31.73;3042;50.72;ok;
5;HOSPITAL DO SERV PUB EST FCO MORATO DE OLIVEIRA SAO PAULO;IBIRAPUERA;53;INSTITUTO DE REABILITACAO LUCY MONTORO;VILA ANDRADE;12070;12.07;1127;18.79;ok;
5;HOSPITAL DO SERV PUB EST FCO MORATO DE OLIVEIRA SAO PAULO;IBIRAPUERA;55;INSTITUTO DO CANCER DO ESTADO DE SAO PAULO;CERQUEIRA CESAR;7370;7.37;809;13.5;ok;
5;HOSPITAL DO SERV PUB EST FCO MORATO DE OLIVEIRA SAO PAULO;IBIRAPUERA;56;HOSP MUN SOROCABANA;VILA ROMANA;11090;11.09;1284;21.41;ok;
5;HOSPITAL DO SERV PUB EST FCO MORATO DE OLIVEIRA SAO PAULO;IBIRAPUERA;57;HOSP MUN GILSON DE CASSIA MARQUES DE CARVALHO;VILA MASCOTE;7470;7.47;768;12.8;ok;
5;HOSPITAL DO SERV PUB EST FCO MORATO DE OLIVEIRA SAO PAULO;IBIRAPUERA;58;HOSP MUN CAPELA DO SOCORRO;JARDIM DAS IMBUIAS;19130;19.13;1953;32.56;ok;
5;HOSPITAL DO SERV PUB EST FCO MORATO DE OLIVEIRA SAO PAULO;IBIRAPUERA;59;HOSP MUN JOSANIAS CASTANHA BRAGA;JARDIM ROSCHEL;32200;32.2;2822;47.05;ok;
5;HOSPITAL DO SERV PUB EST FCO MORATO DE OLIVEIRA SAO PAULO;IBIRAPUERA;233;HOSP MUN SOROCABANA;ALTO DE PINHEIROS;15290;15.29;1272;21.22;ok;
6;HOSPITAL MATERNIDADE INTERLAGOS;JD LEBLON;1;HOSPITAL MUNICIPAL SANTA DULCE DOS POBRES;CONSOLACAO;21490;21.49;1924;32.08;ok;
6;HOSPITAL MATERNIDADE INTERLAGOS;JD LEBLON;2;HOSPITAL MUNICIPAL BRASILANDIA;JARDIM MARISTELA;35910;35.91;2526;42.12;ok;
6;HOSPITAL MATERNIDADE INTERLAGOS;JD LEBLON;3;HOSPITAL MUNICIPAL GUARAPIRANGA;RIVIERA PAULISTA;12880;12.88;1347;22.46;ok;
6;HOSPITAL MATERNIDADE INTERLAGOS;JD LEBLON;4;INSTITUTO DE INFECTOLOGIA EMILIO RIBAS;SUMARE;23600;23.6;1993;33.22;ok;
6;HOSPITAL MATERNIDADE INTERLAGOS;JD LEBLON;5;HOSPITAL DO SERV PUB EST FCO MORATO DE OLIVEIRA SAO PAULO;IBIRAPUERA;15300;15.3;1611;26.87;ok;
6;HOSPITAL MATERNIDADE INTERLAGOS;JD LEBLON;6;HOSPITAL MATERNIDADE INTERLAGOS;JD LEBLON;0;0.0;0;0.0;ok;
6;HOSPITAL MATERNIDADE INTERLAGOS;JD LEBLON;7;HOSPITAL GERAL DE PEDREIRA;VILA CAMPO GRANDE;4840;4.84;614;10.24;ok;
6;HOSPITAL MATERNIDADE INTERLAGOS;JD LEBLON;8;HOSPITAL HELIOPOLIS UNIDADE DE GESTAO ASSISTENCIAL I;V HELIOPOLIS;19150;19.15;2108;35.13;ok;
6;HOSPITAL MATERNIDADE INTERLAGOS;JD LEBLON;10;HOSPITAL INFANTIL DARCY VARGAS UGA III SAO PAULO;JARDIM GUEDALA;17650;17.65;1749;29.16;ok;
6;HOSPITAL MATERNIDADE INTERLAGOS;JD LEBLON;11;HOSP MUN MATERNIDADE PROFESSOR MARIO DEGNI;VILA ANTONIO;27490;27.49;2102;35.04;ok;
6;HOSPITAL MATERNIDADE INTERLAGOS;JD LEBLON;12;HOSPITAL UNIVERSITARIO DA USP SAO PAULO;BUTANTA;25510;25.51;2193;36.55;ok;
6;HOSPITAL MATERNIDADE INTERLAGOS;JD LEBLON;13;CAISM PHILIPPE PINEL SAO PAULO;PIRITUBA;36100;36.1;2553;42.56;ok;
6;HOSPITAL MATERNIDADE INTERLAGOS;JD LEBLON;14;HOSPITAL GERAL HENRIQUE ALTIMEYER DE VILA ALPINA;VILA ALPINA;24170;24.17;2615;43.59;ok;
6;HOSPITAL MATERNIDADE INTERLAGOS;JD LEBLON;16;HOSPITAL GERAL DE SAO MATEUS SAO PAULO;SAO MATEUS;32790;32.79;3162;52.71;ok;
6;HOSPITAL MATERNIDADE INTERLAGOS;JD LEBLON;17;UNIDADE DE GESTAO ASSISTENCIAL II HOSPITAL IPIRANGA SP;IPIRANGA;20170;20.17;2132;35.54;ok;
6;HOSPITAL MATERNIDADE INTERLAGOS;JD LEBLON;18;CONJUNTO HOSPITALAR DO MANDAQUI SAO PAULO;SANTANA;43210;43.21;2967;49.47;ok;
6;HOSPITAL MATERNIDADE INTERLAGOS;JD LEBLON;19;HOSPITAL GERAL SANTA MARCELINA DE ITAIM PAULISTA SAO PAULO;ITAIM PAULISTA;71210;71.21;4036;67.27;ok;
6;HOSPITAL MATERNIDADE INTERLAGOS;JD LEBLON;20;HOSP MUN PROF DR WALDOMIRO DE PAULA;ITAQUERA;40400;40.4;3905;65.09;ok;
6;HOSPITAL MATERNIDADE INTERLAGOS;JD LEBLON;21;HOSPITAL GERAL DO GRAJAU PROF LIBER JOHN ALPHONSE DI DIO SP;PARQUE DAS NACOES;16320;16.32;1635;27.26;ok;
6;HOSPITAL MATERNIDADE INTERLAGOS;JD LEBLON;22;HOSPITAL E MATERNIDADE LEONOR MENDES DE BARROS SAO PAULO;BELENZINHO;45220;45.22;2724;45.4;ok;
6;HOSPITAL MATERNIDADE INTERLAGOS;JD LEBLON;23;CENTRO DE REFERENCIA E TREINAMENTO DST AIDS SAO PAULO;VILA MARIANA;16280;16.28;1703;28.39;ok;
6;HOSPITAL MATERNIDADE INTERLAGOS;JD LEBLON;24;HOSPITAL MILITAR DE AREA DE SAO PAULO;CAMBUCI;21030;21.03;2224;37.07;ok;
6;HOSPITAL MATERNIDADE INTERLAGOS;JD LEBLON;25;CENTRO DE REFERENCIA DA SAUDE DA MULHER;CAMPOS ELISEOS;25950;25.95;2299;38.33;ok;
6;HOSPITAL MATERNIDADE INTERLAGOS;JD LEBLON;26;HOSP MUN INFANTIL MENINO JESUS;BELA VISTA;22890;22.89;2087;34.78;ok;
6;HOSPITAL MATERNIDADE INTERLAGOS;JD LEBLON;28;HOSP MUN MAT ESC DR MARIO DE MORAES A SILVA;VILA NOVA CACHOEIRIN;37290;37.29;2626;43.77;ok;
6;HOSPITAL MATERNIDADE INTERLAGOS;JD LEBLON;29;HOSPITAL GERAL JESUS TEIXEIRA DA COSTA GUAIANASES SAO PAULO;JARDIM SAO PAULO;43710;43.71;4119;68.65;ok;
6;HOSPITAL MATERNIDADE INTERLAGOS;JD LEBLON;30;HOSP MUN DR CARMINO CARICCHIO;TATUAPE;46400;46.4;2916;48.6;ok;
6;HOSPITAL MATERNIDADE INTERLAGOS;JD LEBLON;31;HOSP MUN TIDE SETUBAL;SAO MIGUEL PAULISTA;64610;64.61;3722;62.04;ok;
6;HOSPITAL MATERNIDADE INTERLAGOS;JD LEBLON;32;HOSP MUN V NHOCUNE ALEXANDRE ZAIO;VILA NHOCUNE;35760;35.76;3534;58.91;ok;
6;HOSPITAL MATERNIDADE INTERLAGOS;JD LEBLON;33;HOSP MUN JABAQUARA ARTUR RIBEIRO DE SABOYA;JABAQUARA;10840;10.84;1162;19.38;ok;
6;HOSPITAL MATERNIDADE INTERLAGOS;JD LEBLON;34;HOSPITAL KATIA DE SOUZA RODRIGUES TAIPASSP SAO PAULO;PARADA DE TAIPAS;40370;40.37;2819;47.0;ok;
6;HOSPITAL MATERNIDADE INTERLAGOS;JD LEBLON;35;HOSP MUN PROFESSOR DOUTOR ALIPIO CORREA NETTO;VILA PARANAGUA;57150;57.15;3769;62.83;ok;
6;HOSPITAL MATERNIDADE INTERLAGOS;JD LEBLON;36;HOSPITAL MUNICIPAL DR BENEDITO MONTENEGRO;JARDIM IVA;31360;31.36;2989;49.82;ok;
6;HOSPITAL MATERNIDADE INTERLAGOS;JD LEBLON;37;HOSP MUN IGNACIO PROENCA DE GOUVEA;PARQUE DA MOOCA;22790;22.79;2471;41.19;ok;
6;HOSPITAL MATERNIDADE INTERLAGOS;JD LEBLON;38;HOSPITAL INFANTIL CANDIDO FONTOURA SAO PAULO;AGUA RASA;26110;26.11;2616;43.61;ok;
6;HOSPITAL MATERNIDADE INTERLAGOS;JD LEBLON;40;HOSPITAL REGIONAL SUL SAO PAULO;SANTO AMARO;6780;6.78;793;13.22;ok;
6;HOSPITAL MATERNIDADE INTERLAGOS;JD LEBLON;42;HOSPITAL ESTADUAL DE SAPOPEMBA SAO PAULO;JARDIM SAPOPEMBA;29100;29.1;2817;46.95;ok;
6;HOSPITAL MATERNIDADE INTERLAGOS;JD LEBLON;43;HOSPITAL GERAL DE VILA PENTEADO DR JOSE PANGELLA SAO PAULO;JARDIM IRACEMA;33710;33.71;2282;38.04;ok;
6;HOSPITAL MATERNIDADE INTERLAGOS;JD LEBLON;46;HOSP DO SERV PUB MUNICIPAL HSPM;LIBERDADE;19600;19.6;2084;34.74;ok;
6;HOSPITAL MATERNIDADE INTERLAGOS;JD LEBLON;47;HOSP MUN FERNANDO MAURO PIRES DA ROCHA;CAMPO LIMPO;12030;12.03;1255;20.93;ok;
6;HOSPITAL MATERNIDADE INTERLAGOS;JD LEBLON;48;CENTRO HOSPITALAR DO SISTEMA PENITENCIARIO SAO PAULO;CARANDIRU;29110;29.11;2700;45.01;ok;
6;HOSPITAL MATERNIDADE INTERLAGOS;JD LEBLON;49;HOSP MUN VER JOSE STOROPOLLI;PARQUE NOVO MUNDO;48880;48.88;2978;49.65;ok;
6;HOSPITAL MATERNIDADE INTERLAGOS;JD LEBLON;50;CENTRO MEDICO PMESP;TREMEMBE;34150;34.15;3264;54.4;ok;
6;HOSPITAL MATERNIDADE INTERLAGOS;JD LEBLON;51;HOSP MUN CARMEN PRUDENTE;CIDADE TIRADENTES;40450;40.45;3822;63.71;ok;
6;HOSPITAL MATERNIDADE INTERLAGOS;JD LEBLON;53;INSTITUTO DE REABILITACAO LUCY MONTORO;VILA ANDRADE;11690;11.69;1250;20.85;ok;
6;HOSPITAL MATERNIDADE INTERLAGOS;JD LEBLON;55;INSTITUTO DO CANCER DO ESTADO DE SAO PAULO;CERQUEIRA CESAR;22780;22.78;1920;32.01;ok;
6;HOSPITAL MATERNIDADE INTERLAGOS;JD LEBLON;56;HOSP MUN SOROCABANA;VILA ROMANA;25010;25.01;2109;35.15;ok;
6;HOSPITAL MATERNIDADE INTERLAGOS;JD LEBLON;57;HOSP MUN GILSON DE CASSIA MARQUES DE CARVALHO;VILA MASCOTE;8770;8.77;947;15.79;ok;
6;HOSPITAL MATERNIDADE INTERLAGOS;JD LEBLON;58;HOSP MUN CAPELA DO SOCORRO;JARDIM DAS IMBUIAS;3620;3.62;460;7.68;ok;
6;HOSPITAL MATERNIDADE INTERLAGOS;JD LEBLON;59;HOSP MUN JOSANIAS CASTANHA BRAGA;JARDIM ROSCHEL;16680;16.68;1330;22.17;ok;
6;HOSPITAL MATERNIDADE INTERLAGOS;JD LEBLON;233;HOSP MUN SOROCABANA;ALTO DE PINHEIROS;24390;24.39;1856;30.93;ok;
7;HOSPITAL GERAL DE PEDREIRA;VILA CAMPO GRANDE;1;HOSPITAL MUNICIPAL SANTA DULCE DOS POBRES;CONSOLACAO;16900;16.9;1790;29.84;ok;
7;HOSPITAL GERAL DE PEDREIRA;VILA CAMPO GRANDE;2;HOSPITAL MUNICIPAL BRASILANDIA;JARDIM MARISTELA;34860;34.86;2410;40.17;ok;
7;HOSPITAL GERAL DE PEDREIRA;VILA CAMPO GRANDE;3;HOSPITAL MUNICIPAL GUARAPIRANGA;RIVIERA PAULISTA;11830;11.83;1231;20.52;ok;
7;HOSPITAL GERAL DE PEDREIRA;VILA CAMPO GRANDE;4;INSTITUTO DE INFECTOLOGIA EMILIO RIBAS;SUMARE;22550;22.55;1876;31.28;ok;
7;HOSPITAL GERAL DE PEDREIRA;VILA CAMPO GRANDE;5;HOSPITAL DO SERV PUB EST FCO MORATO DE OLIVEIRA SAO PAULO;IBIRAPUERA;11850;11.85;1280;21.35;ok;
7;HOSPITAL GERAL DE PEDREIRA;VILA CAMPO GRANDE;6;HOSPITAL MATERNIDADE INTERLAGOS;JD LEBLON;4870;4.87;595;9.93;ok;
7;HOSPITAL GERAL DE PEDREIRA;VILA CAMPO GRANDE;7;HOSPITAL GERAL DE PEDREIRA;VILA CAMPO GRANDE;0;0.0;0;0.0;ok;
7;HOSPITAL GERAL DE PEDREIRA;VILA CAMPO GRANDE;8;HOSPITAL HELIOPOLIS UNIDADE DE GESTAO ASSISTENCIAL I;V HELIOPOLIS;15700;15.7;1776;29.61;ok;
7;HOSPITAL GERAL DE PEDREIRA;VILA CAMPO GRANDE;10;HOSPITAL INFANTIL DARCY VARGAS UGA III SAO PAULO;JARDIM GUEDALA;13730;13.73;1584;26.41;ok;
7;HOSPITAL GERAL DE PEDREIRA;VILA CAMPO GRANDE;11;HOSP MUN MATERNIDADE PROFESSOR MARIO DEGNI;VILA ANTONIO;26450;26.45;1985;33.09;ok;
7;HOSPITAL GERAL DE PEDREIRA;VILA CAMPO GRANDE;12;HOSPITAL UNIVERSITARIO DA USP SAO PAULO;BUTANTA;24470;24.47;2076;34.61;ok;
7;HOSPITAL GERAL DE PEDREIRA;VILA CAMPO GRANDE;13;CAISM PHILIPPE PINEL SAO PAULO;PIRITUBA;35050;35.05;2436;40.61;ok;
7;HOSPITAL GERAL DE PEDREIRA;VILA CAMPO GRANDE;14;HOSPITAL GERAL HENRIQUE ALTIMEYER DE VILA ALPINA;VILA ALPINA;20720;20.72;2284;38.07;ok;
7;HOSPITAL GERAL DE PEDREIRA;VILA CAMPO GRANDE;16;HOSPITAL GERAL DE SAO MATEUS SAO PAULO;SAO MATEUS;29490;29.49;2840;47.34;ok;
7;HOSPITAL GERAL DE PEDREIRA;VILA CAMPO GRANDE;17;UNIDADE DE GESTAO ASSISTENCIAL II HOSPITAL IPIRANGA SP;IPIRANGA;16720;16.72;1801;30.02;ok;
7;HOSPITAL GERAL DE PEDREIRA;VILA CAMPO GRANDE;18;CONJUNTO HOSPITALAR DO MANDAQUI SAO PAULO;SANTANA;25500;25.5;2657;44.29;ok;
7;HOSPITAL GERAL DE PEDREIRA;VILA CAMPO GRANDE;19;HOSPITAL GERAL SANTA MARCELINA DE ITAIM PAULISTA SAO PAULO;ITAIM PAULISTA;53030;53.03;3809;63.48;ok;
7;HOSPITAL GERAL DE PEDREIRA;VILA CAMPO GRANDE;20;HOSP MUN PROF DR WALDOMIRO DE PAULA;ITAQUERA;37100;37.1;3583;59.73;ok;
7;HOSPITAL GERAL DE PEDREIRA;VILA CAMPO GRANDE;21;HOSPITAL GERAL DO GRAJAU PROF LIBER JOHN ALPHONSE DI DIO SP;PARQUE DAS NACOES;13020;13.02;1313;21.9;ok;
7;HOSPITAL GERAL DE PEDREIRA;VILA CAMPO GRANDE;22;HOSPITAL E MATERNIDADE LEONOR MENDES DE BARROS SAO PAULO;BELENZINHO;23680;23.68;2394;39.91;ok;
7;HOSPITAL GERAL DE PEDREIRA;VILA CAMPO GRANDE;23;CENTRO DE REFERENCIA E TREINAMENTO DST AIDS SAO PAULO;VILA MARIANA;12830;12.83;1371;22.87;ok;
7;HOSPITAL GERAL DE PEDREIRA;VILA CAMPO GRANDE;24;HOSPITAL MILITAR DE AREA DE SAO PAULO;CAMBUCI;17580;17.58;1893;31.55;ok;
7;HOSPITAL GERAL DE PEDREIRA;VILA CAMPO GRANDE;25;CENTRO DE REFERENCIA DA SAUDE DA MULHER;CAMPOS ELISEOS;20100;20.1;2058;34.3;ok;
7;HOSPITAL GERAL DE PEDREIRA;VILA CAMPO GRANDE;26;HOSP MUN INFANTIL MENINO JESUS;BELA VISTA;16370;16.37;1777;29.62;ok;
7;HOSPITAL GERAL DE PEDREIRA;VILA CAMPO GRANDE;28;HOSP MUN MAT ESC DR MARIO DE MORAES A SILVA;VILA NOVA CACHOEIRIN;36250;36.25;2509;41.82;ok;
7;HOSPITAL GERAL DE PEDREIRA;VILA CAMPO GRANDE;29;HOSPITAL GERAL JESUS TEIXEIRA DA COSTA GUAIANASES SAO PAULO;JARDIM SAO PAULO;40410;40.41;3797;63.29;ok;
7;HOSPITAL GERAL DE PEDREIRA;VILA CAMPO GRANDE;30;HOSP MUN DR CARMINO CARICCHIO;TATUAPE;25590;25.59;2598;43.31;ok;
7;HOSPITAL GERAL DE PEDREIRA;VILA CAMPO GRANDE;31;HOSP MUN TIDE SETUBAL;SAO MIGUEL PAULISTA;46440;46.44;3495;58.25;ok;
7;HOSPITAL GERAL DE PEDREIRA;VILA CAMPO GRANDE;32;HOSP MUN V NHOCUNE ALEXANDRE ZAIO;VILA NHOCUNE;32310;32.31;3203;53.39;ok;
7;HOSPITAL GERAL DE PEDREIRA;VILA CAMPO GRANDE;33;HOSP MUN JABAQUARA ARTUR RIBEIRO DE SABOYA;JABAQUARA;7400;7.4;831;13.86;ok;
7;HOSPITAL GERAL DE PEDREIRA;VILA CAMPO GRANDE;34;HOSPITAL KATIA DE SOUZA RODRIGUES TAIPASSP SAO PAULO;PARADA DE TAIPAS;39320;39.32;2702;45.05;ok;
7;HOSPITAL GERAL DE PEDREIRA;VILA CAMPO GRANDE;35;HOSP MUN PROFESSOR DOUTOR ALIPIO CORREA NETTO;VILA PARANAGUA;38980;38.98;3542;59.04;ok;
7;HOSPITAL GERAL DE PEDREIRA;VILA CAMPO GRANDE;36;HOSPITAL MUNICIPAL DR BENEDITO MONTENEGRO;JARDIM IVA;28070;28.07;2667;44.46;ok;
7;HOSPITAL GERAL DE PEDREIRA;VILA CAMPO GRANDE;37;HOSP MUN IGNACIO PROENCA DE GOUVEA;PARQUE DA MOOCA;19350;19.35;2140;35.67;ok;
7;HOSPITAL GERAL DE PEDREIRA;VILA CAMPO GRANDE;38;HOSPITAL INFANTIL CANDIDO FONTOURA SAO PAULO;AGUA RASA;22660;22.66;2285;38.09;ok;
7;HOSPITAL GERAL DE PEDREIRA;VILA CAMPO GRANDE;40;HOSPITAL REGIONAL SUL SAO PAULO;SANTO AMARO;5050;5.05;604;10.07;ok;
7;HOSPITAL GERAL DE PEDREIRA;VILA CAMPO GRANDE;42;HOSPITAL ESTADUAL DE SAPOPEMBA SAO PAULO;JARDIM SAPOPEMBA;25800;25.8;2495;41.59;ok;
7;HOSPITAL GERAL DE PEDREIRA;VILA CAMPO GRANDE;43;HOSPITAL GERAL DE VILA PENTEADO DR JOSE PANGELLA SAO PAULO;JARDIM IRACEMA;32659;32.66;2165;36.09;ok;
7;HOSPITAL GERAL DE PEDREIRA;VILA CAMPO GRANDE;46;HOSP DO SERV PUB MUNICIPAL HSPM;LIBERDADE;16149;16.15;1753;29.22;ok;
7;HOSPITAL GERAL DE PEDREIRA;VILA CAMPO GRANDE;47;HOSP MUN FERNANDO MAURO PIRES DA ROCHA;CAMPO LIMPO;10980;10.98;1138;18.98;ok;
7;HOSPITAL GERAL DE PEDREIRA;VILA CAMPO GRANDE;48;CENTRO HOSPITALAR DO SISTEMA PENITENCIARIO SAO PAULO;CARANDIRU;23030;23.03;2380;39.68;ok;
7;HOSPITAL GERAL DE PEDREIRA;VILA CAMPO GRANDE;49;HOSP MUN VER JOSE STOROPOLLI;PARQUE NOVO MUNDO;30700;30.7;2751;45.86;ok;
7;HOSPITAL GERAL DE PEDREIRA;VILA CAMPO GRANDE;50;CENTRO MEDICO PMESP;TREMEMBE;28080;28.08;2944;49.07;ok;
7;HOSPITAL GERAL DE PEDREIRA;VILA CAMPO GRANDE;51;HOSP MUN CARMEN PRUDENTE;CIDADE TIRADENTES;37160;37.16;3501;58.35;ok;
7;HOSPITAL GERAL DE PEDREIRA;VILA CAMPO GRANDE;53;INSTITUTO DE REABILITACAO LUCY MONTORO;VILA ANDRADE;10650;10.65;1134;18.9;ok;
7;HOSPITAL GERAL DE PEDREIRA;VILA CAMPO GRANDE;55;INSTITUTO DO CANCER DO ESTADO DE SAO PAULO;CERQUEIRA CESAR;21730;21.73;1804;30.07;ok;
7;HOSPITAL GERAL DE PEDREIRA;VILA CAMPO GRANDE;56;HOSP MUN SOROCABANA;VILA ROMANA;23970;23.97;1992;33.2;ok;
7;HOSPITAL GERAL DE PEDREIRA;VILA CAMPO GRANDE;57;HOSP MUN GILSON DE CASSIA MARQUES DE CARVALHO;VILA MASCOTE;5320;5.32;616;10.28;ok;
7;HOSPITAL GERAL DE PEDREIRA;VILA CAMPO GRANDE;58;HOSP MUN CAPELA DO SOCORRO;JARDIM DAS IMBUIAS;8320;8.32;1014;16.91;ok;
7;HOSPITAL GERAL DE PEDREIRA;VILA CAMPO GRANDE;59;HOSP MUN JOSANIAS CASTANHA BRAGA;JARDIM ROSCHEL;21990;21.99;1845;30.76;ok;
7;HOSPITAL GERAL DE PEDREIRA;VILA CAMPO GRANDE;233;HOSP MUN SOROCABANA;ALTO DE PINHEIROS;23340;23.34;1739;28.99;ok;
8;HOSPITAL HELIOPOLIS UNIDADE DE GESTAO ASSISTENCIAL I;V HELIOPOLIS;1;HOSPITAL MUNICIPAL SANTA DULCE DOS POBRES;CONSOLACAO;10130;10.13;1047;17.45;ok;
8;HOSPITAL HELIOPOLIS UNIDADE DE GESTAO ASSISTENCIAL I;V HELIOPOLIS;2;HOSPITAL MUNICIPAL BRASILANDIA;JARDIM MARISTELA;23520;23.52;2075;34.6;ok;
8;HOSPITAL HELIOPOLIS UNIDADE DE GESTAO ASSISTENCIAL I;V HELIOPOLIS;3;HOSPITAL MUNICIPAL GUARAPIRANGA;RIVIERA PAULISTA;23830;23.83;2402;40.05;ok;
8;HOSPITAL HELIOPOLIS UNIDADE DE GESTAO ASSISTENCIAL I;V HELIOPOLIS;4;INSTITUTO DE INFECTOLOGIA EMILIO RIBAS;SUMARE;13270;13.27;1397;23.29;ok;
8;HOSPITAL HELIOPOLIS UNIDADE DE GESTAO ASSISTENCIAL I;V HELIOPOLIS;5;HOSPITAL DO SERV PUB EST FCO MORATO DE OLIVEIRA SAO PAULO;IBIRAPUERA;8540;8.54;925;15.43;ok;
8;HOSPITAL HELIOPOLIS UNIDADE DE GESTAO ASSISTENCIAL I;V HELIOPOLIS;6;HOSPITAL MATERNIDADE INTERLAGOS;JD LEBLON;19600;19.6;2059;34.33;ok;
8;HOSPITAL HELIOPOLIS UNIDADE DE GESTAO ASSISTENCIAL I;V HELIOPOLIS;7;HOSPITAL GERAL DE PEDREIRA;VILA CAMPO GRANDE;16710;16.71;1789;29.83;ok;
8;HOSPITAL HELIOPOLIS UNIDADE DE GESTAO ASSISTENCIAL I;V HELIOPOLIS;8;HOSPITAL HELIOPOLIS UNIDADE DE GESTAO ASSISTENCIAL I;V HELIOPOLIS;0;0.0;0;0.0;ok;
8;HOSPITAL HELIOPOLIS UNIDADE DE GESTAO ASSISTENCIAL I;V HELIOPOLIS;10;HOSPITAL INFANTIL DARCY VARGAS UGA III SAO PAULO;JARDIM GUEDALA;15780;15.78;1744;29.08;ok;
8;HOSPITAL HELIOPOLIS UNIDADE DE GESTAO ASSISTENCIAL I;V HELIOPOLIS;11;HOSP MUN MATERNIDADE PROFESSOR MARIO DEGNI;VILA ANTONIO;23320;23.32;2197;36.63;ok;
8;HOSPITAL HELIOPOLIS UNIDADE DE GESTAO ASSISTENCIAL I;V HELIOPOLIS;12;HOSPITAL UNIVERSITARIO DA USP SAO PAULO;BUTANTA;20600;20.6;2250;37.5;ok;
8;HOSPITAL HELIOPOLIS UNIDADE DE GESTAO ASSISTENCIAL I;V HELIOPOLIS;13;CAISM PHILIPPE PINEL SAO PAULO;PIRITUBA;23710;23.71;2102;35.04;ok;
8;HOSPITAL HELIOPOLIS UNIDADE DE GESTAO ASSISTENCIAL I;V HELIOPOLIS;14;HOSPITAL GERAL HENRIQUE ALTIMEYER DE VILA ALPINA;VILA ALPINA;6450;6.45;666;11.1;ok;
8;HOSPITAL HELIOPOLIS UNIDADE DE GESTAO ASSISTENCIAL I;V HELIOPOLIS;16;HOSPITAL GERAL DE SAO MATEUS SAO PAULO;SAO MATEUS;15610;15.61;1587;26.46;ok;
8;HOSPITAL HELIOPOLIS UNIDADE DE GESTAO ASSISTENCIAL I;V HELIOPOLIS;17;UNIDADE DE GESTAO ASSISTENCIAL II HOSPITAL IPIRANGA SP;IPIRANGA;4160;4.16;385;6.43;ok;
8;HOSPITAL HELIOPOLIS UNIDADE DE GESTAO ASSISTENCIAL I;V HELIOPOLIS;18;CONJUNTO HOSPITALAR DO MANDAQUI SAO PAULO;SANTANA;16309;16.31;1719;28.66;ok;
8;HOSPITAL HELIOPOLIS UNIDADE DE GESTAO ASSISTENCIAL I;V HELIOPOLIS;19;HOSPITAL GERAL SANTA MARCELINA DE ITAIM PAULISTA SAO PAULO;ITAIM PAULISTA;38000;38.0;2597;43.3;ok;
8;HOSPITAL HELIOPOLIS UNIDADE DE GESTAO ASSISTENCIAL I;V HELIOPOLIS;20;HOSP MUN PROF DR WALDOMIRO DE PAULA;ITAQUERA;22680;22.68;2203;36.73;ok;
8;HOSPITAL HELIOPOLIS UNIDADE DE GESTAO ASSISTENCIAL I;V HELIOPOLIS;21;HOSPITAL GERAL DO GRAJAU PROF LIBER JOHN ALPHONSE DI DIO SP;PARQUE DAS NACOES;12810;12.81;880;14.67;ok;
8;HOSPITAL HELIOPOLIS UNIDADE DE GESTAO ASSISTENCIAL I;V HELIOPOLIS;22;HOSPITAL E MATERNIDADE LEONOR MENDES DE BARROS SAO PAULO;BELENZINHO;10800;10.8;1112;18.55;ok;
8;HOSPITAL HELIOPOLIS UNIDADE DE GESTAO ASSISTENCIAL I;V HELIOPOLIS;23;CENTRO DE REFERENCIA E TREINAMENTO DST AIDS SAO PAULO;VILA MARIANA;6350;6.35;692;11.54;ok;
8;HOSPITAL HELIOPOLIS UNIDADE DE GESTAO ASSISTENCIAL I;V HELIOPOLIS;24;HOSPITAL MILITAR DE AREA DE SAO PAULO;CAMBUCI;6090;6.09;600;10.01;ok;
8;HOSPITAL HELIOPOLIS UNIDADE DE GESTAO ASSISTENCIAL I;V HELIOPOLIS;25;CENTRO DE REFERENCIA DA SAUDE DA MULHER;CAMPOS ELISEOS;11120;11.12;1128;18.81;ok;
8;HOSPITAL HELIOPOLIS UNIDADE DE GESTAO ASSISTENCIAL I;V HELIOPOLIS;26;HOSP MUN INFANTIL MENINO JESUS;BELA VISTA;9590;9.59;1033;17.23;ok;
8;HOSPITAL HELIOPOLIS UNIDADE DE GESTAO ASSISTENCIAL I;V HELIOPOLIS;28;HOSP MUN MAT ESC DR MARIO DE MORAES A SILVA;VILA NOVA CACHOEIRIN;19790;19.79;1974;32.91;ok;
8;HOSPITAL HELIOPOLIS UNIDADE DE GESTAO ASSISTENCIAL I;V HELIOPOLIS;29;HOSPITAL GERAL JESUS TEIXEIRA DA COSTA GUAIANASES SAO PAULO;JARDIM SAO PAULO;28130;28.13;2642;44.04;ok;
8;HOSPITAL HELIOPOLIS UNIDADE DE GESTAO ASSISTENCIAL I;V HELIOPOLIS;30;HOSP MUN DR CARMINO CARICCHIO;TATUAPE;11920;11.92;1243;20.73;ok;
8;HOSPITAL HELIOPOLIS UNIDADE DE GESTAO ASSISTENCIAL I;V HELIOPOLIS;31;HOSP MUN TIDE SETUBAL;SAO MIGUEL PAULISTA;31410;31.41;2283;38.07;ok;
8;HOSPITAL HELIOPOLIS UNIDADE DE GESTAO ASSISTENCIAL I;V HELIOPOLIS;32;HOSP MUN V NHOCUNE ALEXANDRE ZAIO;VILA NHOCUNE;16500;16.5;1662;27.71;ok;
8;HOSPITAL HELIOPOLIS UNIDADE DE GESTAO ASSISTENCIAL I;V HELIOPOLIS;33;HOSP MUN JABAQUARA ARTUR RIBEIRO DE SABOYA;JABAQUARA;10430;10.43;1077;17.96;ok;
8;HOSPITAL HELIOPOLIS UNIDADE DE GESTAO ASSISTENCIAL I;V HELIOPOLIS;34;HOSPITAL KATIA DE SOUZA RODRIGUES TAIPASSP SAO PAULO;PARADA DE TAIPAS;27980;27.98;2368;39.48;ok;
8;HOSPITAL HELIOPOLIS UNIDADE DE GESTAO ASSISTENCIAL I;V HELIOPOLIS;35;HOSP MUN PROFESSOR DOUTOR ALIPIO CORREA NETTO;VILA PARANAGUA;23950;23.95;2331;38.85;ok;
8;HOSPITAL HELIOPOLIS UNIDADE DE GESTAO ASSISTENCIAL I;V HELIOPOLIS;36;HOSPITAL MUNICIPAL DR BENEDITO MONTENEGRO;JARDIM IVA;12490;12.49;1230;20.51;ok;
8;HOSPITAL HELIOPOLIS UNIDADE DE GESTAO ASSISTENCIAL I;V HELIOPOLIS;37;HOSP MUN IGNACIO PROENCA DE GOUVEA;PARQUE DA MOOCA;5350;5.35;541;9.03;ok;
8;HOSPITAL HELIOPOLIS UNIDADE DE GESTAO ASSISTENCIAL I;V HELIOPOLIS;38;HOSPITAL INFANTIL CANDIDO FONTOURA SAO PAULO;AGUA RASA;9110;9.11;885;14.76;ok;
8;HOSPITAL HELIOPOLIS UNIDADE DE GESTAO ASSISTENCIAL I;V HELIOPOLIS;40;HOSPITAL REGIONAL SUL SAO PAULO;SANTO AMARO;16940;16.94;1743;29.06;ok;
8;HOSPITAL HELIOPOLIS UNIDADE DE GESTAO ASSISTENCIAL I;V HELIOPOLIS;42;HOSPITAL ESTADUAL DE SAPOPEMBA SAO PAULO;JARDIM SAPOPEMBA;13940;13.94;1370;22.85;ok;
8;HOSPITAL HELIOPOLIS UNIDADE DE GESTAO ASSISTENCIAL I;V HELIOPOLIS;43;HOSPITAL GERAL DE VILA PENTEADO DR JOSE PANGELLA SAO PAULO;JARDIM IRACEMA;21320;21.32;1831;30.52;ok;
8;HOSPITAL HELIOPOLIS UNIDADE DE GESTAO ASSISTENCIAL I;V HELIOPOLIS;46;HOSP DO SERV PUB MUNICIPAL HSPM;LIBERDADE;8080;8.08;939;15.65;ok;
8;HOSPITAL HELIOPOLIS UNIDADE DE GESTAO ASSISTENCIAL I;V HELIOPOLIS;47;HOSP MUN FERNANDO MAURO PIRES DA ROCHA;CAMPO LIMPO;21910;21.91;2003;33.4;ok;
8;HOSPITAL HELIOPOLIS UNIDADE DE GESTAO ASSISTENCIAL I;V HELIOPOLIS;48;CENTRO HOSPITALAR DO SISTEMA PENITENCIARIO SAO PAULO;CARANDIRU;13380;13.38;1404;23.41;ok;
8;HOSPITAL HELIOPOLIS UNIDADE DE GESTAO ASSISTENCIAL I;V HELIOPOLIS;49;HOSP MUN VER JOSE STOROPOLLI;PARQUE NOVO MUNDO;15670;15.67;1540;25.67;ok;
8;HOSPITAL HELIOPOLIS UNIDADE DE GESTAO ASSISTENCIAL I;V HELIOPOLIS;50;CENTRO MEDICO PMESP;TREMEMBE;18230;18.23;1989;33.15;ok;
8;HOSPITAL HELIOPOLIS UNIDADE DE GESTAO ASSISTENCIAL I;V HELIOPOLIS;51;HOSP MUN CARMEN PRUDENTE;CIDADE TIRADENTES;25290;25.29;2399;40.0;ok;
8;HOSPITAL HELIOPOLIS UNIDADE DE GESTAO ASSISTENCIAL I;V HELIOPOLIS;53;INSTITUTO DE REABILITACAO LUCY MONTORO;VILA ANDRADE;19730;19.73;1868;31.15;ok;
8;HOSPITAL HELIOPOLIS UNIDADE DE GESTAO ASSISTENCIAL I;V HELIOPOLIS;55;INSTITUTO DO CANCER DO ESTADO DE SAO PAULO;CERQUEIRA CESAR;12980;12.98;1381;23.02;ok;
8;HOSPITAL HELIOPOLIS UNIDADE DE GESTAO ASSISTENCIAL I;V HELIOPOLIS;56;HOSP MUN SOROCABANA;VILA ROMANA;17780;17.78;1848;30.81;ok;
8;HOSPITAL HELIOPOLIS UNIDADE DE GESTAO ASSISTENCIAL I;V HELIOPOLIS;57;HOSP MUN GILSON DE CASSIA MARQUES DE CARVALHO;VILA MASCOTE;11100;11.1;1180;19.67;ok;
8;HOSPITAL HELIOPOLIS UNIDADE DE GESTAO ASSISTENCIAL I;V HELIOPOLIS;58;HOSP MUN CAPELA DO SOCORRO;JARDIM DAS IMBUIAS;23050;23.05;2478;41.31;ok;
8;HOSPITAL HELIOPOLIS UNIDADE DE GESTAO ASSISTENCIAL I;V HELIOPOLIS;59;HOSP MUN JOSANIAS CASTANHA BRAGA;JARDIM ROSCHEL;36120;36.12;3347;55.8;ok;
8;HOSPITAL HELIOPOLIS UNIDADE DE GESTAO ASSISTENCIAL I;V HELIOPOLIS;233;HOSP MUN SOROCABANA;ALTO DE PINHEIROS;22930;22.93;2008;33.48;ok;
10;HOSPITAL INFANTIL DARCY VARGAS UGA III SAO PAULO;JARDIM GUEDALA;1;HOSPITAL MUNICIPAL SANTA DULCE DOS POBRES;CONSOLACAO;7760;7.76;896;14.94;ok;
10;HOSPITAL INFANTIL DARCY VARGAS UGA III SAO PAULO;JARDIM GUEDALA;2;HOSPITAL MUNICIPAL BRASILANDIA;JARDIM MARISTELA;22630;22.63;1697;28.29;ok;
10;HOSPITAL INFANTIL DARCY VARGAS UGA III SAO PAULO;JARDIM GUEDALA;3;HOSPITAL MUNICIPAL GUARAPIRANGA;RIVIERA PAULISTA;15820;15.82;1471;24.52;ok;
10;HOSPITAL INFANTIL DARCY VARGAS UGA III SAO PAULO;JARDIM GUEDALA;4;INSTITUTO DE INFECTOLOGIA EMILIO RIBAS;SUMARE;8050;8.05;1018;16.98;ok;
10;HOSPITAL INFANTIL DARCY VARGAS UGA III SAO PAULO;JARDIM GUEDALA;5;HOSPITAL DO SERV PUB EST FCO MORATO DE OLIVEIRA SAO PAULO;IBIRAPUERA;7970;7.97;824;13.75;ok;
10;HOSPITAL INFANTIL DARCY VARGAS UGA III SAO PAULO;JARDIM GUEDALA;6;HOSPITAL MATERNIDADE INTERLAGOS;JD LEBLON;17110;17.11;1606;26.77;ok;
10;HOSPITAL INFANTIL DARCY VARGAS UGA III SAO PAULO;JARDIM GUEDALA;7;HOSPITAL GERAL DE PEDREIRA;VILA CAMPO GRANDE;16100;16.1;1566;26.11;ok;
10;HOSPITAL INFANTIL DARCY VARGAS UGA III SAO PAULO;JARDIM GUEDALA;8;HOSPITAL HELIOPOLIS UNIDADE DE GESTAO ASSISTENCIAL I;V HELIOPOLIS;17180;17.18;1738;28.97;ok;
10;HOSPITAL INFANTIL DARCY VARGAS UGA III SAO PAULO;JARDIM GUEDALA;10;HOSPITAL INFANTIL DARCY VARGAS UGA III SAO PAULO;JARDIM GUEDALA;0;0.0;0;0.0;ok;
10;HOSPITAL INFANTIL DARCY VARGAS UGA III SAO PAULO;JARDIM GUEDALA;11;HOSP MUN MATERNIDADE PROFESSOR MARIO DEGNI;VILA ANTONIO;11220;11.22;893;14.9;ok;
10;HOSPITAL INFANTIL DARCY VARGAS UGA III SAO PAULO;JARDIM GUEDALA;12;HOSPITAL UNIVERSITARIO DA USP SAO PAULO;BUTANTA;8230;8.23;1006;16.77;ok;
10;HOSPITAL INFANTIL DARCY VARGAS UGA III SAO PAULO;JARDIM GUEDALA;13;CAISM PHILIPPE PINEL SAO PAULO;PIRITUBA;22830;22.83;1723;28.73;ok;
10;HOSPITAL INFANTIL DARCY VARGAS UGA III SAO PAULO;JARDIM GUEDALA;14;HOSPITAL GERAL HENRIQUE ALTIMEYER DE VILA ALPINA;VILA ALPINA;19600;19.6;2010;33.51;ok;
10;HOSPITAL INFANTIL DARCY VARGAS UGA III SAO PAULO;JARDIM GUEDALA;16;HOSPITAL GERAL DE SAO MATEUS SAO PAULO;SAO MATEUS;32759;32.76;2818;46.97;ok;
10;HOSPITAL INFANTIL DARCY VARGAS UGA III SAO PAULO;JARDIM GUEDALA;17;UNIDADE DE GESTAO ASSISTENCIAL II HOSPITAL IPIRANGA SP;IPIRANGA;13480;13.48;1437;23.96;ok;
10;HOSPITAL INFANTIL DARCY VARGAS UGA III SAO PAULO;JARDIM GUEDALA;18;CONJUNTO HOSPITALAR DO MANDAQUI SAO PAULO;SANTANA;17850;17.85;1949;32.48;ok;
10;HOSPITAL INFANTIL DARCY VARGAS UGA III SAO PAULO;JARDIM GUEDALA;19;HOSPITAL GERAL SANTA MARCELINA DE ITAIM PAULISTA SAO PAULO;ITAIM PAULISTA;45380;45.38;3100;51.68;ok;
10;HOSPITAL INFANTIL DARCY VARGAS UGA III SAO PAULO;JARDIM GUEDALA;20;HOSP MUN PROF DR WALDOMIRO DE PAULA;ITAQUERA;42620;42.62;3043;50.72;ok;
10;HOSPITAL INFANTIL DARCY VARGAS UGA III SAO PAULO;JARDIM GUEDALA;21;HOSPITAL GERAL DO GRAJAU PROF LIBER JOHN ALPHONSE DI DIO SP;PARQUE DAS NACOES;23510;23.51;2093;34.89;ok;
10;HOSPITAL INFANTIL DARCY VARGAS UGA III SAO PAULO;JARDIM GUEDALA;22;HOSPITAL E MATERNIDADE LEONOR MENDES DE BARROS SAO PAULO;BELENZINHO;17040;17.04;1765;29.43;ok;
10;HOSPITAL INFANTIL DARCY VARGAS UGA III SAO PAULO;JARDIM GUEDALA;23;CENTRO DE REFERENCIA E TREINAMENTO DST AIDS SAO PAULO;VILA MARIANA;10090;10.09;1010;16.85;ok;
10;HOSPITAL INFANTIL DARCY VARGAS UGA III SAO PAULO;JARDIM GUEDALA;24;HOSPITAL MILITAR DE AREA DE SAO PAULO;CAMBUCI;13470;13.47;1437;23.95;ok;
10;HOSPITAL INFANTIL DARCY VARGAS UGA III SAO PAULO;JARDIM GUEDALA;25;CENTRO DE REFERENCIA DA SAUDE DA MULHER;CAMPOS ELISEOS;11620;11.62;1304;21.74;ok;
10;HOSPITAL INFANTIL DARCY VARGAS UGA III SAO PAULO;JARDIM GUEDALA;26;HOSP MUN INFANTIL MENINO JESUS;BELA VISTA;9160;9.16;1058;17.65;ok;
10;HOSPITAL INFANTIL DARCY VARGAS UGA III SAO PAULO;JARDIM GUEDALA;28;HOSP MUN MAT ESC DR MARIO DE MORAES A SILVA;VILA NOVA CACHOEIRIN;24020;24.02;1796;29.94;ok;
10;HOSPITAL INFANTIL DARCY VARGAS UGA III SAO PAULO;JARDIM GUEDALA;29;HOSPITAL GERAL JESUS TEIXEIRA DA COSTA GUAIANASES SAO PAULO;JARDIM SAO PAULO;50560;50.56;3621;60.36;ok;
10;HOSPITAL INFANTIL DARCY VARGAS UGA III SAO PAULO;JARDIM GUEDALA;30;HOSP MUN DR CARMINO CARICCHIO;TATUAPE;18950;18.95;1969;32.82;ok;
10;HOSPITAL INFANTIL DARCY VARGAS UGA III SAO PAULO;JARDIM GUEDALA;31;HOSP MUN TIDE SETUBAL;SAO MIGUEL PAULISTA;38790;38.79;2786;46.45;ok;
10;HOSPITAL INFANTIL DARCY VARGAS UGA III SAO PAULO;JARDIM GUEDALA;32;HOSP MUN V NHOCUNE ALEXANDRE ZAIO;VILA NHOCUNE;25670;25.67;2574;42.91;ok;
10;HOSPITAL INFANTIL DARCY VARGAS UGA III SAO PAULO;JARDIM GUEDALA;33;HOSP MUN JABAQUARA ARTUR RIBEIRO DE SABOYA;JABAQUARA;13370;13.37;1384;23.07;ok;
10;HOSPITAL INFANTIL DARCY VARGAS UGA III SAO PAULO;JARDIM GUEDALA;34;HOSPITAL KATIA DE SOUZA RODRIGUES TAIPASSP SAO PAULO;PARADA DE TAIPAS;27090;27.09;1990;33.17;ok;
10;HOSPITAL INFANTIL DARCY VARGAS UGA III SAO PAULO;JARDIM GUEDALA;35;HOSP MUN PROFESSOR DOUTOR ALIPIO CORREA NETTO;VILA PARANAGUA;31330;31.33;2834;47.24;ok;
10;HOSPITAL INFANTIL DARCY VARGAS UGA III SAO PAULO;JARDIM GUEDALA;36;HOSPITAL MUNICIPAL DR BENEDITO MONTENEGRO;JARDIM IVA;24870;24.87;2536;42.27;ok;
10;HOSPITAL INFANTIL DARCY VARGAS UGA III SAO PAULO;JARDIM GUEDALA;37;HOSP MUN IGNACIO PROENCA DE GOUVEA;PARQUE DA MOOCA;16420;16.42;1701;28.36;ok;
10;HOSPITAL INFANTIL DARCY VARGAS UGA III SAO PAULO;JARDIM GUEDALA;38;HOSPITAL INFANTIL CANDIDO FONTOURA SAO PAULO;AGUA RASA;16020;16.02;1656;27.61;ok;
10;HOSPITAL INFANTIL DARCY VARGAS UGA III SAO PAULO;JARDIM GUEDALA;40;HOSPITAL REGIONAL SUL SAO PAULO;SANTO AMARO;11680;11.68;1152;19.2;ok;
10;HOSPITAL INFANTIL DARCY VARGAS UGA III SAO PAULO;JARDIM GUEDALA;42;HOSPITAL ESTADUAL DE SAPOPEMBA SAO PAULO;JARDIM SAPOPEMBA;29070;29.07;2826;47.12;ok;
10;HOSPITAL INFANTIL DARCY VARGAS UGA III SAO PAULO;JARDIM GUEDALA;43;HOSPITAL GERAL DE VILA PENTEADO DR JOSE PANGELLA SAO PAULO;JARDIM IRACEMA;20440;20.44;1452;24.21;ok;
10;HOSPITAL INFANTIL DARCY VARGAS UGA III SAO PAULO;JARDIM GUEDALA;46;HOSP DO SERV PUB MUNICIPAL HSPM;LIBERDADE;10280;10.28;1237;20.62;ok;
10;HOSPITAL INFANTIL DARCY VARGAS UGA III SAO PAULO;JARDIM GUEDALA;47;HOSP MUN FERNANDO MAURO PIRES DA ROCHA;CAMPO LIMPO;10800;10.8;1016;16.94;ok;
10;HOSPITAL INFANTIL DARCY VARGAS UGA III SAO PAULO;JARDIM GUEDALA;48;CENTRO HOSPITALAR DO SISTEMA PENITENCIARIO SAO PAULO;CARANDIRU;15380;15.38;1672;27.87;ok;
10;HOSPITAL INFANTIL DARCY VARGAS UGA III SAO PAULO;JARDIM GUEDALA;49;HOSP MUN VER JOSE STOROPOLLI;PARQUE NOVO MUNDO;23050;23.05;2043;34.06;ok;
10;HOSPITAL INFANTIL DARCY VARGAS UGA III SAO PAULO;JARDIM GUEDALA;50;CENTRO MEDICO PMESP;TREMEMBE;20430;20.43;2235;37.26;ok;
10;HOSPITAL INFANTIL DARCY VARGAS UGA III SAO PAULO;JARDIM GUEDALA;51;HOSP MUN CARMEN PRUDENTE;CIDADE TIRADENTES;41780;41.78;3676;61.28;ok;
10;HOSPITAL INFANTIL DARCY VARGAS UGA III SAO PAULO;JARDIM GUEDALA;53;INSTITUTO DE REABILITACAO LUCY MONTORO;VILA ANDRADE;7850;7.85;860;14.35;ok;
10;HOSPITAL INFANTIL DARCY VARGAS UGA III SAO PAULO;JARDIM GUEDALA;55;INSTITUTO DO CANCER DO ESTADO DE SAO PAULO;CERQUEIRA CESAR;7700;7.7;957;15.96;ok;
10;HOSPITAL INFANTIL DARCY VARGAS UGA III SAO PAULO;JARDIM GUEDALA;56;HOSP MUN SOROCABANA;VILA ROMANA;10520;10.52;1241;20.7;ok;
10;HOSPITAL INFANTIL DARCY VARGAS UGA III SAO PAULO;JARDIM GUEDALA;57;HOSP MUN GILSON DE CASSIA MARQUES DE CARVALHO;VILA MASCOTE;10580;10.58;1119;18.66;ok;
10;HOSPITAL INFANTIL DARCY VARGAS UGA III SAO PAULO;JARDIM GUEDALA;58;HOSP MUN CAPELA DO SOCORRO;JARDIM DAS IMBUIAS;20560;20.56;2025;33.75;ok;
10;HOSPITAL INFANTIL DARCY VARGAS UGA III SAO PAULO;JARDIM GUEDALA;59;HOSP MUN JOSANIAS CASTANHA BRAGA;JARDIM ROSCHEL;33630;33.63;2894;48.25;ok;
10;HOSPITAL INFANTIL DARCY VARGAS UGA III SAO PAULO;JARDIM GUEDALA;233;HOSP MUN SOROCABANA;ALTO DE PINHEIROS;8840;8.84;1005;16.76;ok;
11;HOSP MUN MATERNIDADE PROFESSOR MARIO DEGNI;VILA ANTONIO;1;HOSPITAL MUNICIPAL SANTA DULCE DOS POBRES;CONSOLACAO;13960;13.96;1440;24.02;ok;
11;HOSP MUN MATERNIDADE PROFESSOR MARIO DEGNI;VILA ANTONIO;2;HOSPITAL MUNICIPAL BRASILANDIA;JARDIM MARISTELA;18670;18.67;1708;28.48;ok;
11;HOSP MUN MATERNIDADE PROFESSOR MARIO DEGNI;VILA ANTONIO;3;HOSPITAL MUNICIPAL GUARAPIRANGA;RIVIERA PAULISTA;26840;26.84;2036;33.95;ok;
11;HOSP MUN MATERNIDADE PROFESSOR MARIO DEGNI;VILA ANTONIO;4;INSTITUTO DE INFECTOLOGIA EMILIO RIBAS;SUMARE;13050;13.05;1385;23.09;ok;
11;HOSP MUN MATERNIDADE PROFESSOR MARIO DEGNI;VILA ANTONIO;5;HOSPITAL DO SERV PUB EST FCO MORATO DE OLIVEIRA SAO PAULO;IBIRAPUERA;17900;17.9;1470;24.51;ok;
11;HOSP MUN MATERNIDADE PROFESSOR MARIO DEGNI;VILA ANTONIO;6;HOSPITAL MATERNIDADE INTERLAGOS;JD LEBLON;28130;28.13;2171;36.2;ok;
11;HOSP MUN MATERNIDADE PROFESSOR MARIO DEGNI;VILA ANTONIO;7;HOSPITAL GERAL DE PEDREIRA;VILA CAMPO GRANDE;27120;27.12;2132;35.54;ok;
11;HOSP MUN MATERNIDADE PROFESSOR MARIO DEGNI;VILA ANTONIO;8;HOSPITAL HELIOPOLIS UNIDADE DE GESTAO ASSISTENCIAL I;V HELIOPOLIS;26320;26.32;2315;38.59;ok;
11;HOSP MUN MATERNIDADE PROFESSOR MARIO DEGNI;VILA ANTONIO;10;HOSPITAL INFANTIL DARCY VARGAS UGA III SAO PAULO;JARDIM GUEDALA;10280;10.28;1052;17.54;ok;
11;HOSP MUN MATERNIDADE PROFESSOR MARIO DEGNI;VILA ANTONIO;11;HOSP MUN MATERNIDADE PROFESSOR MARIO DEGNI;VILA ANTONIO;0;0.0;0;0.0;ok;
11;HOSP MUN MATERNIDADE PROFESSOR MARIO DEGNI;VILA ANTONIO;12;HOSPITAL UNIVERSITARIO DA USP SAO PAULO;BUTANTA;4019;4.02;529;8.83;ok;
11;HOSP MUN MATERNIDADE PROFESSOR MARIO DEGNI;VILA ANTONIO;13;CAISM PHILIPPE PINEL SAO PAULO;PIRITUBA;18870;18.87;1735;28.92;ok;
11;HOSP MUN MATERNIDADE PROFESSOR MARIO DEGNI;VILA ANTONIO;14;HOSPITAL GERAL HENRIQUE ALTIMEYER DE VILA ALPINA;VILA ALPINA;34960;34.96;2501;41.69;ok;
11;HOSP MUN MATERNIDADE PROFESSOR MARIO DEGNI;VILA ANTONIO;16;HOSPITAL GERAL DE SAO MATEUS SAO PAULO;SAO MATEUS;41350;41.35;2935;48.93;ok;
11;HOSP MUN MATERNIDADE PROFESSOR MARIO DEGNI;VILA ANTONIO;17;UNIDADE DE GESTAO ASSISTENCIAL II HOSPITAL IPIRANGA SP;IPIRANGA;22920;22.92;2096;34.95;ok;
11;HOSP MUN MATERNIDADE PROFESSOR MARIO DEGNI;VILA ANTONIO;18;CONJUNTO HOSPITALAR DO MANDAQUI SAO PAULO;SANTANA;25980;25.98;2149;35.83;ok;
11;HOSP MUN MATERNIDADE PROFESSOR MARIO DEGNI;VILA ANTONIO;19;HOSPITAL GERAL SANTA MARCELINA DE ITAIM PAULISTA SAO PAULO;ITAIM PAULISTA;53970;53.97;3218;53.64;ok;
11;HOSP MUN MATERNIDADE PROFESSOR MARIO DEGNI;VILA ANTONIO;20;HOSP MUN PROF DR WALDOMIRO DE PAULA;ITAQUERA;51210;51.21;3161;52.68;ok;
11;HOSP MUN MATERNIDADE PROFESSOR MARIO DEGNI;VILA ANTONIO;21;HOSPITAL GERAL DO GRAJAU PROF LIBER JOHN ALPHONSE DI DIO SP;PARQUE DAS NACOES;32600;32.6;2607;43.46;ok;
11;HOSP MUN MATERNIDADE PROFESSOR MARIO DEGNI;VILA ANTONIO;22;HOSPITAL E MATERNIDADE LEONOR MENDES DE BARROS SAO PAULO;BELENZINHO;27990;27.99;1906;31.77;ok;
11;HOSP MUN MATERNIDADE PROFESSOR MARIO DEGNI;VILA ANTONIO;23;CENTRO DE REFERENCIA E TREINAMENTO DST AIDS SAO PAULO;VILA MARIANA;19530;19.53;1664;27.75;ok;
11;HOSP MUN MATERNIDADE PROFESSOR MARIO DEGNI;VILA ANTONIO;24;HOSPITAL MILITAR DE AREA DE SAO PAULO;CAMBUCI;22790;22.79;2048;34.15;ok;
11;HOSP MUN MATERNIDADE PROFESSOR MARIO DEGNI;VILA ANTONIO;25;CENTRO DE REFERENCIA DA SAUDE DA MULHER;CAMPOS ELISEOS;16520;16.52;1753;29.23;ok;
11;HOSP MUN MATERNIDADE PROFESSOR MARIO DEGNI;VILA ANTONIO;26;HOSP MUN INFANTIL MENINO JESUS;BELA VISTA;15820;15.82;1652;27.55;ok;
11;HOSP MUN MATERNIDADE PROFESSOR MARIO DEGNI;VILA ANTONIO;28;HOSP MUN MAT ESC DR MARIO DE MORAES A SILVA;VILA NOVA CACHOEIRIN;20060;20.06;1808;30.14;ok;
11;HOSP MUN MATERNIDADE PROFESSOR MARIO DEGNI;VILA ANTONIO;29;HOSPITAL GERAL JESUS TEIXEIRA DA COSTA GUAIANASES SAO PAULO;JARDIM SAO PAULO;59160;59.16;3739;62.32;ok;
11;HOSP MUN MATERNIDADE PROFESSOR MARIO DEGNI;VILA ANTONIO;30;HOSP MUN DR CARMINO CARICCHIO;TATUAPE;29170;29.17;2098;34.97;ok;
11;HOSP MUN MATERNIDADE PROFESSOR MARIO DEGNI;VILA ANTONIO;31;HOSP MUN TIDE SETUBAL;SAO MIGUEL PAULISTA;47380;47.38;2904;48.41;ok;
11;HOSP MUN MATERNIDADE PROFESSOR MARIO DEGNI;VILA ANTONIO;32;HOSP MUN V NHOCUNE ALEXANDRE ZAIO;VILA NHOCUNE;38360;38.36;2745;45.75;ok;
11;HOSP MUN MATERNIDADE PROFESSOR MARIO DEGNI;VILA ANTONIO;33;HOSP MUN JABAQUARA ARTUR RIBEIRO DE SABOYA;JABAQUARA;23420;23.42;1957;32.62;ok;
11;HOSP MUN MATERNIDADE PROFESSOR MARIO DEGNI;VILA ANTONIO;34;HOSPITAL KATIA DE SOUZA RODRIGUES TAIPASSP SAO PAULO;PARADA DE TAIPAS;33540;33.54;1953;32.55;ok;
11;HOSP MUN MATERNIDADE PROFESSOR MARIO DEGNI;VILA ANTONIO;35;HOSP MUN PROFESSOR DOUTOR ALIPIO CORREA NETTO;VILA PARANAGUA;39920;39.92;2951;49.2;ok;
11;HOSP MUN MATERNIDADE PROFESSOR MARIO DEGNI;VILA ANTONIO;36;HOSPITAL MUNICIPAL DR BENEDITO MONTENEGRO;JARDIM IVA;37550;37.55;2850;47.5;ok;
11;HOSP MUN MATERNIDADE PROFESSOR MARIO DEGNI;VILA ANTONIO;37;HOSP MUN IGNACIO PROENCA DE GOUVEA;PARQUE DA MOOCA;25740;25.74;2313;38.55;ok;
11;HOSP MUN MATERNIDADE PROFESSOR MARIO DEGNI;VILA ANTONIO;38;HOSPITAL INFANTIL CANDIDO FONTOURA SAO PAULO;AGUA RASA;30670;30.67;2138;35.64;ok;
11;HOSP MUN MATERNIDADE PROFESSOR MARIO DEGNI;VILA ANTONIO;40;HOSPITAL REGIONAL SUL SAO PAULO;SANTO AMARO;22710;22.71;1717;28.63;ok;
11;HOSP MUN MATERNIDADE PROFESSOR MARIO DEGNI;VILA ANTONIO;42;HOSPITAL ESTADUAL DE SAPOPEMBA SAO PAULO;JARDIM SAPOPEMBA;43490;43.49;3193;53.22;ok;
11;HOSP MUN MATERNIDADE PROFESSOR MARIO DEGNI;VILA ANTONIO;43;HOSPITAL GERAL DE VILA PENTEADO DR JOSE PANGELLA SAO PAULO;JARDIM IRACEMA;16470;16.47;1464;24.4;ok;
11;HOSP MUN MATERNIDADE PROFESSOR MARIO DEGNI;VILA ANTONIO;46;HOSP DO SERV PUB MUNICIPAL HSPM;LIBERDADE;19600;19.6;1848;30.81;ok;
11;HOSP MUN MATERNIDADE PROFESSOR MARIO DEGNI;VILA ANTONIO;47;HOSP MUN FERNANDO MAURO PIRES DA ROCHA;CAMPO LIMPO;13280;13.28;1531;25.52;ok;
11;HOSP MUN MATERNIDADE PROFESSOR MARIO DEGNI;VILA ANTONIO;48;CENTRO HOSPITALAR DO SISTEMA PENITENCIARIO SAO PAULO;CARANDIRU;24150;24.15;1893;31.56;ok;
11;HOSP MUN MATERNIDADE PROFESSOR MARIO DEGNI;VILA ANTONIO;49;HOSP MUN VER JOSE STOROPOLLI;PARQUE NOVO MUNDO;31640;31.64;2160;36.02;ok;
11;HOSP MUN MATERNIDADE PROFESSOR MARIO DEGNI;VILA ANTONIO;50;CENTRO MEDICO PMESP;TREMEMBE;29200;29.2;2457;40.95;ok;
11;HOSP MUN MATERNIDADE PROFESSOR MARIO DEGNI;VILA ANTONIO;51;HOSP MUN CARMEN PRUDENTE;CIDADE TIRADENTES;50370;50.37;3794;63.24;ok;
11;HOSP MUN MATERNIDADE PROFESSOR MARIO DEGNI;VILA ANTONIO;53;INSTITUTO DE REABILITACAO LUCY MONTORO;VILA ANDRADE;10740;10.74;1245;20.75;ok;
11;HOSP MUN MATERNIDADE PROFESSOR MARIO DEGNI;VILA ANTONIO;55;INSTITUTO DO CANCER DO ESTADO DE SAO PAULO;CERQUEIRA CESAR;12700;12.7;1324;22.07;ok;
11;HOSP MUN MATERNIDADE PROFESSOR MARIO DEGNI;VILA ANTONIO;56;HOSP MUN SOROCABANA;VILA ROMANA;10240;10.24;1168;19.48;ok;
11;HOSP MUN MATERNIDADE PROFESSOR MARIO DEGNI;VILA ANTONIO;57;HOSP MUN GILSON DE CASSIA MARQUES DE CARVALHO;VILA MASCOTE;20620;20.62;1692;28.21;ok;
11;HOSP MUN MATERNIDADE PROFESSOR MARIO DEGNI;VILA ANTONIO;58;HOSP MUN CAPELA DO SOCORRO;JARDIM DAS IMBUIAS;31580;31.58;2590;43.18;ok;
11;HOSP MUN MATERNIDADE PROFESSOR MARIO DEGNI;VILA ANTONIO;59;HOSP MUN JOSANIAS CASTANHA BRAGA;JARDIM ROSCHEL;44650;44.65;3460;57.67;ok;
11;HOSP MUN MATERNIDADE PROFESSOR MARIO DEGNI;VILA ANTONIO;233;HOSP MUN SOROCABANA;ALTO DE PINHEIROS;6900;6.9;788;13.14;ok;
12;HOSPITAL UNIVERSITARIO DA USP SAO PAULO;BUTANTA;1;HOSPITAL MUNICIPAL SANTA DULCE DOS POBRES;CONSOLACAO;10710;10.71;1263;21.05;ok;
12;HOSPITAL UNIVERSITARIO DA USP SAO PAULO;BUTANTA;2;HOSPITAL MUNICIPAL BRASILANDIA;JARDIM MARISTELA;16720;16.72;1597;26.63;ok;
12;HOSPITAL UNIVERSITARIO DA USP SAO PAULO;BUTANTA;3;HOSPITAL MUNICIPAL GUARAPIRANGA;RIVIERA PAULISTA;23140;23.14;1900;31.68;ok;
12;HOSPITAL UNIVERSITARIO DA USP SAO PAULO;BUTANTA;4;INSTITUTO DE INFECTOLOGIA EMILIO RIBAS;SUMARE;9800;9.8;1207;20.12;ok;
12;HOSPITAL UNIVERSITARIO DA USP SAO PAULO;BUTANTA;5;HOSPITAL DO SERV PUB EST FCO MORATO DE OLIVEIRA SAO PAULO;IBIRAPUERA;14210;14.21;1334;22.24;ok;
12;HOSPITAL UNIVERSITARIO DA USP SAO PAULO;BUTANTA;6;HOSPITAL MATERNIDADE INTERLAGOS;JD LEBLON;24440;24.44;2035;33.93;ok;
12;HOSPITAL UNIVERSITARIO DA USP SAO PAULO;BUTANTA;7;HOSPITAL GERAL DE PEDREIRA;VILA CAMPO GRANDE;23430;23.43;1995;33.27;ok;
12;HOSPITAL UNIVERSITARIO DA USP SAO PAULO;BUTANTA;8;HOSPITAL HELIOPOLIS UNIDADE DE GESTAO ASSISTENCIAL I;V HELIOPOLIS;22630;22.63;2179;36.32;ok;
12;HOSPITAL UNIVERSITARIO DA USP SAO PAULO;BUTANTA;10;HOSPITAL INFANTIL DARCY VARGAS UGA III SAO PAULO;JARDIM GUEDALA;7750;7.75;967;16.12;ok;
12;HOSPITAL UNIVERSITARIO DA USP SAO PAULO;BUTANTA;11;HOSP MUN MATERNIDADE PROFESSOR MARIO DEGNI;VILA ANTONIO;3680;3.68;526;8.77;ok;
12;HOSPITAL UNIVERSITARIO DA USP SAO PAULO;BUTANTA;12;HOSPITAL UNIVERSITARIO DA USP SAO PAULO;BUTANTA;0;0.0;0;0.0;ok;
12;HOSPITAL UNIVERSITARIO DA USP SAO PAULO;BUTANTA;13;CAISM PHILIPPE PINEL SAO PAULO;PIRITUBA;16920;16.92;1624;27.07;ok;
12;HOSPITAL UNIVERSITARIO DA USP SAO PAULO;BUTANTA;14;HOSPITAL GERAL HENRIQUE ALTIMEYER DE VILA ALPINA;VILA ALPINA;33010;33.01;2390;39.84;ok;
12;HOSPITAL UNIVERSITARIO DA USP SAO PAULO;BUTANTA;16;HOSPITAL GERAL DE SAO MATEUS SAO PAULO;SAO MATEUS;39400;39.4;2824;47.07;ok;
12;HOSPITAL UNIVERSITARIO DA USP SAO PAULO;BUTANTA;17;UNIDADE DE GESTAO ASSISTENCIAL II HOSPITAL IPIRANGA SP;IPIRANGA;17600;17.6;1959;32.66;ok;
12;HOSPITAL UNIVERSITARIO DA USP SAO PAULO;BUTANTA;18;CONJUNTO HOSPITALAR DO MANDAQUI SAO PAULO;SANTANA;24030;24.03;2038;33.98;ok;
12;HOSPITAL UNIVERSITARIO DA USP SAO PAULO;BUTANTA;19;HOSPITAL GERAL SANTA MARCELINA DE ITAIM PAULISTA SAO PAULO;ITAIM PAULISTA;52030;52.03;3107;51.79;ok;
12;HOSPITAL UNIVERSITARIO DA USP SAO PAULO;BUTANTA;20;HOSP MUN PROF DR WALDOMIRO DE PAULA;ITAQUERA;49260;49.26;3049;50.83;ok;
12;HOSPITAL UNIVERSITARIO DA USP SAO PAULO;BUTANTA;21;HOSPITAL GERAL DO GRAJAU PROF LIBER JOHN ALPHONSE DI DIO SP;PARQUE DAS NACOES;28900;28.9;2471;41.19;ok;
12;HOSPITAL UNIVERSITARIO DA USP SAO PAULO;BUTANTA;22;HOSPITAL E MATERNIDADE LEONOR MENDES DE BARROS SAO PAULO;BELENZINHO;26040;26.04;1795;29.92;ok;
12;HOSPITAL UNIVERSITARIO DA USP SAO PAULO;BUTANTA;23;CENTRO DE REFERENCIA E TREINAMENTO DST AIDS SAO PAULO;VILA MARIANA;14210;14.21;1527;25.45;ok;
12;HOSPITAL UNIVERSITARIO DA USP SAO PAULO;BUTANTA;24;HOSPITAL MILITAR DE AREA DE SAO PAULO;CAMBUCI;17270;17.27;1903;31.72;ok;
12;HOSPITAL UNIVERSITARIO DA USP SAO PAULO;BUTANTA;25;CENTRO DE REFERENCIA DA SAUDE DA MULHER;CAMPOS ELISEOS;13270;13.27;1576;26.27;ok;
12;HOSPITAL UNIVERSITARIO DA USP SAO PAULO;BUTANTA;26;HOSP MUN INFANTIL MENINO JESUS;BELA VISTA;12560;12.56;1475;24.58;ok;
12;HOSPITAL UNIVERSITARIO DA USP SAO PAULO;BUTANTA;28;HOSP MUN MAT ESC DR MARIO DE MORAES A SILVA;VILA NOVA CACHOEIRIN;18110;18.11;1697;28.29;ok;
12;HOSPITAL UNIVERSITARIO DA USP SAO PAULO;BUTANTA;29;HOSPITAL GERAL JESUS TEIXEIRA DA COSTA GUAIANASES SAO PAULO;JARDIM SAO PAULO;57210;57.21;3628;60.47;ok;
12;HOSPITAL UNIVERSITARIO DA USP SAO PAULO;BUTANTA;30;HOSP MUN DR CARMINO CARICCHIO;TATUAPE;27220;27.22;1986;33.12;ok;
12;HOSPITAL UNIVERSITARIO DA USP SAO PAULO;BUTANTA;31;HOSP MUN TIDE SETUBAL;SAO MIGUEL PAULISTA;45430;45.43;2793;46.56;ok;
12;HOSPITAL UNIVERSITARIO DA USP SAO PAULO;BUTANTA;32;HOSP MUN V NHOCUNE ALEXANDRE ZAIO;VILA NHOCUNE;36420;36.42;2634;43.9;ok;
12;HOSPITAL UNIVERSITARIO DA USP SAO PAULO;BUTANTA;33;HOSP MUN JABAQUARA ARTUR RIBEIRO DE SABOYA;JABAQUARA;19720;19.72;1820;30.35;ok;
12;HOSPITAL UNIVERSITARIO DA USP SAO PAULO;BUTANTA;34;HOSPITAL KATIA DE SOUZA RODRIGUES TAIPASSP SAO PAULO;PARADA DE TAIPAS;21180;21.18;1890;31.51;ok;
12;HOSPITAL UNIVERSITARIO DA USP SAO PAULO;BUTANTA;35;HOSP MUN PROFESSOR DOUTOR ALIPIO CORREA NETTO;VILA PARANAGUA;37970;37.97;2840;47.35;ok;
12;HOSPITAL UNIVERSITARIO DA USP SAO PAULO;BUTANTA;36;HOSPITAL MUNICIPAL DR BENEDITO MONTENEGRO;JARDIM IVA;35610;35.61;2738;45.65;ok;
12;HOSPITAL UNIVERSITARIO DA USP SAO PAULO;BUTANTA;37;HOSP MUN IGNACIO PROENCA DE GOUVEA;PARQUE DA MOOCA;20210;20.21;2167;36.13;ok;
12;HOSPITAL UNIVERSITARIO DA USP SAO PAULO;BUTANTA;38;HOSPITAL INFANTIL CANDIDO FONTOURA SAO PAULO;AGUA RASA;28730;28.73;2027;33.78;ok;
12;HOSPITAL UNIVERSITARIO DA USP SAO PAULO;BUTANTA;40;HOSPITAL REGIONAL SUL SAO PAULO;SANTO AMARO;19010;19.01;1581;26.36;ok;
12;HOSPITAL UNIVERSITARIO DA USP SAO PAULO;BUTANTA;42;HOSPITAL ESTADUAL DE SAPOPEMBA SAO PAULO;JARDIM SAPOPEMBA;41540;41.54;3082;51.37;ok;
12;HOSPITAL UNIVERSITARIO DA USP SAO PAULO;BUTANTA;43;HOSPITAL GERAL DE VILA PENTEADO DR JOSE PANGELLA SAO PAULO;JARDIM IRACEMA;14530;14.53;1353;22.55;ok;
12;HOSPITAL UNIVERSITARIO DA USP SAO PAULO;BUTANTA;46;HOSP DO SERV PUB MUNICIPAL HSPM;LIBERDADE;14050;14.05;1677;27.96;ok;
12;HOSPITAL UNIVERSITARIO DA USP SAO PAULO;BUTANTA;47;HOSP MUN FERNANDO MAURO PIRES DA ROCHA;CAMPO LIMPO;18130;18.13;1445;24.1;ok;
12;HOSPITAL UNIVERSITARIO DA USP SAO PAULO;BUTANTA;48;CENTRO HOSPITALAR DO SISTEMA PENITENCIARIO SAO PAULO;CARANDIRU;22210;22.21;1782;29.71;ok;
12;HOSPITAL UNIVERSITARIO DA USP SAO PAULO;BUTANTA;49;HOSP MUN VER JOSE STOROPOLLI;PARQUE NOVO MUNDO;29700;29.7;2049;34.16;ok;
12;HOSPITAL UNIVERSITARIO DA USP SAO PAULO;BUTANTA;50;CENTRO MEDICO PMESP;TREMEMBE;27250;27.25;2346;39.1;ok;
12;HOSPITAL UNIVERSITARIO DA USP SAO PAULO;BUTANTA;51;HOSP MUN CARMEN PRUDENTE;CIDADE TIRADENTES;48420;48.42;3683;61.39;ok;
12;HOSPITAL UNIVERSITARIO DA USP SAO PAULO;BUTANTA;53;INSTITUTO DE REABILITACAO LUCY MONTORO;VILA ANDRADE;15950;15.95;1310;21.85;ok;
12;HOSPITAL UNIVERSITARIO DA USP SAO PAULO;BUTANTA;55;INSTITUTO DO CANCER DO ESTADO DE SAO PAULO;CERQUEIRA CESAR;9450;9.45;1146;19.11;ok;
12;HOSPITAL UNIVERSITARIO DA USP SAO PAULO;BUTANTA;56;HOSP MUN SOROCABANA;VILA ROMANA;8290;8.29;1057;17.62;ok;
12;HOSPITAL UNIVERSITARIO DA USP SAO PAULO;BUTANTA;57;HOSP MUN GILSON DE CASSIA MARQUES DE CARVALHO;VILA MASCOTE;16930;16.93;1556;25.94;ok;
12;HOSPITAL UNIVERSITARIO DA USP SAO PAULO;BUTANTA;58;HOSP MUN CAPELA DO SOCORRO;JARDIM DAS IMBUIAS;27890;27.89;2454;40.91;ok;
12;HOSPITAL UNIVERSITARIO DA USP SAO PAULO;BUTANTA;59;HOSP MUN JOSANIAS CASTANHA BRAGA;JARDIM ROSCHEL;40960;40.96;3324;55.4;ok;
12;HOSPITAL UNIVERSITARIO DA USP SAO PAULO;BUTANTA;233;HOSP MUN SOROCABANA;ALTO DE PINHEIROS;4950;4.95;677;11.29;ok;
13;CAISM PHILIPPE PINEL SAO PAULO;PIRITUBA;1;HOSPITAL MUNICIPAL SANTA DULCE DOS POBRES;CONSOLACAO;14550;14.55;1537;25.62;ok;
13;CAISM PHILIPPE PINEL SAO PAULO;PIRITUBA;2;HOSPITAL MUNICIPAL BRASILANDIA;JARDIM MARISTELA;5550;5.55;568;9.47;ok;
13;CAISM PHILIPPE PINEL SAO PAULO;PIRITUBA;3;HOSPITAL MUNICIPAL GUARAPIRANGA;RIVIERA PAULISTA;33250;33.25;2399;39.99;ok;
13;CAISM PHILIPPE PINEL SAO PAULO;PIRITUBA;4;INSTITUTO DE INFECTOLOGIA EMILIO RIBAS;SUMARE;11250;11.25;1119;18.66;ok;
13;CAISM PHILIPPE PINEL SAO PAULO;PIRITUBA;5;HOSPITAL DO SERV PUB EST FCO MORATO DE OLIVEIRA SAO PAULO;IBIRAPUERA;24310;24.31;1833;30.56;ok;
13;CAISM PHILIPPE PINEL SAO PAULO;PIRITUBA;6;HOSPITAL MATERNIDADE INTERLAGOS;JD LEBLON;34540;34.54;2534;42.24;ok;
13;CAISM PHILIPPE PINEL SAO PAULO;PIRITUBA;7;HOSPITAL GERAL DE PEDREIRA;VILA CAMPO GRANDE;33530;33.53;2494;41.58;ok;
13;CAISM PHILIPPE PINEL SAO PAULO;PIRITUBA;8;HOSPITAL HELIOPOLIS UNIDADE DE GESTAO ASSISTENCIAL I;V HELIOPOLIS;24320;24.32;2141;35.69;ok;
13;CAISM PHILIPPE PINEL SAO PAULO;PIRITUBA;10;HOSPITAL INFANTIL DARCY VARGAS UGA III SAO PAULO;JARDIM GUEDALA;20220;20.22;1622;27.04;ok;
13;CAISM PHILIPPE PINEL SAO PAULO;PIRITUBA;11;HOSP MUN MATERNIDADE PROFESSOR MARIO DEGNI;VILA ANTONIO;16540;16.54;1535;25.59;ok;
13;CAISM PHILIPPE PINEL SAO PAULO;PIRITUBA;12;HOSPITAL UNIVERSITARIO DA USP SAO PAULO;BUTANTA;14610;14.61;1435;23.93;ok;
13;CAISM PHILIPPE PINEL SAO PAULO;PIRITUBA;13;CAISM PHILIPPE PINEL SAO PAULO;PIRITUBA;0;0.0;0;0.0;ok;
13;CAISM PHILIPPE PINEL SAO PAULO;PIRITUBA;14;HOSPITAL GERAL HENRIQUE ALTIMEYER DE VILA ALPINA;VILA ALPINA;25810;25.81;1919;31.98;ok;
13;CAISM PHILIPPE PINEL SAO PAULO;PIRITUBA;16;HOSPITAL GERAL DE SAO MATEUS SAO PAULO;SAO MATEUS;32200;32.2;2353;39.22;ok;
13;CAISM PHILIPPE PINEL SAO PAULO;PIRITUBA;17;UNIDADE DE GESTAO ASSISTENCIAL II HOSPITAL IPIRANGA SP;IPIRANGA;21090;21.09;1868;31.14;ok;
13;CAISM PHILIPPE PINEL SAO PAULO;PIRITUBA;18;CONJUNTO HOSPITALAR DO MANDAQUI SAO PAULO;SANTANA;14930;14.93;1450;24.17;ok;
13;CAISM PHILIPPE PINEL SAO PAULO;PIRITUBA;19;HOSPITAL GERAL SANTA MARCELINA DE ITAIM PAULISTA SAO PAULO;ITAIM PAULISTA;44820;44.82;2636;43.94;ok;
13;CAISM PHILIPPE PINEL SAO PAULO;PIRITUBA;20;HOSP MUN PROF DR WALDOMIRO DE PAULA;ITAQUERA;42060;42.06;2578;42.98;ok;
13;CAISM PHILIPPE PINEL SAO PAULO;PIRITUBA;21;HOSPITAL GERAL DO GRAJAU PROF LIBER JOHN ALPHONSE DI DIO SP;PARQUE DAS NACOES;36340;36.34;2943;49.06;ok;
13;CAISM PHILIPPE PINEL SAO PAULO;PIRITUBA;22;HOSPITAL E MATERNIDADE LEONOR MENDES DE BARROS SAO PAULO;BELENZINHO;18840;18.84;1323;22.07;ok;
13;CAISM PHILIPPE PINEL SAO PAULO;PIRITUBA;23;CENTRO DE REFERENCIA E TREINAMENTO DST AIDS SAO PAULO;VILA MARIANA;19780;19.78;1979;32.98;ok;
13;CAISM PHILIPPE PINEL SAO PAULO;PIRITUBA;24;HOSPITAL MILITAR DE AREA DE SAO PAULO;CAMBUCI;19690;19.69;1740;29.0;ok;
13;CAISM PHILIPPE PINEL SAO PAULO;PIRITUBA;25;CENTRO DE REFERENCIA DA SAUDE DA MULHER;CAMPOS ELISEOS;13290;13.29;1215;20.26;ok;
13;CAISM PHILIPPE PINEL SAO PAULO;PIRITUBA;26;HOSP MUN INFANTIL MENINO JESUS;BELA VISTA;15420;15.42;1632;27.21;ok;
13;CAISM PHILIPPE PINEL SAO PAULO;PIRITUBA;28;HOSP MUN MAT ESC DR MARIO DE MORAES A SILVA;VILA NOVA CACHOEIRIN;9120;9.12;908;15.13;ok;
13;CAISM PHILIPPE PINEL SAO PAULO;PIRITUBA;29;HOSPITAL GERAL JESUS TEIXEIRA DA COSTA GUAIANASES SAO PAULO;JARDIM SAO PAULO;50010;50.01;3157;52.62;ok;
13;CAISM PHILIPPE PINEL SAO PAULO;PIRITUBA;30;HOSP MUN DR CARMINO CARICCHIO;TATUAPE;20020;20.02;1515;25.26;ok;
13;CAISM PHILIPPE PINEL SAO PAULO;PIRITUBA;31;HOSP MUN TIDE SETUBAL;SAO MIGUEL PAULISTA;38230;38.23;2322;38.7;ok;
13;CAISM PHILIPPE PINEL SAO PAULO;PIRITUBA;32;HOSP MUN V NHOCUNE ALEXANDRE ZAIO;VILA NHOCUNE;29220;29.22;2162;36.05;ok;
13;CAISM PHILIPPE PINEL SAO PAULO;PIRITUBA;33;HOSP MUN JABAQUARA ARTUR RIBEIRO DE SABOYA;JABAQUARA;29820;29.82;2319;38.66;ok;
13;CAISM PHILIPPE PINEL SAO PAULO;PIRITUBA;34;HOSPITAL KATIA DE SOUZA RODRIGUES TAIPASSP SAO PAULO;PARADA DE TAIPAS;6370;6.37;585;9.76;ok;
13;CAISM PHILIPPE PINEL SAO PAULO;PIRITUBA;35;HOSP MUN PROFESSOR DOUTOR ALIPIO CORREA NETTO;VILA PARANAGUA;30770;30.77;2369;39.49;ok;
13;CAISM PHILIPPE PINEL SAO PAULO;PIRITUBA;36;HOSPITAL MUNICIPAL DR BENEDITO MONTENEGRO;JARDIM IVA;28410;28.41;2267;37.8;ok;
13;CAISM PHILIPPE PINEL SAO PAULO;PIRITUBA;37;HOSP MUN IGNACIO PROENCA DE GOUVEA;PARQUE DA MOOCA;24020;24.02;1792;29.87;ok;
13;CAISM PHILIPPE PINEL SAO PAULO;PIRITUBA;38;HOSPITAL INFANTIL CANDIDO FONTOURA SAO PAULO;AGUA RASA;21520;21.52;1555;25.93;ok;
13;CAISM PHILIPPE PINEL SAO PAULO;PIRITUBA;40;HOSPITAL REGIONAL SUL SAO PAULO;SANTO AMARO;29110;29.11;2080;34.67;ok;
13;CAISM PHILIPPE PINEL SAO PAULO;PIRITUBA;42;HOSPITAL ESTADUAL DE SAPOPEMBA SAO PAULO;JARDIM SAPOPEMBA;34340;34.34;2610;43.52;ok;
13;CAISM PHILIPPE PINEL SAO PAULO;PIRITUBA;43;HOSPITAL GERAL DE VILA PENTEADO DR JOSE PANGELLA SAO PAULO;JARDIM IRACEMA;4460;4.46;424;7.07;ok;
13;CAISM PHILIPPE PINEL SAO PAULO;PIRITUBA;46;HOSP DO SERV PUB MUNICIPAL HSPM;LIBERDADE;18800;18.8;1723;28.73;ok;
13;CAISM PHILIPPE PINEL SAO PAULO;PIRITUBA;47;HOSP MUN FERNANDO MAURO PIRES DA ROCHA;CAMPO LIMPO;28230;28.23;1944;32.41;ok;
13;CAISM PHILIPPE PINEL SAO PAULO;PIRITUBA;48;CENTRO HOSPITALAR DO SISTEMA PENITENCIARIO SAO PAULO;CARANDIRU;15000;15.0;1311;21.86;ok;
13;CAISM PHILIPPE PINEL SAO PAULO;PIRITUBA;49;HOSP MUN VER JOSE STOROPOLLI;PARQUE NOVO MUNDO;22490;22.49;1578;26.31;ok;
13;CAISM PHILIPPE PINEL SAO PAULO;PIRITUBA;50;CENTRO MEDICO PMESP;TREMEMBE;17950;17.95;1640;27.33;ok;
13;CAISM PHILIPPE PINEL SAO PAULO;PIRITUBA;51;HOSP MUN CARMEN PRUDENTE;CIDADE TIRADENTES;41220;41.22;3212;53.54;ok;
13;CAISM PHILIPPE PINEL SAO PAULO;PIRITUBA;53;INSTITUTO DE REABILITACAO LUCY MONTORO;VILA ANDRADE;26050;26.05;1809;30.16;ok;
13;CAISM PHILIPPE PINEL SAO PAULO;PIRITUBA;55;INSTITUTO DO CANCER DO ESTADO DE SAO PAULO;CERQUEIRA CESAR;13050;13.05;1355;22.58;ok;
13;CAISM PHILIPPE PINEL SAO PAULO;PIRITUBA;56;HOSP MUN SOROCABANA;VILA ROMANA;6680;6.68;677;11.29;ok;
13;CAISM PHILIPPE PINEL SAO PAULO;PIRITUBA;57;HOSP MUN GILSON DE CASSIA MARQUES DE CARVALHO;VILA MASCOTE;27030;27.03;2055;34.25;ok;
13;CAISM PHILIPPE PINEL SAO PAULO;PIRITUBA;58;HOSP MUN CAPELA DO SOCORRO;JARDIM DAS IMBUIAS;37990;37.99;2953;49.22;ok;
13;CAISM PHILIPPE PINEL SAO PAULO;PIRITUBA;59;HOSP MUN JOSANIAS CASTANHA BRAGA;JARDIM ROSCHEL;51060;51.06;3822;63.71;ok;
13;CAISM PHILIPPE PINEL SAO PAULO;PIRITUBA;233;HOSP MUN SOROCABANA;ALTO DE PINHEIROS;9320;9.32;1033;17.22;ok;
14;HOSPITAL GERAL HENRIQUE ALTIMEYER DE VILA ALPINA;VILA ALPINA;1;HOSPITAL MUNICIPAL SANTA DULCE DOS POBRES;CONSOLACAO;12260;12.26;1316;21.94;ok;
14;HOSPITAL GERAL HENRIQUE ALTIMEYER DE VILA ALPINA;VILA ALPINA;2;HOSPITAL MUNICIPAL BRASILANDIA;JARDIM MARISTELA;25850;25.85;1989;33.16;ok;
14;HOSPITAL GERAL HENRIQUE ALTIMEYER DE VILA ALPINA;VILA ALPINA;3;HOSPITAL MUNICIPAL GUARAPIRANGA;RIVIERA PAULISTA;28490;28.49;2860;47.67;ok;
14;HOSPITAL GERAL HENRIQUE ALTIMEYER DE VILA ALPINA;VILA ALPINA;4;INSTITUTO DE INFECTOLOGIA EMILIO RIBAS;SUMARE;15410;15.41;1666;27.78;ok;
14;HOSPITAL GERAL HENRIQUE ALTIMEYER DE VILA ALPINA;VILA ALPINA;5;HOSPITAL DO SERV PUB EST FCO MORATO DE OLIVEIRA SAO PAULO;IBIRAPUERA;12190;12.19;1331;22.2;ok;
14;HOSPITAL GERAL HENRIQUE ALTIMEYER DE VILA ALPINA;VILA ALPINA;6;HOSPITAL MATERNIDADE INTERLAGOS;JD LEBLON;24260;24.26;2516;41.95;ok;
14;HOSPITAL GERAL HENRIQUE ALTIMEYER DE VILA ALPINA;VILA ALPINA;7;HOSPITAL GERAL DE PEDREIRA;VILA CAMPO GRANDE;21380;21.38;2247;37.45;ok;
14;HOSPITAL GERAL HENRIQUE ALTIMEYER DE VILA ALPINA;VILA ALPINA;8;HOSPITAL HELIOPOLIS UNIDADE DE GESTAO ASSISTENCIAL I;V HELIOPOLIS;6880;6.88;720;12.01;ok;
14;HOSPITAL GERAL HENRIQUE ALTIMEYER DE VILA ALPINA;VILA ALPINA;10;HOSPITAL INFANTIL DARCY VARGAS UGA III SAO PAULO;JARDIM GUEDALA;19120;19.12;2099;35.0;ok;
14;HOSPITAL GERAL HENRIQUE ALTIMEYER DE VILA ALPINA;VILA ALPINA;11;HOSP MUN MATERNIDADE PROFESSOR MARIO DEGNI;VILA ANTONIO;35170;35.17;2451;40.86;ok;
14;HOSPITAL GERAL HENRIQUE ALTIMEYER DE VILA ALPINA;VILA ALPINA;12;HOSPITAL UNIVERSITARIO DA USP SAO PAULO;BUTANTA;33240;33.24;2351;39.2;ok;
14;HOSPITAL GERAL HENRIQUE ALTIMEYER DE VILA ALPINA;VILA ALPINA;13;CAISM PHILIPPE PINEL SAO PAULO;PIRITUBA;26040;26.04;2016;33.61;ok;
14;HOSPITAL GERAL HENRIQUE ALTIMEYER DE VILA ALPINA;VILA ALPINA;14;HOSPITAL GERAL HENRIQUE ALTIMEYER DE VILA ALPINA;VILA ALPINA;0;0.0;0;0.0;ok;
14;HOSPITAL GERAL HENRIQUE ALTIMEYER DE VILA ALPINA;VILA ALPINA;16;HOSPITAL GERAL DE SAO MATEUS SAO PAULO;SAO MATEUS;10600;10.6;1000;16.68;ok;
14;HOSPITAL GERAL HENRIQUE ALTIMEYER DE VILA ALPINA;VILA ALPINA;17;UNIDADE DE GESTAO ASSISTENCIAL II HOSPITAL IPIRANGA SP;IPIRANGA;5910;5.91;593;9.89;ok;
14;HOSPITAL GERAL HENRIQUE ALTIMEYER DE VILA ALPINA;VILA ALPINA;18;CONJUNTO HOSPITALAR DO MANDAQUI SAO PAULO;SANTANA;17720;17.72;1720;28.67;ok;
14;HOSPITAL GERAL HENRIQUE ALTIMEYER DE VILA ALPINA;VILA ALPINA;19;HOSPITAL GERAL SANTA MARCELINA DE ITAIM PAULISTA SAO PAULO;ITAIM PAULISTA;35440;35.44;2292;38.2;ok;
14;HOSPITAL GERAL HENRIQUE ALTIMEYER DE VILA ALPINA;VILA ALPINA;20;HOSP MUN PROF DR WALDOMIRO DE PAULA;ITAQUERA;17220;17.22;1656;27.61;ok;
14;HOSPITAL GERAL HENRIQUE ALTIMEYER DE VILA ALPINA;VILA ALPINA;21;HOSPITAL GERAL DO GRAJAU PROF LIBER JOHN ALPHONSE DI DIO SP;PARQUE DAS NACOES;18650;18.65;1437;23.97;ok;
14;HOSPITAL GERAL HENRIQUE ALTIMEYER DE VILA ALPINA;VILA ALPINA;22;HOSPITAL E MATERNIDADE LEONOR MENDES DE BARROS SAO PAULO;BELENZINHO;8240;8.24;807;13.45;ok;
14;HOSPITAL GERAL HENRIQUE ALTIMEYER DE VILA ALPINA;VILA ALPINA;23;CENTRO DE REFERENCIA E TREINAMENTO DST AIDS SAO PAULO;VILA MARIANA;10740;10.74;1145;19.09;ok;
14;HOSPITAL GERAL HENRIQUE ALTIMEYER DE VILA ALPINA;VILA ALPINA;24;HOSPITAL MILITAR DE AREA DE SAO PAULO;CAMBUCI;8010;8.01;794;13.25;ok;
14;HOSPITAL GERAL HENRIQUE ALTIMEYER DE VILA ALPINA;VILA ALPINA;25;CENTRO DE REFERENCIA DA SAUDE DA MULHER;CAMPOS ELISEOS;12620;12.62;1243;20.73;ok;
14;HOSPITAL GERAL HENRIQUE ALTIMEYER DE VILA ALPINA;VILA ALPINA;26;HOSP MUN INFANTIL MENINO JESUS;BELA VISTA;11720;11.72;1303;21.72;ok;
14;HOSPITAL GERAL HENRIQUE ALTIMEYER DE VILA ALPINA;VILA ALPINA;28;HOSP MUN MAT ESC DR MARIO DE MORAES A SILVA;VILA NOVA CACHOEIRIN;23960;23.96;1894;31.57;ok;
14;HOSPITAL GERAL HENRIQUE ALTIMEYER DE VILA ALPINA;VILA ALPINA;29;HOSPITAL GERAL JESUS TEIXEIRA DA COSTA GUAIANASES SAO PAULO;JARDIM SAO PAULO;22310;22.31;2077;34.63;ok;
14;HOSPITAL GERAL HENRIQUE ALTIMEYER DE VILA ALPINA;VILA ALPINA;30;HOSP MUN DR CARMINO CARICCHIO;TATUAPE;9360;9.36;938;15.63;ok;
14;HOSPITAL GERAL HENRIQUE ALTIMEYER DE VILA ALPINA;VILA ALPINA;31;HOSP MUN TIDE SETUBAL;SAO MIGUEL PAULISTA;28850;28.85;1978;32.97;ok;
14;HOSPITAL GERAL HENRIQUE ALTIMEYER DE VILA ALPINA;VILA ALPINA;32;HOSP MUN V NHOCUNE ALEXANDRE ZAIO;VILA NHOCUNE;11030;11.03;1115;18.6;ok;
14;HOSPITAL GERAL HENRIQUE ALTIMEYER DE VILA ALPINA;VILA ALPINA;33;HOSP MUN JABAQUARA ARTUR RIBEIRO DE SABOYA;JABAQUARA;15100;15.1;1534;25.58;ok;
14;HOSPITAL GERAL HENRIQUE ALTIMEYER DE VILA ALPINA;VILA ALPINA;34;HOSPITAL KATIA DE SOUZA RODRIGUES TAIPASSP SAO PAULO;PARADA DE TAIPAS;30310;30.31;2282;38.04;ok;
14;HOSPITAL GERAL HENRIQUE ALTIMEYER DE VILA ALPINA;VILA ALPINA;35;HOSP MUN PROFESSOR DOUTOR ALIPIO CORREA NETTO;VILA PARANAGUA;19400;19.4;2012;33.54;ok;
14;HOSPITAL GERAL HENRIQUE ALTIMEYER DE VILA ALPINA;VILA ALPINA;36;HOSPITAL MUNICIPAL DR BENEDITO MONTENEGRO;JARDIM IVA;6670;6.67;666;11.1;ok;
14;HOSPITAL GERAL HENRIQUE ALTIMEYER DE VILA ALPINA;VILA ALPINA;37;HOSP MUN IGNACIO PROENCA DE GOUVEA;PARQUE DA MOOCA;5120;5.12;467;7.8;ok;
14;HOSPITAL GERAL HENRIQUE ALTIMEYER DE VILA ALPINA;VILA ALPINA;38;HOSPITAL INFANTIL CANDIDO FONTOURA SAO PAULO;AGUA RASA;6600;6.6;695;11.59;ok;
14;HOSPITAL GERAL HENRIQUE ALTIMEYER DE VILA ALPINA;VILA ALPINA;40;HOSPITAL REGIONAL SUL SAO PAULO;SANTO AMARO;21600;21.6;2201;36.69;ok;
14;HOSPITAL GERAL HENRIQUE ALTIMEYER DE VILA ALPINA;VILA ALPINA;42;HOSPITAL ESTADUAL DE SAPOPEMBA SAO PAULO;JARDIM SAPOPEMBA;9140;9.14;877;14.62;ok;
14;HOSPITAL GERAL HENRIQUE ALTIMEYER DE VILA ALPINA;VILA ALPINA;43;HOSPITAL GERAL DE VILA PENTEADO DR JOSE PANGELLA SAO PAULO;JARDIM IRACEMA;23650;23.65;1745;29.09;ok;
14;HOSPITAL GERAL HENRIQUE ALTIMEYER DE VILA ALPINA;VILA ALPINA;46;HOSP DO SERV PUB MUNICIPAL HSPM;LIBERDADE;9840;9.84;1146;19.11;ok;
14;HOSPITAL GERAL HENRIQUE ALTIMEYER DE VILA ALPINA;VILA ALPINA;47;HOSP MUN FERNANDO MAURO PIRES DA ROCHA;CAMPO LIMPO;26570;26.57;2461;41.02;ok;
14;HOSPITAL GERAL HENRIQUE ALTIMEYER DE VILA ALPINA;VILA ALPINA;48;CENTRO HOSPITALAR DO SISTEMA PENITENCIARIO SAO PAULO;CARANDIRU;14040;14.04;1299;21.66;ok;
14;HOSPITAL GERAL HENRIQUE ALTIMEYER DE VILA ALPINA;VILA ALPINA;49;HOSP MUN VER JOSE STOROPOLLI;PARQUE NOVO MUNDO;13110;13.11;1234;20.58;ok;
14;HOSPITAL GERAL HENRIQUE ALTIMEYER DE VILA ALPINA;VILA ALPINA;50;CENTRO MEDICO PMESP;TREMEMBE;19280;19.28;1873;31.22;ok;
14;HOSPITAL GERAL HENRIQUE ALTIMEYER DE VILA ALPINA;VILA ALPINA;51;HOSP MUN CARMEN PRUDENTE;CIDADE TIRADENTES;20490;20.49;1949;32.49;ok;
14;HOSPITAL GERAL HENRIQUE ALTIMEYER DE VILA ALPINA;VILA ALPINA;53;INSTITUTO DE REABILITACAO LUCY MONTORO;VILA ANDRADE;24390;24.39;2326;38.77;ok;
14;HOSPITAL GERAL HENRIQUE ALTIMEYER DE VILA ALPINA;VILA ALPINA;55;INSTITUTO DO CANCER DO ESTADO DE SAO PAULO;CERQUEIRA CESAR;15120;15.12;1650;27.51;ok;
14;HOSPITAL GERAL HENRIQUE ALTIMEYER DE VILA ALPINA;VILA ALPINA;56;HOSP MUN SOROCABANA;VILA ROMANA;23130;23.13;1856;30.94;ok;
14;HOSPITAL GERAL HENRIQUE ALTIMEYER DE VILA ALPINA;VILA ALPINA;57;HOSP MUN GILSON DE CASSIA MARQUES DE CARVALHO;VILA MASCOTE;15760;15.76;1637;27.29;ok;
14;HOSPITAL GERAL HENRIQUE ALTIMEYER DE VILA ALPINA;VILA ALPINA;58;HOSP MUN CAPELA DO SOCORRO;JARDIM DAS IMBUIAS;27710;27.71;2935;48.93;ok;
14;HOSPITAL GERAL HENRIQUE ALTIMEYER DE VILA ALPINA;VILA ALPINA;59;HOSP MUN JOSANIAS CASTANHA BRAGA;JARDIM ROSCHEL;40780;40.78;3805;63.42;ok;
14;HOSPITAL GERAL HENRIQUE ALTIMEYER DE VILA ALPINA;VILA ALPINA;233;HOSP MUN SOROCABANA;ALTO DE PINHEIROS;28070;28.07;2175;36.27;ok;
16;HOSPITAL GERAL DE SAO MATEUS SAO PAULO;SAO MATEUS;1;HOSPITAL MUNICIPAL SANTA DULCE DOS POBRES;CONSOLACAO;21750;21.75;2134;35.58;ok;
16;HOSPITAL GERAL DE SAO MATEUS SAO PAULO;SAO MATEUS;2;HOSPITAL MUNICIPAL BRASILANDIA;JARDIM MARISTELA;32189;32.19;2453;40.89;ok;
16;HOSPITAL GERAL DE SAO MATEUS SAO PAULO;SAO MATEUS;3;HOSPITAL MUNICIPAL GUARAPIRANGA;RIVIERA PAULISTA;38100;38.1;3749;62.48;ok;
16;HOSPITAL GERAL DE SAO MATEUS SAO PAULO;SAO MATEUS;4;INSTITUTO DE INFECTOLOGIA EMILIO RIBAS;SUMARE;28580;28.58;2373;39.55;ok;
16;HOSPITAL GERAL DE SAO MATEUS SAO PAULO;SAO MATEUS;5;HOSPITAL DO SERV PUB EST FCO MORATO DE OLIVEIRA SAO PAULO;IBIRAPUERA;21680;21.68;2150;35.84;ok;
16;HOSPITAL GERAL DE SAO MATEUS SAO PAULO;SAO MATEUS;6;HOSPITAL MATERNIDADE INTERLAGOS;JD LEBLON;33420;33.42;3226;53.77;ok;
16;HOSPITAL GERAL DE SAO MATEUS SAO PAULO;SAO MATEUS;7;HOSPITAL GERAL DE PEDREIRA;VILA CAMPO GRANDE;29100;29.1;2826;47.11;ok;
16;HOSPITAL GERAL DE SAO MATEUS SAO PAULO;SAO MATEUS;8;HOSPITAL HELIOPOLIS UNIDADE DE GESTAO ASSISTENCIAL I;V HELIOPOLIS;16490;16.49;1585;26.42;ok;
16;HOSPITAL GERAL DE SAO MATEUS SAO PAULO;SAO MATEUS;10;HOSPITAL INFANTIL DARCY VARGAS UGA III SAO PAULO;JARDIM GUEDALA;28610;28.61;2918;48.64;ok;
16;HOSPITAL GERAL DE SAO MATEUS SAO PAULO;SAO MATEUS;11;HOSP MUN MATERNIDADE PROFESSOR MARIO DEGNI;VILA ANTONIO;41510;41.51;2915;48.59;ok;
16;HOSPITAL GERAL DE SAO MATEUS SAO PAULO;SAO MATEUS;12;HOSPITAL UNIVERSITARIO DA USP SAO PAULO;BUTANTA;39590;39.59;2815;46.92;ok;
16;HOSPITAL GERAL DE SAO MATEUS SAO PAULO;SAO MATEUS;13;CAISM PHILIPPE PINEL SAO PAULO;PIRITUBA;32390;32.39;2479;41.33;ok;
16;HOSPITAL GERAL DE SAO MATEUS SAO PAULO;SAO MATEUS;14;HOSPITAL GERAL HENRIQUE ALTIMEYER DE VILA ALPINA;VILA ALPINA;10990;10.99;993;16.55;ok;
16;HOSPITAL GERAL DE SAO MATEUS SAO PAULO;SAO MATEUS;16;HOSPITAL GERAL DE SAO MATEUS SAO PAULO;SAO MATEUS;0;0.0;0;0.0;ok;
16;HOSPITAL GERAL DE SAO MATEUS SAO PAULO;SAO MATEUS;17;UNIDADE DE GESTAO ASSISTENCIAL II HOSPITAL IPIRANGA SP;IPIRANGA;15400;15.4;1411;23.53;ok;
16;HOSPITAL GERAL DE SAO MATEUS SAO PAULO;SAO MATEUS;18;CONJUNTO HOSPITALAR DO MANDAQUI SAO PAULO;SANTANA;24080;24.08;2212;36.88;ok;
16;HOSPITAL GERAL DE SAO MATEUS SAO PAULO;SAO MATEUS;19;HOSPITAL GERAL SANTA MARCELINA DE ITAIM PAULISTA SAO PAULO;ITAIM PAULISTA;19590;19.59;1796;29.95;ok;
16;HOSPITAL GERAL DE SAO MATEUS SAO PAULO;SAO MATEUS;20;HOSP MUN PROF DR WALDOMIRO DE PAULA;ITAQUERA;9450;9.45;931;15.53;ok;
16;HOSPITAL GERAL DE SAO MATEUS SAO PAULO;SAO MATEUS;21;HOSPITAL GERAL DO GRAJAU PROF LIBER JOHN ALPHONSE DI DIO SP;PARQUE DAS NACOES;19780;19.78;1772;29.55;ok;
16;HOSPITAL GERAL DE SAO MATEUS SAO PAULO;SAO MATEUS;22;HOSPITAL E MATERNIDADE LEONOR MENDES DE BARROS SAO PAULO;BELENZINHO;14390;14.39;1366;22.77;ok;
16;HOSPITAL GERAL DE SAO MATEUS SAO PAULO;SAO MATEUS;23;CENTRO DE REFERENCIA E TREINAMENTO DST AIDS SAO PAULO;VILA MARIANA;19950;19.95;1964;32.75;ok;
16;HOSPITAL GERAL DE SAO MATEUS SAO PAULO;SAO MATEUS;24;HOSPITAL MILITAR DE AREA DE SAO PAULO;CAMBUCI;17490;17.49;1613;26.89;ok;
16;HOSPITAL GERAL DE SAO MATEUS SAO PAULO;SAO MATEUS;25;CENTRO DE REFERENCIA DA SAUDE DA MULHER;CAMPOS ELISEOS;21870;21.87;2054;34.24;ok;
16;HOSPITAL GERAL DE SAO MATEUS SAO PAULO;SAO MATEUS;26;HOSP MUN INFANTIL MENINO JESUS;BELA VISTA;21050;21.05;2117;35.28;ok;
16;HOSPITAL GERAL DE SAO MATEUS SAO PAULO;SAO MATEUS;28;HOSP MUN MAT ESC DR MARIO DE MORAES A SILVA;VILA NOVA CACHOEIRIN;30300;30.3;2357;39.29;ok;
16;HOSPITAL GERAL DE SAO MATEUS SAO PAULO;SAO MATEUS;29;HOSPITAL GERAL JESUS TEIXEIRA DA COSTA GUAIANASES SAO PAULO;JARDIM SAO PAULO;13850;13.85;1312;21.88;ok;
16;HOSPITAL GERAL DE SAO MATEUS SAO PAULO;SAO MATEUS;30;HOSP MUN DR CARMINO CARICCHIO;TATUAPE;12060;12.06;1218;20.31;ok;
16;HOSPITAL GERAL DE SAO MATEUS SAO PAULO;SAO MATEUS;31;HOSP MUN TIDE SETUBAL;SAO MIGUEL PAULISTA;14080;14.08;1329;22.16;ok;
16;HOSPITAL GERAL DE SAO MATEUS SAO PAULO;SAO MATEUS;32;HOSP MUN V NHOCUNE ALEXANDRE ZAIO;VILA NHOCUNE;8530;8.53;923;15.39;ok;
16;HOSPITAL GERAL DE SAO MATEUS SAO PAULO;SAO MATEUS;33;HOSP MUN JABAQUARA ARTUR RIBEIRO DE SABOYA;JABAQUARA;26270;26.27;2337;38.95;ok;
16;HOSPITAL GERAL DE SAO MATEUS SAO PAULO;SAO MATEUS;34;HOSPITAL KATIA DE SOUZA RODRIGUES TAIPASSP SAO PAULO;PARADA DE TAIPAS;36650;36.65;2746;45.77;ok;
16;HOSPITAL GERAL DE SAO MATEUS SAO PAULO;SAO MATEUS;35;HOSP MUN PROFESSOR DOUTOR ALIPIO CORREA NETTO;VILA PARANAGUA;13990;13.99;1559;25.99;ok;
16;HOSPITAL GERAL DE SAO MATEUS SAO PAULO;SAO MATEUS;36;HOSPITAL MUNICIPAL DR BENEDITO MONTENEGRO;JARDIM IVA;3490;3.49;472;7.88;ok;
16;HOSPITAL GERAL DE SAO MATEUS SAO PAULO;SAO MATEUS;37;HOSP MUN IGNACIO PROENCA DE GOUVEA;PARQUE DA MOOCA;14010;14.01;1259;21.0;ok;
16;HOSPITAL GERAL DE SAO MATEUS SAO PAULO;SAO MATEUS;38;HOSPITAL INFANTIL CANDIDO FONTOURA SAO PAULO;AGUA RASA;12510;12.51;1302;21.71;ok;
16;HOSPITAL GERAL DE SAO MATEUS SAO PAULO;SAO MATEUS;40;HOSPITAL REGIONAL SUL SAO PAULO;SANTO AMARO;31210;31.21;3090;51.5;ok;
16;HOSPITAL GERAL DE SAO MATEUS SAO PAULO;SAO MATEUS;42;HOSPITAL ESTADUAL DE SAPOPEMBA SAO PAULO;JARDIM SAPOPEMBA;4170;4.17;420;7.0;ok;
16;HOSPITAL GERAL DE SAO MATEUS SAO PAULO;SAO MATEUS;43;HOSPITAL GERAL DE VILA PENTEADO DR JOSE PANGELLA SAO PAULO;JARDIM IRACEMA;30000;30.0;2208;36.81;ok;
16;HOSPITAL GERAL DE SAO MATEUS SAO PAULO;SAO MATEUS;46;HOSP DO SERV PUB MUNICIPAL HSPM;LIBERDADE;19960;19.96;1941;32.36;ok;
16;HOSPITAL GERAL DE SAO MATEUS SAO PAULO;SAO MATEUS;47;HOSP MUN FERNANDO MAURO PIRES DA ROCHA;CAMPO LIMPO;35050;35.05;3304;55.07;ok;
16;HOSPITAL GERAL DE SAO MATEUS SAO PAULO;SAO MATEUS;48;CENTRO HOSPITALAR DO SISTEMA PENITENCIARIO SAO PAULO;CARANDIRU;20390;20.39;1792;29.87;ok;
16;HOSPITAL GERAL DE SAO MATEUS SAO PAULO;SAO MATEUS;49;HOSP MUN VER JOSE STOROPOLLI;PARQUE NOVO MUNDO;13410;13.41;1320;22.01;ok;
16;HOSPITAL GERAL DE SAO MATEUS SAO PAULO;SAO MATEUS;50;CENTRO MEDICO PMESP;TREMEMBE;27830;27.83;2304;38.4;ok;
16;HOSPITAL GERAL DE SAO MATEUS SAO PAULO;SAO MATEUS;51;HOSP MUN CARMEN PRUDENTE;CIDADE TIRADENTES;10780;10.78;1052;17.55;ok;
16;HOSPITAL GERAL DE SAO MATEUS SAO PAULO;SAO MATEUS;53;INSTITUTO DE REABILITACAO LUCY MONTORO;VILA ANDRADE;32870;32.87;3169;52.82;ok;
16;HOSPITAL GERAL DE SAO MATEUS SAO PAULO;SAO MATEUS;55;INSTITUTO DO CANCER DO ESTADO DE SAO PAULO;CERQUEIRA CESAR;25310;25.31;2434;40.57;ok;
16;HOSPITAL GERAL DE SAO MATEUS SAO PAULO;SAO MATEUS;56;HOSP MUN SOROCABANA;VILA ROMANA;29470;29.47;2319;38.67;ok;
16;HOSPITAL GERAL DE SAO MATEUS SAO PAULO;SAO MATEUS;57;HOSP MUN GILSON DE CASSIA MARQUES DE CARVALHO;VILA MASCOTE;25370;25.37;2526;42.11;ok;
16;HOSPITAL GERAL DE SAO MATEUS SAO PAULO;SAO MATEUS;58;HOSP MUN CAPELA DO SOCORRO;JARDIM DAS IMBUIAS;35390;35.39;3480;58.02;ok;
16;HOSPITAL GERAL DE SAO MATEUS SAO PAULO;SAO MATEUS;59;HOSP MUN JOSANIAS CASTANHA BRAGA;JARDIM ROSCHEL;47780;47.78;4284;71.4;ok;
16;HOSPITAL GERAL DE SAO MATEUS SAO PAULO;SAO MATEUS;233;HOSP MUN SOROCABANA;ALTO DE PINHEIROS;34420;34.42;2639;43.99;ok;
17;UNIDADE DE GESTAO ASSISTENCIAL II HOSPITAL IPIRANGA SP;IPIRANGA;1;HOSPITAL MUNICIPAL SANTA DULCE DOS POBRES;CONSOLACAO;6350;6.35;723;12.06;ok;
17;UNIDADE DE GESTAO ASSISTENCIAL II HOSPITAL IPIRANGA SP;IPIRANGA;2;HOSPITAL MUNICIPAL BRASILANDIA;JARDIM MARISTELA;20650;20.65;1819;30.32;ok;
17;UNIDADE DE GESTAO ASSISTENCIAL II HOSPITAL IPIRANGA SP;IPIRANGA;3;HOSPITAL MUNICIPAL GUARAPIRANGA;RIVIERA PAULISTA;24660;24.66;2347;39.12;ok;
17;UNIDADE DE GESTAO ASSISTENCIAL II HOSPITAL IPIRANGA SP;IPIRANGA;4;INSTITUTO DE INFECTOLOGIA EMILIO RIBAS;SUMARE;9500;9.5;1073;17.89;ok;
17;UNIDADE DE GESTAO ASSISTENCIAL II HOSPITAL IPIRANGA SP;IPIRANGA;5;HOSPITAL DO SERV PUB EST FCO MORATO DE OLIVEIRA SAO PAULO;IBIRAPUERA;6280;6.28;738;12.31;ok;
17;UNIDADE DE GESTAO ASSISTENCIAL II HOSPITAL IPIRANGA SP;IPIRANGA;6;HOSPITAL MATERNIDADE INTERLAGOS;JD LEBLON;19490;19.49;2080;34.68;ok;
17;UNIDADE DE GESTAO ASSISTENCIAL II HOSPITAL IPIRANGA SP;IPIRANGA;7;HOSPITAL GERAL DE PEDREIRA;VILA CAMPO GRANDE;16600;16.6;1811;30.19;ok;
17;UNIDADE DE GESTAO ASSISTENCIAL II HOSPITAL IPIRANGA SP;IPIRANGA;8;HOSPITAL HELIOPOLIS UNIDADE DE GESTAO ASSISTENCIAL I;V HELIOPOLIS;4260;4.26;448;7.48;ok;
17;UNIDADE DE GESTAO ASSISTENCIAL II HOSPITAL IPIRANGA SP;IPIRANGA;10;HOSPITAL INFANTIL DARCY VARGAS UGA III SAO PAULO;JARDIM GUEDALA;13210;13.21;1506;25.11;ok;
17;UNIDADE DE GESTAO ASSISTENCIAL II HOSPITAL IPIRANGA SP;IPIRANGA;11;HOSP MUN MATERNIDADE PROFESSOR MARIO DEGNI;VILA ANTONIO;20540;20.54;1929;32.16;ok;
17;UNIDADE DE GESTAO ASSISTENCIAL II HOSPITAL IPIRANGA SP;IPIRANGA;12;HOSPITAL UNIVERSITARIO DA USP SAO PAULO;BUTANTA;18040;18.04;2012;33.54;ok;
17;UNIDADE DE GESTAO ASSISTENCIAL II HOSPITAL IPIRANGA SP;IPIRANGA;13;CAISM PHILIPPE PINEL SAO PAULO;PIRITUBA;20840;20.84;1845;30.76;ok;
17;UNIDADE DE GESTAO ASSISTENCIAL II HOSPITAL IPIRANGA SP;IPIRANGA;14;HOSPITAL GERAL HENRIQUE ALTIMEYER DE VILA ALPINA;VILA ALPINA;6690;6.69;720;12.01;ok;
17;UNIDADE DE GESTAO ASSISTENCIAL II HOSPITAL IPIRANGA SP;IPIRANGA;16;HOSPITAL GERAL DE SAO MATEUS SAO PAULO;SAO MATEUS;15880;15.88;1641;27.36;ok;
17;UNIDADE DE GESTAO ASSISTENCIAL II HOSPITAL IPIRANGA SP;IPIRANGA;17;UNIDADE DE GESTAO ASSISTENCIAL II HOSPITAL IPIRANGA SP;IPIRANGA;0;0.0;0;0.0;ok;
17;UNIDADE DE GESTAO ASSISTENCIAL II HOSPITAL IPIRANGA SP;IPIRANGA;18;CONJUNTO HOSPITALAR DO MANDAQUI SAO PAULO;SANTANA;13440;13.44;1463;24.38;ok;
17;UNIDADE DE GESTAO ASSISTENCIAL II HOSPITAL IPIRANGA SP;IPIRANGA;19;HOSPITAL GERAL SANTA MARCELINA DE ITAIM PAULISTA SAO PAULO;ITAIM PAULISTA;36920;36.92;2538;42.3;ok;
17;UNIDADE DE GESTAO ASSISTENCIAL II HOSPITAL IPIRANGA SP;IPIRANGA;20;HOSP MUN PROF DR WALDOMIRO DE PAULA;ITAQUERA;22640;22.64;2238;37.31;ok;
17;UNIDADE DE GESTAO ASSISTENCIAL II HOSPITAL IPIRANGA SP;IPIRANGA;21;HOSPITAL GERAL DO GRAJAU PROF LIBER JOHN ALPHONSE DI DIO SP;PARQUE DAS NACOES;16030;16.03;1250;20.85;ok;
17;UNIDADE DE GESTAO ASSISTENCIAL II HOSPITAL IPIRANGA SP;IPIRANGA;22;HOSPITAL E MATERNIDADE LEONOR MENDES DE BARROS SAO PAULO;BELENZINHO;8890;8.89;1012;16.87;ok;
17;UNIDADE DE GESTAO ASSISTENCIAL II HOSPITAL IPIRANGA SP;IPIRANGA;23;CENTRO DE REFERENCIA E TREINAMENTO DST AIDS SAO PAULO;VILA MARIANA;4550;4.55;553;9.22;ok;
17;UNIDADE DE GESTAO ASSISTENCIAL II HOSPITAL IPIRANGA SP;IPIRANGA;24;HOSPITAL MILITAR DE AREA DE SAO PAULO;CAMBUCI;2360;2.36;280;4.67;ok;
17;UNIDADE DE GESTAO ASSISTENCIAL II HOSPITAL IPIRANGA SP;IPIRANGA;25;CENTRO DE REFERENCIA DA SAUDE DA MULHER;CAMPOS ELISEOS;8250;8.25;871;14.53;ok;
17;UNIDADE DE GESTAO ASSISTENCIAL II HOSPITAL IPIRANGA SP;IPIRANGA;26;HOSP MUN INFANTIL MENINO JESUS;BELA VISTA;5810;5.81;710;11.84;ok;
17;UNIDADE DE GESTAO ASSISTENCIAL II HOSPITAL IPIRANGA SP;IPIRANGA;28;HOSP MUN MAT ESC DR MARIO DE MORAES A SILVA;VILA NOVA CACHOEIRIN;16910;16.91;1717;28.63;ok;
17;UNIDADE DE GESTAO ASSISTENCIAL II HOSPITAL IPIRANGA SP;IPIRANGA;29;HOSPITAL GERAL JESUS TEIXEIRA DA COSTA GUAIANASES SAO PAULO;JARDIM SAO PAULO;28090;28.09;2677;44.62;ok;
17;UNIDADE DE GESTAO ASSISTENCIAL II HOSPITAL IPIRANGA SP;IPIRANGA;30;HOSP MUN DR CARMINO CARICCHIO;TATUAPE;10840;10.84;1183;19.73;ok;
17;UNIDADE DE GESTAO ASSISTENCIAL II HOSPITAL IPIRANGA SP;IPIRANGA;31;HOSP MUN TIDE SETUBAL;SAO MIGUEL PAULISTA;30330;30.33;2224;37.07;ok;
17;UNIDADE DE GESTAO ASSISTENCIAL II HOSPITAL IPIRANGA SP;IPIRANGA;32;HOSP MUN V NHOCUNE ALEXANDRE ZAIO;VILA NHOCUNE;16460;16.46;1697;28.29;ok;
17;UNIDADE DE GESTAO ASSISTENCIAL II HOSPITAL IPIRANGA SP;IPIRANGA;33;HOSP MUN JABAQUARA ARTUR RIBEIRO DE SABOYA;JABAQUARA;10080;10.08;1072;17.88;ok;
17;UNIDADE DE GESTAO ASSISTENCIAL II HOSPITAL IPIRANGA SP;IPIRANGA;34;HOSPITAL KATIA DE SOUZA RODRIGUES TAIPASSP SAO PAULO;PARADA DE TAIPAS;25110;25.11;2111;35.2;ok;
17;UNIDADE DE GESTAO ASSISTENCIAL II HOSPITAL IPIRANGA SP;IPIRANGA;35;HOSP MUN PROFESSOR DOUTOR ALIPIO CORREA NETTO;VILA PARANAGUA;22870;22.87;2271;37.86;ok;
17;UNIDADE DE GESTAO ASSISTENCIAL II HOSPITAL IPIRANGA SP;IPIRANGA;36;HOSPITAL MUNICIPAL DR BENEDITO MONTENEGRO;JARDIM IVA;12450;12.45;1265;21.09;ok;
17;UNIDADE DE GESTAO ASSISTENCIAL II HOSPITAL IPIRANGA SP;IPIRANGA;37;HOSP MUN IGNACIO PROENCA DE GOUVEA;PARQUE DA MOOCA;4900;4.9;502;8.38;ok;
17;UNIDADE DE GESTAO ASSISTENCIAL II HOSPITAL IPIRANGA SP;IPIRANGA;38;HOSPITAL INFANTIL CANDIDO FONTOURA SAO PAULO;AGUA RASA;8029;8.03;825;13.76;ok;
17;UNIDADE DE GESTAO ASSISTENCIAL II HOSPITAL IPIRANGA SP;IPIRANGA;40;HOSPITAL REGIONAL SUL SAO PAULO;SANTO AMARO;15400;15.4;1684;28.08;ok;
17;UNIDADE DE GESTAO ASSISTENCIAL II HOSPITAL IPIRANGA SP;IPIRANGA;42;HOSPITAL ESTADUAL DE SAPOPEMBA SAO PAULO;JARDIM SAPOPEMBA;15660;15.66;1553;25.9;ok;
17;UNIDADE DE GESTAO ASSISTENCIAL II HOSPITAL IPIRANGA SP;IPIRANGA;43;HOSPITAL GERAL DE VILA PENTEADO DR JOSE PANGELLA SAO PAULO;JARDIM IRACEMA;18450;18.45;1574;26.24;ok;
17;UNIDADE DE GESTAO ASSISTENCIAL II HOSPITAL IPIRANGA SP;IPIRANGA;46;HOSP DO SERV PUB MUNICIPAL HSPM;LIBERDADE;3930;3.93;553;9.22;ok;
17;UNIDADE DE GESTAO ASSISTENCIAL II HOSPITAL IPIRANGA SP;IPIRANGA;47;HOSP MUN FERNANDO MAURO PIRES DA ROCHA;CAMPO LIMPO;19650;19.65;1892;31.54;ok;
17;UNIDADE DE GESTAO ASSISTENCIAL II HOSPITAL IPIRANGA SP;IPIRANGA;48;CENTRO HOSPITALAR DO SISTEMA PENITENCIARIO SAO PAULO;CARANDIRU;10500;10.5;1147;19.13;ok;
17;UNIDADE DE GESTAO ASSISTENCIAL II HOSPITAL IPIRANGA SP;IPIRANGA;49;HOSP MUN VER JOSE STOROPOLLI;PARQUE NOVO MUNDO;14590;14.59;1480;24.68;ok;
17;UNIDADE DE GESTAO ASSISTENCIAL II HOSPITAL IPIRANGA SP;IPIRANGA;50;CENTRO MEDICO PMESP;TREMEMBE;15360;15.36;1732;28.87;ok;
17;UNIDADE DE GESTAO ASSISTENCIAL II HOSPITAL IPIRANGA SP;IPIRANGA;51;HOSP MUN CARMEN PRUDENTE;CIDADE TIRADENTES;27050;27.05;2559;42.65;ok;
17;UNIDADE DE GESTAO ASSISTENCIAL II HOSPITAL IPIRANGA SP;IPIRANGA;53;INSTITUTO DE REABILITACAO LUCY MONTORO;VILA ANDRADE;17470;17.47;1757;29.29;ok;
17;UNIDADE DE GESTAO ASSISTENCIAL II HOSPITAL IPIRANGA SP;IPIRANGA;55;INSTITUTO DO CANCER DO ESTADO DE SAO PAULO;CERQUEIRA CESAR;9210;9.21;1057;17.63;ok;
17;UNIDADE DE GESTAO ASSISTENCIAL II HOSPITAL IPIRANGA SP;IPIRANGA;56;HOSP MUN SOROCABANA;VILA ROMANA;14620;14.62;1555;25.93;ok;
17;UNIDADE DE GESTAO ASSISTENCIAL II HOSPITAL IPIRANGA SP;IPIRANGA;57;HOSP MUN GILSON DE CASSIA MARQUES DE CARVALHO;VILA MASCOTE;10990;10.99;1201;20.03;ok;
17;UNIDADE DE GESTAO ASSISTENCIAL II HOSPITAL IPIRANGA SP;IPIRANGA;58;HOSP MUN CAPELA DO SOCORRO;JARDIM DAS IMBUIAS;22940;22.94;2499;41.66;ok;
17;UNIDADE DE GESTAO ASSISTENCIAL II HOSPITAL IPIRANGA SP;IPIRANGA;59;HOSP MUN JOSANIAS CASTANHA BRAGA;JARDIM ROSCHEL;36000;36.0;3369;56.15;ok;
17;UNIDADE DE GESTAO ASSISTENCIAL II HOSPITAL IPIRANGA SP;IPIRANGA;233;HOSP MUN SOROCABANA;ALTO DE PINHEIROS;15590;15.59;1732;28.88;ok;
18;CONJUNTO HOSPITALAR DO MANDAQUI SAO PAULO;SANTANA;1;HOSPITAL MUNICIPAL SANTA DULCE DOS POBRES;CONSOLACAO;10480;10.48;1294;21.57;ok;
18;CONJUNTO HOSPITALAR DO MANDAQUI SAO PAULO;SANTANA;2;HOSPITAL MUNICIPAL BRASILANDIA;JARDIM MARISTELA;9620;9.62;1154;19.24;ok;
18;CONJUNTO HOSPITALAR DO MANDAQUI SAO PAULO;SANTANA;3;HOSPITAL MUNICIPAL GUARAPIRANGA;RIVIERA PAULISTA;41250;41.25;2754;45.9;ok;
18;CONJUNTO HOSPITALAR DO MANDAQUI SAO PAULO;SANTANA;4;INSTITUTO DE INFECTOLOGIA EMILIO RIBAS;SUMARE;11300;11.3;1193;19.88;ok;
18;CONJUNTO HOSPITALAR DO MANDAQUI SAO PAULO;SANTANA;5;HOSPITAL DO SERV PUB EST FCO MORATO DE OLIVEIRA SAO PAULO;IBIRAPUERA;14250;14.25;1543;25.72;ok;
18;CONJUNTO HOSPITALAR DO MANDAQUI SAO PAULO;SANTANA;6;HOSPITAL MATERNIDADE INTERLAGOS;JD LEBLON;42540;42.54;2889;48.16;ok;
18;CONJUNTO HOSPITALAR DO MANDAQUI SAO PAULO;SANTANA;7;HOSPITAL GERAL DE PEDREIRA;VILA CAMPO GRANDE;25990;25.99;2720;45.33;ok;
18;CONJUNTO HOSPITALAR DO MANDAQUI SAO PAULO;SANTANA;8;HOSPITAL HELIOPOLIS UNIDADE DE GESTAO ASSISTENCIAL I;V HELIOPOLIS;16450;16.45;1744;29.08;ok;
18;CONJUNTO HOSPITALAR DO MANDAQUI SAO PAULO;SANTANA;10;HOSPITAL INFANTIL DARCY VARGAS UGA III SAO PAULO;JARDIM GUEDALA;28220;28.22;1977;32.96;ok;
18;CONJUNTO HOSPITALAR DO MANDAQUI SAO PAULO;SANTANA;11;HOSP MUN MATERNIDADE PROFESSOR MARIO DEGNI;VILA ANTONIO;24540;24.54;1890;31.51;ok;
18;CONJUNTO HOSPITALAR DO MANDAQUI SAO PAULO;SANTANA;12;HOSPITAL UNIVERSITARIO DA USP SAO PAULO;BUTANTA;22610;22.61;1790;29.84;ok;
18;CONJUNTO HOSPITALAR DO MANDAQUI SAO PAULO;SANTANA;13;CAISM PHILIPPE PINEL SAO PAULO;PIRITUBA;14130;14.13;1445;24.09;ok;
18;CONJUNTO HOSPITALAR DO MANDAQUI SAO PAULO;SANTANA;14;HOSPITAL GERAL HENRIQUE ALTIMEYER DE VILA ALPINA;VILA ALPINA;18950;18.95;1724;28.75;ok;
18;CONJUNTO HOSPITALAR DO MANDAQUI SAO PAULO;SANTANA;16;HOSPITAL GERAL DE SAO MATEUS SAO PAULO;SAO MATEUS;25340;25.34;2159;35.98;ok;
18;CONJUNTO HOSPITALAR DO MANDAQUI SAO PAULO;SANTANA;17;UNIDADE DE GESTAO ASSISTENCIAL II HOSPITAL IPIRANGA SP;IPIRANGA;13210;13.21;1471;24.53;ok;
18;CONJUNTO HOSPITALAR DO MANDAQUI SAO PAULO;SANTANA;18;CONJUNTO HOSPITALAR DO MANDAQUI SAO PAULO;SANTANA;0;0.0;0;0.0;ok;
18;CONJUNTO HOSPITALAR DO MANDAQUI SAO PAULO;SANTANA;19;HOSPITAL GERAL SANTA MARCELINA DE ITAIM PAULISTA SAO PAULO;ITAIM PAULISTA;37970;37.97;2441;40.7;ok;
18;CONJUNTO HOSPITALAR DO MANDAQUI SAO PAULO;SANTANA;20;HOSP MUN PROF DR WALDOMIRO DE PAULA;ITAQUERA;35200;35.2;2384;39.74;ok;
18;CONJUNTO HOSPITALAR DO MANDAQUI SAO PAULO;SANTANA;21;HOSPITAL GERAL DO GRAJAU PROF LIBER JOHN ALPHONSE DI DIO SP;PARQUE DAS NACOES;28460;28.46;2546;42.45;ok;
18;CONJUNTO HOSPITALAR DO MANDAQUI SAO PAULO;SANTANA;22;HOSPITAL E MATERNIDADE LEONOR MENDES DE BARROS SAO PAULO;BELENZINHO;11980;11.98;1129;18.83;ok;
18;CONJUNTO HOSPITALAR DO MANDAQUI SAO PAULO;SANTANA;23;CENTRO DE REFERENCIA E TREINAMENTO DST AIDS SAO PAULO;VILA MARIANA;13880;13.88;1622;27.04;ok;
18;CONJUNTO HOSPITALAR DO MANDAQUI SAO PAULO;SANTANA;24;HOSPITAL MILITAR DE AREA DE SAO PAULO;CAMBUCI;11810;11.81;1343;22.39;ok;
18;CONJUNTO HOSPITALAR DO MANDAQUI SAO PAULO;SANTANA;25;CENTRO DE REFERENCIA DA SAUDE DA MULHER;CAMPOS ELISEOS;8300;8.3;915;15.26;ok;
18;CONJUNTO HOSPITALAR DO MANDAQUI SAO PAULO;SANTANA;26;HOSP MUN INFANTIL MENINO JESUS;BELA VISTA;10370;10.37;1295;21.58;ok;
18;CONJUNTO HOSPITALAR DO MANDAQUI SAO PAULO;SANTANA;28;HOSP MUN MAT ESC DR MARIO DE MORAES A SILVA;VILA NOVA CACHOEIRIN;6370;6.37;658;10.98;ok;
18;CONJUNTO HOSPITALAR DO MANDAQUI SAO PAULO;SANTANA;29;HOSPITAL GERAL JESUS TEIXEIRA DA COSTA GUAIANASES SAO PAULO;JARDIM SAO PAULO;43150;43.15;2962;49.38;ok;
18;CONJUNTO HOSPITALAR DO MANDAQUI SAO PAULO;SANTANA;30;HOSP MUN DR CARMINO CARICCHIO;TATUAPE;13160;13.16;1321;22.03;ok;
18;CONJUNTO HOSPITALAR DO MANDAQUI SAO PAULO;SANTANA;31;HOSP MUN TIDE SETUBAL;SAO MIGUEL PAULISTA;31370;31.37;2127;35.47;ok;
18;CONJUNTO HOSPITALAR DO MANDAQUI SAO PAULO;SANTANA;32;HOSP MUN V NHOCUNE ALEXANDRE ZAIO;VILA NHOCUNE;22360;22.36;1968;32.81;ok;
18;CONJUNTO HOSPITALAR DO MANDAQUI SAO PAULO;SANTANA;33;HOSP MUN JABAQUARA ARTUR RIBEIRO DE SABOYA;JABAQUARA;21420;21.42;2308;38.47;ok;
18;CONJUNTO HOSPITALAR DO MANDAQUI SAO PAULO;SANTANA;34;HOSPITAL KATIA DE SOUZA RODRIGUES TAIPASSP SAO PAULO;PARADA DE TAIPAS;13630;13.63;1374;22.9;ok;
18;CONJUNTO HOSPITALAR DO MANDAQUI SAO PAULO;SANTANA;35;HOSP MUN PROFESSOR DOUTOR ALIPIO CORREA NETTO;VILA PARANAGUA;23910;23.91;2175;36.25;ok;
18;CONJUNTO HOSPITALAR DO MANDAQUI SAO PAULO;SANTANA;36;HOSPITAL MUNICIPAL DR BENEDITO MONTENEGRO;JARDIM IVA;21550;21.55;2073;34.56;ok;
18;CONJUNTO HOSPITALAR DO MANDAQUI SAO PAULO;SANTANA;37;HOSP MUN IGNACIO PROENCA DE GOUVEA;PARQUE DA MOOCA;13000;13.0;1512;25.21;ok;
18;CONJUNTO HOSPITALAR DO MANDAQUI SAO PAULO;SANTANA;38;HOSPITAL INFANTIL CANDIDO FONTOURA SAO PAULO;AGUA RASA;11670;11.67;1345;22.42;ok;
18;CONJUNTO HOSPITALAR DO MANDAQUI SAO PAULO;SANTANA;40;HOSPITAL REGIONAL SUL SAO PAULO;SANTO AMARO;37120;37.12;2435;40.59;ok;
18;CONJUNTO HOSPITALAR DO MANDAQUI SAO PAULO;SANTANA;42;HOSPITAL ESTADUAL DE SAPOPEMBA SAO PAULO;JARDIM SAPOPEMBA;27480;27.48;2416;40.28;ok;
18;CONJUNTO HOSPITALAR DO MANDAQUI SAO PAULO;SANTANA;43;HOSPITAL GERAL DE VILA PENTEADO DR JOSE PANGELLA SAO PAULO;JARDIM IRACEMA;9830;9.83;1040;17.34;ok;
18;CONJUNTO HOSPITALAR DO MANDAQUI SAO PAULO;SANTANA;46;HOSP DO SERV PUB MUNICIPAL HSPM;LIBERDADE;10930;10.93;1326;22.11;ok;
18;CONJUNTO HOSPITALAR DO MANDAQUI SAO PAULO;SANTANA;47;HOSP MUN FERNANDO MAURO PIRES DA ROCHA;CAMPO LIMPO;36230;36.23;2299;38.32;ok;
18;CONJUNTO HOSPITALAR DO MANDAQUI SAO PAULO;SANTANA;48;CENTRO HOSPITALAR DO SISTEMA PENITENCIARIO SAO PAULO;CARANDIRU;4800;4.8;569;9.5;ok;
18;CONJUNTO HOSPITALAR DO MANDAQUI SAO PAULO;SANTANA;49;HOSP MUN VER JOSE STOROPOLLI;PARQUE NOVO MUNDO;15640;15.64;1384;23.07;ok;
18;CONJUNTO HOSPITALAR DO MANDAQUI SAO PAULO;SANTANA;50;CENTRO MEDICO PMESP;TREMEMBE;3800;3.8;455;7.6;ok;
18;CONJUNTO HOSPITALAR DO MANDAQUI SAO PAULO;SANTANA;51;HOSP MUN CARMEN PRUDENTE;CIDADE TIRADENTES;34360;34.36;3017;50.3;ok;
18;CONJUNTO HOSPITALAR DO MANDAQUI SAO PAULO;SANTANA;53;INSTITUTO DE REABILITACAO LUCY MONTORO;VILA ANDRADE;34050;34.05;2164;36.07;ok;
18;CONJUNTO HOSPITALAR DO MANDAQUI SAO PAULO;SANTANA;55;INSTITUTO DO CANCER DO ESTADO DE SAO PAULO;CERQUEIRA CESAR;11600;11.6;1277;21.29;ok;
18;CONJUNTO HOSPITALAR DO MANDAQUI SAO PAULO;SANTANA;56;HOSP MUN SOROCABANA;VILA ROMANA;12190;12.19;1202;20.04;ok;
18;CONJUNTO HOSPITALAR DO MANDAQUI SAO PAULO;SANTANA;57;HOSP MUN GILSON DE CASSIA MARQUES DE CARVALHO;VILA MASCOTE;21270;21.27;2220;37.01;ok;
18;CONJUNTO HOSPITALAR DO MANDAQUI SAO PAULO;SANTANA;58;HOSP MUN CAPELA DO SOCORRO;JARDIM DAS IMBUIAS;45990;45.99;3308;55.14;ok;
18;CONJUNTO HOSPITALAR DO MANDAQUI SAO PAULO;SANTANA;59;HOSP MUN JOSANIAS CASTANHA BRAGA;JARDIM ROSCHEL;59060;59.06;4177;69.63;ok;
18;CONJUNTO HOSPITALAR DO MANDAQUI SAO PAULO;SANTANA;233;HOSP MUN SOROCABANA;ALTO DE PINHEIROS;14830;14.83;1558;25.97;ok;
19;HOSPITAL GERAL SANTA MARCELINA DE ITAIM PAULISTA SAO PAULO;ITAIM PAULISTA;1;HOSPITAL MUNICIPAL SANTA DULCE DOS POBRES;CONSOLACAO;38630;38.63;2578;42.97;ok;
19;HOSPITAL GERAL SANTA MARCELINA DE ITAIM PAULISTA SAO PAULO;ITAIM PAULISTA;2;HOSPITAL MUNICIPAL BRASILANDIA;JARDIM MARISTELA;44290;44.29;2543;42.39;ok;
19;HOSPITAL GERAL SANTA MARCELINA DE ITAIM PAULISTA SAO PAULO;ITAIM PAULISTA;3;HOSPITAL MUNICIPAL GUARAPIRANGA;RIVIERA PAULISTA;70310;70.31;3868;64.48;ok;
19;HOSPITAL GERAL SANTA MARCELINA DE ITAIM PAULISTA SAO PAULO;ITAIM PAULISTA;4;INSTITUTO DE INFECTOLOGIA EMILIO RIBAS;SUMARE;40680;40.68;2463;41.05;ok;
19;HOSPITAL GERAL SANTA MARCELINA DE ITAIM PAULISTA SAO PAULO;ITAIM PAULISTA;5;HOSPITAL DO SERV PUB EST FCO MORATO DE OLIVEIRA SAO PAULO;IBIRAPUERA;42400;42.4;2827;47.13;ok;
19;HOSPITAL GERAL SANTA MARCELINA DE ITAIM PAULISTA SAO PAULO;ITAIM PAULISTA;6;HOSPITAL MATERNIDADE INTERLAGOS;JD LEBLON;71610;71.61;4004;66.73;ok;
19;HOSPITAL GERAL SANTA MARCELINA DE ITAIM PAULISTA SAO PAULO;ITAIM PAULISTA;7;HOSPITAL GERAL DE PEDREIRA;VILA CAMPO GRANDE;70600;70.6;3964;66.07;ok;
19;HOSPITAL GERAL SANTA MARCELINA DE ITAIM PAULISTA SAO PAULO;ITAIM PAULISTA;8;HOSPITAL HELIOPOLIS UNIDADE DE GESTAO ASSISTENCIAL I;V HELIOPOLIS;39130;39.13;2774;46.25;ok;
19;HOSPITAL GERAL SANTA MARCELINA DE ITAIM PAULISTA SAO PAULO;ITAIM PAULISTA;10;HOSPITAL INFANTIL DARCY VARGAS UGA III SAO PAULO;JARDIM GUEDALA;57290;57.29;3092;51.54;ok;
19;HOSPITAL GERAL SANTA MARCELINA DE ITAIM PAULISTA SAO PAULO;ITAIM PAULISTA;11;HOSP MUN MATERNIDADE PROFESSOR MARIO DEGNI;VILA ANTONIO;53610;53.61;3005;50.08;ok;
19;HOSPITAL GERAL SANTA MARCELINA DE ITAIM PAULISTA SAO PAULO;ITAIM PAULISTA;12;HOSPITAL UNIVERSITARIO DA USP SAO PAULO;BUTANTA;51680;51.68;2905;48.42;ok;
19;HOSPITAL GERAL SANTA MARCELINA DE ITAIM PAULISTA SAO PAULO;ITAIM PAULISTA;13;CAISM PHILIPPE PINEL SAO PAULO;PIRITUBA;44480;44.48;2569;42.83;ok;
19;HOSPITAL GERAL SANTA MARCELINA DE ITAIM PAULISTA SAO PAULO;ITAIM PAULISTA;14;HOSPITAL GERAL HENRIQUE ALTIMEYER DE VILA ALPINA;VILA ALPINA;35890;35.89;2362;39.38;ok;
19;HOSPITAL GERAL SANTA MARCELINA DE ITAIM PAULISTA SAO PAULO;ITAIM PAULISTA;16;HOSPITAL GERAL DE SAO MATEUS SAO PAULO;SAO MATEUS;19510;19.51;1887;31.46;ok;
19;HOSPITAL GERAL SANTA MARCELINA DE ITAIM PAULISTA SAO PAULO;ITAIM PAULISTA;17;UNIDADE DE GESTAO ASSISTENCIAL II HOSPITAL IPIRANGA SP;IPIRANGA;37160;37.16;2590;43.18;ok;
19;HOSPITAL GERAL SANTA MARCELINA DE ITAIM PAULISTA SAO PAULO;ITAIM PAULISTA;18;CONJUNTO HOSPITALAR DO MANDAQUI SAO PAULO;SANTANA;36170;36.17;2302;38.38;ok;
19;HOSPITAL GERAL SANTA MARCELINA DE ITAIM PAULISTA SAO PAULO;ITAIM PAULISTA;19;HOSPITAL GERAL SANTA MARCELINA DE ITAIM PAULISTA SAO PAULO;ITAIM PAULISTA;0;0.0;0;0.0;ok;
19;HOSPITAL GERAL SANTA MARCELINA DE ITAIM PAULISTA SAO PAULO;ITAIM PAULISTA;20;HOSP MUN PROF DR WALDOMIRO DE PAULA;ITAQUERA;9770;9.77;838;13.98;ok;
19;HOSPITAL GERAL SANTA MARCELINA DE ITAIM PAULISTA SAO PAULO;ITAIM PAULISTA;21;HOSPITAL GERAL DO GRAJAU PROF LIBER JOHN ALPHONSE DI DIO SP;PARQUE DAS NACOES;59780;59.78;3308;55.14;ok;
19;HOSPITAL GERAL SANTA MARCELINA DE ITAIM PAULISTA SAO PAULO;ITAIM PAULISTA;22;HOSPITAL E MATERNIDADE LEONOR MENDES DE BARROS SAO PAULO;BELENZINHO;28920;28.92;1767;29.46;ok;
19;HOSPITAL GERAL SANTA MARCELINA DE ITAIM PAULISTA SAO PAULO;ITAIM PAULISTA;23;CENTRO DE REFERENCIA E TREINAMENTO DST AIDS SAO PAULO;VILA MARIANA;42030;42.03;2906;48.45;ok;
19;HOSPITAL GERAL SANTA MARCELINA DE ITAIM PAULISTA SAO PAULO;ITAIM PAULISTA;24;HOSPITAL MILITAR DE AREA DE SAO PAULO;CAMBUCI;39030;39.03;2537;42.28;ok;
19;HOSPITAL GERAL SANTA MARCELINA DE ITAIM PAULISTA SAO PAULO;ITAIM PAULISTA;25;CENTRO DE REFERENCIA DA SAUDE DA MULHER;CAMPOS ELISEOS;37610;37.61;2238;37.31;ok;
19;HOSPITAL GERAL SANTA MARCELINA DE ITAIM PAULISTA SAO PAULO;ITAIM PAULISTA;26;HOSP MUN INFANTIL MENINO JESUS;BELA VISTA;38520;38.52;2579;42.99;ok;
19;HOSPITAL GERAL SANTA MARCELINA DE ITAIM PAULISTA SAO PAULO;ITAIM PAULISTA;28;HOSP MUN MAT ESC DR MARIO DE MORAES A SILVA;VILA NOVA CACHOEIRIN;42390;42.39;2447;40.79;ok;
19;HOSPITAL GERAL SANTA MARCELINA DE ITAIM PAULISTA SAO PAULO;ITAIM PAULISTA;29;HOSPITAL GERAL JESUS TEIXEIRA DA COSTA GUAIANASES SAO PAULO;JARDIM SAO PAULO;10000;10.0;935;15.6;ok;
19;HOSPITAL GERAL SANTA MARCELINA DE ITAIM PAULISTA SAO PAULO;ITAIM PAULISTA;30;HOSP MUN DR CARMINO CARICCHIO;TATUAPE;27020;27.02;1688;28.14;ok;
19;HOSPITAL GERAL SANTA MARCELINA DE ITAIM PAULISTA SAO PAULO;ITAIM PAULISTA;31;HOSP MUN TIDE SETUBAL;SAO MIGUEL PAULISTA;6020;6.02;621;10.36;ok;
19;HOSPITAL GERAL SANTA MARCELINA DE ITAIM PAULISTA SAO PAULO;ITAIM PAULISTA;32;HOSP MUN V NHOCUNE ALEXANDRE ZAIO;VILA NHOCUNE;16450;16.45;1642;27.37;ok;
19;HOSPITAL GERAL SANTA MARCELINA DE ITAIM PAULISTA SAO PAULO;ITAIM PAULISTA;33;HOSP MUN JABAQUARA ARTUR RIBEIRO DE SABOYA;JABAQUARA;69430;69.43;3563;59.4;ok;
19;HOSPITAL GERAL SANTA MARCELINA DE ITAIM PAULISTA SAO PAULO;ITAIM PAULISTA;34;HOSPITAL KATIA DE SOUZA RODRIGUES TAIPASSP SAO PAULO;PARADA DE TAIPAS;48750;48.75;2836;47.27;ok;
19;HOSPITAL GERAL SANTA MARCELINA DE ITAIM PAULISTA SAO PAULO;ITAIM PAULISTA;35;HOSP MUN PROFESSOR DOUTOR ALIPIO CORREA NETTO;VILA PARANAGUA;9840;9.84;1058;17.65;ok;
19;HOSPITAL GERAL SANTA MARCELINA DE ITAIM PAULISTA SAO PAULO;ITAIM PAULISTA;36;HOSPITAL MUNICIPAL DR BENEDITO MONTENEGRO;JARDIM IVA;21310;21.31;2076;34.61;ok;
19;HOSPITAL GERAL SANTA MARCELINA DE ITAIM PAULISTA SAO PAULO;ITAIM PAULISTA;37;HOSP MUN IGNACIO PROENCA DE GOUVEA;PARQUE DA MOOCA;34100;34.1;2235;37.26;ok;
19;HOSPITAL GERAL SANTA MARCELINA DE ITAIM PAULISTA SAO PAULO;ITAIM PAULISTA;38;HOSPITAL INFANTIL CANDIDO FONTOURA SAO PAULO;AGUA RASA;31600;31.6;1999;33.33;ok;
19;HOSPITAL GERAL SANTA MARCELINA DE ITAIM PAULISTA SAO PAULO;ITAIM PAULISTA;40;HOSPITAL REGIONAL SUL SAO PAULO;SANTO AMARO;66180;66.18;3549;59.16;ok;
19;HOSPITAL GERAL SANTA MARCELINA DE ITAIM PAULISTA SAO PAULO;ITAIM PAULISTA;42;HOSPITAL ESTADUAL DE SAPOPEMBA SAO PAULO;JARDIM SAPOPEMBA;21650;21.65;2145;35.75;ok;
19;HOSPITAL GERAL SANTA MARCELINA DE ITAIM PAULISTA SAO PAULO;ITAIM PAULISTA;43;HOSPITAL GERAL DE VILA PENTEADO DR JOSE PANGELLA SAO PAULO;JARDIM IRACEMA;42090;42.09;2298;38.31;ok;
19;HOSPITAL GERAL SANTA MARCELINA DE ITAIM PAULISTA SAO PAULO;ITAIM PAULISTA;46;HOSP DO SERV PUB MUNICIPAL HSPM;LIBERDADE;36180;36.18;2509;41.82;ok;
19;HOSPITAL GERAL SANTA MARCELINA DE ITAIM PAULISTA SAO PAULO;ITAIM PAULISTA;47;HOSP MUN FERNANDO MAURO PIRES DA ROCHA;CAMPO LIMPO;65300;65.3;3414;56.9;ok;
19;HOSPITAL GERAL SANTA MARCELINA DE ITAIM PAULISTA SAO PAULO;ITAIM PAULISTA;48;CENTRO HOSPITALAR DO SISTEMA PENITENCIARIO SAO PAULO;CARANDIRU;32490;32.49;1882;31.37;ok;
19;HOSPITAL GERAL SANTA MARCELINA DE ITAIM PAULISTA SAO PAULO;ITAIM PAULISTA;49;HOSP MUN VER JOSE STOROPOLLI;PARQUE NOVO MUNDO;25450;25.45;1521;25.35;ok;
19;HOSPITAL GERAL SANTA MARCELINA DE ITAIM PAULISTA SAO PAULO;ITAIM PAULISTA;50;CENTRO MEDICO PMESP;TREMEMBE;37730;37.73;2455;40.93;ok;
19;HOSPITAL GERAL SANTA MARCELINA DE ITAIM PAULISTA SAO PAULO;ITAIM PAULISTA;51;HOSP MUN CARMEN PRUDENTE;CIDADE TIRADENTES;14090;14.09;1262;21.04;ok;
19;HOSPITAL GERAL SANTA MARCELINA DE ITAIM PAULISTA SAO PAULO;ITAIM PAULISTA;53;INSTITUTO DE REABILITACAO LUCY MONTORO;VILA ANDRADE;63120;63.12;3279;54.65;ok;
19;HOSPITAL GERAL SANTA MARCELINA DE ITAIM PAULISTA SAO PAULO;ITAIM PAULISTA;55;INSTITUTO DO CANCER DO ESTADO DE SAO PAULO;CERQUEIRA CESAR;40910;40.91;2600;43.34;ok;
19;HOSPITAL GERAL SANTA MARCELINA DE ITAIM PAULISTA SAO PAULO;ITAIM PAULISTA;56;HOSP MUN SOROCABANA;VILA ROMANA;41570;41.57;2409;40.16;ok;
19;HOSPITAL GERAL SANTA MARCELINA DE ITAIM PAULISTA SAO PAULO;ITAIM PAULISTA;57;HOSP MUN GILSON DE CASSIA MARQUES DE CARVALHO;VILA MASCOTE;49420;49.42;3505;58.42;ok;
19;HOSPITAL GERAL SANTA MARCELINA DE ITAIM PAULISTA SAO PAULO;ITAIM PAULISTA;58;HOSP MUN CAPELA DO SOCORRO;JARDIM DAS IMBUIAS;75060;75.06;4422;73.71;ok;
19;HOSPITAL GERAL SANTA MARCELINA DE ITAIM PAULISTA SAO PAULO;ITAIM PAULISTA;59;HOSP MUN JOSANIAS CASTANHA BRAGA;JARDIM ROSCHEL;88130;88.13;5292;88.21;ok;
19;HOSPITAL GERAL SANTA MARCELINA DE ITAIM PAULISTA SAO PAULO;ITAIM PAULISTA;233;HOSP MUN SOROCABANA;ALTO DE PINHEIROS;46510;46.51;2729;45.49;ok;
20;HOSP MUN PROF DR WALDOMIRO DE PAULA;ITAQUERA;1;HOSPITAL MUNICIPAL SANTA DULCE DOS POBRES;CONSOLACAO;24640;24.64;2472;41.2;ok;
20;HOSP MUN PROF DR WALDOMIRO DE PAULA;ITAQUERA;2;HOSPITAL MUNICIPAL BRASILANDIA;JARDIM MARISTELA;41490;41.49;2525;42.09;ok;
20;HOSP MUN PROF DR WALDOMIRO DE PAULA;ITAQUERA;3;HOSPITAL MUNICIPAL GUARAPIRANGA;RIVIERA PAULISTA;67520;67.52;3850;64.18;ok;
20;HOSP MUN PROF DR WALDOMIRO DE PAULA;ITAQUERA;4;INSTITUTO DE INFECTOLOGIA EMILIO RIBAS;SUMARE;37880;37.88;2445;40.75;ok;
20;HOSP MUN PROF DR WALDOMIRO DE PAULA;ITAQUERA;5;HOSPITAL DO SERV PUB EST FCO MORATO DE OLIVEIRA SAO PAULO;IBIRAPUERA;27170;27.17;2620;43.67;ok;
20;HOSP MUN PROF DR WALDOMIRO DE PAULA;ITAQUERA;6;HOSPITAL MATERNIDADE INTERLAGOS;JD LEBLON;68810;68.81;3985;66.43;ok;
20;HOSP MUN PROF DR WALDOMIRO DE PAULA;ITAQUERA;7;HOSPITAL GERAL DE PEDREIRA;VILA CAMPO GRANDE;37520;37.52;3689;61.48;ok;
20;HOSP MUN PROF DR WALDOMIRO DE PAULA;ITAQUERA;8;HOSPITAL HELIOPOLIS UNIDADE DE GESTAO ASSISTENCIAL I;V HELIOPOLIS;23350;23.35;2289;38.15;ok;
20;HOSP MUN PROF DR WALDOMIRO DE PAULA;ITAQUERA;10;HOSPITAL INFANTIL DARCY VARGAS UGA III SAO PAULO;JARDIM GUEDALA;54490;54.49;3074;51.23;ok;
20;HOSP MUN PROF DR WALDOMIRO DE PAULA;ITAQUERA;11;HOSP MUN MATERNIDADE PROFESSOR MARIO DEGNI;VILA ANTONIO;50810;50.81;2987;49.78;ok;
20;HOSP MUN PROF DR WALDOMIRO DE PAULA;ITAQUERA;12;HOSPITAL UNIVERSITARIO DA USP SAO PAULO;BUTANTA;48880;48.88;2887;48.12;ok;
20;HOSP MUN PROF DR WALDOMIRO DE PAULA;ITAQUERA;13;CAISM PHILIPPE PINEL SAO PAULO;PIRITUBA;41690;41.69;2551;42.53;ok;
20;HOSP MUN PROF DR WALDOMIRO DE PAULA;ITAQUERA;14;HOSPITAL GERAL HENRIQUE ALTIMEYER DE VILA ALPINA;VILA ALPINA;17850;17.85;1697;28.28;ok;
20;HOSP MUN PROF DR WALDOMIRO DE PAULA;ITAQUERA;16;HOSPITAL GERAL DE SAO MATEUS SAO PAULO;SAO MATEUS;9730;9.73;1048;17.48;ok;
20;HOSP MUN PROF DR WALDOMIRO DE PAULA;ITAQUERA;17;UNIDADE DE GESTAO ASSISTENCIAL II HOSPITAL IPIRANGA SP;IPIRANGA;22260;22.26;2115;35.26;ok;
20;HOSP MUN PROF DR WALDOMIRO DE PAULA;ITAQUERA;18;CONJUNTO HOSPITALAR DO MANDAQUI SAO PAULO;SANTANA;33380;33.38;2284;38.08;ok;
20;HOSP MUN PROF DR WALDOMIRO DE PAULA;ITAQUERA;19;HOSPITAL GERAL SANTA MARCELINA DE ITAIM PAULISTA SAO PAULO;ITAIM PAULISTA;9690;9.69;867;14.46;ok;
20;HOSP MUN PROF DR WALDOMIRO DE PAULA;ITAQUERA;20;HOSP MUN PROF DR WALDOMIRO DE PAULA;ITAQUERA;0;0.0;0;0.0;ok;
20;HOSP MUN PROF DR WALDOMIRO DE PAULA;ITAQUERA;21;HOSPITAL GERAL DO GRAJAU PROF LIBER JOHN ALPHONSE DI DIO SP;PARQUE DAS NACOES;28200;28.2;2635;43.92;ok;
20;HOSP MUN PROF DR WALDOMIRO DE PAULA;ITAQUERA;22;HOSPITAL E MATERNIDADE LEONOR MENDES DE BARROS SAO PAULO;BELENZINHO;16340;16.34;1590;26.51;ok;
20;HOSP MUN PROF DR WALDOMIRO DE PAULA;ITAQUERA;23;CENTRO DE REFERENCIA E TREINAMENTO DST AIDS SAO PAULO;VILA MARIANA;25810;25.81;2636;43.94;ok;
20;HOSP MUN PROF DR WALDOMIRO DE PAULA;ITAQUERA;24;HOSPITAL MILITAR DE AREA DE SAO PAULO;CAMBUCI;22160;22.16;2227;37.12;ok;
20;HOSP MUN PROF DR WALDOMIRO DE PAULA;ITAQUERA;25;CENTRO DE REFERENCIA DA SAUDE DA MULHER;CAMPOS ELISEOS;34810;34.81;2220;37.01;ok;
20;HOSP MUN PROF DR WALDOMIRO DE PAULA;ITAQUERA;26;HOSP MUN INFANTIL MENINO JESUS;BELA VISTA;23310;23.31;2366;39.44;ok;
20;HOSP MUN PROF DR WALDOMIRO DE PAULA;ITAQUERA;28;HOSP MUN MAT ESC DR MARIO DE MORAES A SILVA;VILA NOVA CACHOEIRIN;39600;39.6;2429;40.49;ok;
20;HOSP MUN PROF DR WALDOMIRO DE PAULA;ITAQUERA;29;HOSPITAL GERAL JESUS TEIXEIRA DA COSTA GUAIANASES SAO PAULO;JARDIM SAO PAULO;6040;6.04;639;10.66;ok;
20;HOSP MUN PROF DR WALDOMIRO DE PAULA;ITAQUERA;30;HOSP MUN DR CARMINO CARICCHIO;TATUAPE;14440;14.44;1393;23.23;ok;
20;HOSP MUN PROF DR WALDOMIRO DE PAULA;ITAQUERA;31;HOSP MUN TIDE SETUBAL;SAO MIGUEL PAULISTA;4800;4.8;450;7.51;ok;
20;HOSP MUN PROF DR WALDOMIRO DE PAULA;ITAQUERA;32;HOSP MUN V NHOCUNE ALEXANDRE ZAIO;VILA NHOCUNE;6670;6.67;803;13.39;ok;
20;HOSP MUN PROF DR WALDOMIRO DE PAULA;ITAQUERA;33;HOSP MUN JABAQUARA ARTUR RIBEIRO DE SABOYA;JABAQUARA;31570;31.57;3127;52.13;ok;
20;HOSP MUN PROF DR WALDOMIRO DE PAULA;ITAQUERA;34;HOSPITAL KATIA DE SOUZA RODRIGUES TAIPASSP SAO PAULO;PARADA DE TAIPAS;45950;45.95;2818;46.97;ok;
20;HOSP MUN PROF DR WALDOMIRO DE PAULA;ITAQUERA;35;HOSP MUN PROFESSOR DOUTOR ALIPIO CORREA NETTO;VILA PARANAGUA;7200;7.2;794;13.24;ok;
20;HOSP MUN PROF DR WALDOMIRO DE PAULA;ITAQUERA;36;HOSPITAL MUNICIPAL DR BENEDITO MONTENEGRO;JARDIM IVA;11530;11.53;1237;20.63;ok;
20;HOSP MUN PROF DR WALDOMIRO DE PAULA;ITAQUERA;37;HOSP MUN IGNACIO PROENCA DE GOUVEA;PARQUE DA MOOCA;20870;20.87;1963;32.73;ok;
20;HOSP MUN PROF DR WALDOMIRO DE PAULA;ITAQUERA;38;HOSPITAL INFANTIL CANDIDO FONTOURA SAO PAULO;AGUA RASA;17640;17.64;1681;28.03;ok;
20;HOSP MUN PROF DR WALDOMIRO DE PAULA;ITAQUERA;40;HOSPITAL REGIONAL SUL SAO PAULO;SANTO AMARO;63390;63.39;3531;58.86;ok;
20;HOSP MUN PROF DR WALDOMIRO DE PAULA;ITAQUERA;42;HOSPITAL ESTADUAL DE SAPOPEMBA SAO PAULO;JARDIM SAPOPEMBA;11870;11.87;1306;21.77;ok;
20;HOSP MUN PROF DR WALDOMIRO DE PAULA;ITAQUERA;43;HOSPITAL GERAL DE VILA PENTEADO DR JOSE PANGELLA SAO PAULO;JARDIM IRACEMA;39300;39.3;2280;38.01;ok;
20;HOSP MUN PROF DR WALDOMIRO DE PAULA;ITAQUERA;46;HOSP DO SERV PUB MUNICIPAL HSPM;LIBERDADE;22220;22.22;2191;36.52;ok;
20;HOSP MUN PROF DR WALDOMIRO DE PAULA;ITAQUERA;47;HOSP MUN FERNANDO MAURO PIRES DA ROCHA;CAMPO LIMPO;62500;62.5;3396;56.6;ok;
20;HOSP MUN PROF DR WALDOMIRO DE PAULA;ITAQUERA;48;CENTRO HOSPITALAR DO SISTEMA PENITENCIARIO SAO PAULO;CARANDIRU;29690;29.69;1863;31.07;ok;
20;HOSP MUN PROF DR WALDOMIRO DE PAULA;ITAQUERA;49;HOSP MUN VER JOSE STOROPOLLI;PARQUE NOVO MUNDO;14930;14.93;1480;24.67;ok;
20;HOSP MUN PROF DR WALDOMIRO DE PAULA;ITAQUERA;50;CENTRO MEDICO PMESP;TREMEMBE;34940;34.94;2437;40.63;ok;
20;HOSP MUN PROF DR WALDOMIRO DE PAULA;ITAQUERA;51;HOSP MUN CARMEN PRUDENTE;CIDADE TIRADENTES;8640;8.64;818;13.63;ok;
20;HOSP MUN PROF DR WALDOMIRO DE PAULA;ITAQUERA;53;INSTITUTO DE REABILITACAO LUCY MONTORO;VILA ANDRADE;60320;60.32;3261;54.35;ok;
20;HOSP MUN PROF DR WALDOMIRO DE PAULA;ITAQUERA;55;INSTITUTO DO CANCER DO ESTADO DE SAO PAULO;CERQUEIRA CESAR;38110;38.11;2582;43.04;ok;
20;HOSP MUN PROF DR WALDOMIRO DE PAULA;ITAQUERA;56;HOSP MUN SOROCABANA;VILA ROMANA;38770;38.77;2391;39.86;ok;
20;HOSP MUN PROF DR WALDOMIRO DE PAULA;ITAQUERA;57;HOSP MUN GILSON DE CASSIA MARQUES DE CARVALHO;VILA MASCOTE;32229;32.23;3230;53.84;ok;
20;HOSP MUN PROF DR WALDOMIRO DE PAULA;ITAQUERA;58;HOSP MUN CAPELA DO SOCORRO;JARDIM DAS IMBUIAS;43810;43.81;4343;72.39;ok;
20;HOSP MUN PROF DR WALDOMIRO DE PAULA;ITAQUERA;59;HOSP MUN JOSANIAS CASTANHA BRAGA;JARDIM ROSCHEL;56200;56.2;5146;85.78;ok;
20;HOSP MUN PROF DR WALDOMIRO DE PAULA;ITAQUERA;233;HOSP MUN SOROCABANA;ALTO DE PINHEIROS;43720;43.72;2711;45.19;ok;
21;HOSPITAL GERAL DO GRAJAU PROF LIBER JOHN ALPHONSE DI DIO SP;PARQUE DAS NACOES;1;HOSPITAL MUNICIPAL SANTA DULCE DOS POBRES;CONSOLACAO;20450;20.45;1757;29.29;ok;
21;HOSPITAL GERAL DO GRAJAU PROF LIBER JOHN ALPHONSE DI DIO SP;PARQUE DAS NACOES;2;HOSPITAL MUNICIPAL BRASILANDIA;JARDIM MARISTELA;40000;40.0;2841;47.36;ok;
21;HOSPITAL GERAL DO GRAJAU PROF LIBER JOHN ALPHONSE DI DIO SP;PARQUE DAS NACOES;3;HOSPITAL MUNICIPAL GUARAPIRANGA;RIVIERA PAULISTA;23360;23.36;2237;37.29;ok;
21;HOSPITAL GERAL DO GRAJAU PROF LIBER JOHN ALPHONSE DI DIO SP;PARQUE DAS NACOES;4;INSTITUTO DE INFECTOLOGIA EMILIO RIBAS;SUMARE;23910;23.91;2096;34.93;ok;
21;HOSPITAL GERAL DO GRAJAU PROF LIBER JOHN ALPHONSE DI DIO SP;PARQUE DAS NACOES;5;HOSPITAL DO SERV PUB EST FCO MORATO DE OLIVEIRA SAO PAULO;IBIRAPUERA;17260;17.26;1352;22.54;ok;
21;HOSPITAL GERAL DO GRAJAU PROF LIBER JOHN ALPHONSE DI DIO SP;PARQUE DAS NACOES;6;HOSPITAL MATERNIDADE INTERLAGOS;JD LEBLON;16550;16.55;1615;26.92;ok;
21;HOSPITAL GERAL DO GRAJAU PROF LIBER JOHN ALPHONSE DI DIO SP;PARQUE DAS NACOES;7;HOSPITAL GERAL DE PEDREIRA;VILA CAMPO GRANDE;12230;12.23;1215;20.26;ok;
21;HOSPITAL GERAL DO GRAJAU PROF LIBER JOHN ALPHONSE DI DIO SP;PARQUE DAS NACOES;8;HOSPITAL HELIOPOLIS UNIDADE DE GESTAO ASSISTENCIAL I;V HELIOPOLIS;13660;13.66;957;15.95;ok;
21;HOSPITAL GERAL DO GRAJAU PROF LIBER JOHN ALPHONSE DI DIO SP;PARQUE DAS NACOES;10;HOSPITAL INFANTIL DARCY VARGAS UGA III SAO PAULO;JARDIM GUEDALA;23380;23.38;2031;33.86;ok;
21;HOSPITAL GERAL DO GRAJAU PROF LIBER JOHN ALPHONSE DI DIO SP;PARQUE DAS NACOES;11;HOSP MUN MATERNIDADE PROFESSOR MARIO DEGNI;VILA ANTONIO;31590;31.59;2416;40.28;ok;
21;HOSPITAL GERAL DO GRAJAU PROF LIBER JOHN ALPHONSE DI DIO SP;PARQUE DAS NACOES;12;HOSPITAL UNIVERSITARIO DA USP SAO PAULO;BUTANTA;29610;29.61;2507;41.8;ok;
21;HOSPITAL GERAL DO GRAJAU PROF LIBER JOHN ALPHONSE DI DIO SP;PARQUE DAS NACOES;13;CAISM PHILIPPE PINEL SAO PAULO;PIRITUBA;40200;40.2;2868;47.8;ok;
21;HOSPITAL GERAL DO GRAJAU PROF LIBER JOHN ALPHONSE DI DIO SP;PARQUE DAS NACOES;14;HOSPITAL GERAL HENRIQUE ALTIMEYER DE VILA ALPINA;VILA ALPINA;16120;16.12;1407;23.45;ok;
21;HOSPITAL GERAL DO GRAJAU PROF LIBER JOHN ALPHONSE DI DIO SP;PARQUE DAS NACOES;16;HOSPITAL GERAL DE SAO MATEUS SAO PAULO;SAO MATEUS;20020;20.02;1881;31.35;ok;
21;HOSPITAL GERAL DO GRAJAU PROF LIBER JOHN ALPHONSE DI DIO SP;PARQUE DAS NACOES;17;UNIDADE DE GESTAO ASSISTENCIAL II HOSPITAL IPIRANGA SP;IPIRANGA;16420;16.42;1218;20.31;ok;
21;HOSPITAL GERAL DO GRAJAU PROF LIBER JOHN ALPHONSE DI DIO SP;PARQUE DAS NACOES;18;CONJUNTO HOSPITALAR DO MANDAQUI SAO PAULO;SANTANA;28990;28.99;2581;43.02;ok;
21;HOSPITAL GERAL DO GRAJAU PROF LIBER JOHN ALPHONSE DI DIO SP;PARQUE DAS NACOES;19;HOSPITAL GERAL SANTA MARCELINA DE ITAIM PAULISTA SAO PAULO;ITAIM PAULISTA;50690;50.69;3458;57.65;ok;
21;HOSPITAL GERAL DO GRAJAU PROF LIBER JOHN ALPHONSE DI DIO SP;PARQUE DAS NACOES;20;HOSP MUN PROF DR WALDOMIRO DE PAULA;ITAQUERA;27630;27.63;2624;43.74;ok;
21;HOSPITAL GERAL DO GRAJAU PROF LIBER JOHN ALPHONSE DI DIO SP;PARQUE DAS NACOES;21;HOSPITAL GERAL DO GRAJAU PROF LIBER JOHN ALPHONSE DI DIO SP;PARQUE DAS NACOES;0;0.0;0;0.0;ok;
21;HOSPITAL GERAL DO GRAJAU PROF LIBER JOHN ALPHONSE DI DIO SP;PARQUE DAS NACOES;22;HOSPITAL E MATERNIDADE LEONOR MENDES DE BARROS SAO PAULO;BELENZINHO;23490;23.49;1974;32.9;ok;
21;HOSPITAL GERAL DO GRAJAU PROF LIBER JOHN ALPHONSE DI DIO SP;PARQUE DAS NACOES;23;CENTRO DE REFERENCIA E TREINAMENTO DST AIDS SAO PAULO;VILA MARIANA;15290;15.29;1161;19.36;ok;
21;HOSPITAL GERAL DO GRAJAU PROF LIBER JOHN ALPHONSE DI DIO SP;PARQUE DAS NACOES;24;HOSPITAL MILITAR DE AREA DE SAO PAULO;CAMBUCI;18350;18.35;1433;23.89;ok;
21;HOSPITAL GERAL DO GRAJAU PROF LIBER JOHN ALPHONSE DI DIO SP;PARQUE DAS NACOES;25;CENTRO DE REFERENCIA DA SAUDE DA MULHER;CAMPOS ELISEOS;23810;23.81;1989;33.17;ok;
21;HOSPITAL GERAL DO GRAJAU PROF LIBER JOHN ALPHONSE DI DIO SP;PARQUE DAS NACOES;26;HOSP MUN INFANTIL MENINO JESUS;BELA VISTA;19910;19.91;1744;29.07;ok;
21;HOSPITAL GERAL DO GRAJAU PROF LIBER JOHN ALPHONSE DI DIO SP;PARQUE DAS NACOES;28;HOSP MUN MAT ESC DR MARIO DE MORAES A SILVA;VILA NOVA CACHOEIRIN;32470;32.47;2835;47.26;ok;
21;HOSPITAL GERAL DO GRAJAU PROF LIBER JOHN ALPHONSE DI DIO SP;PARQUE DAS NACOES;29;HOSPITAL GERAL JESUS TEIXEIRA DA COSTA GUAIANASES SAO PAULO;JARDIM SAO PAULO;30940;30.94;2837;47.3;ok;
21;HOSPITAL GERAL DO GRAJAU PROF LIBER JOHN ALPHONSE DI DIO SP;PARQUE DAS NACOES;30;HOSP MUN DR CARMINO CARICCHIO;TATUAPE;24600;24.6;2104;35.08;ok;
21;HOSPITAL GERAL DO GRAJAU PROF LIBER JOHN ALPHONSE DI DIO SP;PARQUE DAS NACOES;31;HOSP MUN TIDE SETUBAL;SAO MIGUEL PAULISTA;32259;32.26;3021;50.36;ok;
21;HOSPITAL GERAL DO GRAJAU PROF LIBER JOHN ALPHONSE DI DIO SP;PARQUE DAS NACOES;32;HOSP MUN V NHOCUNE ALEXANDRE ZAIO;VILA NHOCUNE;24950;24.95;2388;39.81;ok;
21;HOSPITAL GERAL DO GRAJAU PROF LIBER JOHN ALPHONSE DI DIO SP;PARQUE DAS NACOES;33;HOSP MUN JABAQUARA ARTUR RIBEIRO DE SABOYA;JABAQUARA;10520;10.52;824;13.73;ok;
21;HOSPITAL GERAL DO GRAJAU PROF LIBER JOHN ALPHONSE DI DIO SP;PARQUE DAS NACOES;34;HOSPITAL KATIA DE SOUZA RODRIGUES TAIPASSP SAO PAULO;PARADA DE TAIPAS;44460;44.46;3134;52.24;ok;
21;HOSPITAL GERAL DO GRAJAU PROF LIBER JOHN ALPHONSE DI DIO SP;PARQUE DAS NACOES;35;HOSP MUN PROFESSOR DOUTOR ALIPIO CORREA NETTO;VILA PARANAGUA;36630;36.63;3192;53.21;ok;
21;HOSPITAL GERAL DO GRAJAU PROF LIBER JOHN ALPHONSE DI DIO SP;PARQUE DAS NACOES;36;HOSPITAL MUNICIPAL DR BENEDITO MONTENEGRO;JARDIM IVA;18590;18.59;1708;28.47;ok;
21;HOSPITAL GERAL DO GRAJAU PROF LIBER JOHN ALPHONSE DI DIO SP;PARQUE DAS NACOES;37;HOSP MUN IGNACIO PROENCA DE GOUVEA;PARQUE DA MOOCA;18030;18.03;1402;23.38;ok;
21;HOSPITAL GERAL DO GRAJAU PROF LIBER JOHN ALPHONSE DI DIO SP;PARQUE DAS NACOES;38;HOSPITAL INFANTIL CANDIDO FONTOURA SAO PAULO;AGUA RASA;21790;21.79;1746;29.11;ok;
21;HOSPITAL GERAL DO GRAJAU PROF LIBER JOHN ALPHONSE DI DIO SP;PARQUE DAS NACOES;40;HOSPITAL REGIONAL SUL SAO PAULO;SANTO AMARO;16470;16.47;1578;26.3;ok;
21;HOSPITAL GERAL DO GRAJAU PROF LIBER JOHN ALPHONSE DI DIO SP;PARQUE DAS NACOES;42;HOSPITAL ESTADUAL DE SAPOPEMBA SAO PAULO;JARDIM SAPOPEMBA;16329;16.33;1535;25.6;ok;
21;HOSPITAL GERAL DO GRAJAU PROF LIBER JOHN ALPHONSE DI DIO SP;PARQUE DAS NACOES;43;HOSPITAL GERAL DE VILA PENTEADO DR JOSE PANGELLA SAO PAULO;JARDIM IRACEMA;37810;37.81;2597;43.28;ok;
21;HOSPITAL GERAL DO GRAJAU PROF LIBER JOHN ALPHONSE DI DIO SP;PARQUE DAS NACOES;46;HOSP DO SERV PUB MUNICIPAL HSPM;LIBERDADE;19090;19.09;1651;27.53;ok;
21;HOSPITAL GERAL DO GRAJAU PROF LIBER JOHN ALPHONSE DI DIO SP;PARQUE DAS NACOES;47;HOSP MUN FERNANDO MAURO PIRES DA ROCHA;CAMPO LIMPO;27450;27.45;2165;36.1;ok;
21;HOSPITAL GERAL DO GRAJAU PROF LIBER JOHN ALPHONSE DI DIO SP;PARQUE DAS NACOES;48;CENTRO HOSPITALAR DO SISTEMA PENITENCIARIO SAO PAULO;CARANDIRU;26060;26.06;2265;37.77;ok;
21;HOSPITAL GERAL DO GRAJAU PROF LIBER JOHN ALPHONSE DI DIO SP;PARQUE DAS NACOES;49;HOSP MUN VER JOSE STOROPOLLI;PARQUE NOVO MUNDO;28350;28.35;2401;40.02;ok;
21;HOSPITAL GERAL DO GRAJAU PROF LIBER JOHN ALPHONSE DI DIO SP;PARQUE DAS NACOES;50;CENTRO MEDICO PMESP;TREMEMBE;30910;30.91;2850;47.5;ok;
21;HOSPITAL GERAL DO GRAJAU PROF LIBER JOHN ALPHONSE DI DIO SP;PARQUE DAS NACOES;51;HOSP MUN CARMEN PRUDENTE;CIDADE TIRADENTES;27680;27.68;2541;42.36;ok;
21;HOSPITAL GERAL DO GRAJAU PROF LIBER JOHN ALPHONSE DI DIO SP;PARQUE DAS NACOES;53;INSTITUTO DE REABILITACAO LUCY MONTORO;VILA ANDRADE;25280;25.28;2030;33.85;ok;
21;HOSPITAL GERAL DO GRAJAU PROF LIBER JOHN ALPHONSE DI DIO SP;PARQUE DAS NACOES;55;INSTITUTO DO CANCER DO ESTADO DE SAO PAULO;CERQUEIRA CESAR;23090;23.09;2023;33.73;ok;
21;HOSPITAL GERAL DO GRAJAU PROF LIBER JOHN ALPHONSE DI DIO SP;PARQUE DAS NACOES;56;HOSP MUN SOROCABANA;VILA ROMANA;29110;29.11;2423;40.4;ok;
21;HOSPITAL GERAL DO GRAJAU PROF LIBER JOHN ALPHONSE DI DIO SP;PARQUE DAS NACOES;57;HOSP MUN GILSON DE CASSIA MARQUES DE CARVALHO;VILA MASCOTE;12610;12.61;1052;17.54;ok;
21;HOSPITAL GERAL DO GRAJAU PROF LIBER JOHN ALPHONSE DI DIO SP;PARQUE DAS NACOES;58;HOSP MUN CAPELA DO SOCORRO;JARDIM DAS IMBUIAS;18530;18.53;1869;31.16;ok;
21;HOSPITAL GERAL DO GRAJAU PROF LIBER JOHN ALPHONSE DI DIO SP;PARQUE DAS NACOES;59;HOSP MUN JOSANIAS CASTANHA BRAGA;JARDIM ROSCHEL;30920;30.92;2672;44.55;ok;
21;HOSPITAL GERAL DO GRAJAU PROF LIBER JOHN ALPHONSE DI DIO SP;PARQUE DAS NACOES;233;HOSP MUN SOROCABANA;ALTO DE PINHEIROS;28480;28.48;2170;36.18;ok;
22;HOSPITAL E MATERNIDADE LEONOR MENDES DE BARROS SAO PAULO;BELENZINHO;1;HOSPITAL MUNICIPAL SANTA DULCE DOS POBRES;CONSOLACAO;9550;9.55;1164;19.41;ok;
22;HOSPITAL E MATERNIDADE LEONOR MENDES DE BARROS SAO PAULO;BELENZINHO;2;HOSPITAL MUNICIPAL BRASILANDIA;JARDIM MARISTELA;18760;18.76;1362;22.7;ok;
22;HOSPITAL E MATERNIDADE LEONOR MENDES DE BARROS SAO PAULO;BELENZINHO;3;HOSPITAL MUNICIPAL GUARAPIRANGA;RIVIERA PAULISTA;44790;44.79;2687;44.8;ok;
22;HOSPITAL E MATERNIDADE LEONOR MENDES DE BARROS SAO PAULO;BELENZINHO;4;INSTITUTO DE INFECTOLOGIA EMILIO RIBAS;SUMARE;15150;15.15;1282;21.37;ok;
22;HOSPITAL E MATERNIDADE LEONOR MENDES DE BARROS SAO PAULO;BELENZINHO;5;HOSPITAL DO SERV PUB EST FCO MORATO DE OLIVEIRA SAO PAULO;IBIRAPUERA;12820;12.82;1322;22.04;ok;
22;HOSPITAL E MATERNIDADE LEONOR MENDES DE BARROS SAO PAULO;BELENZINHO;6;HOSPITAL MATERNIDADE INTERLAGOS;JD LEBLON;28050;28.05;2765;46.1;ok;
22;HOSPITAL E MATERNIDADE LEONOR MENDES DE BARROS SAO PAULO;BELENZINHO;7;HOSPITAL GERAL DE PEDREIRA;VILA CAMPO GRANDE;24560;24.56;2499;41.65;ok;
22;HOSPITAL E MATERNIDADE LEONOR MENDES DE BARROS SAO PAULO;BELENZINHO;8;HOSPITAL HELIOPOLIS UNIDADE DE GESTAO ASSISTENCIAL I;V HELIOPOLIS;11020;11.02;1151;19.19;ok;
22;HOSPITAL E MATERNIDADE LEONOR MENDES DE BARROS SAO PAULO;BELENZINHO;10;HOSPITAL INFANTIL DARCY VARGAS UGA III SAO PAULO;JARDIM GUEDALA;16820;16.82;1866;31.11;ok;
22;HOSPITAL E MATERNIDADE LEONOR MENDES DE BARROS SAO PAULO;BELENZINHO;11;HOSP MUN MATERNIDADE PROFESSOR MARIO DEGNI;VILA ANTONIO;28080;28.08;1823;30.4;ok;
22;HOSPITAL E MATERNIDADE LEONOR MENDES DE BARROS SAO PAULO;BELENZINHO;12;HOSPITAL UNIVERSITARIO DA USP SAO PAULO;BUTANTA;26160;26.16;1724;28.74;ok;
22;HOSPITAL E MATERNIDADE LEONOR MENDES DE BARROS SAO PAULO;BELENZINHO;13;CAISM PHILIPPE PINEL SAO PAULO;PIRITUBA;18960;18.96;1388;23.14;ok;
22;HOSPITAL E MATERNIDADE LEONOR MENDES DE BARROS SAO PAULO;BELENZINHO;14;HOSPITAL GERAL HENRIQUE ALTIMEYER DE VILA ALPINA;VILA ALPINA;8150;8.15;775;12.93;ok;
22;HOSPITAL E MATERNIDADE LEONOR MENDES DE BARROS SAO PAULO;BELENZINHO;16;HOSPITAL GERAL DE SAO MATEUS SAO PAULO;SAO MATEUS;15730;15.73;1381;23.03;ok;
22;HOSPITAL E MATERNIDADE LEONOR MENDES DE BARROS SAO PAULO;BELENZINHO;17;UNIDADE DE GESTAO ASSISTENCIAL II HOSPITAL IPIRANGA SP;IPIRANGA;9050;9.05;967;16.12;ok;
22;HOSPITAL E MATERNIDADE LEONOR MENDES DE BARROS SAO PAULO;BELENZINHO;18;CONJUNTO HOSPITALAR DO MANDAQUI SAO PAULO;SANTANA;10640;10.64;1092;18.21;ok;
22;HOSPITAL E MATERNIDADE LEONOR MENDES DE BARROS SAO PAULO;BELENZINHO;19;HOSPITAL GERAL SANTA MARCELINA DE ITAIM PAULISTA SAO PAULO;ITAIM PAULISTA;28360;28.36;1664;27.74;ok;
22;HOSPITAL E MATERNIDADE LEONOR MENDES DE BARROS SAO PAULO;BELENZINHO;20;HOSP MUN PROF DR WALDOMIRO DE PAULA;ITAQUERA;25590;25.59;1607;26.79;ok;
22;HOSPITAL E MATERNIDADE LEONOR MENDES DE BARROS SAO PAULO;BELENZINHO;21;HOSPITAL GERAL DO GRAJAU PROF LIBER JOHN ALPHONSE DI DIO SP;PARQUE DAS NACOES;22800;22.8;1890;31.51;ok;
22;HOSPITAL E MATERNIDADE LEONOR MENDES DE BARROS SAO PAULO;BELENZINHO;22;HOSPITAL E MATERNIDADE LEONOR MENDES DE BARROS SAO PAULO;BELENZINHO;0;0.0;0;0.0;ok;
22;HOSPITAL E MATERNIDADE LEONOR MENDES DE BARROS SAO PAULO;BELENZINHO;23;CENTRO DE REFERENCIA E TREINAMENTO DST AIDS SAO PAULO;VILA MARIANA;11470;11.47;1338;22.31;ok;
22;HOSPITAL E MATERNIDADE LEONOR MENDES DE BARROS SAO PAULO;BELENZINHO;24;HOSPITAL MILITAR DE AREA DE SAO PAULO;CAMBUCI;8370;8.37;896;14.94;ok;
22;HOSPITAL E MATERNIDADE LEONOR MENDES DE BARROS SAO PAULO;BELENZINHO;25;CENTRO DE REFERENCIA DA SAUDE DA MULHER;CAMPOS ELISEOS;7210;7.21;856;14.28;ok;
22;HOSPITAL E MATERNIDADE LEONOR MENDES DE BARROS SAO PAULO;BELENZINHO;26;HOSP MUN INFANTIL MENINO JESUS;BELA VISTA;8960;8.96;1069;17.82;ok;
22;HOSPITAL E MATERNIDADE LEONOR MENDES DE BARROS SAO PAULO;BELENZINHO;28;HOSP MUN MAT ESC DR MARIO DE MORAES A SILVA;VILA NOVA CACHOEIRIN;16870;16.87;1266;21.11;ok;
22;HOSPITAL E MATERNIDADE LEONOR MENDES DE BARROS SAO PAULO;BELENZINHO;29;HOSPITAL GERAL JESUS TEIXEIRA DA COSTA GUAIANASES SAO PAULO;JARDIM SAO PAULO;33540;33.54;2185;36.42;ok;
22;HOSPITAL E MATERNIDADE LEONOR MENDES DE BARROS SAO PAULO;BELENZINHO;30;HOSP MUN DR CARMINO CARICCHIO;TATUAPE;2430;2.43;399;6.66;ok;
22;HOSPITAL E MATERNIDADE LEONOR MENDES DE BARROS SAO PAULO;BELENZINHO;31;HOSP MUN TIDE SETUBAL;SAO MIGUEL PAULISTA;21760;21.76;1350;22.51;ok;
22;HOSPITAL E MATERNIDADE LEONOR MENDES DE BARROS SAO PAULO;BELENZINHO;32;HOSP MUN V NHOCUNE ALEXANDRE ZAIO;VILA NHOCUNE;11210;11.21;1128;18.82;ok;
22;HOSPITAL E MATERNIDADE LEONOR MENDES DE BARROS SAO PAULO;BELENZINHO;33;HOSP MUN JABAQUARA ARTUR RIBEIRO DE SABOYA;JABAQUARA;19250;19.25;1987;33.13;ok;
22;HOSPITAL E MATERNIDADE LEONOR MENDES DE BARROS SAO PAULO;BELENZINHO;34;HOSPITAL KATIA DE SOUZA RODRIGUES TAIPASSP SAO PAULO;PARADA DE TAIPAS;23220;23.22;1654;27.58;ok;
22;HOSPITAL E MATERNIDADE LEONOR MENDES DE BARROS SAO PAULO;BELENZINHO;35;HOSP MUN PROFESSOR DOUTOR ALIPIO CORREA NETTO;VILA PARANAGUA;14300;14.3;1397;23.3;ok;
22;HOSPITAL E MATERNIDADE LEONOR MENDES DE BARROS SAO PAULO;BELENZINHO;36;HOSPITAL MUNICIPAL DR BENEDITO MONTENEGRO;JARDIM IVA;10750;10.75;1124;18.74;ok;
22;HOSPITAL E MATERNIDADE LEONOR MENDES DE BARROS SAO PAULO;BELENZINHO;37;HOSP MUN IGNACIO PROENCA DE GOUVEA;PARQUE DA MOOCA;5980;5.98;612;10.2;ok;
22;HOSPITAL E MATERNIDADE LEONOR MENDES DE BARROS SAO PAULO;BELENZINHO;38;HOSPITAL INFANTIL CANDIDO FONTOURA SAO PAULO;AGUA RASA;2930;2.93;329;5.5;ok;
22;HOSPITAL E MATERNIDADE LEONOR MENDES DE BARROS SAO PAULO;BELENZINHO;40;HOSPITAL REGIONAL SUL SAO PAULO;SANTO AMARO;21940;21.94;2268;37.81;ok;
22;HOSPITAL E MATERNIDADE LEONOR MENDES DE BARROS SAO PAULO;BELENZINHO;42;HOSPITAL ESTADUAL DE SAPOPEMBA SAO PAULO;JARDIM SAPOPEMBA;15900;15.9;1480;24.67;ok;
22;HOSPITAL E MATERNIDADE LEONOR MENDES DE BARROS SAO PAULO;BELENZINHO;43;HOSPITAL GERAL DE VILA PENTEADO DR JOSE PANGELLA SAO PAULO;JARDIM IRACEMA;16570;16.57;1117;18.63;ok;
22;HOSPITAL E MATERNIDADE LEONOR MENDES DE BARROS SAO PAULO;BELENZINHO;46;HOSP DO SERV PUB MUNICIPAL HSPM;LIBERDADE;7870;7.87;893;14.89;ok;
22;HOSPITAL E MATERNIDADE LEONOR MENDES DE BARROS SAO PAULO;BELENZINHO;47;HOSP MUN FERNANDO MAURO PIRES DA ROCHA;CAMPO LIMPO;39770;39.77;2232;37.22;ok;
22;HOSPITAL E MATERNIDADE LEONOR MENDES DE BARROS SAO PAULO;BELENZINHO;48;CENTRO HOSPITALAR DO SISTEMA PENITENCIARIO SAO PAULO;CARANDIRU;6950;6.95;671;11.19;ok;
22;HOSPITAL E MATERNIDADE LEONOR MENDES DE BARROS SAO PAULO;BELENZINHO;49;HOSP MUN VER JOSE STOROPOLLI;PARQUE NOVO MUNDO;6030;6.03;607;10.12;ok;
22;HOSPITAL E MATERNIDADE LEONOR MENDES DE BARROS SAO PAULO;BELENZINHO;50;CENTRO MEDICO PMESP;TREMEMBE;12200;12.2;1245;20.76;ok;
22;HOSPITAL E MATERNIDADE LEONOR MENDES DE BARROS SAO PAULO;BELENZINHO;51;HOSP MUN CARMEN PRUDENTE;CIDADE TIRADENTES;24150;24.15;2238;37.31;ok;
22;HOSPITAL E MATERNIDADE LEONOR MENDES DE BARROS SAO PAULO;BELENZINHO;53;INSTITUTO DE REABILITACAO LUCY MONTORO;VILA ANDRADE;37590;37.59;2097;34.97;ok;
22;HOSPITAL E MATERNIDADE LEONOR MENDES DE BARROS SAO PAULO;BELENZINHO;55;INSTITUTO DO CANCER DO ESTADO DE SAO PAULO;CERQUEIRA CESAR;11300;11.3;1354;22.57;ok;
22;HOSPITAL E MATERNIDADE LEONOR MENDES DE BARROS SAO PAULO;BELENZINHO;56;HOSP MUN SOROCABANA;VILA ROMANA;16040;16.04;1228;20.48;ok;
22;HOSPITAL E MATERNIDADE LEONOR MENDES DE BARROS SAO PAULO;BELENZINHO;57;HOSP MUN GILSON DE CASSIA MARQUES DE CARVALHO;VILA MASCOTE;19840;19.84;1999;33.33;ok;
22;HOSPITAL E MATERNIDADE LEONOR MENDES DE BARROS SAO PAULO;BELENZINHO;58;HOSP MUN CAPELA DO SOCORRO;JARDIM DAS IMBUIAS;31510;31.51;3184;53.08;ok;
22;HOSPITAL E MATERNIDADE LEONOR MENDES DE BARROS SAO PAULO;BELENZINHO;59;HOSP MUN JOSANIAS CASTANHA BRAGA;JARDIM ROSCHEL;44570;44.57;4054;67.57;ok;
22;HOSPITAL E MATERNIDADE LEONOR MENDES DE BARROS SAO PAULO;BELENZINHO;233;HOSP MUN SOROCABANA;ALTO DE PINHEIROS;20990;20.99;1548;25.8;ok;
23;CENTRO DE REFERENCIA E TREINAMENTO DST AIDS SAO PAULO;VILA MARIANA;1;HOSPITAL MUNICIPAL SANTA DULCE DOS POBRES;CONSOLACAO;5290;5.29;631;10.52;ok;
23;CENTRO DE REFERENCIA E TREINAMENTO DST AIDS SAO PAULO;VILA MARIANA;2;HOSPITAL MUNICIPAL BRASILANDIA;JARDIM MARISTELA;21060;21.06;1936;32.28;ok;
23;CENTRO DE REFERENCIA E TREINAMENTO DST AIDS SAO PAULO;VILA MARIANA;3;HOSPITAL MUNICIPAL GUARAPIRANGA;RIVIERA PAULISTA;21270;21.27;1996;33.28;ok;
23;CENTRO DE REFERENCIA E TREINAMENTO DST AIDS SAO PAULO;VILA MARIANA;4;INSTITUTO DE INFECTOLOGIA EMILIO RIBAS;SUMARE;8430;8.43;981;16.36;ok;
23;CENTRO DE REFERENCIA E TREINAMENTO DST AIDS SAO PAULO;VILA MARIANA;5;HOSPITAL DO SERV PUB EST FCO MORATO DE OLIVEIRA SAO PAULO;IBIRAPUERA;3430;3.43;408;6.8;ok;
23;CENTRO DE REFERENCIA E TREINAMENTO DST AIDS SAO PAULO;VILA MARIANA;6;HOSPITAL MATERNIDADE INTERLAGOS;JD LEBLON;17680;17.68;1814;30.23;ok;
23;CENTRO DE REFERENCIA E TREINAMENTO DST AIDS SAO PAULO;VILA MARIANA;7;HOSPITAL GERAL DE PEDREIRA;VILA CAMPO GRANDE;14190;14.19;1547;25.79;ok;
23;CENTRO DE REFERENCIA E TREINAMENTO DST AIDS SAO PAULO;VILA MARIANA;8;HOSPITAL HELIOPOLIS UNIDADE DE GESTAO ASSISTENCIAL I;V HELIOPOLIS;7090;7.09;727;12.13;ok;
23;CENTRO DE REFERENCIA E TREINAMENTO DST AIDS SAO PAULO;VILA MARIANA;10;HOSPITAL INFANTIL DARCY VARGAS UGA III SAO PAULO;JARDIM GUEDALA;10670;10.67;1227;20.45;ok;
23;CENTRO DE REFERENCIA E TREINAMENTO DST AIDS SAO PAULO;VILA MARIANA;11;HOSP MUN MATERNIDADE PROFESSOR MARIO DEGNI;VILA ANTONIO;18220;18.22;1679;28.0;ok;
23;CENTRO DE REFERENCIA E TREINAMENTO DST AIDS SAO PAULO;VILA MARIANA;12;HOSPITAL UNIVERSITARIO DA USP SAO PAULO;BUTANTA;15490;15.49;1732;28.88;ok;
23;CENTRO DE REFERENCIA E TREINAMENTO DST AIDS SAO PAULO;VILA MARIANA;13;CAISM PHILIPPE PINEL SAO PAULO;PIRITUBA;21260;21.26;1963;32.72;ok;
23;CENTRO DE REFERENCIA E TREINAMENTO DST AIDS SAO PAULO;VILA MARIANA;14;HOSPITAL GERAL HENRIQUE ALTIMEYER DE VILA ALPINA;VILA ALPINA;9520;9.52;999;16.66;ok;
23;CENTRO DE REFERENCIA E TREINAMENTO DST AIDS SAO PAULO;VILA MARIANA;16;HOSPITAL GERAL DE SAO MATEUS SAO PAULO;SAO MATEUS;18710;18.71;1920;32.0;ok;
23;CENTRO DE REFERENCIA E TREINAMENTO DST AIDS SAO PAULO;VILA MARIANA;17;UNIDADE DE GESTAO ASSISTENCIAL II HOSPITAL IPIRANGA SP;IPIRANGA;4130;4.13;461;7.69;ok;
23;CENTRO DE REFERENCIA E TREINAMENTO DST AIDS SAO PAULO;VILA MARIANA;18;CONJUNTO HOSPITALAR DO MANDAQUI SAO PAULO;SANTANA;13890;13.89;1586;26.44;ok;
23;CENTRO DE REFERENCIA E TREINAMENTO DST AIDS SAO PAULO;VILA MARIANA;19;HOSPITAL GERAL SANTA MARCELINA DE ITAIM PAULISTA SAO PAULO;ITAIM PAULISTA;41420;41.42;2738;45.64;ok;
23;CENTRO DE REFERENCIA E TREINAMENTO DST AIDS SAO PAULO;VILA MARIANA;20;HOSP MUN PROF DR WALDOMIRO DE PAULA;ITAQUERA;25470;25.47;2517;41.96;ok;
23;CENTRO DE REFERENCIA E TREINAMENTO DST AIDS SAO PAULO;VILA MARIANA;21;HOSPITAL GERAL DO GRAJAU PROF LIBER JOHN ALPHONSE DI DIO SP;PARQUE DAS NACOES;16320;16.32;1295;21.6;ok;
23;CENTRO DE REFERENCIA E TREINAMENTO DST AIDS SAO PAULO;VILA MARIANA;22;HOSPITAL E MATERNIDADE LEONOR MENDES DE BARROS SAO PAULO;BELENZINHO;12060;12.06;1324;22.07;ok;
23;CENTRO DE REFERENCIA E TREINAMENTO DST AIDS SAO PAULO;VILA MARIANA;23;CENTRO DE REFERENCIA E TREINAMENTO DST AIDS SAO PAULO;VILA MARIANA;0;0.0;0;0.0;ok;
23;CENTRO DE REFERENCIA E TREINAMENTO DST AIDS SAO PAULO;VILA MARIANA;24;HOSPITAL MILITAR DE AREA DE SAO PAULO;CAMBUCI;4880;4.88;572;9.54;ok;
23;CENTRO DE REFERENCIA E TREINAMENTO DST AIDS SAO PAULO;VILA MARIANA;25;CENTRO DE REFERENCIA DA SAUDE DA MULHER;CAMPOS ELISEOS;8490;8.49;987;16.46;ok;
23;CENTRO DE REFERENCIA E TREINAMENTO DST AIDS SAO PAULO;VILA MARIANA;26;HOSP MUN INFANTIL MENINO JESUS;BELA VISTA;4750;4.75;617;10.3;ok;
23;CENTRO DE REFERENCIA E TREINAMENTO DST AIDS SAO PAULO;VILA MARIANA;28;HOSP MUN MAT ESC DR MARIO DE MORAES A SILVA;VILA NOVA CACHOEIRIN;17330;17.33;1835;30.59;ok;
23;CENTRO DE REFERENCIA E TREINAMENTO DST AIDS SAO PAULO;VILA MARIANA;29;HOSPITAL GERAL JESUS TEIXEIRA DA COSTA GUAIANASES SAO PAULO;JARDIM SAO PAULO;30920;30.92;2956;49.27;ok;
23;CENTRO DE REFERENCIA E TREINAMENTO DST AIDS SAO PAULO;VILA MARIANA;30;HOSP MUN DR CARMINO CARICCHIO;TATUAPE;13980;13.98;1527;25.47;ok;
23;CENTRO DE REFERENCIA E TREINAMENTO DST AIDS SAO PAULO;VILA MARIANA;31;HOSP MUN TIDE SETUBAL;SAO MIGUEL PAULISTA;34830;34.83;2424;40.41;ok;
23;CENTRO DE REFERENCIA E TREINAMENTO DST AIDS SAO PAULO;VILA MARIANA;32;HOSP MUN V NHOCUNE ALEXANDRE ZAIO;VILA NHOCUNE;19290;19.29;1976;32.94;ok;
23;CENTRO DE REFERENCIA E TREINAMENTO DST AIDS SAO PAULO;VILA MARIANA;33;HOSP MUN JABAQUARA ARTUR RIBEIRO DE SABOYA;JABAQUARA;7140;7.14;901;15.02;ok;
23;CENTRO DE REFERENCIA E TREINAMENTO DST AIDS SAO PAULO;VILA MARIANA;34;HOSPITAL KATIA DE SOUZA RODRIGUES TAIPASSP SAO PAULO;PARADA DE TAIPAS;25520;25.52;2229;37.16;ok;
23;CENTRO DE REFERENCIA E TREINAMENTO DST AIDS SAO PAULO;VILA MARIANA;35;HOSP MUN PROFESSOR DOUTOR ALIPIO CORREA NETTO;VILA PARANAGUA;27370;27.37;2471;41.2;ok;
23;CENTRO DE REFERENCIA E TREINAMENTO DST AIDS SAO PAULO;VILA MARIANA;36;HOSPITAL MUNICIPAL DR BENEDITO MONTENEGRO;JARDIM IVA;15280;15.28;1544;25.74;ok;
23;CENTRO DE REFERENCIA E TREINAMENTO DST AIDS SAO PAULO;VILA MARIANA;37;HOSP MUN IGNACIO PROENCA DE GOUVEA;PARQUE DA MOOCA;7980;7.98;810;13.52;ok;
23;CENTRO DE REFERENCIA E TREINAMENTO DST AIDS SAO PAULO;VILA MARIANA;38;HOSPITAL INFANTIL CANDIDO FONTOURA SAO PAULO;AGUA RASA;11270;11.27;1172;19.54;ok;
23;CENTRO DE REFERENCIA E TREINAMENTO DST AIDS SAO PAULO;VILA MARIANA;40;HOSPITAL REGIONAL SUL SAO PAULO;SANTO AMARO;12000;12.0;1334;22.23;ok;
23;CENTRO DE REFERENCIA E TREINAMENTO DST AIDS SAO PAULO;VILA MARIANA;42;HOSPITAL ESTADUAL DE SAPOPEMBA SAO PAULO;JARDIM SAPOPEMBA;18490;18.49;1832;30.55;ok;
23;CENTRO DE REFERENCIA E TREINAMENTO DST AIDS SAO PAULO;VILA MARIANA;43;HOSPITAL GERAL DE VILA PENTEADO DR JOSE PANGELLA SAO PAULO;JARDIM IRACEMA;18860;18.86;1691;28.2;ok;
23;CENTRO DE REFERENCIA E TREINAMENTO DST AIDS SAO PAULO;VILA MARIANA;46;HOSP DO SERV PUB MUNICIPAL HSPM;LIBERDADE;3930;3.93;525;8.76;ok;
23;CENTRO DE REFERENCIA E TREINAMENTO DST AIDS SAO PAULO;VILA MARIANA;47;HOSP MUN FERNANDO MAURO PIRES DA ROCHA;CAMPO LIMPO;16250;16.25;1541;25.7;ok;
23;CENTRO DE REFERENCIA E TREINAMENTO DST AIDS SAO PAULO;VILA MARIANA;48;CENTRO HOSPITALAR DO SISTEMA PENITENCIARIO SAO PAULO;CARANDIRU;11420;11.42;1309;21.83;ok;
23;CENTRO DE REFERENCIA E TREINAMENTO DST AIDS SAO PAULO;VILA MARIANA;49;HOSP MUN VER JOSE STOROPOLLI;PARQUE NOVO MUNDO;19090;19.09;1681;28.02;ok;
23;CENTRO DE REFERENCIA E TREINAMENTO DST AIDS SAO PAULO;VILA MARIANA;50;CENTRO MEDICO PMESP;TREMEMBE;16470;16.47;1873;31.22;ok;
23;CENTRO DE REFERENCIA E TREINAMENTO DST AIDS SAO PAULO;VILA MARIANA;51;HOSP MUN CARMEN PRUDENTE;CIDADE TIRADENTES;29880;29.88;2838;47.3;ok;
23;CENTRO DE REFERENCIA E TREINAMENTO DST AIDS SAO PAULO;VILA MARIANA;53;INSTITUTO DE REABILITACAO LUCY MONTORO;VILA ANDRADE;14070;14.07;1406;23.45;ok;
23;CENTRO DE REFERENCIA E TREINAMENTO DST AIDS SAO PAULO;VILA MARIANA;55;INSTITUTO DO CANCER DO ESTADO DE SAO PAULO;CERQUEIRA CESAR;8140;8.14;965;16.09;ok;
23;CENTRO DE REFERENCIA E TREINAMENTO DST AIDS SAO PAULO;VILA MARIANA;56;HOSP MUN SOROCABANA;VILA ROMANA;13400;13.4;1506;25.1;ok;
23;CENTRO DE REFERENCIA E TREINAMENTO DST AIDS SAO PAULO;VILA MARIANA;57;HOSP MUN GILSON DE CASSIA MARQUES DE CARVALHO;VILA MASCOTE;7860;7.86;957;15.96;ok;
23;CENTRO DE REFERENCIA E TREINAMENTO DST AIDS SAO PAULO;VILA MARIANA;58;HOSP MUN CAPELA DO SOCORRO;JARDIM DAS IMBUIAS;21140;21.14;2232;37.21;ok;
23;CENTRO DE REFERENCIA E TREINAMENTO DST AIDS SAO PAULO;VILA MARIANA;59;HOSP MUN JOSANIAS CASTANHA BRAGA;JARDIM ROSCHEL;34200;34.2;3102;51.71;ok;
23;CENTRO DE REFERENCIA E TREINAMENTO DST AIDS SAO PAULO;VILA MARIANA;233;HOSP MUN SOROCABANA;ALTO DE PINHEIROS;13700;13.7;1534;25.57;ok;
24;HOSPITAL MILITAR DE AREA DE SAO PAULO;CAMBUCI;1;HOSPITAL MUNICIPAL SANTA DULCE DOS POBRES;CONSOLACAO;6610;6.61;713;11.89;ok;
24;HOSPITAL MILITAR DE AREA DE SAO PAULO;CAMBUCI;2;HOSPITAL MUNICIPAL BRASILANDIA;JARDIM MARISTELA;18880;18.88;1663;27.72;ok;
24;HOSPITAL MILITAR DE AREA DE SAO PAULO;CAMBUCI;3;HOSPITAL MUNICIPAL GUARAPIRANGA;RIVIERA PAULISTA;26650;26.65;2414;40.25;ok;
24;HOSPITAL MILITAR DE AREA DE SAO PAULO;CAMBUCI;4;INSTITUTO DE INFECTOLOGIA EMILIO RIBAS;SUMARE;9750;9.75;1063;17.73;ok;
24;HOSPITAL MILITAR DE AREA DE SAO PAULO;CAMBUCI;5;HOSPITAL DO SERV PUB EST FCO MORATO DE OLIVEIRA SAO PAULO;IBIRAPUERA;7800;7.8;828;13.81;ok;
24;HOSPITAL MILITAR DE AREA DE SAO PAULO;CAMBUCI;6;HOSPITAL MATERNIDADE INTERLAGOS;JD LEBLON;20790;20.79;2216;36.93;ok;
24;HOSPITAL MILITAR DE AREA DE SAO PAULO;CAMBUCI;7;HOSPITAL GERAL DE PEDREIRA;VILA CAMPO GRANDE;17910;17.91;1946;32.44;ok;
24;HOSPITAL MILITAR DE AREA DE SAO PAULO;CAMBUCI;8;HOSPITAL HELIOPOLIS UNIDADE DE GESTAO ASSISTENCIAL I;V HELIOPOLIS;5340;5.34;529;8.83;ok;
24;HOSPITAL MILITAR DE AREA DE SAO PAULO;CAMBUCI;10;HOSPITAL INFANTIL DARCY VARGAS UGA III SAO PAULO;JARDIM GUEDALA;13470;13.47;1497;24.95;ok;
24;HOSPITAL MILITAR DE AREA DE SAO PAULO;CAMBUCI;11;HOSP MUN MATERNIDADE PROFESSOR MARIO DEGNI;VILA ANTONIO;20800;20.8;1919;32.0;ok;
24;HOSPITAL MILITAR DE AREA DE SAO PAULO;CAMBUCI;12;HOSPITAL UNIVERSITARIO DA USP SAO PAULO;BUTANTA;18290;18.29;2002;33.38;ok;
24;HOSPITAL MILITAR DE AREA DE SAO PAULO;CAMBUCI;13;CAISM PHILIPPE PINEL SAO PAULO;PIRITUBA;19080;19.08;1689;28.16;ok;
24;HOSPITAL MILITAR DE AREA DE SAO PAULO;CAMBUCI;14;HOSPITAL GERAL HENRIQUE ALTIMEYER DE VILA ALPINA;VILA ALPINA;7450;7.45;786;13.11;ok;
24;HOSPITAL MILITAR DE AREA DE SAO PAULO;CAMBUCI;16;HOSPITAL GERAL DE SAO MATEUS SAO PAULO;SAO MATEUS;16590;16.59;1694;28.24;ok;
24;HOSPITAL MILITAR DE AREA DE SAO PAULO;CAMBUCI;17;UNIDADE DE GESTAO ASSISTENCIAL II HOSPITAL IPIRANGA SP;IPIRANGA;1780;1.78;215;3.58;ok;
24;HOSPITAL MILITAR DE AREA DE SAO PAULO;CAMBUCI;18;CONJUNTO HOSPITALAR DO MANDAQUI SAO PAULO;SANTANA;11680;11.68;1307;21.78;ok;
24;HOSPITAL MILITAR DE AREA DE SAO PAULO;CAMBUCI;19;HOSPITAL GERAL SANTA MARCELINA DE ITAIM PAULISTA SAO PAULO;ITAIM PAULISTA;35140;35.14;2425;40.43;ok;
24;HOSPITAL MILITAR DE AREA DE SAO PAULO;CAMBUCI;20;HOSP MUN PROF DR WALDOMIRO DE PAULA;ITAQUERA;21360;21.36;2191;36.53;ok;
24;HOSPITAL MILITAR DE AREA DE SAO PAULO;CAMBUCI;21;HOSPITAL GERAL DO GRAJAU PROF LIBER JOHN ALPHONSE DI DIO SP;PARQUE DAS NACOES;17740;17.74;1356;22.61;ok;
24;HOSPITAL MILITAR DE AREA DE SAO PAULO;CAMBUCI;22;HOSPITAL E MATERNIDADE LEONOR MENDES DE BARROS SAO PAULO;BELENZINHO;7140;7.14;861;14.36;ok;
24;HOSPITAL MILITAR DE AREA DE SAO PAULO;CAMBUCI;23;CENTRO DE REFERENCIA E TREINAMENTO DST AIDS SAO PAULO;VILA MARIANA;6020;6.02;668;11.15;ok;
24;HOSPITAL MILITAR DE AREA DE SAO PAULO;CAMBUCI;24;HOSPITAL MILITAR DE AREA DE SAO PAULO;CAMBUCI;0;0.0;0;0.0;ok;
24;HOSPITAL MILITAR DE AREA DE SAO PAULO;CAMBUCI;25;CENTRO DE REFERENCIA DA SAUDE DA MULHER;CAMPOS ELISEOS;6490;6.49;715;11.93;ok;
24;HOSPITAL MILITAR DE AREA DE SAO PAULO;CAMBUCI;26;HOSP MUN INFANTIL MENINO JESUS;BELA VISTA;6070;6.07;700;11.67;ok;
24;HOSPITAL MILITAR DE AREA DE SAO PAULO;CAMBUCI;28;HOSP MUN MAT ESC DR MARIO DE MORAES A SILVA;VILA NOVA CACHOEIRIN;15150;15.15;1561;26.03;ok;
24;HOSPITAL MILITAR DE AREA DE SAO PAULO;CAMBUCI;29;HOSPITAL GERAL JESUS TEIXEIRA DA COSTA GUAIANASES SAO PAULO;JARDIM SAO PAULO;28080;28.08;2709;45.17;ok;
24;HOSPITAL MILITAR DE AREA DE SAO PAULO;CAMBUCI;30;HOSP MUN DR CARMINO CARICCHIO;TATUAPE;9050;9.05;1065;17.76;ok;
24;HOSPITAL MILITAR DE AREA DE SAO PAULO;CAMBUCI;31;HOSP MUN TIDE SETUBAL;SAO MIGUEL PAULISTA;28540;28.54;2111;35.2;ok;
24;HOSPITAL MILITAR DE AREA DE SAO PAULO;CAMBUCI;32;HOSP MUN V NHOCUNE ALEXANDRE ZAIO;VILA NHOCUNE;15770;15.77;1670;27.84;ok;
24;HOSPITAL MILITAR DE AREA DE SAO PAULO;CAMBUCI;33;HOSP MUN JABAQUARA ARTUR RIBEIRO DE SABOYA;JABAQUARA;11390;11.39;1207;20.13;ok;
24;HOSPITAL MILITAR DE AREA DE SAO PAULO;CAMBUCI;34;HOSPITAL KATIA DE SOUZA RODRIGUES TAIPASSP SAO PAULO;PARADA DE TAIPAS;23340;23.34;1955;32.6;ok;
24;HOSPITAL MILITAR DE AREA DE SAO PAULO;CAMBUCI;35;HOSP MUN PROFESSOR DOUTOR ALIPIO CORREA NETTO;VILA PARANAGUA;21080;21.08;2159;35.98;ok;
24;HOSPITAL MILITAR DE AREA DE SAO PAULO;CAMBUCI;36;HOSPITAL MUNICIPAL DR BENEDITO MONTENEGRO;JARDIM IVA;13170;13.17;1318;21.98;ok;
24;HOSPITAL MILITAR DE AREA DE SAO PAULO;CAMBUCI;37;HOSP MUN IGNACIO PROENCA DE GOUVEA;PARQUE DA MOOCA;3740;3.74;412;6.87;ok;
24;HOSPITAL MILITAR DE AREA DE SAO PAULO;CAMBUCI;38;HOSPITAL INFANTIL CANDIDO FONTOURA SAO PAULO;AGUA RASA;6870;6.87;735;12.26;ok;
24;HOSPITAL MILITAR DE AREA DE SAO PAULO;CAMBUCI;40;HOSPITAL REGIONAL SUL SAO PAULO;SANTO AMARO;16930;16.93;1774;29.58;ok;
24;HOSPITAL MILITAR DE AREA DE SAO PAULO;CAMBUCI;42;HOSPITAL ESTADUAL DE SAPOPEMBA SAO PAULO;JARDIM SAPOPEMBA;16379;16.38;1606;26.78;ok;
24;HOSPITAL MILITAR DE AREA DE SAO PAULO;CAMBUCI;43;HOSPITAL GERAL DE VILA PENTEADO DR JOSE PANGELLA SAO PAULO;JARDIM IRACEMA;16690;16.69;1418;23.64;ok;
24;HOSPITAL MILITAR DE AREA DE SAO PAULO;CAMBUCI;46;HOSP DO SERV PUB MUNICIPAL HSPM;LIBERDADE;3950;3.95;530;8.85;ok;
24;HOSPITAL MILITAR DE AREA DE SAO PAULO;CAMBUCI;47;HOSP MUN FERNANDO MAURO PIRES DA ROCHA;CAMPO LIMPO;21640;21.64;1960;32.67;ok;
24;HOSPITAL MILITAR DE AREA DE SAO PAULO;CAMBUCI;48;CENTRO HOSPITALAR DO SISTEMA PENITENCIARIO SAO PAULO;CARANDIRU;8740;8.74;991;16.53;ok;
24;HOSPITAL MILITAR DE AREA DE SAO PAULO;CAMBUCI;49;HOSP MUN VER JOSE STOROPOLLI;PARQUE NOVO MUNDO;12810;12.81;1368;22.8;ok;
24;HOSPITAL MILITAR DE AREA DE SAO PAULO;CAMBUCI;50;CENTRO MEDICO PMESP;TREMEMBE;13590;13.59;1576;26.27;ok;
24;HOSPITAL MILITAR DE AREA DE SAO PAULO;CAMBUCI;51;HOSP MUN CARMEN PRUDENTE;CIDADE TIRADENTES;27760;27.76;2612;43.54;ok;
24;HOSPITAL MILITAR DE AREA DE SAO PAULO;CAMBUCI;53;INSTITUTO DE REABILITACAO LUCY MONTORO;VILA ANDRADE;19460;19.46;1825;30.42;ok;
24;HOSPITAL MILITAR DE AREA DE SAO PAULO;CAMBUCI;55;INSTITUTO DO CANCER DO ESTADO DE SAO PAULO;CERQUEIRA CESAR;9470;9.47;1047;17.46;ok;
24;HOSPITAL MILITAR DE AREA DE SAO PAULO;CAMBUCI;56;HOSP MUN SOROCABANA;VILA ROMANA;12590;12.59;1347;22.45;ok;
24;HOSPITAL MILITAR DE AREA DE SAO PAULO;CAMBUCI;57;HOSP MUN GILSON DE CASSIA MARQUES DE CARVALHO;VILA MASCOTE;12300;12.3;1336;22.28;ok;
24;HOSPITAL MILITAR DE AREA DE SAO PAULO;CAMBUCI;58;HOSP MUN CAPELA DO SOCORRO;JARDIM DAS IMBUIAS;24240;24.24;2634;43.91;ok;
24;HOSPITAL MILITAR DE AREA DE SAO PAULO;CAMBUCI;59;HOSP MUN JOSANIAS CASTANHA BRAGA;JARDIM ROSCHEL;37310;37.31;3504;58.41;ok;
24;HOSPITAL MILITAR DE AREA DE SAO PAULO;CAMBUCI;233;HOSP MUN SOROCABANA;ALTO DE PINHEIROS;15470;15.47;1705;28.43;ok;
25;CENTRO DE REFERENCIA DA SAUDE DA MULHER;CAMPOS ELISEOS;1;HOSPITAL MUNICIPAL SANTA DULCE DOS POBRES;CONSOLACAO;4190;4.19;610;10.17;ok;
25;CENTRO DE REFERENCIA DA SAUDE DA MULHER;CAMPOS ELISEOS;2;HOSPITAL MUNICIPAL BRASILANDIA;JARDIM MARISTELA;12400;12.4;1136;18.94;ok;
25;CENTRO DE REFERENCIA DA SAUDE DA MULHER;CAMPOS ELISEOS;3;HOSPITAL MUNICIPAL GUARAPIRANGA;RIVIERA PAULISTA;25350;25.35;2268;37.82;ok;
25;CENTRO DE REFERENCIA DA SAUDE DA MULHER;CAMPOS ELISEOS;4;INSTITUTO DE INFECTOLOGIA EMILIO RIBAS;SUMARE;6210;6.21;714;11.9;ok;
25;CENTRO DE REFERENCIA DA SAUDE DA MULHER;CAMPOS ELISEOS;5;HOSPITAL DO SERV PUB EST FCO MORATO DE OLIVEIRA SAO PAULO;IBIRAPUERA;8460;8.46;951;15.86;ok;
25;CENTRO DE REFERENCIA DA SAUDE DA MULHER;CAMPOS ELISEOS;6;HOSPITAL MATERNIDADE INTERLAGOS;JD LEBLON;23690;23.69;2394;39.91;ok;
25;CENTRO DE REFERENCIA DA SAUDE DA MULHER;CAMPOS ELISEOS;7;HOSPITAL GERAL DE PEDREIRA;VILA CAMPO GRANDE;20200;20.2;2128;35.47;ok;
25;CENTRO DE REFERENCIA DA SAUDE DA MULHER;CAMPOS ELISEOS;8;HOSPITAL HELIOPOLIS UNIDADE DE GESTAO ASSISTENCIAL I;V HELIOPOLIS;11890;11.89;1250;20.85;ok;
25;CENTRO DE REFERENCIA DA SAUDE DA MULHER;CAMPOS ELISEOS;10;HOSPITAL INFANTIL DARCY VARGAS UGA III SAO PAULO;JARDIM GUEDALA;12080;12.08;1367;22.8;ok;
25;CENTRO DE REFERENCIA DA SAUDE DA MULHER;CAMPOS ELISEOS;11;HOSP MUN MATERNIDADE PROFESSOR MARIO DEGNI;VILA ANTONIO;21720;21.72;1598;26.63;ok;
25;CENTRO DE REFERENCIA DA SAUDE DA MULHER;CAMPOS ELISEOS;12;HOSPITAL UNIVERSITARIO DA USP SAO PAULO;BUTANTA;19790;19.79;1498;24.97;ok;
25;CENTRO DE REFERENCIA DA SAUDE DA MULHER;CAMPOS ELISEOS;13;CAISM PHILIPPE PINEL SAO PAULO;PIRITUBA;12600;12.6;1162;19.38;ok;
25;CENTRO DE REFERENCIA DA SAUDE DA MULHER;CAMPOS ELISEOS;14;HOSPITAL GERAL HENRIQUE ALTIMEYER DE VILA ALPINA;VILA ALPINA;16570;16.57;1427;23.8;ok;
25;CENTRO DE REFERENCIA DA SAUDE DA MULHER;CAMPOS ELISEOS;16;HOSPITAL GERAL DE SAO MATEUS SAO PAULO;SAO MATEUS;22950;22.95;1862;31.03;ok;
25;CENTRO DE REFERENCIA DA SAUDE DA MULHER;CAMPOS ELISEOS;17;UNIDADE DE GESTAO ASSISTENCIAL II HOSPITAL IPIRANGA SP;IPIRANGA;8660;8.66;977;16.3;ok;
25;CENTRO DE REFERENCIA DA SAUDE DA MULHER;CAMPOS ELISEOS;18;CONJUNTO HOSPITALAR DO MANDAQUI SAO PAULO;SANTANA;8020;8.02;851;14.2;ok;
25;CENTRO DE REFERENCIA DA SAUDE DA MULHER;CAMPOS ELISEOS;19;HOSPITAL GERAL SANTA MARCELINA DE ITAIM PAULISTA SAO PAULO;ITAIM PAULISTA;35580;35.58;2144;35.75;ok;
25;CENTRO DE REFERENCIA DA SAUDE DA MULHER;CAMPOS ELISEOS;20;HOSP MUN PROF DR WALDOMIRO DE PAULA;ITAQUERA;32810;32.81;2087;34.79;ok;
25;CENTRO DE REFERENCIA DA SAUDE DA MULHER;CAMPOS ELISEOS;21;HOSPITAL GERAL DO GRAJAU PROF LIBER JOHN ALPHONSE DI DIO SP;PARQUE DAS NACOES;23910;23.91;2053;34.22;ok;
25;CENTRO DE REFERENCIA DA SAUDE DA MULHER;CAMPOS ELISEOS;22;HOSPITAL E MATERNIDADE LEONOR MENDES DE BARROS SAO PAULO;BELENZINHO;9590;9.59;832;13.88;ok;
25;CENTRO DE REFERENCIA DA SAUDE DA MULHER;CAMPOS ELISEOS;23;CENTRO DE REFERENCIA E TREINAMENTO DST AIDS SAO PAULO;VILA MARIANA;8090;8.09;1030;17.17;ok;
25;CENTRO DE REFERENCIA DA SAUDE DA MULHER;CAMPOS ELISEOS;24;HOSPITAL MILITAR DE AREA DE SAO PAULO;CAMBUCI;7260;7.26;849;14.16;ok;
25;CENTRO DE REFERENCIA DA SAUDE DA MULHER;CAMPOS ELISEOS;25;CENTRO DE REFERENCIA DA SAUDE DA MULHER;CAMPOS ELISEOS;0;0.0;0;0.0;ok;
25;CENTRO DE REFERENCIA DA SAUDE DA MULHER;CAMPOS ELISEOS;26;HOSP MUN INFANTIL MENINO JESUS;BELA VISTA;4460;4.46;623;10.39;ok;
25;CENTRO DE REFERENCIA DA SAUDE DA MULHER;CAMPOS ELISEOS;28;HOSP MUN MAT ESC DR MARIO DE MORAES A SILVA;VILA NOVA CACHOEIRIN;8450;8.45;870;14.51;ok;
25;CENTRO DE REFERENCIA DA SAUDE DA MULHER;CAMPOS ELISEOS;29;HOSPITAL GERAL JESUS TEIXEIRA DA COSTA GUAIANASES SAO PAULO;JARDIM SAO PAULO;40760;40.76;2665;44.43;ok;
25;CENTRO DE REFERENCIA DA SAUDE DA MULHER;CAMPOS ELISEOS;30;HOSP MUN DR CARMINO CARICCHIO;TATUAPE;10770;10.77;1024;17.08;ok;
25;CENTRO DE REFERENCIA DA SAUDE DA MULHER;CAMPOS ELISEOS;31;HOSP MUN TIDE SETUBAL;SAO MIGUEL PAULISTA;28980;28.98;1831;30.52;ok;
25;CENTRO DE REFERENCIA DA SAUDE DA MULHER;CAMPOS ELISEOS;32;HOSP MUN V NHOCUNE ALEXANDRE ZAIO;VILA NHOCUNE;19970;19.97;1671;27.86;ok;
25;CENTRO DE REFERENCIA DA SAUDE DA MULHER;CAMPOS ELISEOS;33;HOSP MUN JABAQUARA ARTUR RIBEIRO DE SABOYA;JABAQUARA;15630;15.63;1716;28.61;ok;
25;CENTRO DE REFERENCIA DA SAUDE DA MULHER;CAMPOS ELISEOS;34;HOSPITAL KATIA DE SOUZA RODRIGUES TAIPASSP SAO PAULO;PARADA DE TAIPAS;16860;16.86;1429;23.82;ok;
25;CENTRO DE REFERENCIA DA SAUDE DA MULHER;CAMPOS ELISEOS;35;HOSP MUN PROFESSOR DOUTOR ALIPIO CORREA NETTO;VILA PARANAGUA;21520;21.52;1878;31.31;ok;
25;CENTRO DE REFERENCIA DA SAUDE DA MULHER;CAMPOS ELISEOS;36;HOSPITAL MUNICIPAL DR BENEDITO MONTENEGRO;JARDIM IVA;19160;19.16;1776;29.61;ok;
25;CENTRO DE REFERENCIA DA SAUDE DA MULHER;CAMPOS ELISEOS;37;HOSP MUN IGNACIO PROENCA DE GOUVEA;PARQUE DA MOOCA;9770;9.77;1063;17.72;ok;
25;CENTRO DE REFERENCIA DA SAUDE DA MULHER;CAMPOS ELISEOS;38;HOSPITAL INFANTIL CANDIDO FONTOURA SAO PAULO;AGUA RASA;8530;8.53;969;16.15;ok;
25;CENTRO DE REFERENCIA DA SAUDE DA MULHER;CAMPOS ELISEOS;40;HOSPITAL REGIONAL SUL SAO PAULO;SANTO AMARO;17330;17.33;1876;31.28;ok;
25;CENTRO DE REFERENCIA DA SAUDE DA MULHER;CAMPOS ELISEOS;42;HOSPITAL ESTADUAL DE SAPOPEMBA SAO PAULO;JARDIM SAPOPEMBA;25090;25.09;2119;35.33;ok;
25;CENTRO DE REFERENCIA DA SAUDE DA MULHER;CAMPOS ELISEOS;43;HOSPITAL GERAL DE VILA PENTEADO DR JOSE PANGELLA SAO PAULO;JARDIM IRACEMA;10210;10.21;891;14.86;ok;
25;CENTRO DE REFERENCIA DA SAUDE DA MULHER;CAMPOS ELISEOS;46;HOSP DO SERV PUB MUNICIPAL HSPM;LIBERDADE;5280;5.28;748;12.48;ok;
25;CENTRO DE REFERENCIA DA SAUDE DA MULHER;CAMPOS ELISEOS;47;HOSP MUN FERNANDO MAURO PIRES DA ROCHA;CAMPO LIMPO;20340;20.34;1814;30.24;ok;
25;CENTRO DE REFERENCIA DA SAUDE DA MULHER;CAMPOS ELISEOS;48;CENTRO HOSPITALAR DO SISTEMA PENITENCIARIO SAO PAULO;CARANDIRU;5580;5.58;716;11.94;ok;
25;CENTRO DE REFERENCIA DA SAUDE DA MULHER;CAMPOS ELISEOS;49;HOSP MUN VER JOSE STOROPOLLI;PARQUE NOVO MUNDO;13250;13.25;1087;18.12;ok;
25;CENTRO DE REFERENCIA DA SAUDE DA MULHER;CAMPOS ELISEOS;50;CENTRO MEDICO PMESP;TREMEMBE;11280;11.28;1208;20.14;ok;
25;CENTRO DE REFERENCIA DA SAUDE DA MULHER;CAMPOS ELISEOS;51;HOSP MUN CARMEN PRUDENTE;CIDADE TIRADENTES;31980;31.98;2720;45.35;ok;
25;CENTRO DE REFERENCIA DA SAUDE DA MULHER;CAMPOS ELISEOS;53;INSTITUTO DE REABILITACAO LUCY MONTORO;VILA ANDRADE;18160;18.16;1679;27.99;ok;
25;CENTRO DE REFERENCIA DA SAUDE DA MULHER;CAMPOS ELISEOS;55;INSTITUTO DO CANCER DO ESTADO DE SAO PAULO;CERQUEIRA CESAR;6140;6.14;725;12.08;ok;
25;CENTRO DE REFERENCIA DA SAUDE DA MULHER;CAMPOS ELISEOS;56;HOSP MUN SOROCABANA;VILA ROMANA;7620;7.62;797;13.29;ok;
25;CENTRO DE REFERENCIA DA SAUDE DA MULHER;CAMPOS ELISEOS;57;HOSP MUN GILSON DE CASSIA MARQUES DE CARVALHO;VILA MASCOTE;15480;15.48;1628;27.14;ok;
25;CENTRO DE REFERENCIA DA SAUDE DA MULHER;CAMPOS ELISEOS;58;HOSP MUN CAPELA DO SOCORRO;JARDIM DAS IMBUIAS;27140;27.14;2813;46.89;ok;
25;CENTRO DE REFERENCIA DA SAUDE DA MULHER;CAMPOS ELISEOS;59;HOSP MUN JOSANIAS CASTANHA BRAGA;JARDIM ROSCHEL;40210;40.21;3683;61.39;ok;
25;CENTRO DE REFERENCIA DA SAUDE DA MULHER;CAMPOS ELISEOS;233;HOSP MUN SOROCABANA;ALTO DE PINHEIROS;10500;10.5;1155;19.26;ok;
26;HOSP MUN INFANTIL MENINO JESUS;BELA VISTA;1;HOSPITAL MUNICIPAL SANTA DULCE DOS POBRES;CONSOLACAO;2350;2.35;356;5.94;ok;
26;HOSP MUN INFANTIL MENINO JESUS;BELA VISTA;2;HOSPITAL MUNICIPAL BRASILANDIA;JARDIM MARISTELA;14250;14.25;1585;26.42;ok;
26;HOSP MUN INFANTIL MENINO JESUS;BELA VISTA;3;HOSPITAL MUNICIPAL GUARAPIRANGA;RIVIERA PAULISTA;22590;22.59;2024;33.74;ok;
26;HOSP MUN INFANTIL MENINO JESUS;BELA VISTA;4;INSTITUTO DE INFECTOLOGIA EMILIO RIBAS;SUMARE;5490;5.49;706;11.77;ok;
26;HOSP MUN INFANTIL MENINO JESUS;BELA VISTA;5;HOSPITAL DO SERV PUB EST FCO MORATO DE OLIVEIRA SAO PAULO;IBIRAPUERA;7020;7.02;749;12.49;ok;
26;HOSP MUN INFANTIL MENINO JESUS;BELA VISTA;6;HOSPITAL MATERNIDADE INTERLAGOS;JD LEBLON;23880;23.88;2159;35.99;ok;
26;HOSP MUN INFANTIL MENINO JESUS;BELA VISTA;7;HOSPITAL GERAL DE PEDREIRA;VILA CAMPO GRANDE;18760;18.76;1926;32.1;ok;
26;HOSP MUN INFANTIL MENINO JESUS;BELA VISTA;8;HOSPITAL HELIOPOLIS UNIDADE DE GESTAO ASSISTENCIAL I;V HELIOPOLIS;10500;10.5;1126;18.78;ok;
26;HOSP MUN INFANTIL MENINO JESUS;BELA VISTA;10;HOSPITAL INFANTIL DARCY VARGAS UGA III SAO PAULO;JARDIM GUEDALA;9310;9.31;1123;18.72;ok;
26;HOSP MUN INFANTIL MENINO JESUS;BELA VISTA;11;HOSP MUN MATERNIDADE PROFESSOR MARIO DEGNI;VILA ANTONIO;16730;16.73;1529;25.49;ok;
26;HOSP MUN INFANTIL MENINO JESUS;BELA VISTA;12;HOSPITAL UNIVERSITARIO DA USP SAO PAULO;BUTANTA;14120;14.12;1627;27.12;ok;
26;HOSP MUN INFANTIL MENINO JESUS;BELA VISTA;13;CAISM PHILIPPE PINEL SAO PAULO;PIRITUBA;17530;17.53;1619;26.98;ok;
26;HOSP MUN INFANTIL MENINO JESUS;BELA VISTA;14;HOSPITAL GERAL HENRIQUE ALTIMEYER DE VILA ALPINA;VILA ALPINA;12080;12.08;1313;21.89;ok;
26;HOSP MUN INFANTIL MENINO JESUS;BELA VISTA;16;HOSPITAL GERAL DE SAO MATEUS SAO PAULO;SAO MATEUS;21200;21.2;2070;34.51;ok;
26;HOSP MUN INFANTIL MENINO JESUS;BELA VISTA;17;UNIDADE DE GESTAO ASSISTENCIAL II HOSPITAL IPIRANGA SP;IPIRANGA;7200;7.2;838;13.97;ok;
26;HOSP MUN INFANTIL MENINO JESUS;BELA VISTA;18;CONJUNTO HOSPITALAR DO MANDAQUI SAO PAULO;SANTANA;10160;10.16;1242;20.71;ok;
26;HOSP MUN INFANTIL MENINO JESUS;BELA VISTA;19;HOSPITAL GERAL SANTA MARCELINA DE ITAIM PAULISTA SAO PAULO;ITAIM PAULISTA;37690;37.69;2394;39.91;ok;
26;HOSP MUN INFANTIL MENINO JESUS;BELA VISTA;20;HOSP MUN PROF DR WALDOMIRO DE PAULA;ITAQUERA;23220;23.22;2333;38.89;ok;
26;HOSP MUN INFANTIL MENINO JESUS;BELA VISTA;21;HOSPITAL GERAL DO GRAJAU PROF LIBER JOHN ALPHONSE DI DIO SP;PARQUE DAS NACOES;22520;22.52;1928;32.15;ok;
26;HOSP MUN INFANTIL MENINO JESUS;BELA VISTA;22;HOSPITAL E MATERNIDADE LEONOR MENDES DE BARROS SAO PAULO;BELENZINHO;9000;9.0;1003;16.72;ok;
26;HOSP MUN INFANTIL MENINO JESUS;BELA VISTA;23;CENTRO DE REFERENCIA E TREINAMENTO DST AIDS SAO PAULO;VILA MARIANA;5820;5.82;762;12.72;ok;
26;HOSP MUN INFANTIL MENINO JESUS;BELA VISTA;24;HOSPITAL MILITAR DE AREA DE SAO PAULO;CAMBUCI;5430;5.43;674;11.25;ok;
26;HOSP MUN INFANTIL MENINO JESUS;BELA VISTA;25;CENTRO DE REFERENCIA DA SAUDE DA MULHER;CAMPOS ELISEOS;3720;3.72;545;9.1;ok;
26;HOSP MUN INFANTIL MENINO JESUS;BELA VISTA;26;HOSP MUN INFANTIL MENINO JESUS;BELA VISTA;0;0.0;0;0.0;ok;
26;HOSP MUN INFANTIL MENINO JESUS;BELA VISTA;28;HOSP MUN MAT ESC DR MARIO DE MORAES A SILVA;VILA NOVA CACHOEIRIN;12160;12.16;1406;23.44;ok;
26;HOSP MUN INFANTIL MENINO JESUS;BELA VISTA;29;HOSPITAL GERAL JESUS TEIXEIRA DA COSTA GUAIANASES SAO PAULO;JARDIM SAO PAULO;30070;30.07;2899;48.33;ok;
26;HOSP MUN INFANTIL MENINO JESUS;BELA VISTA;30;HOSP MUN DR CARMINO CARICCHIO;TATUAPE;10910;10.91;1207;20.12;ok;
26;HOSP MUN INFANTIL MENINO JESUS;BELA VISTA;31;HOSP MUN TIDE SETUBAL;SAO MIGUEL PAULISTA;31100;31.1;2080;34.68;ok;
26;HOSP MUN INFANTIL MENINO JESUS;BELA VISTA;32;HOSP MUN V NHOCUNE ALEXANDRE ZAIO;VILA NHOCUNE;17630;17.63;1812;30.2;ok;
26;HOSP MUN INFANTIL MENINO JESUS;BELA VISTA;33;HOSP MUN JABAQUARA ARTUR RIBEIRO DE SABOYA;JABAQUARA;14200;14.2;1514;25.24;ok;
26;HOSP MUN INFANTIL MENINO JESUS;BELA VISTA;34;HOSPITAL KATIA DE SOUZA RODRIGUES TAIPASSP SAO PAULO;PARADA DE TAIPAS;18710;18.71;1878;31.3;ok;
26;HOSP MUN INFANTIL MENINO JESUS;BELA VISTA;35;HOSP MUN PROFESSOR DOUTOR ALIPIO CORREA NETTO;VILA PARANAGUA;23640;23.64;2127;35.47;ok;
26;HOSP MUN INFANTIL MENINO JESUS;BELA VISTA;36;HOSPITAL MUNICIPAL DR BENEDITO MONTENEGRO;JARDIM IVA;16830;16.83;1774;29.57;ok;
26;HOSP MUN INFANTIL MENINO JESUS;BELA VISTA;37;HOSP MUN IGNACIO PROENCA DE GOUVEA;PARQUE DA MOOCA;8380;8.38;939;15.65;ok;
26;HOSP MUN INFANTIL MENINO JESUS;BELA VISTA;38;HOSPITAL INFANTIL CANDIDO FONTOURA SAO PAULO;AGUA RASA;7980;7.98;894;14.9;ok;
26;HOSP MUN INFANTIL MENINO JESUS;BELA VISTA;40;HOSPITAL REGIONAL SUL SAO PAULO;SANTO AMARO;14560;14.56;1632;27.21;ok;
26;HOSP MUN INFANTIL MENINO JESUS;BELA VISTA;42;HOSPITAL ESTADUAL DE SAPOPEMBA SAO PAULO;JARDIM SAPOPEMBA;21030;21.03;2064;34.41;ok;
26;HOSP MUN INFANTIL MENINO JESUS;BELA VISTA;43;HOSPITAL GERAL DE VILA PENTEADO DR JOSE PANGELLA SAO PAULO;JARDIM IRACEMA;15140;15.14;1347;22.46;ok;
26;HOSP MUN INFANTIL MENINO JESUS;BELA VISTA;46;HOSP DO SERV PUB MUNICIPAL HSPM;LIBERDADE;3700;3.7;514;8.58;ok;
26;HOSP MUN INFANTIL MENINO JESUS;BELA VISTA;47;HOSP MUN FERNANDO MAURO PIRES DA ROCHA;CAMPO LIMPO;17570;17.57;1569;26.16;ok;
26;HOSP MUN INFANTIL MENINO JESUS;BELA VISTA;48;CENTRO HOSPITALAR DO SISTEMA PENITENCIARIO SAO PAULO;CARANDIRU;7690;7.69;965;16.1;ok;
26;HOSP MUN INFANTIL MENINO JESUS;BELA VISTA;49;HOSP MUN VER JOSE STOROPOLLI;PARQUE NOVO MUNDO;15360;15.36;1337;22.28;ok;
26;HOSP MUN INFANTIL MENINO JESUS;BELA VISTA;50;CENTRO MEDICO PMESP;TREMEMBE;12740;12.74;1529;25.49;ok;
26;HOSP MUN INFANTIL MENINO JESUS;BELA VISTA;51;HOSP MUN CARMEN PRUDENTE;CIDADE TIRADENTES;30560;30.56;2921;48.7;ok;
26;HOSP MUN INFANTIL MENINO JESUS;BELA VISTA;53;INSTITUTO DE REABILITACAO LUCY MONTORO;VILA ANDRADE;15390;15.39;1434;23.91;ok;
26;HOSP MUN INFANTIL MENINO JESUS;BELA VISTA;55;INSTITUTO DO CANCER DO ESTADO DE SAO PAULO;CERQUEIRA CESAR;5210;5.21;690;11.51;ok;
26;HOSP MUN INFANTIL MENINO JESUS;BELA VISTA;56;HOSP MUN SOROCABANA;VILA ROMANA;9070;9.07;1045;17.42;ok;
26;HOSP MUN INFANTIL MENINO JESUS;BELA VISTA;57;HOSP MUN GILSON DE CASSIA MARQUES DE CARVALHO;VILA MASCOTE;14040;14.04;1426;23.78;ok;
26;HOSP MUN INFANTIL MENINO JESUS;BELA VISTA;58;HOSP MUN CAPELA DO SOCORRO;JARDIM DAS IMBUIAS;27330;27.33;2578;42.97;ok;
26;HOSP MUN INFANTIL MENINO JESUS;BELA VISTA;59;HOSP MUN JOSANIAS CASTANHA BRAGA;JARDIM ROSCHEL;40400;40.4;3447;57.46;ok;
26;HOSP MUN INFANTIL MENINO JESUS;BELA VISTA;233;HOSP MUN SOROCABANA;ALTO DE PINHEIROS;11590;11.59;1365;22.76;ok;
28;HOSP MUN MAT ESC DR MARIO DE MORAES A SILVA;VILA NOVA CACHOEIRIN;1;HOSPITAL MUNICIPAL SANTA DULCE DOS POBRES;CONSOLACAO;12630;12.63;1351;22.53;ok;
28;HOSP MUN MAT ESC DR MARIO DE MORAES A SILVA;VILA NOVA CACHOEIRIN;2;HOSPITAL MUNICIPAL BRASILANDIA;JARDIM MARISTELA;4310;4.31;592;9.88;ok;
28;HOSP MUN MAT ESC DR MARIO DE MORAES A SILVA;VILA NOVA CACHOEIRIN;3;HOSPITAL MUNICIPAL GUARAPIRANGA;RIVIERA PAULISTA;36040;36.04;2441;40.7;ok;
28;HOSP MUN MAT ESC DR MARIO DE MORAES A SILVA;VILA NOVA CACHOEIRIN;4;INSTITUTO DE INFECTOLOGIA EMILIO RIBAS;SUMARE;9850;9.85;1020;17.01;ok;
28;HOSP MUN MAT ESC DR MARIO DE MORAES A SILVA;VILA NOVA CACHOEIRIN;5;HOSPITAL DO SERV PUB EST FCO MORATO DE OLIVEIRA SAO PAULO;IBIRAPUERA;16960;16.96;1749;29.17;ok;
28;HOSP MUN MAT ESC DR MARIO DE MORAES A SILVA;VILA NOVA CACHOEIRIN;6;HOSPITAL MATERNIDADE INTERLAGOS;JD LEBLON;37340;37.34;2576;42.95;ok;
28;HOSP MUN MAT ESC DR MARIO DE MORAES A SILVA;VILA NOVA CACHOEIRIN;7;HOSPITAL GERAL DE PEDREIRA;VILA CAMPO GRANDE;36330;36.33;2537;42.29;ok;
28;HOSP MUN MAT ESC DR MARIO DE MORAES A SILVA;VILA NOVA CACHOEIRIN;8;HOSPITAL HELIOPOLIS UNIDADE DE GESTAO ASSISTENCIAL I;V HELIOPOLIS;20630;20.63;2015;33.59;ok;
28;HOSP MUN MAT ESC DR MARIO DE MORAES A SILVA;VILA NOVA CACHOEIRIN;10;HOSPITAL INFANTIL DARCY VARGAS UGA III SAO PAULO;JARDIM GUEDALA;23020;23.02;1665;27.75;ok;
28;HOSP MUN MAT ESC DR MARIO DE MORAES A SILVA;VILA NOVA CACHOEIRIN;11;HOSP MUN MATERNIDADE PROFESSOR MARIO DEGNI;VILA ANTONIO;19340;19.34;1577;26.3;ok;
28;HOSP MUN MAT ESC DR MARIO DE MORAES A SILVA;VILA NOVA CACHOEIRIN;12;HOSPITAL UNIVERSITARIO DA USP SAO PAULO;BUTANTA;17410;17.41;1478;24.63;ok;
28;HOSP MUN MAT ESC DR MARIO DE MORAES A SILVA;VILA NOVA CACHOEIRIN;13;CAISM PHILIPPE PINEL SAO PAULO;PIRITUBA;8820;8.82;883;14.72;ok;
28;HOSP MUN MAT ESC DR MARIO DE MORAES A SILVA;VILA NOVA CACHOEIRIN;14;HOSPITAL GERAL HENRIQUE ALTIMEYER DE VILA ALPINA;VILA ALPINA;24170;24.17;1836;30.6;ok;
28;HOSP MUN MAT ESC DR MARIO DE MORAES A SILVA;VILA NOVA CACHOEIRIN;16;HOSPITAL GERAL DE SAO MATEUS SAO PAULO;SAO MATEUS;30560;30.56;2270;37.84;ok;
28;HOSP MUN MAT ESC DR MARIO DE MORAES A SILVA;VILA NOVA CACHOEIRIN;17;UNIDADE DE GESTAO ASSISTENCIAL II HOSPITAL IPIRANGA SP;IPIRANGA;17400;17.4;1742;29.04;ok;
28;HOSP MUN MAT ESC DR MARIO DE MORAES A SILVA;VILA NOVA CACHOEIRIN;18;CONJUNTO HOSPITALAR DO MANDAQUI SAO PAULO;SANTANA;5860;5.86;633;10.57;ok;
28;HOSP MUN MAT ESC DR MARIO DE MORAES A SILVA;VILA NOVA CACHOEIRIN;19;HOSPITAL GERAL SANTA MARCELINA DE ITAIM PAULISTA SAO PAULO;ITAIM PAULISTA;43190;43.19;2553;42.55;ok;
28;HOSP MUN MAT ESC DR MARIO DE MORAES A SILVA;VILA NOVA CACHOEIRIN;20;HOSP MUN PROF DR WALDOMIRO DE PAULA;ITAQUERA;40420;40.42;2495;41.6;ok;
28;HOSP MUN MAT ESC DR MARIO DE MORAES A SILVA;VILA NOVA CACHOEIRIN;21;HOSPITAL GERAL DO GRAJAU PROF LIBER JOHN ALPHONSE DI DIO SP;PARQUE DAS NACOES;32650;32.65;2817;46.95;ok;
28;HOSP MUN MAT ESC DR MARIO DE MORAES A SILVA;VILA NOVA CACHOEIRIN;22;HOSPITAL E MATERNIDADE LEONOR MENDES DE BARROS SAO PAULO;BELENZINHO;17200;17.2;1240;20.68;ok;
28;HOSP MUN MAT ESC DR MARIO DE MORAES A SILVA;VILA NOVA CACHOEIRIN;23;CENTRO DE REFERENCIA E TREINAMENTO DST AIDS SAO PAULO;VILA MARIANA;16710;16.71;1809;30.15;ok;
28;HOSP MUN MAT ESC DR MARIO DE MORAES A SILVA;VILA NOVA CACHOEIRIN;24;HOSPITAL MILITAR DE AREA DE SAO PAULO;CAMBUCI;16000;16.0;1613;26.9;ok;
28;HOSP MUN MAT ESC DR MARIO DE MORAES A SILVA;VILA NOVA CACHOEIRIN;25;CENTRO DE REFERENCIA DA SAUDE DA MULHER;CAMPOS ELISEOS;9000;9.0;934;15.57;ok;
28;HOSP MUN MAT ESC DR MARIO DE MORAES A SILVA;VILA NOVA CACHOEIRIN;26;HOSP MUN INFANTIL MENINO JESUS;BELA VISTA;12570;12.57;1383;23.06;ok;
28;HOSP MUN MAT ESC DR MARIO DE MORAES A SILVA;VILA NOVA CACHOEIRIN;28;HOSP MUN MAT ESC DR MARIO DE MORAES A SILVA;VILA NOVA CACHOEIRIN;0;0.0;0;0.0;ok;
28;HOSP MUN MAT ESC DR MARIO DE MORAES A SILVA;VILA NOVA CACHOEIRIN;29;HOSPITAL GERAL JESUS TEIXEIRA DA COSTA GUAIANASES SAO PAULO;JARDIM SAO PAULO;48370;48.37;3074;51.24;ok;
28;HOSP MUN MAT ESC DR MARIO DE MORAES A SILVA;VILA NOVA CACHOEIRIN;30;HOSP MUN DR CARMINO CARICCHIO;TATUAPE;18380;18.38;1432;23.88;ok;
28;HOSP MUN MAT ESC DR MARIO DE MORAES A SILVA;VILA NOVA CACHOEIRIN;31;HOSP MUN TIDE SETUBAL;SAO MIGUEL PAULISTA;36590;36.59;2239;37.32;ok;
28;HOSP MUN MAT ESC DR MARIO DE MORAES A SILVA;VILA NOVA CACHOEIRIN;32;HOSP MUN V NHOCUNE ALEXANDRE ZAIO;VILA NHOCUNE;27580;27.58;2079;34.66;ok;
28;HOSP MUN MAT ESC DR MARIO DE MORAES A SILVA;VILA NOVA CACHOEIRIN;33;HOSP MUN JABAQUARA ARTUR RIBEIRO DE SABOYA;JABAQUARA;32619;32.62;2362;39.37;ok;
28;HOSP MUN MAT ESC DR MARIO DE MORAES A SILVA;VILA NOVA CACHOEIRIN;34;HOSPITAL KATIA DE SOUZA RODRIGUES TAIPASSP SAO PAULO;PARADA DE TAIPAS;9660;9.66;910;15.17;ok;
28;HOSP MUN MAT ESC DR MARIO DE MORAES A SILVA;VILA NOVA CACHOEIRIN;35;HOSP MUN PROFESSOR DOUTOR ALIPIO CORREA NETTO;VILA PARANAGUA;29130;29.13;2286;38.11;ok;
28;HOSP MUN MAT ESC DR MARIO DE MORAES A SILVA;VILA NOVA CACHOEIRIN;36;HOSPITAL MUNICIPAL DR BENEDITO MONTENEGRO;JARDIM IVA;26770;26.77;2184;36.41;ok;
28;HOSP MUN MAT ESC DR MARIO DE MORAES A SILVA;VILA NOVA CACHOEIRIN;37;HOSP MUN IGNACIO PROENCA DE GOUVEA;PARQUE DA MOOCA;22380;22.38;1709;28.48;ok;
28;HOSP MUN MAT ESC DR MARIO DE MORAES A SILVA;VILA NOVA CACHOEIRIN;38;HOSPITAL INFANTIL CANDIDO FONTOURA SAO PAULO;AGUA RASA;19890;19.89;1472;24.55;ok;
28;HOSP MUN MAT ESC DR MARIO DE MORAES A SILVA;VILA NOVA CACHOEIRIN;40;HOSPITAL REGIONAL SUL SAO PAULO;SANTO AMARO;31910;31.91;2122;35.38;ok;
28;HOSP MUN MAT ESC DR MARIO DE MORAES A SILVA;VILA NOVA CACHOEIRIN;42;HOSPITAL ESTADUAL DE SAPOPEMBA SAO PAULO;JARDIM SAPOPEMBA;32700;32.7;2527;42.13;ok;
28;HOSP MUN MAT ESC DR MARIO DE MORAES A SILVA;VILA NOVA CACHOEIRIN;43;HOSPITAL GERAL DE VILA PENTEADO DR JOSE PANGELLA SAO PAULO;JARDIM IRACEMA;4520;4.52;478;7.98;ok;
28;HOSP MUN MAT ESC DR MARIO DE MORAES A SILVA;VILA NOVA CACHOEIRIN;46;HOSP DO SERV PUB MUNICIPAL HSPM;LIBERDADE;13770;13.77;1551;25.86;ok;
28;HOSP MUN MAT ESC DR MARIO DE MORAES A SILVA;VILA NOVA CACHOEIRIN;47;HOSP MUN FERNANDO MAURO PIRES DA ROCHA;CAMPO LIMPO;31030;31.03;1986;33.11;ok;
28;HOSP MUN MAT ESC DR MARIO DE MORAES A SILVA;VILA NOVA CACHOEIRIN;48;CENTRO HOSPITALAR DO SISTEMA PENITENCIARIO SAO PAULO;CARANDIRU;9820;9.82;969;16.16;ok;
28;HOSP MUN MAT ESC DR MARIO DE MORAES A SILVA;VILA NOVA CACHOEIRIN;49;HOSP MUN VER JOSE STOROPOLLI;PARQUE NOVO MUNDO;20850;20.85;1495;24.93;ok;
28;HOSP MUN MAT ESC DR MARIO DE MORAES A SILVA;VILA NOVA CACHOEIRIN;50;CENTRO MEDICO PMESP;TREMEMBE;9440;9.44;848;14.13;ok;
28;HOSP MUN MAT ESC DR MARIO DE MORAES A SILVA;VILA NOVA CACHOEIRIN;51;HOSP MUN CARMEN PRUDENTE;CIDADE TIRADENTES;39580;39.58;3129;52.15;ok;
28;HOSP MUN MAT ESC DR MARIO DE MORAES A SILVA;VILA NOVA CACHOEIRIN;53;INSTITUTO DE REABILITACAO LUCY MONTORO;VILA ANDRADE;28850;28.85;1851;30.87;ok;
28;HOSP MUN MAT ESC DR MARIO DE MORAES A SILVA;VILA NOVA CACHOEIRIN;55;INSTITUTO DO CANCER DO ESTADO DE SAO PAULO;CERQUEIRA CESAR;12190;12.19;1252;20.88;ok;
28;HOSP MUN MAT ESC DR MARIO DE MORAES A SILVA;VILA NOVA CACHOEIRIN;56;HOSP MUN SOROCABANA;VILA ROMANA;7060;7.06;738;12.3;ok;
28;HOSP MUN MAT ESC DR MARIO DE MORAES A SILVA;VILA NOVA CACHOEIRIN;57;HOSP MUN GILSON DE CASSIA MARQUES DE CARVALHO;VILA MASCOTE;29830;29.83;2097;34.96;ok;
28;HOSP MUN MAT ESC DR MARIO DE MORAES A SILVA;VILA NOVA CACHOEIRIN;58;HOSP MUN CAPELA DO SOCORRO;JARDIM DAS IMBUIAS;40790;40.79;2995;49.93;ok;
28;HOSP MUN MAT ESC DR MARIO DE MORAES A SILVA;VILA NOVA CACHOEIRIN;59;HOSP MUN JOSANIAS CASTANHA BRAGA;JARDIM ROSCHEL;53860;53.86;3865;64.42;ok;
28;HOSP MUN MAT ESC DR MARIO DE MORAES A SILVA;VILA NOVA CACHOEIRIN;233;HOSP MUN SOROCABANA;ALTO DE PINHEIROS;9700;9.7;1093;18.23;ok;
29;HOSPITAL GERAL JESUS TEIXEIRA DA COSTA GUAIANASES SAO PAULO;JARDIM SAO PAULO;1;HOSPITAL MUNICIPAL SANTA DULCE DOS POBRES;CONSOLACAO;30700;30.7;3101;51.69;ok;
29;HOSPITAL GERAL JESUS TEIXEIRA DA COSTA GUAIANASES SAO PAULO;JARDIM SAO PAULO;2;HOSPITAL MUNICIPAL BRASILANDIA;JARDIM MARISTELA;46770;46.77;3094;51.58;ok;
29;HOSPITAL GERAL JESUS TEIXEIRA DA COSTA GUAIANASES SAO PAULO;JARDIM SAO PAULO;3;HOSPITAL MUNICIPAL GUARAPIRANGA;RIVIERA PAULISTA;72790;72.79;4420;73.67;ok;
29;HOSPITAL GERAL JESUS TEIXEIRA DA COSTA GUAIANASES SAO PAULO;JARDIM SAO PAULO;4;INSTITUTO DE INFECTOLOGIA EMILIO RIBAS;SUMARE;43160;43.16;3014;50.24;ok;
29;HOSPITAL GERAL JESUS TEIXEIRA DA COSTA GUAIANASES SAO PAULO;JARDIM SAO PAULO;5;HOSPITAL DO SERV PUB EST FCO MORATO DE OLIVEIRA SAO PAULO;IBIRAPUERA;33570;33.57;3205;53.42;ok;
29;HOSPITAL GERAL JESUS TEIXEIRA DA COSTA GUAIANASES SAO PAULO;JARDIM SAO PAULO;6;HOSPITAL MATERNIDADE INTERLAGOS;JD LEBLON;46680;46.68;4331;72.19;ok;
29;HOSPITAL GERAL JESUS TEIXEIRA DA COSTA GUAIANASES SAO PAULO;JARDIM SAO PAULO;7;HOSPITAL GERAL DE PEDREIRA;VILA CAMPO GRANDE;42360;42.36;3931;65.52;ok;
29;HOSPITAL GERAL JESUS TEIXEIRA DA COSTA GUAIANASES SAO PAULO;JARDIM SAO PAULO;8;HOSPITAL HELIOPOLIS UNIDADE DE GESTAO ASSISTENCIAL I;V HELIOPOLIS;28390;28.39;2640;44.0;ok;
29;HOSPITAL GERAL JESUS TEIXEIRA DA COSTA GUAIANASES SAO PAULO;JARDIM SAO PAULO;10;HOSPITAL INFANTIL DARCY VARGAS UGA III SAO PAULO;JARDIM GUEDALA;59770;59.77;3643;60.72;ok;
29;HOSPITAL GERAL JESUS TEIXEIRA DA COSTA GUAIANASES SAO PAULO;JARDIM SAO PAULO;11;HOSP MUN MATERNIDADE PROFESSOR MARIO DEGNI;VILA ANTONIO;56090;56.09;3556;59.27;ok;
29;HOSPITAL GERAL JESUS TEIXEIRA DA COSTA GUAIANASES SAO PAULO;JARDIM SAO PAULO;12;HOSPITAL UNIVERSITARIO DA USP SAO PAULO;BUTANTA;54160;54.16;3456;57.61;ok;
29;HOSPITAL GERAL JESUS TEIXEIRA DA COSTA GUAIANASES SAO PAULO;JARDIM SAO PAULO;13;CAISM PHILIPPE PINEL SAO PAULO;PIRITUBA;46960;46.96;3121;52.02;ok;
29;HOSPITAL GERAL JESUS TEIXEIRA DA COSTA GUAIANASES SAO PAULO;JARDIM SAO PAULO;14;HOSPITAL GERAL HENRIQUE ALTIMEYER DE VILA ALPINA;VILA ALPINA;22890;22.89;2048;34.14;ok;
29;HOSPITAL GERAL JESUS TEIXEIRA DA COSTA GUAIANASES SAO PAULO;JARDIM SAO PAULO;16;HOSPITAL GERAL DE SAO MATEUS SAO PAULO;SAO MATEUS;14510;14.51;1334;22.24;ok;
29;HOSPITAL GERAL JESUS TEIXEIRA DA COSTA GUAIANASES SAO PAULO;JARDIM SAO PAULO;17;UNIDADE DE GESTAO ASSISTENCIAL II HOSPITAL IPIRANGA SP;IPIRANGA;27290;27.29;2466;41.11;ok;
29;HOSPITAL GERAL JESUS TEIXEIRA DA COSTA GUAIANASES SAO PAULO;JARDIM SAO PAULO;18;CONJUNTO HOSPITALAR DO MANDAQUI SAO PAULO;SANTANA;38650;38.65;2854;47.57;ok;
29;HOSPITAL GERAL JESUS TEIXEIRA DA COSTA GUAIANASES SAO PAULO;JARDIM SAO PAULO;19;HOSPITAL GERAL SANTA MARCELINA DE ITAIM PAULISTA SAO PAULO;ITAIM PAULISTA;9960;9.96;972;16.21;ok;
29;HOSPITAL GERAL JESUS TEIXEIRA DA COSTA GUAIANASES SAO PAULO;JARDIM SAO PAULO;20;HOSP MUN PROF DR WALDOMIRO DE PAULA;ITAQUERA;6060;6.06;629;10.48;ok;
29;HOSPITAL GERAL JESUS TEIXEIRA DA COSTA GUAIANASES SAO PAULO;JARDIM SAO PAULO;21;HOSPITAL GERAL DO GRAJAU PROF LIBER JOHN ALPHONSE DI DIO SP;PARQUE DAS NACOES;33050;33.05;2877;47.96;ok;
29;HOSPITAL GERAL JESUS TEIXEIRA DA COSTA GUAIANASES SAO PAULO;JARDIM SAO PAULO;22;HOSPITAL E MATERNIDADE LEONOR MENDES DE BARROS SAO PAULO;BELENZINHO;22390;22.39;2219;37.0;ok;
29;HOSPITAL GERAL JESUS TEIXEIRA DA COSTA GUAIANASES SAO PAULO;JARDIM SAO PAULO;23;CENTRO DE REFERENCIA E TREINAMENTO DST AIDS SAO PAULO;VILA MARIANA;31840;31.84;3019;50.33;ok;
29;HOSPITAL GERAL JESUS TEIXEIRA DA COSTA GUAIANASES SAO PAULO;JARDIM SAO PAULO;24;HOSPITAL MILITAR DE AREA DE SAO PAULO;CAMBUCI;29390;29.39;2668;44.47;ok;
29;HOSPITAL GERAL JESUS TEIXEIRA DA COSTA GUAIANASES SAO PAULO;JARDIM SAO PAULO;25;CENTRO DE REFERENCIA DA SAUDE DA MULHER;CAMPOS ELISEOS;40090;40.09;2789;46.5;ok;
29;HOSPITAL GERAL JESUS TEIXEIRA DA COSTA GUAIANASES SAO PAULO;JARDIM SAO PAULO;26;HOSP MUN INFANTIL MENINO JESUS;BELA VISTA;29370;29.37;2995;49.93;ok;
29;HOSPITAL GERAL JESUS TEIXEIRA DA COSTA GUAIANASES SAO PAULO;JARDIM SAO PAULO;28;HOSP MUN MAT ESC DR MARIO DE MORAES A SILVA;VILA NOVA CACHOEIRIN;44870;44.87;2998;49.98;ok;
29;HOSPITAL GERAL JESUS TEIXEIRA DA COSTA GUAIANASES SAO PAULO;JARDIM SAO PAULO;29;HOSPITAL GERAL JESUS TEIXEIRA DA COSTA GUAIANASES SAO PAULO;JARDIM SAO PAULO;0;0.0;0;0.0;ok;
29;HOSPITAL GERAL JESUS TEIXEIRA DA COSTA GUAIANASES SAO PAULO;JARDIM SAO PAULO;30;HOSP MUN DR CARMINO CARICCHIO;TATUAPE;20500;20.5;2023;33.72;ok;
29;HOSPITAL GERAL JESUS TEIXEIRA DA COSTA GUAIANASES SAO PAULO;JARDIM SAO PAULO;31;HOSP MUN TIDE SETUBAL;SAO MIGUEL PAULISTA;8760;8.76;991;16.53;ok;
29;HOSPITAL GERAL JESUS TEIXEIRA DA COSTA GUAIANASES SAO PAULO;JARDIM SAO PAULO;32;HOSP MUN V NHOCUNE ALEXANDRE ZAIO;VILA NHOCUNE;13740;13.74;1383;23.06;ok;
29;HOSPITAL GERAL JESUS TEIXEIRA DA COSTA GUAIANASES SAO PAULO;JARDIM SAO PAULO;33;HOSP MUN JABAQUARA ARTUR RIBEIRO DE SABOYA;JABAQUARA;39540;39.54;3442;57.37;ok;
29;HOSPITAL GERAL JESUS TEIXEIRA DA COSTA GUAIANASES SAO PAULO;JARDIM SAO PAULO;34;HOSPITAL KATIA DE SOUZA RODRIGUES TAIPASSP SAO PAULO;PARADA DE TAIPAS;51230;51.23;3387;56.46;ok;
29;HOSPITAL GERAL JESUS TEIXEIRA DA COSTA GUAIANASES SAO PAULO;JARDIM SAO PAULO;35;HOSP MUN PROFESSOR DOUTOR ALIPIO CORREA NETTO;VILA PARANAGUA;12480;12.48;1363;22.73;ok;
29;HOSPITAL GERAL JESUS TEIXEIRA DA COSTA GUAIANASES SAO PAULO;JARDIM SAO PAULO;36;HOSPITAL MUNICIPAL DR BENEDITO MONTENEGRO;JARDIM IVA;16570;16.57;1588;26.48;ok;
29;HOSPITAL GERAL JESUS TEIXEIRA DA COSTA GUAIANASES SAO PAULO;JARDIM SAO PAULO;37;HOSP MUN IGNACIO PROENCA DE GOUVEA;PARQUE DA MOOCA;25900;25.9;2314;38.58;ok;
29;HOSPITAL GERAL JESUS TEIXEIRA DA COSTA GUAIANASES SAO PAULO;JARDIM SAO PAULO;38;HOSPITAL INFANTIL CANDIDO FONTOURA SAO PAULO;AGUA RASA;24780;24.78;2288;38.14;ok;
29;HOSPITAL GERAL JESUS TEIXEIRA DA COSTA GUAIANASES SAO PAULO;JARDIM SAO PAULO;40;HOSPITAL REGIONAL SUL SAO PAULO;SANTO AMARO;68660;68.66;4101;68.35;ok;
29;HOSPITAL GERAL JESUS TEIXEIRA DA COSTA GUAIANASES SAO PAULO;JARDIM SAO PAULO;42;HOSPITAL ESTADUAL DE SAPOPEMBA SAO PAULO;JARDIM SAPOPEMBA;16219;16.22;1504;25.08;ok;
29;HOSPITAL GERAL JESUS TEIXEIRA DA COSTA GUAIANASES SAO PAULO;JARDIM SAO PAULO;43;HOSPITAL GERAL DE VILA PENTEADO DR JOSE PANGELLA SAO PAULO;JARDIM IRACEMA;44570;44.57;2849;47.5;ok;
29;HOSPITAL GERAL JESUS TEIXEIRA DA COSTA GUAIANASES SAO PAULO;JARDIM SAO PAULO;46;HOSP DO SERV PUB MUNICIPAL HSPM;LIBERDADE;28280;28.28;2820;47.0;ok;
29;HOSPITAL GERAL JESUS TEIXEIRA DA COSTA GUAIANASES SAO PAULO;JARDIM SAO PAULO;47;HOSP MUN FERNANDO MAURO PIRES DA ROCHA;CAMPO LIMPO;67780;67.78;3965;66.09;ok;
29;HOSPITAL GERAL JESUS TEIXEIRA DA COSTA GUAIANASES SAO PAULO;JARDIM SAO PAULO;48;CENTRO HOSPITALAR DO SISTEMA PENITENCIARIO SAO PAULO;CARANDIRU;34970;34.97;2433;40.55;ok;
29;HOSPITAL GERAL JESUS TEIXEIRA DA COSTA GUAIANASES SAO PAULO;JARDIM SAO PAULO;49;HOSP MUN VER JOSE STOROPOLLI;PARQUE NOVO MUNDO;27930;27.93;2072;34.54;ok;
29;HOSPITAL GERAL JESUS TEIXEIRA DA COSTA GUAIANASES SAO PAULO;JARDIM SAO PAULO;50;CENTRO MEDICO PMESP;TREMEMBE;40210;40.21;3007;50.12;ok;
29;HOSPITAL GERAL JESUS TEIXEIRA DA COSTA GUAIANASES SAO PAULO;JARDIM SAO PAULO;51;HOSP MUN CARMEN PRUDENTE;CIDADE TIRADENTES;5470;5.47;542;9.04;ok;
29;HOSPITAL GERAL JESUS TEIXEIRA DA COSTA GUAIANASES SAO PAULO;JARDIM SAO PAULO;53;INSTITUTO DE REABILITACAO LUCY MONTORO;VILA ANDRADE;65600;65.6;3830;63.84;ok;
29;HOSPITAL GERAL JESUS TEIXEIRA DA COSTA GUAIANASES SAO PAULO;JARDIM SAO PAULO;55;INSTITUTO DO CANCER DO ESTADO DE SAO PAULO;CERQUEIRA CESAR;43390;43.39;3151;52.52;ok;
29;HOSPITAL GERAL JESUS TEIXEIRA DA COSTA GUAIANASES SAO PAULO;JARDIM SAO PAULO;56;HOSP MUN SOROCABANA;VILA ROMANA;44050;44.05;2961;49.35;ok;
29;HOSPITAL GERAL JESUS TEIXEIRA DA COSTA GUAIANASES SAO PAULO;JARDIM SAO PAULO;57;HOSP MUN GILSON DE CASSIA MARQUES DE CARVALHO;VILA MASCOTE;37270;37.27;3581;59.69;ok;
29;HOSPITAL GERAL JESUS TEIXEIRA DA COSTA GUAIANASES SAO PAULO;JARDIM SAO PAULO;58;HOSP MUN CAPELA DO SOCORRO;JARDIM DAS IMBUIAS;48660;48.66;4586;76.43;ok;
29;HOSPITAL GERAL JESUS TEIXEIRA DA COSTA GUAIANASES SAO PAULO;JARDIM SAO PAULO;59;HOSP MUN JOSANIAS CASTANHA BRAGA;JARDIM ROSCHEL;61050;61.05;5389;89.82;ok;
29;HOSPITAL GERAL JESUS TEIXEIRA DA COSTA GUAIANASES SAO PAULO;JARDIM SAO PAULO;233;HOSP MUN SOROCABANA;ALTO DE PINHEIROS;48990;48.99;3280;54.68;ok;
30;HOSP MUN DR CARMINO CARICCHIO;TATUAPE;1;HOSPITAL MUNICIPAL SANTA DULCE DOS POBRES;CONSOLACAO;12370;12.37;1372;22.87;ok;
30;HOSP MUN DR CARMINO CARICCHIO;TATUAPE;2;HOSPITAL MUNICIPAL BRASILANDIA;JARDIM MARISTELA;20200;20.2;1499;25.0;ok;
30;HOSP MUN DR CARMINO CARICCHIO;TATUAPE;3;HOSPITAL MUNICIPAL GUARAPIRANGA;RIVIERA PAULISTA;46230;46.23;2825;47.09;ok;
30;HOSP MUN DR CARMINO CARICCHIO;TATUAPE;4;INSTITUTO DE INFECTOLOGIA EMILIO RIBAS;SUMARE;16590;16.59;1419;23.66;ok;
30;HOSP MUN DR CARMINO CARICCHIO;TATUAPE;5;HOSPITAL DO SERV PUB EST FCO MORATO DE OLIVEIRA SAO PAULO;IBIRAPUERA;14900;14.9;1520;25.34;ok;
30;HOSP MUN DR CARMINO CARICCHIO;TATUAPE;6;HOSPITAL MATERNIDADE INTERLAGOS;JD LEBLON;47520;47.52;2960;49.34;ok;
30;HOSP MUN DR CARMINO CARICCHIO;TATUAPE;7;HOSPITAL GERAL DE PEDREIRA;VILA CAMPO GRANDE;26640;26.64;2696;44.95;ok;
30;HOSP MUN DR CARMINO CARICCHIO;TATUAPE;8;HOSPITAL HELIOPOLIS UNIDADE DE GESTAO ASSISTENCIAL I;V HELIOPOLIS;12850;12.85;1345;22.43;ok;
30;HOSP MUN DR CARMINO CARICCHIO;TATUAPE;10;HOSPITAL INFANTIL DARCY VARGAS UGA III SAO PAULO;JARDIM GUEDALA;33200;33.2;2048;34.14;ok;
30;HOSP MUN DR CARMINO CARICCHIO;TATUAPE;11;HOSP MUN MATERNIDADE PROFESSOR MARIO DEGNI;VILA ANTONIO;29520;29.52;1961;32.69;ok;
30;HOSP MUN DR CARMINO CARICCHIO;TATUAPE;12;HOSPITAL UNIVERSITARIO DA USP SAO PAULO;BUTANTA;27600;27.6;1861;31.03;ok;
30;HOSP MUN DR CARMINO CARICCHIO;TATUAPE;13;CAISM PHILIPPE PINEL SAO PAULO;PIRITUBA;20400;20.4;1526;25.44;ok;
30;HOSP MUN DR CARMINO CARICCHIO;TATUAPE;14;HOSPITAL GERAL HENRIQUE ALTIMEYER DE VILA ALPINA;VILA ALPINA;9740;9.74;974;16.24;ok;
30;HOSP MUN DR CARMINO CARICCHIO;TATUAPE;16;HOSPITAL GERAL DE SAO MATEUS SAO PAULO;SAO MATEUS;12070;12.07;1248;20.8;ok;
30;HOSP MUN DR CARMINO CARICCHIO;TATUAPE;17;UNIDADE DE GESTAO ASSISTENCIAL II HOSPITAL IPIRANGA SP;IPIRANGA;10870;10.87;1161;19.36;ok;
30;HOSP MUN DR CARMINO CARICCHIO;TATUAPE;18;CONJUNTO HOSPITALAR DO MANDAQUI SAO PAULO;SANTANA;12080;12.08;1230;20.5;ok;
30;HOSP MUN DR CARMINO CARICCHIO;TATUAPE;19;HOSPITAL GERAL SANTA MARCELINA DE ITAIM PAULISTA SAO PAULO;ITAIM PAULISTA;26200;26.2;1645;27.42;ok;
30;HOSP MUN DR CARMINO CARICCHIO;TATUAPE;20;HOSP MUN PROF DR WALDOMIRO DE PAULA;ITAQUERA;14770;14.77;1519;25.33;ok;
30;HOSP MUN DR CARMINO CARICCHIO;TATUAPE;21;HOSPITAL GERAL DO GRAJAU PROF LIBER JOHN ALPHONSE DI DIO SP;PARQUE DAS NACOES;24630;24.63;2085;34.75;ok;
30;HOSP MUN DR CARMINO CARICCHIO;TATUAPE;22;HOSPITAL E MATERNIDADE LEONOR MENDES DE BARROS SAO PAULO;BELENZINHO;2780;2.78;381;6.35;ok;
30;HOSP MUN DR CARMINO CARICCHIO;TATUAPE;23;CENTRO DE REFERENCIA E TREINAMENTO DST AIDS SAO PAULO;VILA MARIANA;13540;13.54;1536;25.61;ok;
30;HOSP MUN DR CARMINO CARICCHIO;TATUAPE;24;HOSPITAL MILITAR DE AREA DE SAO PAULO;CAMBUCI;10190;10.19;1091;18.19;ok;
30;HOSP MUN DR CARMINO CARICCHIO;TATUAPE;25;CENTRO DE REFERENCIA DA SAUDE DA MULHER;CAMPOS ELISEOS;10140;10.14;1185;19.76;ok;
30;HOSP MUN DR CARMINO CARICCHIO;TATUAPE;26;HOSP MUN INFANTIL MENINO JESUS;BELA VISTA;11040;11.04;1266;21.11;ok;
30;HOSP MUN DR CARMINO CARICCHIO;TATUAPE;28;HOSP MUN MAT ESC DR MARIO DE MORAES A SILVA;VILA NOVA CACHOEIRIN;18310;18.31;1403;23.4;ok;
30;HOSP MUN DR CARMINO CARICCHIO;TATUAPE;29;HOSPITAL GERAL JESUS TEIXEIRA DA COSTA GUAIANASES SAO PAULO;JARDIM SAO PAULO;21630;21.63;2086;34.77;ok;
30;HOSP MUN DR CARMINO CARICCHIO;TATUAPE;30;HOSP MUN DR CARMINO CARICCHIO;TATUAPE;0;0.0;0;0.0;ok;
30;HOSP MUN DR CARMINO CARICCHIO;TATUAPE;31;HOSP MUN TIDE SETUBAL;SAO MIGUEL PAULISTA;19600;19.6;1331;22.19;ok;
30;HOSP MUN DR CARMINO CARICCHIO;TATUAPE;32;HOSP MUN V NHOCUNE ALEXANDRE ZAIO;VILA NHOCUNE;9180;9.18;998;16.64;ok;
30;HOSP MUN DR CARMINO CARICCHIO;TATUAPE;33;HOSP MUN JABAQUARA ARTUR RIBEIRO DE SABOYA;JABAQUARA;21080;21.08;2182;36.37;ok;
30;HOSP MUN DR CARMINO CARICCHIO;TATUAPE;34;HOSPITAL KATIA DE SOUZA RODRIGUES TAIPASSP SAO PAULO;PARADA DE TAIPAS;24660;24.66;1792;29.88;ok;
30;HOSP MUN DR CARMINO CARICCHIO;TATUAPE;35;HOSP MUN PROFESSOR DOUTOR ALIPIO CORREA NETTO;VILA PARANAGUA;12120;12.12;1343;22.4;ok;
30;HOSP MUN DR CARMINO CARICCHIO;TATUAPE;36;HOSPITAL MUNICIPAL DR BENEDITO MONTENEGRO;JARDIM IVA;11010;11.01;1163;19.4;ok;
30;HOSP MUN DR CARMINO CARICCHIO;TATUAPE;37;HOSP MUN IGNACIO PROENCA DE GOUVEA;PARQUE DA MOOCA;7810;7.81;806;13.45;ok;
30;HOSP MUN DR CARMINO CARICCHIO;TATUAPE;38;HOSPITAL INFANTIL CANDIDO FONTOURA SAO PAULO;AGUA RASA;4760;4.76;524;8.74;ok;
30;HOSP MUN DR CARMINO CARICCHIO;TATUAPE;40;HOSPITAL REGIONAL SUL SAO PAULO;SANTO AMARO;24020;24.02;2466;41.11;ok;
30;HOSP MUN DR CARMINO CARICCHIO;TATUAPE;42;HOSPITAL ESTADUAL DE SAPOPEMBA SAO PAULO;JARDIM SAPOPEMBA;14210;14.21;1505;25.1;ok;
30;HOSP MUN DR CARMINO CARICCHIO;TATUAPE;43;HOSPITAL GERAL DE VILA PENTEADO DR JOSE PANGELLA SAO PAULO;JARDIM IRACEMA;18010;18.01;1255;20.92;ok;
30;HOSP MUN DR CARMINO CARICCHIO;TATUAPE;46;HOSP DO SERV PUB MUNICIPAL HSPM;LIBERDADE;9950;9.95;1091;18.19;ok;
30;HOSP MUN DR CARMINO CARICCHIO;TATUAPE;47;HOSP MUN FERNANDO MAURO PIRES DA ROCHA;CAMPO LIMPO;41210;41.21;2370;39.51;ok;
30;HOSP MUN DR CARMINO CARICCHIO;TATUAPE;48;CENTRO HOSPITALAR DO SISTEMA PENITENCIARIO SAO PAULO;CARANDIRU;8390;8.39;809;13.49;ok;
30;HOSP MUN DR CARMINO CARICCHIO;TATUAPE;49;HOSP MUN VER JOSE STOROPOLLI;PARQUE NOVO MUNDO;3830;3.83;527;8.79;ok;
30;HOSP MUN DR CARMINO CARICCHIO;TATUAPE;50;CENTRO MEDICO PMESP;TREMEMBE;13640;13.64;1383;23.05;ok;
30;HOSP MUN DR CARMINO CARICCHIO;TATUAPE;51;HOSP MUN CARMEN PRUDENTE;CIDADE TIRADENTES;22110;22.11;2107;35.13;ok;
30;HOSP MUN DR CARMINO CARICCHIO;TATUAPE;53;INSTITUTO DE REABILITACAO LUCY MONTORO;VILA ANDRADE;39030;39.03;2235;37.26;ok;
30;HOSP MUN DR CARMINO CARICCHIO;TATUAPE;55;INSTITUTO DO CANCER DO ESTADO DE SAO PAULO;CERQUEIRA CESAR;16820;16.82;1556;25.94;ok;
30;HOSP MUN DR CARMINO CARICCHIO;TATUAPE;56;HOSP MUN SOROCABANA;VILA ROMANA;17480;17.48;1366;22.77;ok;
30;HOSP MUN DR CARMINO CARICCHIO;TATUAPE;57;HOSP MUN GILSON DE CASSIA MARQUES DE CARVALHO;VILA MASCOTE;21920;21.92;2197;36.62;ok;
30;HOSP MUN DR CARMINO CARICCHIO;TATUAPE;58;HOSP MUN CAPELA DO SOCORRO;JARDIM DAS IMBUIAS;50980;50.98;3379;56.32;ok;
30;HOSP MUN DR CARMINO CARICCHIO;TATUAPE;59;HOSP MUN JOSANIAS CASTANHA BRAGA;JARDIM ROSCHEL;64040;64.04;4248;70.81;ok;
30;HOSP MUN DR CARMINO CARICCHIO;TATUAPE;233;HOSP MUN SOROCABANA;ALTO DE PINHEIROS;22430;22.43;1685;28.1;ok;
31;HOSP MUN TIDE SETUBAL;SAO MIGUEL PAULISTA;1;HOSPITAL MUNICIPAL SANTA DULCE DOS POBRES;CONSOLACAO;32610;32.61;2309;38.49;ok;
31;HOSP MUN TIDE SETUBAL;SAO MIGUEL PAULISTA;2;HOSPITAL MUNICIPAL BRASILANDIA;JARDIM MARISTELA;38260;38.26;2274;37.9;ok;
31;HOSP MUN TIDE SETUBAL;SAO MIGUEL PAULISTA;3;HOSPITAL MUNICIPAL GUARAPIRANGA;RIVIERA PAULISTA;64290;64.29;3599;60.0;ok;
31;HOSP MUN TIDE SETUBAL;SAO MIGUEL PAULISTA;4;INSTITUTO DE INFECTOLOGIA EMILIO RIBAS;SUMARE;34650;34.65;2193;36.57;ok;
31;HOSP MUN TIDE SETUBAL;SAO MIGUEL PAULISTA;5;HOSPITAL DO SERV PUB EST FCO MORATO DE OLIVEIRA SAO PAULO;IBIRAPUERA;36380;36.38;2558;42.65;ok;
31;HOSP MUN TIDE SETUBAL;SAO MIGUEL PAULISTA;6;HOSPITAL MATERNIDADE INTERLAGOS;JD LEBLON;65580;65.58;3734;62.25;ok;
31;HOSP MUN TIDE SETUBAL;SAO MIGUEL PAULISTA;7;HOSPITAL GERAL DE PEDREIRA;VILA CAMPO GRANDE;64569;64.57;3695;61.59;ok;
31;HOSP MUN TIDE SETUBAL;SAO MIGUEL PAULISTA;8;HOSPITAL HELIOPOLIS UNIDADE DE GESTAO ASSISTENCIAL I;V HELIOPOLIS;33110;33.11;2505;41.76;ok;
31;HOSP MUN TIDE SETUBAL;SAO MIGUEL PAULISTA;10;HOSPITAL INFANTIL DARCY VARGAS UGA III SAO PAULO;JARDIM GUEDALA;51260;51.26;2823;47.05;ok;
31;HOSP MUN TIDE SETUBAL;SAO MIGUEL PAULISTA;11;HOSP MUN MATERNIDADE PROFESSOR MARIO DEGNI;VILA ANTONIO;47580;47.58;2735;45.6;ok;
31;HOSP MUN TIDE SETUBAL;SAO MIGUEL PAULISTA;12;HOSPITAL UNIVERSITARIO DA USP SAO PAULO;BUTANTA;45650;45.65;2636;43.93;ok;
31;HOSP MUN TIDE SETUBAL;SAO MIGUEL PAULISTA;13;CAISM PHILIPPE PINEL SAO PAULO;PIRITUBA;38460;38.46;2300;38.34;ok;
31;HOSP MUN TIDE SETUBAL;SAO MIGUEL PAULISTA;14;HOSPITAL GERAL HENRIQUE ALTIMEYER DE VILA ALPINA;VILA ALPINA;29860;29.86;2093;34.89;ok;
31;HOSP MUN TIDE SETUBAL;SAO MIGUEL PAULISTA;16;HOSPITAL GERAL DE SAO MATEUS SAO PAULO;SAO MATEUS;14280;14.28;1464;24.41;ok;
31;HOSP MUN TIDE SETUBAL;SAO MIGUEL PAULISTA;17;UNIDADE DE GESTAO ASSISTENCIAL II HOSPITAL IPIRANGA SP;IPIRANGA;31140;31.14;2321;38.69;ok;
31;HOSP MUN TIDE SETUBAL;SAO MIGUEL PAULISTA;18;CONJUNTO HOSPITALAR DO MANDAQUI SAO PAULO;SANTANA;30150;30.15;2033;33.89;ok;
31;HOSP MUN TIDE SETUBAL;SAO MIGUEL PAULISTA;19;HOSPITAL GERAL SANTA MARCELINA DE ITAIM PAULISTA SAO PAULO;ITAIM PAULISTA;5850;5.85;658;10.98;ok;
31;HOSP MUN TIDE SETUBAL;SAO MIGUEL PAULISTA;20;HOSP MUN PROF DR WALDOMIRO DE PAULA;ITAQUERA;5020;5.02;484;8.07;ok;
31;HOSP MUN TIDE SETUBAL;SAO MIGUEL PAULISTA;21;HOSPITAL GERAL DO GRAJAU PROF LIBER JOHN ALPHONSE DI DIO SP;PARQUE DAS NACOES;32750;32.75;3051;50.85;ok;
31;HOSP MUN TIDE SETUBAL;SAO MIGUEL PAULISTA;22;HOSPITAL E MATERNIDADE LEONOR MENDES DE BARROS SAO PAULO;BELENZINHO;22890;22.89;1498;24.98;ok;
31;HOSP MUN TIDE SETUBAL;SAO MIGUEL PAULISTA;23;CENTRO DE REFERENCIA E TREINAMENTO DST AIDS SAO PAULO;VILA MARIANA;36010;36.01;2637;43.96;ok;
31;HOSP MUN TIDE SETUBAL;SAO MIGUEL PAULISTA;24;HOSPITAL MILITAR DE AREA DE SAO PAULO;CAMBUCI;33010;33.01;2267;37.8;ok;
31;HOSP MUN TIDE SETUBAL;SAO MIGUEL PAULISTA;25;CENTRO DE REFERENCIA DA SAUDE DA MULHER;CAMPOS ELISEOS;31580;31.58;1969;32.83;ok;
31;HOSP MUN TIDE SETUBAL;SAO MIGUEL PAULISTA;26;HOSP MUN INFANTIL MENINO JESUS;BELA VISTA;32490;32.49;2310;38.51;ok;
31;HOSP MUN TIDE SETUBAL;SAO MIGUEL PAULISTA;28;HOSP MUN MAT ESC DR MARIO DE MORAES A SILVA;VILA NOVA CACHOEIRIN;36370;36.37;2178;36.3;ok;
31;HOSP MUN TIDE SETUBAL;SAO MIGUEL PAULISTA;29;HOSPITAL GERAL JESUS TEIXEIRA DA COSTA GUAIANASES SAO PAULO;JARDIM SAO PAULO;9190;9.19;986;16.45;ok;
31;HOSP MUN TIDE SETUBAL;SAO MIGUEL PAULISTA;30;HOSP MUN DR CARMINO CARICCHIO;TATUAPE;21000;21.0;1419;23.65;ok;
31;HOSP MUN TIDE SETUBAL;SAO MIGUEL PAULISTA;31;HOSP MUN TIDE SETUBAL;SAO MIGUEL PAULISTA;0;0.0;0;0.0;ok;
31;HOSP MUN TIDE SETUBAL;SAO MIGUEL PAULISTA;32;HOSP MUN V NHOCUNE ALEXANDRE ZAIO;VILA NHOCUNE;11230;11.23;1219;20.33;ok;
31;HOSP MUN TIDE SETUBAL;SAO MIGUEL PAULISTA;33;HOSP MUN JABAQUARA ARTUR RIBEIRO DE SABOYA;JABAQUARA;43550;43.55;3323;55.4;ok;
31;HOSP MUN TIDE SETUBAL;SAO MIGUEL PAULISTA;34;HOSPITAL KATIA DE SOUZA RODRIGUES TAIPASSP SAO PAULO;PARADA DE TAIPAS;42720;42.72;2566;42.78;ok;
31;HOSP MUN TIDE SETUBAL;SAO MIGUEL PAULISTA;35;HOSP MUN PROFESSOR DOUTOR ALIPIO CORREA NETTO;VILA PARANAGUA;4820;4.82;592;9.87;ok;
31;HOSP MUN TIDE SETUBAL;SAO MIGUEL PAULISTA;36;HOSPITAL MUNICIPAL DR BENEDITO MONTENEGRO;JARDIM IVA;16079;16.08;1653;27.56;ok;
31;HOSP MUN TIDE SETUBAL;SAO MIGUEL PAULISTA;37;HOSP MUN IGNACIO PROENCA DE GOUVEA;PARQUE DA MOOCA;28070;28.07;1966;32.78;ok;
31;HOSP MUN TIDE SETUBAL;SAO MIGUEL PAULISTA;38;HOSPITAL INFANTIL CANDIDO FONTOURA SAO PAULO;AGUA RASA;25570;25.57;1730;28.84;ok;
31;HOSP MUN TIDE SETUBAL;SAO MIGUEL PAULISTA;40;HOSPITAL REGIONAL SUL SAO PAULO;SANTO AMARO;60160;60.16;3280;54.68;ok;
31;HOSP MUN TIDE SETUBAL;SAO MIGUEL PAULISTA;42;HOSPITAL ESTADUAL DE SAPOPEMBA SAO PAULO;JARDIM SAPOPEMBA;16420;16.42;1722;28.7;ok;
31;HOSP MUN TIDE SETUBAL;SAO MIGUEL PAULISTA;43;HOSPITAL GERAL DE VILA PENTEADO DR JOSE PANGELLA SAO PAULO;JARDIM IRACEMA;36060;36.06;2029;33.82;ok;
31;HOSP MUN TIDE SETUBAL;SAO MIGUEL PAULISTA;46;HOSP DO SERV PUB MUNICIPAL HSPM;LIBERDADE;30150;30.15;2240;37.34;ok;
31;HOSP MUN TIDE SETUBAL;SAO MIGUEL PAULISTA;47;HOSP MUN FERNANDO MAURO PIRES DA ROCHA;CAMPO LIMPO;59270;59.27;3144;52.42;ok;
31;HOSP MUN TIDE SETUBAL;SAO MIGUEL PAULISTA;48;CENTRO HOSPITALAR DO SISTEMA PENITENCIARIO SAO PAULO;CARANDIRU;26460;26.46;1612;26.88;ok;
31;HOSP MUN TIDE SETUBAL;SAO MIGUEL PAULISTA;49;HOSP MUN VER JOSE STOROPOLLI;PARQUE NOVO MUNDO;19430;19.43;1252;20.87;ok;
31;HOSP MUN TIDE SETUBAL;SAO MIGUEL PAULISTA;50;CENTRO MEDICO PMESP;TREMEMBE;31710;31.71;2186;36.44;ok;
31;HOSP MUN TIDE SETUBAL;SAO MIGUEL PAULISTA;51;HOSP MUN CARMEN PRUDENTE;CIDADE TIRADENTES;11570;11.57;1225;20.42;ok;
31;HOSP MUN TIDE SETUBAL;SAO MIGUEL PAULISTA;53;INSTITUTO DE REABILITACAO LUCY MONTORO;VILA ANDRADE;57090;57.09;3009;50.17;ok;
31;HOSP MUN TIDE SETUBAL;SAO MIGUEL PAULISTA;55;INSTITUTO DO CANCER DO ESTADO DE SAO PAULO;CERQUEIRA CESAR;34880;34.88;2331;38.85;ok;
31;HOSP MUN TIDE SETUBAL;SAO MIGUEL PAULISTA;56;HOSP MUN SOROCABANA;VILA ROMANA;35540;35.54;2140;35.68;ok;
31;HOSP MUN TIDE SETUBAL;SAO MIGUEL PAULISTA;57;HOSP MUN GILSON DE CASSIA MARQUES DE CARVALHO;VILA MASCOTE;43400;43.4;3235;53.93;ok;
31;HOSP MUN TIDE SETUBAL;SAO MIGUEL PAULISTA;58;HOSP MUN CAPELA DO SOCORRO;JARDIM DAS IMBUIAS;69030;69.03;4153;69.23;ok;
31;HOSP MUN TIDE SETUBAL;SAO MIGUEL PAULISTA;59;HOSP MUN JOSANIAS CASTANHA BRAGA;JARDIM ROSCHEL;82100;82.1;5023;83.72;ok;
31;HOSP MUN TIDE SETUBAL;SAO MIGUEL PAULISTA;233;HOSP MUN SOROCABANA;ALTO DE PINHEIROS;40480;40.48;2460;41.0;ok;
32;HOSP MUN V NHOCUNE ALEXANDRE ZAIO;VILA NHOCUNE;1;HOSPITAL MUNICIPAL SANTA DULCE DOS POBRES;CONSOLACAO;18960;18.96;1958;32.64;ok;
32;HOSP MUN V NHOCUNE ALEXANDRE ZAIO;VILA NHOCUNE;2;HOSPITAL MUNICIPAL BRASILANDIA;JARDIM MARISTELA;28030;28.03;2098;34.98;ok;
32;HOSP MUN V NHOCUNE ALEXANDRE ZAIO;VILA NHOCUNE;3;HOSPITAL MUNICIPAL GUARAPIRANGA;RIVIERA PAULISTA;54060;54.06;3424;57.08;ok;
32;HOSP MUN V NHOCUNE ALEXANDRE ZAIO;VILA NHOCUNE;4;INSTITUTO DE INFECTOLOGIA EMILIO RIBAS;SUMARE;24420;24.42;2018;33.65;ok;
32;HOSP MUN V NHOCUNE ALEXANDRE ZAIO;VILA NHOCUNE;5;HOSPITAL DO SERV PUB EST FCO MORATO DE OLIVEIRA SAO PAULO;IBIRAPUERA;21490;21.49;2106;35.1;ok;
32;HOSP MUN V NHOCUNE ALEXANDRE ZAIO;VILA NHOCUNE;6;HOSPITAL MATERNIDADE INTERLAGOS;JD LEBLON;36720;36.72;3549;59.16;ok;
32;HOSP MUN V NHOCUNE ALEXANDRE ZAIO;VILA NHOCUNE;7;HOSPITAL GERAL DE PEDREIRA;VILA CAMPO GRANDE;33230;33.23;3282;54.71;ok;
32;HOSP MUN V NHOCUNE ALEXANDRE ZAIO;VILA NHOCUNE;8;HOSPITAL HELIOPOLIS UNIDADE DE GESTAO ASSISTENCIAL I;V HELIOPOLIS;16350;16.35;1745;29.09;ok;
32;HOSP MUN V NHOCUNE ALEXANDRE ZAIO;VILA NHOCUNE;10;HOSPITAL INFANTIL DARCY VARGAS UGA III SAO PAULO;JARDIM GUEDALA;41040;41.04;2647;44.13;ok;
32;HOSP MUN V NHOCUNE ALEXANDRE ZAIO;VILA NHOCUNE;11;HOSP MUN MATERNIDADE PROFESSOR MARIO DEGNI;VILA ANTONIO;37360;37.36;2560;42.68;ok;
32;HOSP MUN V NHOCUNE ALEXANDRE ZAIO;VILA NHOCUNE;12;HOSPITAL UNIVERSITARIO DA USP SAO PAULO;BUTANTA;35430;35.43;2460;41.01;ok;
32;HOSP MUN V NHOCUNE ALEXANDRE ZAIO;VILA NHOCUNE;13;CAISM PHILIPPE PINEL SAO PAULO;PIRITUBA;28230;28.23;2125;35.42;ok;
32;HOSP MUN V NHOCUNE ALEXANDRE ZAIO;VILA NHOCUNE;14;HOSPITAL GERAL HENRIQUE ALTIMEYER DE VILA ALPINA;VILA ALPINA;11680;11.68;1202;20.04;ok;
32;HOSP MUN V NHOCUNE ALEXANDRE ZAIO;VILA NHOCUNE;16;HOSPITAL GERAL DE SAO MATEUS SAO PAULO;SAO MATEUS;8540;8.54;881;14.69;ok;
32;HOSP MUN V NHOCUNE ALEXANDRE ZAIO;VILA NHOCUNE;17;UNIDADE DE GESTAO ASSISTENCIAL II HOSPITAL IPIRANGA SP;IPIRANGA;14370;14.37;1561;26.02;ok;
32;HOSP MUN V NHOCUNE ALEXANDRE ZAIO;VILA NHOCUNE;18;CONJUNTO HOSPITALAR DO MANDAQUI SAO PAULO;SANTANA;19920;19.92;1858;30.97;ok;
32;HOSP MUN V NHOCUNE ALEXANDRE ZAIO;VILA NHOCUNE;19;HOSPITAL GERAL SANTA MARCELINA DE ITAIM PAULISTA SAO PAULO;ITAIM PAULISTA;16520;16.52;1679;27.98;ok;
32;HOSP MUN V NHOCUNE ALEXANDRE ZAIO;VILA NHOCUNE;20;HOSP MUN PROF DR WALDOMIRO DE PAULA;ITAQUERA;7410;7.41;827;13.79;ok;
32;HOSP MUN V NHOCUNE ALEXANDRE ZAIO;VILA NHOCUNE;21;HOSPITAL GERAL DO GRAJAU PROF LIBER JOHN ALPHONSE DI DIO SP;PARQUE DAS NACOES;24930;24.93;2232;37.2;ok;
32;HOSP MUN V NHOCUNE ALEXANDRE ZAIO;VILA NHOCUNE;22;HOSPITAL E MATERNIDADE LEONOR MENDES DE BARROS SAO PAULO;BELENZINHO;10660;10.66;1076;17.95;ok;
32;HOSP MUN V NHOCUNE ALEXANDRE ZAIO;VILA NHOCUNE;23;CENTRO DE REFERENCIA E TREINAMENTO DST AIDS SAO PAULO;VILA MARIANA;18920;18.92;2114;35.24;ok;
32;HOSP MUN V NHOCUNE ALEXANDRE ZAIO;VILA NHOCUNE;24;HOSPITAL MILITAR DE AREA DE SAO PAULO;CAMBUCI;16480;16.48;1713;28.55;ok;
32;HOSP MUN V NHOCUNE ALEXANDRE ZAIO;VILA NHOCUNE;25;CENTRO DE REFERENCIA DA SAUDE DA MULHER;CAMPOS ELISEOS;21350;21.35;1794;29.91;ok;
32;HOSP MUN V NHOCUNE ALEXANDRE ZAIO;VILA NHOCUNE;26;HOSP MUN INFANTIL MENINO JESUS;BELA VISTA;17630;17.63;1852;30.88;ok;
32;HOSP MUN V NHOCUNE ALEXANDRE ZAIO;VILA NHOCUNE;28;HOSP MUN MAT ESC DR MARIO DE MORAES A SILVA;VILA NOVA CACHOEIRIN;26140;26.14;2003;33.38;ok;
32;HOSP MUN V NHOCUNE ALEXANDRE ZAIO;VILA NHOCUNE;29;HOSPITAL GERAL JESUS TEIXEIRA DA COSTA GUAIANASES SAO PAULO;JARDIM SAO PAULO;13650;13.65;1340;22.35;ok;
32;HOSP MUN V NHOCUNE ALEXANDRE ZAIO;VILA NHOCUNE;30;HOSP MUN DR CARMINO CARICCHIO;TATUAPE;8760;8.76;879;14.67;ok;
32;HOSP MUN V NHOCUNE ALEXANDRE ZAIO;VILA NHOCUNE;31;HOSP MUN TIDE SETUBAL;SAO MIGUEL PAULISTA;11000;11.0;1211;20.2;ok;
32;HOSP MUN V NHOCUNE ALEXANDRE ZAIO;VILA NHOCUNE;32;HOSP MUN V NHOCUNE ALEXANDRE ZAIO;VILA NHOCUNE;0;0.0;0;0.0;ok;
32;HOSP MUN V NHOCUNE ALEXANDRE ZAIO;VILA NHOCUNE;33;HOSP MUN JABAQUARA ARTUR RIBEIRO DE SABOYA;JABAQUARA;24280;24.28;2580;43.01;ok;
32;HOSP MUN V NHOCUNE ALEXANDRE ZAIO;VILA NHOCUNE;34;HOSPITAL KATIA DE SOUZA RODRIGUES TAIPASSP SAO PAULO;PARADA DE TAIPAS;32490;32.49;2391;39.86;ok;
32;HOSP MUN V NHOCUNE ALEXANDRE ZAIO;VILA NHOCUNE;35;HOSP MUN PROFESSOR DOUTOR ALIPIO CORREA NETTO;VILA PARANAGUA;9000;9.0;1073;17.89;ok;
32;HOSP MUN V NHOCUNE ALEXANDRE ZAIO;VILA NHOCUNE;36;HOSPITAL MUNICIPAL DR BENEDITO MONTENEGRO;JARDIM IVA;7490;7.49;796;13.28;ok;
32;HOSP MUN V NHOCUNE ALEXANDRE ZAIO;VILA NHOCUNE;37;HOSP MUN IGNACIO PROENCA DE GOUVEA;PARQUE DA MOOCA;12980;12.98;1409;23.49;ok;
32;HOSP MUN V NHOCUNE ALEXANDRE ZAIO;VILA NHOCUNE;38;HOSPITAL INFANTIL CANDIDO FONTOURA SAO PAULO;AGUA RASA;11960;11.96;1167;19.46;ok;
32;HOSP MUN V NHOCUNE ALEXANDRE ZAIO;VILA NHOCUNE;40;HOSPITAL REGIONAL SUL SAO PAULO;SANTO AMARO;30610;30.61;3052;50.87;ok;
32;HOSP MUN V NHOCUNE ALEXANDRE ZAIO;VILA NHOCUNE;42;HOSPITAL ESTADUAL DE SAPOPEMBA SAO PAULO;JARDIM SAPOPEMBA;10680;10.68;1138;18.98;ok;
32;HOSP MUN V NHOCUNE ALEXANDRE ZAIO;VILA NHOCUNE;43;HOSPITAL GERAL DE VILA PENTEADO DR JOSE PANGELLA SAO PAULO;JARDIM IRACEMA;25840;25.84;1854;30.9;ok;
32;HOSP MUN V NHOCUNE ALEXANDRE ZAIO;VILA NHOCUNE;46;HOSP DO SERV PUB MUNICIPAL HSPM;LIBERDADE;16540;16.54;1677;27.95;ok;
32;HOSP MUN V NHOCUNE ALEXANDRE ZAIO;VILA NHOCUNE;47;HOSP MUN FERNANDO MAURO PIRES DA ROCHA;CAMPO LIMPO;49050;49.05;2969;49.5;ok;
32;HOSP MUN V NHOCUNE ALEXANDRE ZAIO;VILA NHOCUNE;48;CENTRO HOSPITALAR DO SISTEMA PENITENCIARIO SAO PAULO;CARANDIRU;16230;16.23;1437;23.96;ok;
32;HOSP MUN V NHOCUNE ALEXANDRE ZAIO;VILA NHOCUNE;49;HOSP MUN VER JOSE STOROPOLLI;PARQUE NOVO MUNDO;9250;9.25;966;16.1;ok;
32;HOSP MUN V NHOCUNE ALEXANDRE ZAIO;VILA NHOCUNE;50;CENTRO MEDICO PMESP;TREMEMBE;23670;23.67;1949;32.5;ok;
32;HOSP MUN V NHOCUNE ALEXANDRE ZAIO;VILA NHOCUNE;51;HOSP MUN CARMEN PRUDENTE;CIDADE TIRADENTES;14140;14.14;1362;22.71;ok;
32;HOSP MUN V NHOCUNE ALEXANDRE ZAIO;VILA NHOCUNE;53;INSTITUTO DE REABILITACAO LUCY MONTORO;VILA ANDRADE;46870;46.87;2834;47.25;ok;
32;HOSP MUN V NHOCUNE ALEXANDRE ZAIO;VILA NHOCUNE;55;INSTITUTO DO CANCER DO ESTADO DE SAO PAULO;CERQUEIRA CESAR;24650;24.65;2155;35.93;ok;
32;HOSP MUN V NHOCUNE ALEXANDRE ZAIO;VILA NHOCUNE;56;HOSP MUN SOROCABANA;VILA ROMANA;25310;25.31;1965;32.76;ok;
32;HOSP MUN V NHOCUNE ALEXANDRE ZAIO;VILA NHOCUNE;57;HOSP MUN GILSON DE CASSIA MARQUES DE CARVALHO;VILA MASCOTE;24950;24.95;2683;44.72;ok;
32;HOSP MUN V NHOCUNE ALEXANDRE ZAIO;VILA NHOCUNE;58;HOSP MUN CAPELA DO SOCORRO;JARDIM DAS IMBUIAS;40540;40.54;3940;65.67;ok;
32;HOSP MUN V NHOCUNE ALEXANDRE ZAIO;VILA NHOCUNE;59;HOSP MUN JOSANIAS CASTANHA BRAGA;JARDIM ROSCHEL;52930;52.93;4743;79.06;ok;
32;HOSP MUN V NHOCUNE ALEXANDRE ZAIO;VILA NHOCUNE;233;HOSP MUN SOROCABANA;ALTO DE PINHEIROS;30260;30.26;2285;38.08;ok;
33;HOSP MUN JABAQUARA ARTUR RIBEIRO DE SABOYA;JABAQUARA;1;HOSPITAL MUNICIPAL SANTA DULCE DOS POBRES;CONSOLACAO;12700;12.7;1381;23.03;ok;
33;HOSP MUN JABAQUARA ARTUR RIBEIRO DE SABOYA;JABAQUARA;2;HOSPITAL MUNICIPAL BRASILANDIA;JARDIM MARISTELA;29940;29.94;2337;38.96;ok;
33;HOSP MUN JABAQUARA ARTUR RIBEIRO DE SABOYA;JABAQUARA;3;HOSPITAL MUNICIPAL GUARAPIRANGA;RIVIERA PAULISTA;16000;16.0;1531;25.53;ok;
33;HOSP MUN JABAQUARA ARTUR RIBEIRO DE SABOYA;JABAQUARA;4;INSTITUTO DE INFECTOLOGIA EMILIO RIBAS;SUMARE;14970;14.97;1640;27.35;ok;
33;HOSP MUN JABAQUARA ARTUR RIBEIRO DE SABOYA;JABAQUARA;5;HOSPITAL DO SERV PUB EST FCO MORATO DE OLIVEIRA SAO PAULO;IBIRAPUERA;7650;7.65;872;14.54;ok;
33;HOSP MUN JABAQUARA ARTUR RIBEIRO DE SABOYA;JABAQUARA;6;HOSPITAL MATERNIDADE INTERLAGOS;JD LEBLON;10810;10.81;1165;19.42;ok;
33;HOSP MUN JABAQUARA ARTUR RIBEIRO DE SABOYA;JABAQUARA;7;HOSPITAL GERAL DE PEDREIRA;VILA CAMPO GRANDE;7930;7.93;895;14.92;ok;
33;HOSP MUN JABAQUARA ARTUR RIBEIRO DE SABOYA;JABAQUARA;8;HOSPITAL HELIOPOLIS UNIDADE DE GESTAO ASSISTENCIAL I;V HELIOPOLIS;9550;9.55;1089;18.15;ok;
33;HOSP MUN JABAQUARA ARTUR RIBEIRO DE SABOYA;JABAQUARA;10;HOSPITAL INFANTIL DARCY VARGAS UGA III SAO PAULO;JARDIM GUEDALA;13500;13.5;1449;24.16;ok;
33;HOSP MUN JABAQUARA ARTUR RIBEIRO DE SABOYA;JABAQUARA;11;HOSP MUN MATERNIDADE PROFESSOR MARIO DEGNI;VILA ANTONIO;21530;21.53;1912;31.88;ok;
33;HOSP MUN JABAQUARA ARTUR RIBEIRO DE SABOYA;JABAQUARA;12;HOSPITAL UNIVERSITARIO DA USP SAO PAULO;BUTANTA;19550;19.55;2003;33.39;ok;
33;HOSP MUN JABAQUARA ARTUR RIBEIRO DE SABOYA;JABAQUARA;13;CAISM PHILIPPE PINEL SAO PAULO;PIRITUBA;30130;30.13;2363;39.4;ok;
33;HOSP MUN JABAQUARA ARTUR RIBEIRO DE SABOYA;JABAQUARA;14;HOSPITAL GERAL HENRIQUE ALTIMEYER DE VILA ALPINA;VILA ALPINA;14560;14.56;1596;26.61;ok;
33;HOSP MUN JABAQUARA ARTUR RIBEIRO DE SABOYA;JABAQUARA;16;HOSPITAL GERAL DE SAO MATEUS SAO PAULO;SAO MATEUS;27070;27.07;2447;40.79;ok;
33;HOSP MUN JABAQUARA ARTUR RIBEIRO DE SABOYA;JABAQUARA;17;UNIDADE DE GESTAO ASSISTENCIAL II HOSPITAL IPIRANGA SP;IPIRANGA;10360;10.36;1158;19.3;ok;
33;HOSP MUN JABAQUARA ARTUR RIBEIRO DE SABOYA;JABAQUARA;18;CONJUNTO HOSPITALAR DO MANDAQUI SAO PAULO;SANTANA;21290;21.29;2248;37.48;ok;
33;HOSP MUN JABAQUARA ARTUR RIBEIRO DE SABOYA;JABAQUARA;19;HOSPITAL GERAL SANTA MARCELINA DE ITAIM PAULISTA SAO PAULO;ITAIM PAULISTA;48830;48.83;3400;56.67;ok;
33;HOSP MUN JABAQUARA ARTUR RIBEIRO DE SABOYA;JABAQUARA;20;HOSP MUN PROF DR WALDOMIRO DE PAULA;ITAQUERA;30520;30.52;3114;51.9;ok;
33;HOSP MUN JABAQUARA ARTUR RIBEIRO DE SABOYA;JABAQUARA;21;HOSPITAL GERAL DO GRAJAU PROF LIBER JOHN ALPHONSE DI DIO SP;PARQUE DAS NACOES;11380;11.38;981;16.36;ok;
33;HOSP MUN JABAQUARA ARTUR RIBEIRO DE SABOYA;JABAQUARA;22;HOSPITAL E MATERNIDADE LEONOR MENDES DE BARROS SAO PAULO;BELENZINHO;19470;19.47;1986;33.1;ok;
33;HOSP MUN JABAQUARA ARTUR RIBEIRO DE SABOYA;JABAQUARA;23;CENTRO DE REFERENCIA E TREINAMENTO DST AIDS SAO PAULO;VILA MARIANA;6670;6.67;801;13.36;ok;
33;HOSP MUN JABAQUARA ARTUR RIBEIRO DE SABOYA;JABAQUARA;24;HOSPITAL MILITAR DE AREA DE SAO PAULO;CAMBUCI;11840;11.84;1323;22.05;ok;
33;HOSP MUN JABAQUARA ARTUR RIBEIRO DE SABOYA;JABAQUARA;25;CENTRO DE REFERENCIA DA SAUDE DA MULHER;CAMPOS ELISEOS;15900;15.9;1649;27.49;ok;
33;HOSP MUN JABAQUARA ARTUR RIBEIRO DE SABOYA;JABAQUARA;26;HOSP MUN INFANTIL MENINO JESUS;BELA VISTA;12160;12.16;1368;22.81;ok;
33;HOSP MUN JABAQUARA ARTUR RIBEIRO DE SABOYA;JABAQUARA;28;HOSP MUN MAT ESC DR MARIO DE MORAES A SILVA;VILA NOVA CACHOEIRIN;31320;31.32;2436;40.61;ok;
33;HOSP MUN JABAQUARA ARTUR RIBEIRO DE SABOYA;JABAQUARA;29;HOSPITAL GERAL JESUS TEIXEIRA DA COSTA GUAIANASES SAO PAULO;JARDIM SAO PAULO;37990;37.99;3404;56.74;ok;
33;HOSP MUN JABAQUARA ARTUR RIBEIRO DE SABOYA;JABAQUARA;30;HOSP MUN DR CARMINO CARICCHIO;TATUAPE;19760;19.76;2154;35.9;ok;
33;HOSP MUN JABAQUARA ARTUR RIBEIRO DE SABOYA;JABAQUARA;31;HOSP MUN TIDE SETUBAL;SAO MIGUEL PAULISTA;42230;42.23;3086;51.44;ok;
33;HOSP MUN JABAQUARA ARTUR RIBEIRO DE SABOYA;JABAQUARA;32;HOSP MUN V NHOCUNE ALEXANDRE ZAIO;VILA NHOCUNE;24340;24.34;2573;42.89;ok;
33;HOSP MUN JABAQUARA ARTUR RIBEIRO DE SABOYA;JABAQUARA;33;HOSP MUN JABAQUARA ARTUR RIBEIRO DE SABOYA;JABAQUARA;0;0.0;0;0.0;ok;
33;HOSP MUN JABAQUARA ARTUR RIBEIRO DE SABOYA;JABAQUARA;34;HOSPITAL KATIA DE SOUZA RODRIGUES TAIPASSP SAO PAULO;PARADA DE TAIPAS;34400;34.4;2630;43.84;ok;
33;HOSP MUN JABAQUARA ARTUR RIBEIRO DE SABOYA;JABAQUARA;35;HOSP MUN PROFESSOR DOUTOR ALIPIO CORREA NETTO;VILA PARANAGUA;34770;34.77;3133;52.23;ok;
33;HOSP MUN JABAQUARA ARTUR RIBEIRO DE SABOYA;JABAQUARA;36;HOSPITAL MUNICIPAL DR BENEDITO MONTENEGRO;JARDIM IVA;20330;20.33;2141;35.69;ok;
33;HOSP MUN JABAQUARA ARTUR RIBEIRO DE SABOYA;JABAQUARA;37;HOSP MUN IGNACIO PROENCA DE GOUVEA;PARQUE DA MOOCA;13190;13.19;1452;24.2;ok;
33;HOSP MUN JABAQUARA ARTUR RIBEIRO DE SABOYA;JABAQUARA;38;HOSPITAL INFANTIL CANDIDO FONTOURA SAO PAULO;AGUA RASA;16950;16.95;1795;29.93;ok;
33;HOSP MUN JABAQUARA ARTUR RIBEIRO DE SABOYA;JABAQUARA;40;HOSPITAL REGIONAL SUL SAO PAULO;SANTO AMARO;9110;9.11;872;14.55;ok;
33;HOSP MUN JABAQUARA ARTUR RIBEIRO DE SABOYA;JABAQUARA;42;HOSPITAL ESTADUAL DE SAPOPEMBA SAO PAULO;JARDIM SAPOPEMBA;23380;23.38;2102;35.04;ok;
33;HOSP MUN JABAQUARA ARTUR RIBEIRO DE SABOYA;JABAQUARA;43;HOSPITAL GERAL DE VILA PENTEADO DR JOSE PANGELLA SAO PAULO;JARDIM IRACEMA;27740;27.74;2092;34.88;ok;
33;HOSP MUN JABAQUARA ARTUR RIBEIRO DE SABOYA;JABAQUARA;46;HOSP DO SERV PUB MUNICIPAL HSPM;LIBERDADE;10470;10.47;1291;21.53;ok;
33;HOSP MUN JABAQUARA ARTUR RIBEIRO DE SABOYA;JABAQUARA;47;HOSP MUN FERNANDO MAURO PIRES DA ROCHA;CAMPO LIMPO;15360;15.36;1488;24.81;ok;
33;HOSP MUN JABAQUARA ARTUR RIBEIRO DE SABOYA;JABAQUARA;48;CENTRO HOSPITALAR DO SISTEMA PENITENCIARIO SAO PAULO;CARANDIRU;18830;18.83;1971;32.86;ok;
33;HOSP MUN JABAQUARA ARTUR RIBEIRO DE SABOYA;JABAQUARA;49;HOSP MUN VER JOSE STOROPOLLI;PARQUE NOVO MUNDO;26500;26.5;2343;39.05;ok;
33;HOSP MUN JABAQUARA ARTUR RIBEIRO DE SABOYA;JABAQUARA;50;CENTRO MEDICO PMESP;TREMEMBE;23870;23.87;2535;42.26;ok;
33;HOSP MUN JABAQUARA ARTUR RIBEIRO DE SABOYA;JABAQUARA;51;HOSP MUN CARMEN PRUDENTE;CIDADE TIRADENTES;34730;34.73;3108;51.8;ok;
33;HOSP MUN JABAQUARA ARTUR RIBEIRO DE SABOYA;JABAQUARA;53;INSTITUTO DE REABILITACAO LUCY MONTORO;VILA ANDRADE;14230;14.23;1365;22.75;ok;
33;HOSP MUN JABAQUARA ARTUR RIBEIRO DE SABOYA;JABAQUARA;55;INSTITUTO DO CANCER DO ESTADO DE SAO PAULO;CERQUEIRA CESAR;14150;14.15;1568;26.14;ok;
33;HOSP MUN JABAQUARA ARTUR RIBEIRO DE SABOYA;JABAQUARA;56;HOSP MUN SOROCABANA;VILA ROMANA;19050;19.05;1919;31.99;ok;
33;HOSP MUN JABAQUARA ARTUR RIBEIRO DE SABOYA;JABAQUARA;57;HOSP MUN GILSON DE CASSIA MARQUES DE CARVALHO;VILA MASCOTE;2700;2.7;299;4.99;ok;
33;HOSP MUN JABAQUARA ARTUR RIBEIRO DE SABOYA;JABAQUARA;58;HOSP MUN CAPELA DO SOCORRO;JARDIM DAS IMBUIAS;14260;14.26;1583;26.4;ok;
33;HOSP MUN JABAQUARA ARTUR RIBEIRO DE SABOYA;JABAQUARA;59;HOSP MUN JOSANIAS CASTANHA BRAGA;JARDIM ROSCHEL;27330;27.33;2453;40.89;ok;
33;HOSP MUN JABAQUARA ARTUR RIBEIRO DE SABOYA;JABAQUARA;233;HOSP MUN SOROCABANA;ALTO DE PINHEIROS;18420;18.42;1666;27.78;ok;
34;HOSPITAL KATIA DE SOUZA RODRIGUES TAIPASSP SAO PAULO;PARADA DE TAIPAS;1;HOSPITAL MUNICIPAL SANTA DULCE DOS POBRES;CONSOLACAO;18620;18.62;1794;29.9;ok;
34;HOSPITAL KATIA DE SOUZA RODRIGUES TAIPASSP SAO PAULO;PARADA DE TAIPAS;2;HOSPITAL MUNICIPAL BRASILANDIA;JARDIM MARISTELA;6250;6.25;567;9.45;ok;
34;HOSPITAL KATIA DE SOUZA RODRIGUES TAIPASSP SAO PAULO;PARADA DE TAIPAS;3;HOSPITAL MUNICIPAL GUARAPIRANGA;RIVIERA PAULISTA;40130;40.13;2704;45.08;ok;
34;HOSPITAL KATIA DE SOUZA RODRIGUES TAIPASSP SAO PAULO;PARADA DE TAIPAS;4;INSTITUTO DE INFECTOLOGIA EMILIO RIBAS;SUMARE;15310;15.31;1376;22.94;ok;
34;HOSPITAL KATIA DE SOUZA RODRIGUES TAIPASSP SAO PAULO;PARADA DE TAIPAS;5;HOSPITAL DO SERV PUB EST FCO MORATO DE OLIVEIRA SAO PAULO;IBIRAPUERA;22420;22.42;2105;35.09;ok;
34;HOSPITAL KATIA DE SOUZA RODRIGUES TAIPASSP SAO PAULO;PARADA DE TAIPAS;6;HOSPITAL MATERNIDADE INTERLAGOS;JD LEBLON;41420;41.42;2839;47.33;ok;
34;HOSPITAL KATIA DE SOUZA RODRIGUES TAIPASSP SAO PAULO;PARADA DE TAIPAS;7;HOSPITAL GERAL DE PEDREIRA;VILA CAMPO GRANDE;40410;40.41;2800;46.67;ok;
34;HOSPITAL KATIA DE SOUZA RODRIGUES TAIPASSP SAO PAULO;PARADA DE TAIPAS;8;HOSPITAL HELIOPOLIS UNIDADE DE GESTAO ASSISTENCIAL I;V HELIOPOLIS;27660;27.66;2383;39.72;ok;
34;HOSPITAL KATIA DE SOUZA RODRIGUES TAIPASSP SAO PAULO;PARADA DE TAIPAS;10;HOSPITAL INFANTIL DARCY VARGAS UGA III SAO PAULO;JARDIM GUEDALA;27100;27.1;1928;32.13;ok;
34;HOSPITAL KATIA DE SOUZA RODRIGUES TAIPASSP SAO PAULO;PARADA DE TAIPAS;11;HOSP MUN MATERNIDADE PROFESSOR MARIO DEGNI;VILA ANTONIO;23420;23.42;1840;30.68;ok;
34;HOSPITAL KATIA DE SOUZA RODRIGUES TAIPASSP SAO PAULO;PARADA DE TAIPAS;12;HOSPITAL UNIVERSITARIO DA USP SAO PAULO;BUTANTA;21490;21.49;1741;29.02;ok;
34;HOSPITAL KATIA DE SOUZA RODRIGUES TAIPASSP SAO PAULO;PARADA DE TAIPAS;13;CAISM PHILIPPE PINEL SAO PAULO;PIRITUBA;6480;6.48;605;10.1;ok;
34;HOSPITAL KATIA DE SOUZA RODRIGUES TAIPASSP SAO PAULO;PARADA DE TAIPAS;14;HOSPITAL GERAL HENRIQUE ALTIMEYER DE VILA ALPINA;VILA ALPINA;29150;29.15;2160;36.01;ok;
34;HOSPITAL KATIA DE SOUZA RODRIGUES TAIPASSP SAO PAULO;PARADA DE TAIPAS;16;HOSPITAL GERAL DE SAO MATEUS SAO PAULO;SAO MATEUS;35540;35.54;2594;43.25;ok;
34;HOSPITAL KATIA DE SOUZA RODRIGUES TAIPASSP SAO PAULO;PARADA DE TAIPAS;17;UNIDADE DE GESTAO ASSISTENCIAL II HOSPITAL IPIRANGA SP;IPIRANGA;24430;24.43;2110;35.17;ok;
34;HOSPITAL KATIA DE SOUZA RODRIGUES TAIPASSP SAO PAULO;PARADA DE TAIPAS;18;CONJUNTO HOSPITALAR DO MANDAQUI SAO PAULO;SANTANA;13880;13.88;1389;23.16;ok;
34;HOSPITAL KATIA DE SOUZA RODRIGUES TAIPASSP SAO PAULO;PARADA DE TAIPAS;19;HOSPITAL GERAL SANTA MARCELINA DE ITAIM PAULISTA SAO PAULO;ITAIM PAULISTA;48160;48.16;2877;47.96;ok;
34;HOSPITAL KATIA DE SOUZA RODRIGUES TAIPASSP SAO PAULO;PARADA DE TAIPAS;20;HOSP MUN PROF DR WALDOMIRO DE PAULA;ITAQUERA;45400;45.4;2820;47.01;ok;
34;HOSPITAL KATIA DE SOUZA RODRIGUES TAIPASSP SAO PAULO;PARADA DE TAIPAS;21;HOSPITAL GERAL DO GRAJAU PROF LIBER JOHN ALPHONSE DI DIO SP;PARQUE DAS NACOES;39680;39.68;3185;53.09;ok;
34;HOSPITAL KATIA DE SOUZA RODRIGUES TAIPASSP SAO PAULO;PARADA DE TAIPAS;22;HOSPITAL E MATERNIDADE LEONOR MENDES DE BARROS SAO PAULO;BELENZINHO;22180;22.18;1565;26.09;ok;
34;HOSPITAL KATIA DE SOUZA RODRIGUES TAIPASSP SAO PAULO;PARADA DE TAIPAS;23;CENTRO DE REFERENCIA E TREINAMENTO DST AIDS SAO PAULO;VILA MARIANA;23840;23.84;2236;37.27;ok;
34;HOSPITAL KATIA DE SOUZA RODRIGUES TAIPASSP SAO PAULO;PARADA DE TAIPAS;24;HOSPITAL MILITAR DE AREA DE SAO PAULO;CAMBUCI;23030;23.03;1981;33.03;ok;
34;HOSPITAL KATIA DE SOUZA RODRIGUES TAIPASSP SAO PAULO;PARADA DE TAIPAS;25;CENTRO DE REFERENCIA DA SAUDE DA MULHER;CAMPOS ELISEOS;16630;16.63;1457;24.29;ok;
34;HOSPITAL KATIA DE SOUZA RODRIGUES TAIPASSP SAO PAULO;PARADA DE TAIPAS;26;HOSP MUN INFANTIL MENINO JESUS;BELA VISTA;18750;18.75;1854;30.91;ok;
34;HOSPITAL KATIA DE SOUZA RODRIGUES TAIPASSP SAO PAULO;PARADA DE TAIPAS;28;HOSP MUN MAT ESC DR MARIO DE MORAES A SILVA;VILA NOVA CACHOEIRIN;9430;9.43;926;15.45;ok;
34;HOSPITAL KATIA DE SOUZA RODRIGUES TAIPASSP SAO PAULO;PARADA DE TAIPAS;29;HOSPITAL GERAL JESUS TEIXEIRA DA COSTA GUAIANASES SAO PAULO;JARDIM SAO PAULO;53350;53.35;3398;56.64;ok;
34;HOSPITAL KATIA DE SOUZA RODRIGUES TAIPASSP SAO PAULO;PARADA DE TAIPAS;30;HOSP MUN DR CARMINO CARICCHIO;TATUAPE;23360;23.36;1757;29.29;ok;
34;HOSPITAL KATIA DE SOUZA RODRIGUES TAIPASSP SAO PAULO;PARADA DE TAIPAS;31;HOSP MUN TIDE SETUBAL;SAO MIGUEL PAULISTA;41570;41.57;2563;42.73;ok;
34;HOSPITAL KATIA DE SOUZA RODRIGUES TAIPASSP SAO PAULO;PARADA DE TAIPAS;32;HOSP MUN V NHOCUNE ALEXANDRE ZAIO;VILA NHOCUNE;32549;32.55;2404;40.07;ok;
34;HOSPITAL KATIA DE SOUZA RODRIGUES TAIPASSP SAO PAULO;PARADA DE TAIPAS;33;HOSP MUN JABAQUARA ARTUR RIBEIRO DE SABOYA;JABAQUARA;36700;36.7;2625;43.75;ok;
34;HOSPITAL KATIA DE SOUZA RODRIGUES TAIPASSP SAO PAULO;PARADA DE TAIPAS;34;HOSPITAL KATIA DE SOUZA RODRIGUES TAIPASSP SAO PAULO;PARADA DE TAIPAS;0;0.0;0;0.0;ok;
34;HOSPITAL KATIA DE SOUZA RODRIGUES TAIPASSP SAO PAULO;PARADA DE TAIPAS;35;HOSP MUN PROFESSOR DOUTOR ALIPIO CORREA NETTO;VILA PARANAGUA;34110;34.11;2611;43.52;ok;
34;HOSPITAL KATIA DE SOUZA RODRIGUES TAIPASSP SAO PAULO;PARADA DE TAIPAS;36;HOSPITAL MUNICIPAL DR BENEDITO MONTENEGRO;JARDIM IVA;31740;31.74;2509;41.82;ok;
34;HOSPITAL KATIA DE SOUZA RODRIGUES TAIPASSP SAO PAULO;PARADA DE TAIPAS;37;HOSP MUN IGNACIO PROENCA DE GOUVEA;PARQUE DA MOOCA;27360;27.36;2033;33.89;ok;
34;HOSPITAL KATIA DE SOUZA RODRIGUES TAIPASSP SAO PAULO;PARADA DE TAIPAS;38;HOSPITAL INFANTIL CANDIDO FONTOURA SAO PAULO;AGUA RASA;24860;24.86;1797;29.96;ok;
34;HOSPITAL KATIA DE SOUZA RODRIGUES TAIPASSP SAO PAULO;PARADA DE TAIPAS;40;HOSPITAL REGIONAL SUL SAO PAULO;SANTO AMARO;35990;35.99;2385;39.76;ok;
34;HOSPITAL KATIA DE SOUZA RODRIGUES TAIPASSP SAO PAULO;PARADA DE TAIPAS;42;HOSPITAL ESTADUAL DE SAPOPEMBA SAO PAULO;JARDIM SAPOPEMBA;37680;37.68;2852;47.54;ok;
34;HOSPITAL KATIA DE SOUZA RODRIGUES TAIPASSP SAO PAULO;PARADA DE TAIPAS;43;HOSPITAL GERAL DE VILA PENTEADO DR JOSE PANGELLA SAO PAULO;JARDIM IRACEMA;6900;6.9;540;9.01;ok;
34;HOSPITAL KATIA DE SOUZA RODRIGUES TAIPASSP SAO PAULO;PARADA DE TAIPAS;46;HOSP DO SERV PUB MUNICIPAL HSPM;LIBERDADE;22140;22.14;1965;32.75;ok;
34;HOSPITAL KATIA DE SOUZA RODRIGUES TAIPASSP SAO PAULO;PARADA DE TAIPAS;47;HOSP MUN FERNANDO MAURO PIRES DA ROCHA;CAMPO LIMPO;35110;35.11;2249;37.5;ok;
34;HOSPITAL KATIA DE SOUZA RODRIGUES TAIPASSP SAO PAULO;PARADA DE TAIPAS;48;CENTRO HOSPITALAR DO SISTEMA PENITENCIARIO SAO PAULO;CARANDIRU;18340;18.34;1552;25.88;ok;
34;HOSPITAL KATIA DE SOUZA RODRIGUES TAIPASSP SAO PAULO;PARADA DE TAIPAS;49;HOSP MUN VER JOSE STOROPOLLI;PARQUE NOVO MUNDO;25830;25.83;1820;30.34;ok;
34;HOSPITAL KATIA DE SOUZA RODRIGUES TAIPASSP SAO PAULO;PARADA DE TAIPAS;50;CENTRO MEDICO PMESP;TREMEMBE;16900;16.9;1579;26.32;ok;
34;HOSPITAL KATIA DE SOUZA RODRIGUES TAIPASSP SAO PAULO;PARADA DE TAIPAS;51;HOSP MUN CARMEN PRUDENTE;CIDADE TIRADENTES;44560;44.56;3453;57.56;ok;
34;HOSPITAL KATIA DE SOUZA RODRIGUES TAIPASSP SAO PAULO;PARADA DE TAIPAS;53;INSTITUTO DE REABILITACAO LUCY MONTORO;VILA ANDRADE;32930;32.93;2114;35.25;ok;
34;HOSPITAL KATIA DE SOUZA RODRIGUES TAIPASSP SAO PAULO;PARADA DE TAIPAS;55;INSTITUTO DO CANCER DO ESTADO DE SAO PAULO;CERQUEIRA CESAR;17110;17.11;1611;26.87;ok;
34;HOSPITAL KATIA DE SOUZA RODRIGUES TAIPASSP SAO PAULO;PARADA DE TAIPAS;56;HOSP MUN SOROCABANA;VILA ROMANA;10810;10.81;962;16.05;ok;
34;HOSPITAL KATIA DE SOUZA RODRIGUES TAIPASSP SAO PAULO;PARADA DE TAIPAS;57;HOSP MUN GILSON DE CASSIA MARQUES DE CARVALHO;VILA MASCOTE;33910;33.91;2360;39.34;ok;
34;HOSPITAL KATIA DE SOUZA RODRIGUES TAIPASSP SAO PAULO;PARADA DE TAIPAS;58;HOSP MUN CAPELA DO SOCORRO;JARDIM DAS IMBUIAS;44870;44.87;3258;54.31;ok;
34;HOSPITAL KATIA DE SOUZA RODRIGUES TAIPASSP SAO PAULO;PARADA DE TAIPAS;59;HOSP MUN JOSANIAS CASTANHA BRAGA;JARDIM ROSCHEL;57940;57.94;4128;68.8;ok;
34;HOSPITAL KATIA DE SOUZA RODRIGUES TAIPASSP SAO PAULO;PARADA DE TAIPAS;233;HOSP MUN SOROCABANA;ALTO DE PINHEIROS;13450;13.45;1318;21.98;ok;
35;HOSP MUN PROFESSOR DOUTOR ALIPIO CORREA NETTO;VILA PARANAGUA;1;HOSPITAL MUNICIPAL SANTA DULCE DOS POBRES;CONSOLACAO;31230;31.23;2324;38.74;ok;
35;HOSP MUN PROFESSOR DOUTOR ALIPIO CORREA NETTO;VILA PARANAGUA;2;HOSPITAL MUNICIPAL BRASILANDIA;JARDIM MARISTELA;36880;36.88;2288;38.15;ok;
35;HOSP MUN PROFESSOR DOUTOR ALIPIO CORREA NETTO;VILA PARANAGUA;3;HOSPITAL MUNICIPAL GUARAPIRANGA;RIVIERA PAULISTA;62910;62.91;3614;60.24;ok;
35;HOSP MUN PROFESSOR DOUTOR ALIPIO CORREA NETTO;VILA PARANAGUA;4;INSTITUTO DE INFECTOLOGIA EMILIO RIBAS;SUMARE;33270;33.27;2208;36.81;ok;
35;HOSP MUN PROFESSOR DOUTOR ALIPIO CORREA NETTO;VILA PARANAGUA;5;HOSPITAL DO SERV PUB EST FCO MORATO DE OLIVEIRA SAO PAULO;IBIRAPUERA;35000;35.0;2573;42.89;ok;
35;HOSP MUN PROFESSOR DOUTOR ALIPIO CORREA NETTO;VILA PARANAGUA;6;HOSPITAL MATERNIDADE INTERLAGOS;JD LEBLON;64209;64.21;3749;62.49;ok;
35;HOSP MUN PROFESSOR DOUTOR ALIPIO CORREA NETTO;VILA PARANAGUA;7;HOSPITAL GERAL DE PEDREIRA;VILA CAMPO GRANDE;63200;63.2;3710;61.83;ok;
35;HOSP MUN PROFESSOR DOUTOR ALIPIO CORREA NETTO;VILA PARANAGUA;8;HOSPITAL HELIOPOLIS UNIDADE DE GESTAO ASSISTENCIAL I;V HELIOPOLIS;24640;24.64;2518;41.97;ok;
35;HOSP MUN PROFESSOR DOUTOR ALIPIO CORREA NETTO;VILA PARANAGUA;10;HOSPITAL INFANTIL DARCY VARGAS UGA III SAO PAULO;JARDIM GUEDALA;49890;49.89;2837;47.3;ok;
35;HOSP MUN PROFESSOR DOUTOR ALIPIO CORREA NETTO;VILA PARANAGUA;11;HOSP MUN MATERNIDADE PROFESSOR MARIO DEGNI;VILA ANTONIO;46210;46.21;2750;45.85;ok;
35;HOSP MUN PROFESSOR DOUTOR ALIPIO CORREA NETTO;VILA PARANAGUA;12;HOSPITAL UNIVERSITARIO DA USP SAO PAULO;BUTANTA;44280;44.28;2650;44.18;ok;
35;HOSP MUN PROFESSOR DOUTOR ALIPIO CORREA NETTO;VILA PARANAGUA;13;CAISM PHILIPPE PINEL SAO PAULO;PIRITUBA;37080;37.08;2315;38.59;ok;
35;HOSP MUN PROFESSOR DOUTOR ALIPIO CORREA NETTO;VILA PARANAGUA;14;HOSPITAL GERAL HENRIQUE ALTIMEYER DE VILA ALPINA;VILA ALPINA;19610;19.61;2063;34.39;ok;
35;HOSP MUN PROFESSOR DOUTOR ALIPIO CORREA NETTO;VILA PARANAGUA;16;HOSPITAL GERAL DE SAO MATEUS SAO PAULO;SAO MATEUS;15830;15.83;1566;26.11;ok;
35;HOSP MUN PROFESSOR DOUTOR ALIPIO CORREA NETTO;VILA PARANAGUA;17;UNIDADE DE GESTAO ASSISTENCIAL II HOSPITAL IPIRANGA SP;IPIRANGA;22670;22.67;2334;38.91;ok;
35;HOSP MUN PROFESSOR DOUTOR ALIPIO CORREA NETTO;VILA PARANAGUA;18;CONJUNTO HOSPITALAR DO MANDAQUI SAO PAULO;SANTANA;28770;28.77;2048;34.14;ok;
35;HOSP MUN PROFESSOR DOUTOR ALIPIO CORREA NETTO;VILA PARANAGUA;19;HOSPITAL GERAL SANTA MARCELINA DE ITAIM PAULISTA SAO PAULO;ITAIM PAULISTA;9960;9.96;1125;18.76;ok;
35;HOSP MUN PROFESSOR DOUTOR ALIPIO CORREA NETTO;VILA PARANAGUA;20;HOSP MUN PROF DR WALDOMIRO DE PAULA;ITAQUERA;7240;7.24;752;12.54;ok;
35;HOSP MUN PROFESSOR DOUTOR ALIPIO CORREA NETTO;VILA PARANAGUA;21;HOSPITAL GERAL DO GRAJAU PROF LIBER JOHN ALPHONSE DI DIO SP;PARQUE DAS NACOES;32860;32.86;3093;51.56;ok;
35;HOSP MUN PROFESSOR DOUTOR ALIPIO CORREA NETTO;VILA PARANAGUA;22;HOSPITAL E MATERNIDADE LEONOR MENDES DE BARROS SAO PAULO;BELENZINHO;21510;21.51;1513;25.22;ok;
35;HOSP MUN PROFESSOR DOUTOR ALIPIO CORREA NETTO;VILA PARANAGUA;23;CENTRO DE REFERENCIA E TREINAMENTO DST AIDS SAO PAULO;VILA MARIANA;24730;24.73;2651;44.19;ok;
35;HOSP MUN PROFESSOR DOUTOR ALIPIO CORREA NETTO;VILA PARANAGUA;24;HOSPITAL MILITAR DE AREA DE SAO PAULO;CAMBUCI;21080;21.08;2242;37.38;ok;
35;HOSP MUN PROFESSOR DOUTOR ALIPIO CORREA NETTO;VILA PARANAGUA;25;CENTRO DE REFERENCIA DA SAUDE DA MULHER;CAMPOS ELISEOS;30200;30.2;1984;33.07;ok;
35;HOSP MUN PROFESSOR DOUTOR ALIPIO CORREA NETTO;VILA PARANAGUA;26;HOSP MUN INFANTIL MENINO JESUS;BELA VISTA;31120;31.12;2325;38.75;ok;
35;HOSP MUN PROFESSOR DOUTOR ALIPIO CORREA NETTO;VILA PARANAGUA;28;HOSP MUN MAT ESC DR MARIO DE MORAES A SILVA;VILA NOVA CACHOEIRIN;34990;34.99;2193;36.55;ok;
35;HOSP MUN PROFESSOR DOUTOR ALIPIO CORREA NETTO;VILA PARANAGUA;29;HOSPITAL GERAL JESUS TEIXEIRA DA COSTA GUAIANASES SAO PAULO;JARDIM SAO PAULO;12590;12.59;1334;22.24;ok;
35;HOSP MUN PROFESSOR DOUTOR ALIPIO CORREA NETTO;VILA PARANAGUA;30;HOSP MUN DR CARMINO CARICCHIO;TATUAPE;12320;12.32;1330;22.18;ok;
35;HOSP MUN PROFESSOR DOUTOR ALIPIO CORREA NETTO;VILA PARANAGUA;31;HOSP MUN TIDE SETUBAL;SAO MIGUEL PAULISTA;4570;4.57;553;9.22;ok;
35;HOSP MUN PROFESSOR DOUTOR ALIPIO CORREA NETTO;VILA PARANAGUA;32;HOSP MUN V NHOCUNE ALEXANDRE ZAIO;VILA NHOCUNE;8580;8.58;1034;17.24;ok;
35;HOSP MUN PROFESSOR DOUTOR ALIPIO CORREA NETTO;VILA PARANAGUA;33;HOSP MUN JABAQUARA ARTUR RIBEIRO DE SABOYA;JABAQUARA;42170;42.17;3338;55.64;ok;
35;HOSP MUN PROFESSOR DOUTOR ALIPIO CORREA NETTO;VILA PARANAGUA;34;HOSPITAL KATIA DE SOUZA RODRIGUES TAIPASSP SAO PAULO;PARADA DE TAIPAS;41340;41.34;2581;43.03;ok;
35;HOSP MUN PROFESSOR DOUTOR ALIPIO CORREA NETTO;VILA PARANAGUA;35;HOSP MUN PROFESSOR DOUTOR ALIPIO CORREA NETTO;VILA PARANAGUA;0;0.0;0;0.0;ok;
35;HOSP MUN PROFESSOR DOUTOR ALIPIO CORREA NETTO;VILA PARANAGUA;36;HOSPITAL MUNICIPAL DR BENEDITO MONTENEGRO;JARDIM IVA;15410;15.41;1658;27.64;ok;
35;HOSP MUN PROFESSOR DOUTOR ALIPIO CORREA NETTO;VILA PARANAGUA;37;HOSP MUN IGNACIO PROENCA DE GOUVEA;PARQUE DA MOOCA;19610;19.61;1979;32.99;ok;
35;HOSP MUN PROFESSOR DOUTOR ALIPIO CORREA NETTO;VILA PARANAGUA;38;HOSPITAL INFANTIL CANDIDO FONTOURA SAO PAULO;AGUA RASA;16560;16.56;1696;28.28;ok;
35;HOSP MUN PROFESSOR DOUTOR ALIPIO CORREA NETTO;VILA PARANAGUA;40;HOSPITAL REGIONAL SUL SAO PAULO;SANTO AMARO;58780;58.78;3295;54.93;ok;
35;HOSP MUN PROFESSOR DOUTOR ALIPIO CORREA NETTO;VILA PARANAGUA;42;HOSPITAL ESTADUAL DE SAPOPEMBA SAO PAULO;JARDIM SAPOPEMBA;17970;17.97;1824;30.4;ok;
35;HOSP MUN PROFESSOR DOUTOR ALIPIO CORREA NETTO;VILA PARANAGUA;43;HOSPITAL GERAL DE VILA PENTEADO DR JOSE PANGELLA SAO PAULO;JARDIM IRACEMA;34690;34.69;2044;34.07;ok;
35;HOSP MUN PROFESSOR DOUTOR ALIPIO CORREA NETTO;VILA PARANAGUA;46;HOSP DO SERV PUB MUNICIPAL HSPM;LIBERDADE;21140;21.14;2206;36.77;ok;
35;HOSP MUN PROFESSOR DOUTOR ALIPIO CORREA NETTO;VILA PARANAGUA;47;HOSP MUN FERNANDO MAURO PIRES DA ROCHA;CAMPO LIMPO;57900;57.9;3159;52.66;ok;
35;HOSP MUN PROFESSOR DOUTOR ALIPIO CORREA NETTO;VILA PARANAGUA;48;CENTRO HOSPITALAR DO SISTEMA PENITENCIARIO SAO PAULO;CARANDIRU;25080;25.08;1627;27.13;ok;
35;HOSP MUN PROFESSOR DOUTOR ALIPIO CORREA NETTO;VILA PARANAGUA;49;HOSP MUN VER JOSE STOROPOLLI;PARQUE NOVO MUNDO;18050;18.05;1266;21.11;ok;
35;HOSP MUN PROFESSOR DOUTOR ALIPIO CORREA NETTO;VILA PARANAGUA;50;CENTRO MEDICO PMESP;TREMEMBE;25420;25.42;2149;35.82;ok;
35;HOSP MUN PROFESSOR DOUTOR ALIPIO CORREA NETTO;VILA PARANAGUA;51;HOSP MUN CARMEN PRUDENTE;CIDADE TIRADENTES;15330;15.33;1449;24.16;ok;
35;HOSP MUN PROFESSOR DOUTOR ALIPIO CORREA NETTO;VILA PARANAGUA;53;INSTITUTO DE REABILITACAO LUCY MONTORO;VILA ANDRADE;55720;55.72;3024;50.41;ok;
35;HOSP MUN PROFESSOR DOUTOR ALIPIO CORREA NETTO;VILA PARANAGUA;55;INSTITUTO DO CANCER DO ESTADO DE SAO PAULO;CERQUEIRA CESAR;33500;33.5;2345;39.1;ok;
35;HOSP MUN PROFESSOR DOUTOR ALIPIO CORREA NETTO;VILA PARANAGUA;56;HOSP MUN SOROCABANA;VILA ROMANA;34160;34.16;2155;35.92;ok;
35;HOSP MUN PROFESSOR DOUTOR ALIPIO CORREA NETTO;VILA PARANAGUA;57;HOSP MUN GILSON DE CASSIA MARQUES DE CARVALHO;VILA MASCOTE;42020;42.02;3250;54.18;ok;
35;HOSP MUN PROFESSOR DOUTOR ALIPIO CORREA NETTO;VILA PARANAGUA;58;HOSP MUN CAPELA DO SOCORRO;JARDIM DAS IMBUIAS;67660;67.66;4168;69.48;ok;
35;HOSP MUN PROFESSOR DOUTOR ALIPIO CORREA NETTO;VILA PARANAGUA;59;HOSP MUN JOSANIAS CASTANHA BRAGA;JARDIM ROSCHEL;80730;80.73;5038;83.97;ok;
35;HOSP MUN PROFESSOR DOUTOR ALIPIO CORREA NETTO;VILA PARANAGUA;233;HOSP MUN SOROCABANA;ALTO DE PINHEIROS;39110;39.11;2475;41.25;ok;
36;HOSPITAL MUNICIPAL DR BENEDITO MONTENEGRO;JARDIM IVA;1;HOSPITAL MUNICIPAL SANTA DULCE DOS POBRES;CONSOLACAO;17310;17.31;1775;29.6;ok;
36;HOSPITAL MUNICIPAL DR BENEDITO MONTENEGRO;JARDIM IVA;2;HOSPITAL MUNICIPAL BRASILANDIA;JARDIM MARISTELA;28440;28.44;2292;38.21;ok;
36;HOSPITAL MUNICIPAL DR BENEDITO MONTENEGRO;JARDIM IVA;3;HOSPITAL MUNICIPAL GUARAPIRANGA;RIVIERA PAULISTA;33660;33.66;3390;56.5;ok;
36;HOSPITAL MUNICIPAL DR BENEDITO MONTENEGRO;JARDIM IVA;4;INSTITUTO DE INFECTOLOGIA EMILIO RIBAS;SUMARE;21150;21.15;2091;34.85;ok;
36;HOSPITAL MUNICIPAL DR BENEDITO MONTENEGRO;JARDIM IVA;5;HOSPITAL DO SERV PUB EST FCO MORATO DE OLIVEIRA SAO PAULO;IBIRAPUERA;17230;17.23;1791;29.86;ok;
36;HOSPITAL MUNICIPAL DR BENEDITO MONTENEGRO;JARDIM IVA;6;HOSPITAL MATERNIDADE INTERLAGOS;JD LEBLON;29430;29.43;3046;50.78;ok;
36;HOSPITAL MUNICIPAL DR BENEDITO MONTENEGRO;JARDIM IVA;7;HOSPITAL GERAL DE PEDREIRA;VILA CAMPO GRANDE;28210;28.21;2661;44.36;ok;
36;HOSPITAL MUNICIPAL DR BENEDITO MONTENEGRO;JARDIM IVA;8;HOSPITAL HELIOPOLIS UNIDADE DE GESTAO ASSISTENCIAL I;V HELIOPOLIS;12050;12.05;1226;20.44;ok;
36;HOSPITAL MUNICIPAL DR BENEDITO MONTENEGRO;JARDIM IVA;10;HOSPITAL INFANTIL DARCY VARGAS UGA III SAO PAULO;JARDIM GUEDALA;24170;24.17;2559;42.66;ok;
36;HOSPITAL MUNICIPAL DR BENEDITO MONTENEGRO;JARDIM IVA;11;HOSP MUN MATERNIDADE PROFESSOR MARIO DEGNI;VILA ANTONIO;37760;37.76;2754;45.9;ok;
36;HOSPITAL MUNICIPAL DR BENEDITO MONTENEGRO;JARDIM IVA;12;HOSPITAL UNIVERSITARIO DA USP SAO PAULO;BUTANTA;35830;35.83;2654;44.24;ok;
36;HOSPITAL MUNICIPAL DR BENEDITO MONTENEGRO;JARDIM IVA;13;CAISM PHILIPPE PINEL SAO PAULO;PIRITUBA;28630;28.63;2319;38.65;ok;
36;HOSPITAL MUNICIPAL DR BENEDITO MONTENEGRO;JARDIM IVA;14;HOSPITAL GERAL HENRIQUE ALTIMEYER DE VILA ALPINA;VILA ALPINA;6550;6.55;634;10.57;ok;
36;HOSPITAL MUNICIPAL DR BENEDITO MONTENEGRO;JARDIM IVA;16;HOSPITAL GERAL DE SAO MATEUS SAO PAULO;SAO MATEUS;3520;3.52;435;7.26;ok;
36;HOSPITAL MUNICIPAL DR BENEDITO MONTENEGRO;JARDIM IVA;17;UNIDADE DE GESTAO ASSISTENCIAL II HOSPITAL IPIRANGA SP;IPIRANGA;10960;10.96;1052;17.54;ok;
36;HOSPITAL MUNICIPAL DR BENEDITO MONTENEGRO;JARDIM IVA;18;CONJUNTO HOSPITALAR DO MANDAQUI SAO PAULO;SANTANA;20310;20.31;2022;33.71;ok;
36;HOSPITAL MUNICIPAL DR BENEDITO MONTENEGRO;JARDIM IVA;19;HOSPITAL GERAL SANTA MARCELINA DE ITAIM PAULISTA SAO PAULO;ITAIM PAULISTA;21560;21.56;1989;33.16;ok;
36;HOSPITAL MUNICIPAL DR BENEDITO MONTENEGRO;JARDIM IVA;20;HOSP MUN PROF DR WALDOMIRO DE PAULA;ITAQUERA;11410;11.41;1124;18.75;ok;
36;HOSPITAL MUNICIPAL DR BENEDITO MONTENEGRO;JARDIM IVA;21;HOSPITAL GERAL DO GRAJAU PROF LIBER JOHN ALPHONSE DI DIO SP;PARQUE DAS NACOES;18900;18.9;1607;26.8;ok;
36;HOSPITAL MUNICIPAL DR BENEDITO MONTENEGRO;JARDIM IVA;22;HOSPITAL E MATERNIDADE LEONOR MENDES DE BARROS SAO PAULO;BELENZINHO;10840;10.84;1115;18.6;ok;
36;HOSPITAL MUNICIPAL DR BENEDITO MONTENEGRO;JARDIM IVA;23;CENTRO DE REFERENCIA E TREINAMENTO DST AIDS SAO PAULO;VILA MARIANA;15510;15.51;1605;26.77;ok;
36;HOSPITAL MUNICIPAL DR BENEDITO MONTENEGRO;JARDIM IVA;24;HOSPITAL MILITAR DE AREA DE SAO PAULO;CAMBUCI;13050;13.05;1254;20.91;ok;
36;HOSPITAL MUNICIPAL DR BENEDITO MONTENEGRO;JARDIM IVA;25;CENTRO DE REFERENCIA DA SAUDE DA MULHER;CAMPOS ELISEOS;17430;17.43;1695;28.26;ok;
36;HOSPITAL MUNICIPAL DR BENEDITO MONTENEGRO;JARDIM IVA;26;HOSP MUN INFANTIL MENINO JESUS;BELA VISTA;17560;17.56;1759;29.32;ok;
36;HOSPITAL MUNICIPAL DR BENEDITO MONTENEGRO;JARDIM IVA;28;HOSP MUN MAT ESC DR MARIO DE MORAES A SILVA;VILA NOVA CACHOEIRIN;26550;26.55;2196;36.61;ok;
36;HOSPITAL MUNICIPAL DR BENEDITO MONTENEGRO;JARDIM IVA;29;HOSPITAL GERAL JESUS TEIXEIRA DA COSTA GUAIANASES SAO PAULO;JARDIM SAO PAULO;15820;15.82;1505;25.1;ok;
36;HOSPITAL MUNICIPAL DR BENEDITO MONTENEGRO;JARDIM IVA;30;HOSP MUN DR CARMINO CARICCHIO;TATUAPE;10980;10.98;1122;18.71;ok;
36;HOSPITAL MUNICIPAL DR BENEDITO MONTENEGRO;JARDIM IVA;31;HOSP MUN TIDE SETUBAL;SAO MIGUEL PAULISTA;16040;16.04;1522;25.38;ok;
36;HOSPITAL MUNICIPAL DR BENEDITO MONTENEGRO;JARDIM IVA;32;HOSP MUN V NHOCUNE ALEXANDRE ZAIO;VILA NHOCUNE;8020;8.02;850;14.18;ok;
36;HOSPITAL MUNICIPAL DR BENEDITO MONTENEGRO;JARDIM IVA;33;HOSP MUN JABAQUARA ARTUR RIBEIRO DE SABOYA;JABAQUARA;20260;20.26;2064;34.41;ok;
36;HOSPITAL MUNICIPAL DR BENEDITO MONTENEGRO;JARDIM IVA;34;HOSPITAL KATIA DE SOUZA RODRIGUES TAIPASSP SAO PAULO;PARADA DE TAIPAS;32900;32.9;2585;43.09;ok;
36;HOSPITAL MUNICIPAL DR BENEDITO MONTENEGRO;JARDIM IVA;35;HOSP MUN PROFESSOR DOUTOR ALIPIO CORREA NETTO;VILA PARANAGUA;16390;16.39;1747;29.12;ok;
36;HOSPITAL MUNICIPAL DR BENEDITO MONTENEGRO;JARDIM IVA;36;HOSPITAL MUNICIPAL DR BENEDITO MONTENEGRO;JARDIM IVA;0;0.0;0;0.0;ok;
36;HOSPITAL MUNICIPAL DR BENEDITO MONTENEGRO;JARDIM IVA;37;HOSP MUN IGNACIO PROENCA DE GOUVEA;PARQUE DA MOOCA;9570;9.57;900;15.01;ok;
36;HOSPITAL MUNICIPAL DR BENEDITO MONTENEGRO;JARDIM IVA;38;HOSPITAL INFANTIL CANDIDO FONTOURA SAO PAULO;AGUA RASA;9280;9.28;1016;16.95;ok;
36;HOSPITAL MUNICIPAL DR BENEDITO MONTENEGRO;JARDIM IVA;40;HOSPITAL REGIONAL SUL SAO PAULO;SANTO AMARO;26770;26.77;2731;45.52;ok;
36;HOSPITAL MUNICIPAL DR BENEDITO MONTENEGRO;JARDIM IVA;42;HOSPITAL ESTADUAL DE SAPOPEMBA SAO PAULO;JARDIM SAPOPEMBA;5540;5.54;638;10.64;ok;
36;HOSPITAL MUNICIPAL DR BENEDITO MONTENEGRO;JARDIM IVA;43;HOSPITAL GERAL DE VILA PENTEADO DR JOSE PANGELLA SAO PAULO;JARDIM IRACEMA;26240;26.24;2047;34.13;ok;
36;HOSPITAL MUNICIPAL DR BENEDITO MONTENEGRO;JARDIM IVA;46;HOSP DO SERV PUB MUNICIPAL HSPM;LIBERDADE;16140;16.14;1586;26.44;ok;
36;HOSPITAL MUNICIPAL DR BENEDITO MONTENEGRO;JARDIM IVA;47;HOSP MUN FERNANDO MAURO PIRES DA ROCHA;CAMPO LIMPO;30610;30.61;2945;49.09;ok;
36;HOSPITAL MUNICIPAL DR BENEDITO MONTENEGRO;JARDIM IVA;48;CENTRO HOSPITALAR DO SISTEMA PENITENCIARIO SAO PAULO;CARANDIRU;16630;16.63;1601;26.7;ok;
36;HOSPITAL MUNICIPAL DR BENEDITO MONTENEGRO;JARDIM IVA;49;HOSP MUN VER JOSE STOROPOLLI;PARQUE NOVO MUNDO;12670;12.67;1236;20.61;ok;
36;HOSPITAL MUNICIPAL DR BENEDITO MONTENEGRO;JARDIM IVA;50;CENTRO MEDICO PMESP;TREMEMBE;21870;21.87;2175;36.26;ok;
36;HOSPITAL MUNICIPAL DR BENEDITO MONTENEGRO;JARDIM IVA;51;HOSP MUN CARMEN PRUDENTE;CIDADE TIRADENTES;13910;13.91;1385;23.08;ok;
36;HOSPITAL MUNICIPAL DR BENEDITO MONTENEGRO;JARDIM IVA;53;INSTITUTO DE REABILITACAO LUCY MONTORO;VILA ANDRADE;28430;28.43;2810;46.84;ok;
36;HOSPITAL MUNICIPAL DR BENEDITO MONTENEGRO;JARDIM IVA;55;INSTITUTO DO CANCER DO ESTADO DE SAO PAULO;CERQUEIRA CESAR;20860;20.86;2075;34.58;ok;
36;HOSPITAL MUNICIPAL DR BENEDITO MONTENEGRO;JARDIM IVA;56;HOSP MUN SOROCABANA;VILA ROMANA;25720;25.72;2159;35.98;ok;
36;HOSPITAL MUNICIPAL DR BENEDITO MONTENEGRO;JARDIM IVA;57;HOSP MUN GILSON DE CASSIA MARQUES DE CARVALHO;VILA MASCOTE;20930;20.93;2167;36.13;ok;
36;HOSPITAL MUNICIPAL DR BENEDITO MONTENEGRO;JARDIM IVA;58;HOSP MUN CAPELA DO SOCORRO;JARDIM DAS IMBUIAS;34510;34.51;3316;55.27;ok;
36;HOSPITAL MUNICIPAL DR BENEDITO MONTENEGRO;JARDIM IVA;59;HOSP MUN JOSANIAS CASTANHA BRAGA;JARDIM ROSCHEL;46900;46.9;4119;68.65;ok;
36;HOSPITAL MUNICIPAL DR BENEDITO MONTENEGRO;JARDIM IVA;233;HOSP MUN SOROCABANA;ALTO DE PINHEIROS;30660;30.66;2478;41.31;ok;
37;HOSP MUN IGNACIO PROENCA DE GOUVEA;PARQUE DA MOOCA;1;HOSPITAL MUNICIPAL SANTA DULCE DOS POBRES;CONSOLACAO;9850;9.85;1084;18.08;ok;
37;HOSP MUN IGNACIO PROENCA DE GOUVEA;PARQUE DA MOOCA;2;HOSPITAL MUNICIPAL BRASILANDIA;JARDIM MARISTELA;23570;23.57;1786;29.78;ok;
37;HOSP MUN IGNACIO PROENCA DE GOUVEA;PARQUE DA MOOCA;3;HOSPITAL MUNICIPAL GUARAPIRANGA;RIVIERA PAULISTA;27090;27.09;2706;45.12;ok;
37;HOSP MUN IGNACIO PROENCA DE GOUVEA;PARQUE DA MOOCA;4;INSTITUTO DE INFECTOLOGIA EMILIO RIBAS;SUMARE;12320;12.32;1357;22.62;ok;
37;HOSP MUN IGNACIO PROENCA DE GOUVEA;PARQUE DA MOOCA;5;HOSPITAL DO SERV PUB EST FCO MORATO DE OLIVEIRA SAO PAULO;IBIRAPUERA;9770;9.77;1100;18.33;ok;
37;HOSP MUN IGNACIO PROENCA DE GOUVEA;PARQUE DA MOOCA;6;HOSPITAL MATERNIDADE INTERLAGOS;JD LEBLON;22860;22.86;2363;39.39;ok;
37;HOSP MUN IGNACIO PROENCA DE GOUVEA;PARQUE DA MOOCA;7;HOSPITAL GERAL DE PEDREIRA;VILA CAMPO GRANDE;19980;19.98;2093;34.9;ok;
37;HOSP MUN IGNACIO PROENCA DE GOUVEA;PARQUE DA MOOCA;8;HOSPITAL HELIOPOLIS UNIDADE DE GESTAO ASSISTENCIAL I;V HELIOPOLIS;5470;5.47;545;9.09;ok;
37;HOSP MUN IGNACIO PROENCA DE GOUVEA;PARQUE DA MOOCA;10;HOSPITAL INFANTIL DARCY VARGAS UGA III SAO PAULO;JARDIM GUEDALA;17700;17.7;1828;30.47;ok;
37;HOSP MUN IGNACIO PROENCA DE GOUVEA;PARQUE DA MOOCA;11;HOSP MUN MATERNIDADE PROFESSOR MARIO DEGNI;VILA ANTONIO;23350;23.35;2214;36.91;ok;
37;HOSP MUN IGNACIO PROENCA DE GOUVEA;PARQUE DA MOOCA;12;HOSPITAL UNIVERSITARIO DA USP SAO PAULO;BUTANTA;30970;30.97;2148;35.81;ok;
37;HOSP MUN IGNACIO PROENCA DE GOUVEA;PARQUE DA MOOCA;13;CAISM PHILIPPE PINEL SAO PAULO;PIRITUBA;23770;23.77;1813;30.22;ok;
37;HOSP MUN IGNACIO PROENCA DE GOUVEA;PARQUE DA MOOCA;14;HOSPITAL GERAL HENRIQUE ALTIMEYER DE VILA ALPINA;VILA ALPINA;5090;5.09;503;8.4;ok;
37;HOSP MUN IGNACIO PROENCA DE GOUVEA;PARQUE DA MOOCA;16;HOSPITAL GERAL DE SAO MATEUS SAO PAULO;SAO MATEUS;13520;13.52;1377;22.96;ok;
37;HOSP MUN IGNACIO PROENCA DE GOUVEA;PARQUE DA MOOCA;17;UNIDADE DE GESTAO ASSISTENCIAL II HOSPITAL IPIRANGA SP;IPIRANGA;3500;3.5;361;6.02;ok;
37;HOSP MUN IGNACIO PROENCA DE GOUVEA;PARQUE DA MOOCA;18;CONJUNTO HOSPITALAR DO MANDAQUI SAO PAULO;SANTANA;13670;13.67;1483;24.73;ok;
37;HOSP MUN IGNACIO PROENCA DE GOUVEA;PARQUE DA MOOCA;19;HOSPITAL GERAL SANTA MARCELINA DE ITAIM PAULISTA SAO PAULO;ITAIM PAULISTA;33170;33.17;2089;34.82;ok;
37;HOSP MUN IGNACIO PROENCA DE GOUVEA;PARQUE DA MOOCA;20;HOSP MUN PROF DR WALDOMIRO DE PAULA;ITAQUERA;19530;19.53;1853;30.89;ok;
37;HOSP MUN IGNACIO PROENCA DE GOUVEA;PARQUE DA MOOCA;21;HOSPITAL GERAL DO GRAJAU PROF LIBER JOHN ALPHONSE DI DIO SP;PARQUE DAS NACOES;17250;17.25;1284;21.41;ok;
37;HOSP MUN IGNACIO PROENCA DE GOUVEA;PARQUE DA MOOCA;22;HOSPITAL E MATERNIDADE LEONOR MENDES DE BARROS SAO PAULO;BELENZINHO;5970;5.97;604;10.07;ok;
37;HOSP MUN IGNACIO PROENCA DE GOUVEA;PARQUE DA MOOCA;23;CENTRO DE REFERENCIA E TREINAMENTO DST AIDS SAO PAULO;VILA MARIANA;8050;8.05;914;15.25;ok;
37;HOSP MUN IGNACIO PROENCA DE GOUVEA;PARQUE DA MOOCA;24;HOSPITAL MILITAR DE AREA DE SAO PAULO;CAMBUCI;4059;4.06;453;7.55;ok;
37;HOSP MUN IGNACIO PROENCA DE GOUVEA;PARQUE DA MOOCA;25;CENTRO DE REFERENCIA DA SAUDE DA MULHER;CAMPOS ELISEOS;8670;8.67;902;15.04;ok;
37;HOSP MUN IGNACIO PROENCA DE GOUVEA;PARQUE DA MOOCA;26;HOSP MUN INFANTIL MENINO JESUS;BELA VISTA;8840;8.84;1008;16.81;ok;
37;HOSP MUN IGNACIO PROENCA DE GOUVEA;PARQUE DA MOOCA;28;HOSP MUN MAT ESC DR MARIO DE MORAES A SILVA;VILA NOVA CACHOEIRIN;21680;21.68;1690;28.18;ok;
37;HOSP MUN IGNACIO PROENCA DE GOUVEA;PARQUE DA MOOCA;29;HOSPITAL GERAL JESUS TEIXEIRA DA COSTA GUAIANASES SAO PAULO;JARDIM SAO PAULO;25480;25.48;2351;39.19;ok;
37;HOSP MUN IGNACIO PROENCA DE GOUVEA;PARQUE DA MOOCA;30;HOSP MUN DR CARMINO CARICCHIO;TATUAPE;7090;7.09;734;12.25;ok;
37;HOSP MUN IGNACIO PROENCA DE GOUVEA;PARQUE DA MOOCA;31;HOSP MUN TIDE SETUBAL;SAO MIGUEL PAULISTA;26570;26.57;1775;29.59;ok;
37;HOSP MUN IGNACIO PROENCA DE GOUVEA;PARQUE DA MOOCA;32;HOSP MUN V NHOCUNE ALEXANDRE ZAIO;VILA NHOCUNE;13940;13.94;1331;22.2;ok;
37;HOSP MUN IGNACIO PROENCA DE GOUVEA;PARQUE DA MOOCA;33;HOSP MUN JABAQUARA ARTUR RIBEIRO DE SABOYA;JABAQUARA;13700;13.7;1381;23.03;ok;
37;HOSP MUN IGNACIO PROENCA DE GOUVEA;PARQUE DA MOOCA;34;HOSPITAL KATIA DE SOUZA RODRIGUES TAIPASSP SAO PAULO;PARADA DE TAIPAS;28030;28.03;2079;34.66;ok;
37;HOSP MUN IGNACIO PROENCA DE GOUVEA;PARQUE DA MOOCA;35;HOSP MUN PROFESSOR DOUTOR ALIPIO CORREA NETTO;VILA PARANAGUA;19110;19.11;1822;30.38;ok;
37;HOSP MUN IGNACIO PROENCA DE GOUVEA;PARQUE DA MOOCA;36;HOSPITAL MUNICIPAL DR BENEDITO MONTENEGRO;JARDIM IVA;10090;10.09;1001;16.7;ok;
37;HOSP MUN IGNACIO PROENCA DE GOUVEA;PARQUE DA MOOCA;37;HOSP MUN IGNACIO PROENCA DE GOUVEA;PARQUE DA MOOCA;0;0.0;0;0.0;ok;
37;HOSP MUN IGNACIO PROENCA DE GOUVEA;PARQUE DA MOOCA;38;HOSPITAL INFANTIL CANDIDO FONTOURA SAO PAULO;AGUA RASA;4280;4.28;376;6.28;ok;
37;HOSP MUN IGNACIO PROENCA DE GOUVEA;PARQUE DA MOOCA;40;HOSPITAL REGIONAL SUL SAO PAULO;SANTO AMARO;18900;18.9;2046;34.1;ok;
37;HOSP MUN IGNACIO PROENCA DE GOUVEA;PARQUE DA MOOCA;42;HOSPITAL ESTADUAL DE SAPOPEMBA SAO PAULO;JARDIM SAPOPEMBA;13300;13.3;1290;21.5;ok;
37;HOSP MUN IGNACIO PROENCA DE GOUVEA;PARQUE DA MOOCA;43;HOSPITAL GERAL DE VILA PENTEADO DR JOSE PANGELLA SAO PAULO;JARDIM IRACEMA;21380;21.38;1542;25.7;ok;
37;HOSP MUN IGNACIO PROENCA DE GOUVEA;PARQUE DA MOOCA;46;HOSP DO SERV PUB MUNICIPAL HSPM;LIBERDADE;7740;7.74;833;13.89;ok;
37;HOSP MUN IGNACIO PROENCA DE GOUVEA;PARQUE DA MOOCA;47;HOSP MUN FERNANDO MAURO PIRES DA ROCHA;CAMPO LIMPO;23150;23.15;2253;37.57;ok;
37;HOSP MUN IGNACIO PROENCA DE GOUVEA;PARQUE DA MOOCA;48;CENTRO HOSPITALAR DO SISTEMA PENITENCIARIO SAO PAULO;CARANDIRU;9990;9.99;1063;17.72;ok;
37;HOSP MUN IGNACIO PROENCA DE GOUVEA;PARQUE DA MOOCA;49;HOSP MUN VER JOSE STOROPOLLI;PARQUE NOVO MUNDO;10840;10.84;1031;17.19;ok;
37;HOSP MUN IGNACIO PROENCA DE GOUVEA;PARQUE DA MOOCA;50;CENTRO MEDICO PMESP;TREMEMBE;15230;15.23;1636;27.28;ok;
37;HOSP MUN IGNACIO PROENCA DE GOUVEA;PARQUE DA MOOCA;51;HOSP MUN CARMEN PRUDENTE;CIDADE TIRADENTES;24690;24.69;2295;38.26;ok;
37;HOSP MUN IGNACIO PROENCA DE GOUVEA;PARQUE DA MOOCA;53;INSTITUTO DE REABILITACAO LUCY MONTORO;VILA ANDRADE;20970;20.97;2118;35.32;ok;
37;HOSP MUN IGNACIO PROENCA DE GOUVEA;PARQUE DA MOOCA;55;INSTITUTO DO CANCER DO ESTADO DE SAO PAULO;CERQUEIRA CESAR;12040;12.04;1341;22.36;ok;
37;HOSP MUN IGNACIO PROENCA DE GOUVEA;PARQUE DA MOOCA;56;HOSP MUN SOROCABANA;VILA ROMANA;15330;15.33;1621;27.03;ok;
37;HOSP MUN IGNACIO PROENCA DE GOUVEA;PARQUE DA MOOCA;57;HOSP MUN GILSON DE CASSIA MARQUES DE CARVALHO;VILA MASCOTE;14370;14.37;1484;24.74;ok;
37;HOSP MUN IGNACIO PROENCA DE GOUVEA;PARQUE DA MOOCA;58;HOSP MUN CAPELA DO SOCORRO;JARDIM DAS IMBUIAS;26320;26.32;2782;46.38;ok;
37;HOSP MUN IGNACIO PROENCA DE GOUVEA;PARQUE DA MOOCA;59;HOSP MUN JOSANIAS CASTANHA BRAGA;JARDIM ROSCHEL;39380;39.38;3652;60.87;ok;
37;HOSP MUN IGNACIO PROENCA DE GOUVEA;PARQUE DA MOOCA;233;HOSP MUN SOROCABANA;ALTO DE PINHEIROS;25800;25.8;1972;32.88;ok;
38;HOSPITAL INFANTIL CANDIDO FONTOURA SAO PAULO;AGUA RASA;1;HOSPITAL MUNICIPAL SANTA DULCE DOS POBRES;CONSOLACAO;9500;9.5;1095;18.26;ok;
38;HOSPITAL INFANTIL CANDIDO FONTOURA SAO PAULO;AGUA RASA;2;HOSPITAL MUNICIPAL BRASILANDIA;JARDIM MARISTELA;21320;21.32;1605;26.76;ok;
38;HOSPITAL INFANTIL CANDIDO FONTOURA SAO PAULO;AGUA RASA;3;HOSPITAL MUNICIPAL GUARAPIRANGA;RIVIERA PAULISTA;29880;29.88;2729;45.49;ok;
38;HOSPITAL INFANTIL CANDIDO FONTOURA SAO PAULO;AGUA RASA;4;INSTITUTO DE INFECTOLOGIA EMILIO RIBAS;SUMARE;12330;12.33;1327;22.13;ok;
38;HOSPITAL INFANTIL CANDIDO FONTOURA SAO PAULO;AGUA RASA;5;HOSPITAL DO SERV PUB EST FCO MORATO DE OLIVEIRA SAO PAULO;IBIRAPUERA;12230;12.23;1229;20.48;ok;
38;HOSPITAL INFANTIL CANDIDO FONTOURA SAO PAULO;AGUA RASA;6;HOSPITAL MATERNIDADE INTERLAGOS;JD LEBLON;27460;27.46;2672;44.54;ok;
38;HOSPITAL INFANTIL CANDIDO FONTOURA SAO PAULO;AGUA RASA;7;HOSPITAL GERAL DE PEDREIRA;VILA CAMPO GRANDE;23970;23.97;2405;40.09;ok;
38;HOSPITAL INFANTIL CANDIDO FONTOURA SAO PAULO;AGUA RASA;8;HOSPITAL HELIOPOLIS UNIDADE DE GESTAO ASSISTENCIAL I;V HELIOPOLIS;8280;8.28;881;14.69;ok;
38;HOSPITAL INFANTIL CANDIDO FONTOURA SAO PAULO;AGUA RASA;10;HOSPITAL INFANTIL DARCY VARGAS UGA III SAO PAULO;JARDIM GUEDALA;17710;17.71;1798;29.98;ok;
38;HOSPITAL INFANTIL CANDIDO FONTOURA SAO PAULO;AGUA RASA;11;HOSP MUN MATERNIDADE PROFESSOR MARIO DEGNI;VILA ANTONIO;30640;30.64;2067;34.46;ok;
38;HOSPITAL INFANTIL CANDIDO FONTOURA SAO PAULO;AGUA RASA;12;HOSPITAL UNIVERSITARIO DA USP SAO PAULO;BUTANTA;28710;28.71;1967;32.79;ok;
38;HOSPITAL INFANTIL CANDIDO FONTOURA SAO PAULO;AGUA RASA;13;CAISM PHILIPPE PINEL SAO PAULO;PIRITUBA;21510;21.51;1632;27.2;ok;
38;HOSPITAL INFANTIL CANDIDO FONTOURA SAO PAULO;AGUA RASA;14;HOSPITAL GERAL HENRIQUE ALTIMEYER DE VILA ALPINA;VILA ALPINA;6630;6.63;628;10.47;ok;
38;HOSPITAL INFANTIL CANDIDO FONTOURA SAO PAULO;AGUA RASA;16;HOSPITAL GERAL DE SAO MATEUS SAO PAULO;SAO MATEUS;12590;12.59;1270;21.17;ok;
38;HOSPITAL INFANTIL CANDIDO FONTOURA SAO PAULO;AGUA RASA;17;UNIDADE DE GESTAO ASSISTENCIAL II HOSPITAL IPIRANGA SP;IPIRANGA;6300;6.3;697;11.62;ok;
38;HOSPITAL INFANTIL CANDIDO FONTOURA SAO PAULO;AGUA RASA;18;CONJUNTO HOSPITALAR DO MANDAQUI SAO PAULO;SANTANA;13190;13.19;1335;22.27;ok;
38;HOSPITAL INFANTIL CANDIDO FONTOURA SAO PAULO;AGUA RASA;19;HOSPITAL GERAL SANTA MARCELINA DE ITAIM PAULISTA SAO PAULO;ITAIM PAULISTA;30910;30.91;1908;31.8;ok;
38;HOSPITAL INFANTIL CANDIDO FONTOURA SAO PAULO;AGUA RASA;20;HOSP MUN PROF DR WALDOMIRO DE PAULA;ITAQUERA;17130;17.13;1674;27.91;ok;
38;HOSPITAL INFANTIL CANDIDO FONTOURA SAO PAULO;AGUA RASA;21;HOSPITAL GERAL DO GRAJAU PROF LIBER JOHN ALPHONSE DI DIO SP;PARQUE DAS NACOES;20060;20.06;1620;27.01;ok;
38;HOSPITAL INFANTIL CANDIDO FONTOURA SAO PAULO;AGUA RASA;22;HOSPITAL E MATERNIDADE LEONOR MENDES DE BARROS SAO PAULO;BELENZINHO;3030;3.03;407;6.79;ok;
38;HOSPITAL INFANTIL CANDIDO FONTOURA SAO PAULO;AGUA RASA;23;CENTRO DE REFERENCIA E TREINAMENTO DST AIDS SAO PAULO;VILA MARIANA;10850;10.85;1250;20.84;ok;
38;HOSPITAL INFANTIL CANDIDO FONTOURA SAO PAULO;AGUA RASA;24;HOSPITAL MILITAR DE AREA DE SAO PAULO;CAMBUCI;5530;5.53;687;11.46;ok;
38;HOSPITAL INFANTIL CANDIDO FONTOURA SAO PAULO;AGUA RASA;25;CENTRO DE REFERENCIA DA SAUDE DA MULHER;CAMPOS ELISEOS;8610;8.61;932;15.54;ok;
38;HOSPITAL INFANTIL CANDIDO FONTOURA SAO PAULO;AGUA RASA;26;HOSP MUN INFANTIL MENINO JESUS;BELA VISTA;8740;8.74;996;16.61;ok;
38;HOSPITAL INFANTIL CANDIDO FONTOURA SAO PAULO;AGUA RASA;28;HOSP MUN MAT ESC DR MARIO DE MORAES A SILVA;VILA NOVA CACHOEIRIN;19430;19.43;1509;25.16;ok;
38;HOSPITAL INFANTIL CANDIDO FONTOURA SAO PAULO;AGUA RASA;29;HOSPITAL GERAL JESUS TEIXEIRA DA COSTA GUAIANASES SAO PAULO;JARDIM SAO PAULO;23470;23.47;2183;36.38;ok;
38;HOSPITAL INFANTIL CANDIDO FONTOURA SAO PAULO;AGUA RASA;30;HOSP MUN DR CARMINO CARICCHIO;TATUAPE;4830;4.83;547;9.13;ok;
38;HOSPITAL INFANTIL CANDIDO FONTOURA SAO PAULO;AGUA RASA;31;HOSP MUN TIDE SETUBAL;SAO MIGUEL PAULISTA;24320;24.32;1594;26.57;ok;
38;HOSPITAL INFANTIL CANDIDO FONTOURA SAO PAULO;AGUA RASA;32;HOSP MUN V NHOCUNE ALEXANDRE ZAIO;VILA NHOCUNE;11540;11.54;1153;19.22;ok;
38;HOSPITAL INFANTIL CANDIDO FONTOURA SAO PAULO;AGUA RASA;33;HOSP MUN JABAQUARA ARTUR RIBEIRO DE SABOYA;JABAQUARA;16510;16.51;1717;28.62;ok;
38;HOSPITAL INFANTIL CANDIDO FONTOURA SAO PAULO;AGUA RASA;34;HOSPITAL KATIA DE SOUZA RODRIGUES TAIPASSP SAO PAULO;PARADA DE TAIPAS;25780;25.78;1898;31.64;ok;
38;HOSPITAL INFANTIL CANDIDO FONTOURA SAO PAULO;AGUA RASA;35;HOSP MUN PROFESSOR DOUTOR ALIPIO CORREA NETTO;VILA PARANAGUA;16860;16.86;1641;27.36;ok;
38;HOSPITAL INFANTIL CANDIDO FONTOURA SAO PAULO;AGUA RASA;36;HOSPITAL MUNICIPAL DR BENEDITO MONTENEGRO;JARDIM IVA;9150;9.15;1000;16.67;ok;
38;HOSPITAL INFANTIL CANDIDO FONTOURA SAO PAULO;AGUA RASA;37;HOSP MUN IGNACIO PROENCA DE GOUVEA;PARQUE DA MOOCA;3240;3.24;342;5.7;ok;
38;HOSPITAL INFANTIL CANDIDO FONTOURA SAO PAULO;AGUA RASA;38;HOSPITAL INFANTIL CANDIDO FONTOURA SAO PAULO;AGUA RASA;0;0.0;0;0.0;ok;
38;HOSPITAL INFANTIL CANDIDO FONTOURA SAO PAULO;AGUA RASA;40;HOSPITAL REGIONAL SUL SAO PAULO;SANTO AMARO;21350;21.35;2175;36.25;ok;
38;HOSPITAL INFANTIL CANDIDO FONTOURA SAO PAULO;AGUA RASA;42;HOSPITAL ESTADUAL DE SAPOPEMBA SAO PAULO;JARDIM SAPOPEMBA;14380;14.38;1332;22.21;ok;
38;HOSPITAL INFANTIL CANDIDO FONTOURA SAO PAULO;AGUA RASA;43;HOSPITAL GERAL DE VILA PENTEADO DR JOSE PANGELLA SAO PAULO;JARDIM IRACEMA;19120;19.12;1361;22.68;ok;
38;HOSPITAL INFANTIL CANDIDO FONTOURA SAO PAULO;AGUA RASA;46;HOSP DO SERV PUB MUNICIPAL HSPM;LIBERDADE;7320;7.32;823;13.72;ok;
38;HOSPITAL INFANTIL CANDIDO FONTOURA SAO PAULO;AGUA RASA;47;HOSP MUN FERNANDO MAURO PIRES DA ROCHA;CAMPO LIMPO;24860;24.86;2274;37.91;ok;
38;HOSPITAL INFANTIL CANDIDO FONTOURA SAO PAULO;AGUA RASA;48;CENTRO HOSPITALAR DO SISTEMA PENITENCIARIO SAO PAULO;CARANDIRU;9510;9.51;915;15.25;ok;
38;HOSPITAL INFANTIL CANDIDO FONTOURA SAO PAULO;AGUA RASA;49;HOSP MUN VER JOSE STOROPOLLI;PARQUE NOVO MUNDO;8580;8.58;850;14.18;ok;
38;HOSPITAL INFANTIL CANDIDO FONTOURA SAO PAULO;AGUA RASA;50;CENTRO MEDICO PMESP;TREMEMBE;14750;14.75;1489;24.82;ok;
38;HOSPITAL INFANTIL CANDIDO FONTOURA SAO PAULO;AGUA RASA;51;HOSP MUN CARMEN PRUDENTE;CIDADE TIRADENTES;22670;22.67;2170;36.18;ok;
38;HOSPITAL INFANTIL CANDIDO FONTOURA SAO PAULO;AGUA RASA;53;INSTITUTO DE REABILITACAO LUCY MONTORO;VILA ANDRADE;22680;22.68;2139;35.66;ok;
38;HOSPITAL INFANTIL CANDIDO FONTOURA SAO PAULO;AGUA RASA;55;INSTITUTO DO CANCER DO ESTADO DE SAO PAULO;CERQUEIRA CESAR;12040;12.04;1311;21.87;ok;
38;HOSPITAL INFANTIL CANDIDO FONTOURA SAO PAULO;AGUA RASA;56;HOSP MUN SOROCABANA;VILA ROMANA;18600;18.6;1472;24.54;ok;
38;HOSPITAL INFANTIL CANDIDO FONTOURA SAO PAULO;AGUA RASA;57;HOSP MUN GILSON DE CASSIA MARQUES DE CARVALHO;VILA MASCOTE;17180;17.18;1820;30.34;ok;
38;HOSPITAL INFANTIL CANDIDO FONTOURA SAO PAULO;AGUA RASA;58;HOSP MUN CAPELA DO SOCORRO;JARDIM DAS IMBUIAS;30910;30.91;3091;51.52;ok;
38;HOSPITAL INFANTIL CANDIDO FONTOURA SAO PAULO;AGUA RASA;59;HOSP MUN JOSANIAS CASTANHA BRAGA;JARDIM ROSCHEL;43980;43.98;3960;66.01;ok;
38;HOSPITAL INFANTIL CANDIDO FONTOURA SAO PAULO;AGUA RASA;233;HOSP MUN SOROCABANA;ALTO DE PINHEIROS;23540;23.54;1791;29.86;ok;
40;HOSPITAL REGIONAL SUL SAO PAULO;SANTO AMARO;1;HOSPITAL MUNICIPAL SANTA DULCE DOS POBRES;CONSOLACAO;16340;16.34;1414;23.58;ok;
40;HOSPITAL REGIONAL SUL SAO PAULO;SANTO AMARO;2;HOSPITAL MUNICIPAL BRASILANDIA;JARDIM MARISTELA;30760;30.76;2016;33.61;ok;
40;HOSPITAL REGIONAL SUL SAO PAULO;SANTO AMARO;3;HOSPITAL MUNICIPAL GUARAPIRANGA;RIVIERA PAULISTA;8590;8.59;914;15.24;ok;
40;HOSPITAL REGIONAL SUL SAO PAULO;SANTO AMARO;4;INSTITUTO DE INFECTOLOGIA EMILIO RIBAS;SUMARE;18450;18.45;1483;24.72;ok;
40;HOSPITAL REGIONAL SUL SAO PAULO;SANTO AMARO;5;HOSPITAL DO SERV PUB EST FCO MORATO DE OLIVEIRA SAO PAULO;IBIRAPUERA;9250;9.25;976;16.27;ok;
40;HOSPITAL REGIONAL SUL SAO PAULO;SANTO AMARO;6;HOSPITAL MATERNIDADE INTERLAGOS;JD LEBLON;7320;7.32;908;15.14;ok;
40;HOSPITAL REGIONAL SUL SAO PAULO;SANTO AMARO;7;HOSPITAL GERAL DE PEDREIRA;VILA CAMPO GRANDE;5120;5.12;707;11.79;ok;
40;HOSPITAL REGIONAL SUL SAO PAULO;SANTO AMARO;8;HOSPITAL HELIOPOLIS UNIDADE DE GESTAO ASSISTENCIAL I;V HELIOPOLIS;17330;17.33;1734;28.9;ok;
40;HOSPITAL REGIONAL SUL SAO PAULO;SANTO AMARO;10;HOSPITAL INFANTIL DARCY VARGAS UGA III SAO PAULO;JARDIM GUEDALA;10670;10.67;1239;20.66;ok;
40;HOSPITAL REGIONAL SUL SAO PAULO;SANTO AMARO;11;HOSP MUN MATERNIDADE PROFESSOR MARIO DEGNI;VILA ANTONIO;22340;22.34;1591;26.53;ok;
40;HOSPITAL REGIONAL SUL SAO PAULO;SANTO AMARO;12;HOSPITAL UNIVERSITARIO DA USP SAO PAULO;BUTANTA;20370;20.37;1682;28.05;ok;
40;HOSPITAL REGIONAL SUL SAO PAULO;SANTO AMARO;13;CAISM PHILIPPE PINEL SAO PAULO;PIRITUBA;30950;30.95;2043;34.05;ok;
40;HOSPITAL REGIONAL SUL SAO PAULO;SANTO AMARO;14;HOSPITAL GERAL HENRIQUE ALTIMEYER DE VILA ALPINA;VILA ALPINA;20610;20.61;2180;36.34;ok;
40;HOSPITAL REGIONAL SUL SAO PAULO;SANTO AMARO;16;HOSPITAL GERAL DE SAO MATEUS SAO PAULO;SAO MATEUS;29810;29.81;3101;51.68;ok;
40;HOSPITAL REGIONAL SUL SAO PAULO;SANTO AMARO;17;UNIDADE DE GESTAO ASSISTENCIAL II HOSPITAL IPIRANGA SP;IPIRANGA;15230;15.23;1642;27.38;ok;
40;HOSPITAL REGIONAL SUL SAO PAULO;SANTO AMARO;18;CONJUNTO HOSPITALAR DO MANDAQUI SAO PAULO;SANTANA;38060;38.06;2457;40.96;ok;
40;HOSPITAL REGIONAL SUL SAO PAULO;SANTO AMARO;19;HOSPITAL GERAL SANTA MARCELINA DE ITAIM PAULISTA SAO PAULO;ITAIM PAULISTA;66060;66.06;3526;58.77;ok;
40;HOSPITAL REGIONAL SUL SAO PAULO;SANTO AMARO;20;HOSP MUN PROF DR WALDOMIRO DE PAULA;ITAQUERA;63290;63.29;3468;57.81;ok;
40;HOSPITAL REGIONAL SUL SAO PAULO;SANTO AMARO;21;HOSPITAL GERAL DO GRAJAU PROF LIBER JOHN ALPHONSE DI DIO SP;PARQUE DAS NACOES;16640;16.64;1767;29.46;ok;
40;HOSPITAL REGIONAL SUL SAO PAULO;SANTO AMARO;22;HOSPITAL E MATERNIDADE LEONOR MENDES DE BARROS SAO PAULO;BELENZINHO;21590;21.59;2202;36.72;ok;
40;HOSPITAL REGIONAL SUL SAO PAULO;SANTO AMARO;23;CENTRO DE REFERENCIA E TREINAMENTO DST AIDS SAO PAULO;VILA MARIANA;11100;11.1;1180;19.68;ok;
40;HOSPITAL REGIONAL SUL SAO PAULO;SANTO AMARO;24;HOSPITAL MILITAR DE AREA DE SAO PAULO;CAMBUCI;15620;15.62;1698;28.3;ok;
40;HOSPITAL REGIONAL SUL SAO PAULO;SANTO AMARO;25;CENTRO DE REFERENCIA DA SAUDE DA MULHER;CAMPOS ELISEOS;20800;20.8;1789;29.83;ok;
40;HOSPITAL REGIONAL SUL SAO PAULO;SANTO AMARO;26;HOSP MUN INFANTIL MENINO JESUS;BELA VISTA;13670;13.67;1514;25.24;ok;
40;HOSPITAL REGIONAL SUL SAO PAULO;SANTO AMARO;28;HOSP MUN MAT ESC DR MARIO DE MORAES A SILVA;VILA NOVA CACHOEIRIN;32140;32.14;2116;35.27;ok;
40;HOSPITAL REGIONAL SUL SAO PAULO;SANTO AMARO;29;HOSPITAL GERAL JESUS TEIXEIRA DA COSTA GUAIANASES SAO PAULO;JARDIM SAO PAULO;71240;71.24;4047;67.45;ok;
40;HOSPITAL REGIONAL SUL SAO PAULO;SANTO AMARO;30;HOSP MUN DR CARMINO CARICCHIO;TATUAPE;41250;41.25;2405;40.1;ok;
40;HOSPITAL REGIONAL SUL SAO PAULO;SANTO AMARO;31;HOSP MUN TIDE SETUBAL;SAO MIGUEL PAULISTA;59470;59.47;3212;53.54;ok;
40;HOSPITAL REGIONAL SUL SAO PAULO;SANTO AMARO;32;HOSP MUN V NHOCUNE ALEXANDRE ZAIO;VILA NHOCUNE;30220;30.22;3011;50.2;ok;
40;HOSPITAL REGIONAL SUL SAO PAULO;SANTO AMARO;33;HOSP MUN JABAQUARA ARTUR RIBEIRO DE SABOYA;JABAQUARA;8960;8.96;985;16.43;ok;
40;HOSPITAL REGIONAL SUL SAO PAULO;SANTO AMARO;34;HOSPITAL KATIA DE SOUZA RODRIGUES TAIPASSP SAO PAULO;PARADA DE TAIPAS;35220;35.22;2309;38.49;ok;
40;HOSPITAL REGIONAL SUL SAO PAULO;SANTO AMARO;35;HOSP MUN PROFESSOR DOUTOR ALIPIO CORREA NETTO;VILA PARANAGUA;52010;52.01;3259;54.33;ok;
40;HOSPITAL REGIONAL SUL SAO PAULO;SANTO AMARO;36;HOSPITAL MUNICIPAL DR BENEDITO MONTENEGRO;JARDIM IVA;26380;26.38;2725;45.42;ok;
40;HOSPITAL REGIONAL SUL SAO PAULO;SANTO AMARO;37;HOSP MUN IGNACIO PROENCA DE GOUVEA;PARQUE DA MOOCA;19080;19.08;1991;33.2;ok;
40;HOSPITAL REGIONAL SUL SAO PAULO;SANTO AMARO;38;HOSPITAL INFANTIL CANDIDO FONTOURA SAO PAULO;AGUA RASA;20580;20.58;2093;34.9;ok;
40;HOSPITAL REGIONAL SUL SAO PAULO;SANTO AMARO;40;HOSPITAL REGIONAL SUL SAO PAULO;SANTO AMARO;0;0.0;0;0.0;ok;
40;HOSPITAL REGIONAL SUL SAO PAULO;SANTO AMARO;42;HOSPITAL ESTADUAL DE SAPOPEMBA SAO PAULO;JARDIM SAPOPEMBA;28640;28.64;2888;48.14;ok;
40;HOSPITAL REGIONAL SUL SAO PAULO;SANTO AMARO;43;HOSPITAL GERAL DE VILA PENTEADO DR JOSE PANGELLA SAO PAULO;JARDIM IRACEMA;28560;28.56;1772;29.53;ok;
40;HOSPITAL REGIONAL SUL SAO PAULO;SANTO AMARO;46;HOSP DO SERV PUB MUNICIPAL HSPM;LIBERDADE;14410;14.41;1561;26.03;ok;
40;HOSPITAL REGIONAL SUL SAO PAULO;SANTO AMARO;47;HOSP MUN FERNANDO MAURO PIRES DA ROCHA;CAMPO LIMPO;6880;6.88;745;12.42;ok;
40;HOSPITAL REGIONAL SUL SAO PAULO;SANTO AMARO;48;CENTRO HOSPITALAR DO SISTEMA PENITENCIARIO SAO PAULO;CARANDIRU;20950;20.95;2188;36.48;ok;
40;HOSPITAL REGIONAL SUL SAO PAULO;SANTO AMARO;49;HOSP MUN VER JOSE STOROPOLLI;PARQUE NOVO MUNDO;43730;43.73;2468;41.14;ok;
40;HOSPITAL REGIONAL SUL SAO PAULO;SANTO AMARO;50;CENTRO MEDICO PMESP;TREMEMBE;25990;25.99;2752;45.87;ok;
40;HOSPITAL REGIONAL SUL SAO PAULO;SANTO AMARO;51;HOSP MUN CARMEN PRUDENTE;CIDADE TIRADENTES;40000;40.0;3893;64.9;ok;
40;HOSPITAL REGIONAL SUL SAO PAULO;SANTO AMARO;53;INSTITUTO DE REABILITACAO LUCY MONTORO;VILA ANDRADE;6550;6.55;740;12.34;ok;
40;HOSPITAL REGIONAL SUL SAO PAULO;SANTO AMARO;55;INSTITUTO DO CANCER DO ESTADO DE SAO PAULO;CERQUEIRA CESAR;17630;17.63;1410;23.51;ok;
40;HOSPITAL REGIONAL SUL SAO PAULO;SANTO AMARO;56;HOSP MUN SOROCABANA;VILA ROMANA;19870;19.87;1598;26.65;ok;
40;HOSPITAL REGIONAL SUL SAO PAULO;SANTO AMARO;57;HOSP MUN GILSON DE CASSIA MARQUES DE CARVALHO;VILA MASCOTE;6600;6.6;749;12.5;ok;
40;HOSPITAL REGIONAL SUL SAO PAULO;SANTO AMARO;58;HOSP MUN CAPELA DO SOCORRO;JARDIM DAS IMBUIAS;10240;10.24;1217;20.29;ok;
40;HOSPITAL REGIONAL SUL SAO PAULO;SANTO AMARO;59;HOSP MUN JOSANIAS CASTANHA BRAGA;JARDIM ROSCHEL;23590;23.59;2118;35.31;ok;
40;HOSPITAL REGIONAL SUL SAO PAULO;SANTO AMARO;233;HOSP MUN SOROCABANA;ALTO DE PINHEIROS;19240;19.24;1345;22.43;ok;
42;HOSPITAL ESTADUAL DE SAPOPEMBA SAO PAULO;JARDIM SAPOPEMBA;1;HOSPITAL MUNICIPAL SANTA DULCE DOS POBRES;CONSOLACAO;20840;20.84;2170;36.17;ok;
42;HOSPITAL ESTADUAL DE SAPOPEMBA SAO PAULO;JARDIM SAPOPEMBA;2;HOSPITAL MUNICIPAL BRASILANDIA;JARDIM MARISTELA;34640;34.64;2651;44.19;ok;
42;HOSPITAL ESTADUAL DE SAPOPEMBA SAO PAULO;JARDIM SAPOPEMBA;3;HOSPITAL MUNICIPAL GUARAPIRANGA;RIVIERA PAULISTA;36390;36.39;3460;57.68;ok;
42;HOSPITAL ESTADUAL DE SAPOPEMBA SAO PAULO;JARDIM SAPOPEMBA;4;INSTITUTO DE INFECTOLOGIA EMILIO RIBAS;SUMARE;24680;24.68;2485;41.42;ok;
42;HOSPITAL ESTADUAL DE SAPOPEMBA SAO PAULO;JARDIM SAPOPEMBA;5;HOSPITAL DO SERV PUB EST FCO MORATO DE OLIVEIRA SAO PAULO;IBIRAPUERA;20760;20.76;2185;36.43;ok;
42;HOSPITAL ESTADUAL DE SAPOPEMBA SAO PAULO;JARDIM SAPOPEMBA;6;HOSPITAL MATERNIDADE INTERLAGOS;JD LEBLON;30690;30.69;2937;48.95;ok;
42;HOSPITAL ESTADUAL DE SAPOPEMBA SAO PAULO;JARDIM SAPOPEMBA;7;HOSPITAL GERAL DE PEDREIRA;VILA CAMPO GRANDE;26370;26.37;2536;42.28;ok;
42;HOSPITAL ESTADUAL DE SAPOPEMBA SAO PAULO;JARDIM SAPOPEMBA;8;HOSPITAL HELIOPOLIS UNIDADE DE GESTAO ASSISTENCIAL I;V HELIOPOLIS;14000;14.0;1430;23.85;ok;
42;HOSPITAL ESTADUAL DE SAPOPEMBA SAO PAULO;JARDIM SAPOPEMBA;10;HOSPITAL INFANTIL DARCY VARGAS UGA III SAO PAULO;JARDIM GUEDALA;27700;27.7;2953;49.23;ok;
42;HOSPITAL ESTADUAL DE SAPOPEMBA SAO PAULO;JARDIM SAPOPEMBA;11;HOSP MUN MATERNIDADE PROFESSOR MARIO DEGNI;VILA ANTONIO;43960;43.96;3113;51.89;ok;
42;HOSPITAL ESTADUAL DE SAPOPEMBA SAO PAULO;JARDIM SAPOPEMBA;12;HOSPITAL UNIVERSITARIO DA USP SAO PAULO;BUTANTA;42030;42.03;3013;50.23;ok;
42;HOSPITAL ESTADUAL DE SAPOPEMBA SAO PAULO;JARDIM SAPOPEMBA;13;CAISM PHILIPPE PINEL SAO PAULO;PIRITUBA;34840;34.84;2678;44.64;ok;
42;HOSPITAL ESTADUAL DE SAPOPEMBA SAO PAULO;JARDIM SAPOPEMBA;14;HOSPITAL GERAL HENRIQUE ALTIMEYER DE VILA ALPINA;VILA ALPINA;9040;9.04;974;16.24;ok;
42;HOSPITAL ESTADUAL DE SAPOPEMBA SAO PAULO;JARDIM SAPOPEMBA;16;HOSPITAL GERAL DE SAO MATEUS SAO PAULO;SAO MATEUS;2810;2.81;367;6.13;ok;
42;HOSPITAL ESTADUAL DE SAPOPEMBA SAO PAULO;JARDIM SAPOPEMBA;17;UNIDADE DE GESTAO ASSISTENCIAL II HOSPITAL IPIRANGA SP;IPIRANGA;14480;14.48;1446;24.11;ok;
42;HOSPITAL ESTADUAL DE SAPOPEMBA SAO PAULO;JARDIM SAPOPEMBA;18;CONJUNTO HOSPITALAR DO MANDAQUI SAO PAULO;SANTANA;26530;26.53;2411;40.19;ok;
42;HOSPITAL ESTADUAL DE SAPOPEMBA SAO PAULO;JARDIM SAPOPEMBA;19;HOSPITAL GERAL SANTA MARCELINA DE ITAIM PAULISTA SAO PAULO;ITAIM PAULISTA;22040;22.04;1995;33.25;ok;
42;HOSPITAL ESTADUAL DE SAPOPEMBA SAO PAULO;JARDIM SAPOPEMBA;20;HOSP MUN PROF DR WALDOMIRO DE PAULA;ITAQUERA;11900;11.9;1130;18.84;ok;
42;HOSPITAL ESTADUAL DE SAPOPEMBA SAO PAULO;JARDIM SAPOPEMBA;21;HOSPITAL GERAL DO GRAJAU PROF LIBER JOHN ALPHONSE DI DIO SP;PARQUE DAS NACOES;17060;17.06;1483;24.72;ok;
42;HOSPITAL ESTADUAL DE SAPOPEMBA SAO PAULO;JARDIM SAPOPEMBA;22;HOSPITAL E MATERNIDADE LEONOR MENDES DE BARROS SAO PAULO;BELENZINHO;15850;15.85;1545;25.75;ok;
42;HOSPITAL ESTADUAL DE SAPOPEMBA SAO PAULO;JARDIM SAPOPEMBA;23;CENTRO DE REFERENCIA E TREINAMENTO DST AIDS SAO PAULO;VILA MARIANA;19030;19.03;2000;33.34;ok;
42;HOSPITAL ESTADUAL DE SAPOPEMBA SAO PAULO;JARDIM SAPOPEMBA;24;HOSPITAL MILITAR DE AREA DE SAO PAULO;CAMBUCI;16580;16.58;1648;27.48;ok;
42;HOSPITAL ESTADUAL DE SAPOPEMBA SAO PAULO;JARDIM SAPOPEMBA;25;CENTRO DE REFERENCIA DA SAUDE DA MULHER;CAMPOS ELISEOS;20960;20.96;2089;34.83;ok;
42;HOSPITAL ESTADUAL DE SAPOPEMBA SAO PAULO;JARDIM SAPOPEMBA;26;HOSP MUN INFANTIL MENINO JESUS;BELA VISTA;21080;21.08;2153;35.9;ok;
42;HOSPITAL ESTADUAL DE SAPOPEMBA SAO PAULO;JARDIM SAPOPEMBA;28;HOSP MUN MAT ESC DR MARIO DE MORAES A SILVA;VILA NOVA CACHOEIRIN;32750;32.75;2555;42.6;ok;
42;HOSPITAL ESTADUAL DE SAPOPEMBA SAO PAULO;JARDIM SAPOPEMBA;29;HOSPITAL GERAL JESUS TEIXEIRA DA COSTA GUAIANASES SAO PAULO;JARDIM SAO PAULO;15620;15.62;1505;25.09;ok;
42;HOSPITAL ESTADUAL DE SAPOPEMBA SAO PAULO;JARDIM SAPOPEMBA;30;HOSP MUN DR CARMINO CARICCHIO;TATUAPE;14510;14.51;1416;23.61;ok;
42;HOSPITAL ESTADUAL DE SAPOPEMBA SAO PAULO;JARDIM SAPOPEMBA;31;HOSP MUN TIDE SETUBAL;SAO MIGUEL PAULISTA;16520;16.52;1527;25.46;ok;
42;HOSPITAL ESTADUAL DE SAPOPEMBA SAO PAULO;JARDIM SAPOPEMBA;32;HOSP MUN V NHOCUNE ALEXANDRE ZAIO;VILA NHOCUNE;10980;10.98;1121;18.7;ok;
42;HOSPITAL ESTADUAL DE SAPOPEMBA SAO PAULO;JARDIM SAPOPEMBA;33;HOSP MUN JABAQUARA ARTUR RIBEIRO DE SABOYA;JABAQUARA;23540;23.54;2047;34.13;ok;
42;HOSPITAL ESTADUAL DE SAPOPEMBA SAO PAULO;JARDIM SAPOPEMBA;34;HOSPITAL KATIA DE SOUZA RODRIGUES TAIPASSP SAO PAULO;PARADA DE TAIPAS;39100;39.1;2944;49.07;ok;
42;HOSPITAL ESTADUAL DE SAPOPEMBA SAO PAULO;JARDIM SAPOPEMBA;35;HOSP MUN PROFESSOR DOUTOR ALIPIO CORREA NETTO;VILA PARANAGUA;16440;16.44;1757;29.29;ok;
42;HOSPITAL ESTADUAL DE SAPOPEMBA SAO PAULO;JARDIM SAPOPEMBA;36;HOSPITAL MUNICIPAL DR BENEDITO MONTENEGRO;JARDIM IVA;5490;5.49;581;9.69;ok;
42;HOSPITAL ESTADUAL DE SAPOPEMBA SAO PAULO;JARDIM SAPOPEMBA;37;HOSP MUN IGNACIO PROENCA DE GOUVEA;PARQUE DA MOOCA;13090;13.09;1295;21.59;ok;
42;HOSPITAL ESTADUAL DE SAPOPEMBA SAO PAULO;JARDIM SAPOPEMBA;38;HOSPITAL INFANTIL CANDIDO FONTOURA SAO PAULO;AGUA RASA;14220;14.22;1433;23.89;ok;
42;HOSPITAL ESTADUAL DE SAPOPEMBA SAO PAULO;JARDIM SAPOPEMBA;40;HOSPITAL REGIONAL SUL SAO PAULO;SANTO AMARO;29500;29.5;2802;46.7;ok;
42;HOSPITAL ESTADUAL DE SAPOPEMBA SAO PAULO;JARDIM SAPOPEMBA;42;HOSPITAL ESTADUAL DE SAPOPEMBA SAO PAULO;JARDIM SAPOPEMBA;0;0.0;0;0.0;ok;
42;HOSPITAL ESTADUAL DE SAPOPEMBA SAO PAULO;JARDIM SAPOPEMBA;43;HOSPITAL GERAL DE VILA PENTEADO DR JOSE PANGELLA SAO PAULO;JARDIM IRACEMA;32439;32.44;2406;40.12;ok;
42;HOSPITAL ESTADUAL DE SAPOPEMBA SAO PAULO;JARDIM SAPOPEMBA;46;HOSP DO SERV PUB MUNICIPAL HSPM;LIBERDADE;19670;19.67;1980;33.01;ok;
42;HOSPITAL ESTADUAL DE SAPOPEMBA SAO PAULO;JARDIM SAPOPEMBA;47;HOSP MUN FERNANDO MAURO PIRES DA ROCHA;CAMPO LIMPO;34380;34.38;3281;54.7;ok;
42;HOSPITAL ESTADUAL DE SAPOPEMBA SAO PAULO;JARDIM SAPOPEMBA;48;CENTRO HOSPITALAR DO SISTEMA PENITENCIARIO SAO PAULO;CARANDIRU;22840;22.84;1990;33.17;ok;
42;HOSPITAL ESTADUAL DE SAPOPEMBA SAO PAULO;JARDIM SAPOPEMBA;49;HOSP MUN VER JOSE STOROPOLLI;PARQUE NOVO MUNDO;15860;15.86;1518;25.31;ok;
42;HOSPITAL ESTADUAL DE SAPOPEMBA SAO PAULO;JARDIM SAPOPEMBA;50;CENTRO MEDICO PMESP;TREMEMBE;30280;30.28;2502;41.71;ok;
42;HOSPITAL ESTADUAL DE SAPOPEMBA SAO PAULO;JARDIM SAPOPEMBA;51;HOSP MUN CARMEN PRUDENTE;CIDADE TIRADENTES;12370;12.37;1209;20.16;ok;
42;HOSPITAL ESTADUAL DE SAPOPEMBA SAO PAULO;JARDIM SAPOPEMBA;53;INSTITUTO DE REABILITACAO LUCY MONTORO;VILA ANDRADE;32210;32.21;3146;52.45;ok;
42;HOSPITAL ESTADUAL DE SAPOPEMBA SAO PAULO;JARDIM SAPOPEMBA;55;INSTITUTO DO CANCER DO ESTADO DE SAO PAULO;CERQUEIRA CESAR;24390;24.39;2469;41.16;ok;
42;HOSPITAL ESTADUAL DE SAPOPEMBA SAO PAULO;JARDIM SAPOPEMBA;56;HOSP MUN SOROCABANA;VILA ROMANA;31920;31.92;2518;41.97;ok;
42;HOSPITAL ESTADUAL DE SAPOPEMBA SAO PAULO;JARDIM SAPOPEMBA;57;HOSP MUN GILSON DE CASSIA MARQUES DE CARVALHO;VILA MASCOTE;25640;25.64;2276;37.94;ok;
42;HOSPITAL ESTADUAL DE SAPOPEMBA SAO PAULO;JARDIM SAPOPEMBA;58;HOSP MUN CAPELA DO SOCORRO;JARDIM DAS IMBUIAS;32659;32.66;3191;53.19;ok;
42;HOSPITAL ESTADUAL DE SAPOPEMBA SAO PAULO;JARDIM SAPOPEMBA;59;HOSP MUN JOSANIAS CASTANHA BRAGA;JARDIM ROSCHEL;45060;45.06;3994;66.58;ok;
42;HOSPITAL ESTADUAL DE SAPOPEMBA SAO PAULO;JARDIM SAPOPEMBA;233;HOSP MUN SOROCABANA;ALTO DE PINHEIROS;36870;36.87;2837;47.3;ok;
43;HOSPITAL GERAL DE VILA PENTEADO DR JOSE PANGELLA SAO PAULO;JARDIM IRACEMA;1;HOSPITAL MUNICIPAL SANTA DULCE DOS POBRES;CONSOLACAO;12310;12.31;1283;21.39;ok;
43;HOSPITAL GERAL DE VILA PENTEADO DR JOSE PANGELLA SAO PAULO;JARDIM IRACEMA;2;HOSPITAL MUNICIPAL BRASILANDIA;JARDIM MARISTELA;2760;2.76;284;4.74;ok;
43;HOSPITAL GERAL DE VILA PENTEADO DR JOSE PANGELLA SAO PAULO;JARDIM IRACEMA;3;HOSPITAL MUNICIPAL GUARAPIRANGA;RIVIERA PAULISTA;32119;32.12;2232;37.22;ok;
43;HOSPITAL GERAL DE VILA PENTEADO DR JOSE PANGELLA SAO PAULO;JARDIM IRACEMA;4;INSTITUTO DE INFECTOLOGIA EMILIO RIBAS;SUMARE;9000;9.0;865;14.42;ok;
43;HOSPITAL GERAL DE VILA PENTEADO DR JOSE PANGELLA SAO PAULO;JARDIM IRACEMA;5;HOSPITAL DO SERV PUB EST FCO MORATO DE OLIVEIRA SAO PAULO;IBIRAPUERA;16110;16.11;1594;26.58;ok;
43;HOSPITAL GERAL DE VILA PENTEADO DR JOSE PANGELLA SAO PAULO;JARDIM IRACEMA;6;HOSPITAL MATERNIDADE INTERLAGOS;JD LEBLON;33410;33.41;2368;39.47;ok;
43;HOSPITAL GERAL DE VILA PENTEADO DR JOSE PANGELLA SAO PAULO;JARDIM IRACEMA;7;HOSPITAL GERAL DE PEDREIRA;VILA CAMPO GRANDE;32400;32.4;2328;38.81;ok;
43;HOSPITAL GERAL DE VILA PENTEADO DR JOSE PANGELLA SAO PAULO;JARDIM IRACEMA;8;HOSPITAL HELIOPOLIS UNIDADE DE GESTAO ASSISTENCIAL I;V HELIOPOLIS;22080;22.08;1887;31.46;ok;
43;HOSPITAL GERAL DE VILA PENTEADO DR JOSE PANGELLA SAO PAULO;JARDIM IRACEMA;10;HOSPITAL INFANTIL DARCY VARGAS UGA III SAO PAULO;JARDIM GUEDALA;19090;19.09;1456;24.27;ok;
43;HOSPITAL GERAL DE VILA PENTEADO DR JOSE PANGELLA SAO PAULO;JARDIM IRACEMA;11;HOSP MUN MATERNIDADE PROFESSOR MARIO DEGNI;VILA ANTONIO;15410;15.41;1369;22.82;ok;
43;HOSPITAL GERAL DE VILA PENTEADO DR JOSE PANGELLA SAO PAULO;JARDIM IRACEMA;12;HOSPITAL UNIVERSITARIO DA USP SAO PAULO;BUTANTA;13480;13.48;1269;21.16;ok;
43;HOSPITAL GERAL DE VILA PENTEADO DR JOSE PANGELLA SAO PAULO;JARDIM IRACEMA;13;CAISM PHILIPPE PINEL SAO PAULO;PIRITUBA;4490;4.49;412;6.87;ok;
43;HOSPITAL GERAL DE VILA PENTEADO DR JOSE PANGELLA SAO PAULO;JARDIM IRACEMA;14;HOSPITAL GERAL HENRIQUE ALTIMEYER DE VILA ALPINA;VILA ALPINA;23570;23.57;1665;27.75;ok;
43;HOSPITAL GERAL DE VILA PENTEADO DR JOSE PANGELLA SAO PAULO;JARDIM IRACEMA;16;HOSPITAL GERAL DE SAO MATEUS SAO PAULO;SAO MATEUS;29960;29.96;2099;34.99;ok;
43;HOSPITAL GERAL DE VILA PENTEADO DR JOSE PANGELLA SAO PAULO;JARDIM IRACEMA;17;UNIDADE DE GESTAO ASSISTENCIAL II HOSPITAL IPIRANGA SP;IPIRANGA;18840;18.84;1614;26.91;ok;
43;HOSPITAL GERAL DE VILA PENTEADO DR JOSE PANGELLA SAO PAULO;JARDIM IRACEMA;18;CONJUNTO HOSPITALAR DO MANDAQUI SAO PAULO;SANTANA;11560;11.56;1079;18.0;ok;
43;HOSPITAL GERAL DE VILA PENTEADO DR JOSE PANGELLA SAO PAULO;JARDIM IRACEMA;19;HOSPITAL GERAL SANTA MARCELINA DE ITAIM PAULISTA SAO PAULO;ITAIM PAULISTA;42580;42.58;2382;39.7;ok;
43;HOSPITAL GERAL DE VILA PENTEADO DR JOSE PANGELLA SAO PAULO;JARDIM IRACEMA;20;HOSP MUN PROF DR WALDOMIRO DE PAULA;ITAQUERA;39820;39.82;2324;38.75;ok;
43;HOSPITAL GERAL DE VILA PENTEADO DR JOSE PANGELLA SAO PAULO;JARDIM IRACEMA;21;HOSPITAL GERAL DO GRAJAU PROF LIBER JOHN ALPHONSE DI DIO SP;PARQUE DAS NACOES;34100;34.1;2689;44.83;ok;
43;HOSPITAL GERAL DE VILA PENTEADO DR JOSE PANGELLA SAO PAULO;JARDIM IRACEMA;22;HOSPITAL E MATERNIDADE LEONOR MENDES DE BARROS SAO PAULO;BELENZINHO;16600;16.6;1069;17.83;ok;
43;HOSPITAL GERAL DE VILA PENTEADO DR JOSE PANGELLA SAO PAULO;JARDIM IRACEMA;23;CENTRO DE REFERENCIA E TREINAMENTO DST AIDS SAO PAULO;VILA MARIANA;17530;17.53;1725;28.75;ok;
43;HOSPITAL GERAL DE VILA PENTEADO DR JOSE PANGELLA SAO PAULO;JARDIM IRACEMA;24;HOSPITAL MILITAR DE AREA DE SAO PAULO;CAMBUCI;17450;17.45;1486;24.77;ok;
43;HOSPITAL GERAL DE VILA PENTEADO DR JOSE PANGELLA SAO PAULO;JARDIM IRACEMA;25;CENTRO DE REFERENCIA DA SAUDE DA MULHER;CAMPOS ELISEOS;11050;11.05;961;16.03;ok;
43;HOSPITAL GERAL DE VILA PENTEADO DR JOSE PANGELLA SAO PAULO;JARDIM IRACEMA;26;HOSP MUN INFANTIL MENINO JESUS;BELA VISTA;13180;13.18;1378;22.97;ok;
43;HOSPITAL GERAL DE VILA PENTEADO DR JOSE PANGELLA SAO PAULO;JARDIM IRACEMA;28;HOSP MUN MAT ESC DR MARIO DE MORAES A SILVA;VILA NOVA CACHOEIRIN;5760;5.76;537;8.96;ok;
43;HOSPITAL GERAL DE VILA PENTEADO DR JOSE PANGELLA SAO PAULO;JARDIM IRACEMA;29;HOSPITAL GERAL JESUS TEIXEIRA DA COSTA GUAIANASES SAO PAULO;JARDIM SAO PAULO;47760;47.76;2903;48.39;ok;
43;HOSPITAL GERAL DE VILA PENTEADO DR JOSE PANGELLA SAO PAULO;JARDIM IRACEMA;30;HOSP MUN DR CARMINO CARICCHIO;TATUAPE;17770;17.77;1261;21.03;ok;
43;HOSPITAL GERAL DE VILA PENTEADO DR JOSE PANGELLA SAO PAULO;JARDIM IRACEMA;31;HOSP MUN TIDE SETUBAL;SAO MIGUEL PAULISTA;35990;35.99;2068;34.47;ok;
43;HOSPITAL GERAL DE VILA PENTEADO DR JOSE PANGELLA SAO PAULO;JARDIM IRACEMA;32;HOSP MUN V NHOCUNE ALEXANDRE ZAIO;VILA NHOCUNE;26970;26.97;1908;31.82;ok;
43;HOSPITAL GERAL DE VILA PENTEADO DR JOSE PANGELLA SAO PAULO;JARDIM IRACEMA;33;HOSP MUN JABAQUARA ARTUR RIBEIRO DE SABOYA;JABAQUARA;28690;28.69;2153;35.89;ok;
43;HOSPITAL GERAL DE VILA PENTEADO DR JOSE PANGELLA SAO PAULO;JARDIM IRACEMA;34;HOSPITAL KATIA DE SOUZA RODRIGUES TAIPASSP SAO PAULO;PARADA DE TAIPAS;7220;7.22;577;9.62;ok;
43;HOSPITAL GERAL DE VILA PENTEADO DR JOSE PANGELLA SAO PAULO;JARDIM IRACEMA;35;HOSP MUN PROFESSOR DOUTOR ALIPIO CORREA NETTO;VILA PARANAGUA;28530;28.53;2115;35.26;ok;
43;HOSPITAL GERAL DE VILA PENTEADO DR JOSE PANGELLA SAO PAULO;JARDIM IRACEMA;36;HOSPITAL MUNICIPAL DR BENEDITO MONTENEGRO;JARDIM IVA;26160;26.16;2013;33.57;ok;
43;HOSPITAL GERAL DE VILA PENTEADO DR JOSE PANGELLA SAO PAULO;JARDIM IRACEMA;37;HOSP MUN IGNACIO PROENCA DE GOUVEA;PARQUE DA MOOCA;21780;21.78;1538;25.63;ok;
43;HOSPITAL GERAL DE VILA PENTEADO DR JOSE PANGELLA SAO PAULO;JARDIM IRACEMA;38;HOSPITAL INFANTIL CANDIDO FONTOURA SAO PAULO;AGUA RASA;19280;19.28;1302;21.7;ok;
43;HOSPITAL GERAL DE VILA PENTEADO DR JOSE PANGELLA SAO PAULO;JARDIM IRACEMA;40;HOSPITAL REGIONAL SUL SAO PAULO;SANTO AMARO;27980;27.98;1913;31.9;ok;
43;HOSPITAL GERAL DE VILA PENTEADO DR JOSE PANGELLA SAO PAULO;JARDIM IRACEMA;42;HOSPITAL ESTADUAL DE SAPOPEMBA SAO PAULO;JARDIM SAPOPEMBA;32090;32.09;2356;39.28;ok;
43;HOSPITAL GERAL DE VILA PENTEADO DR JOSE PANGELLA SAO PAULO;JARDIM IRACEMA;43;HOSPITAL GERAL DE VILA PENTEADO DR JOSE PANGELLA SAO PAULO;JARDIM IRACEMA;0;0.0;0;0.0;ok;
43;HOSPITAL GERAL DE VILA PENTEADO DR JOSE PANGELLA SAO PAULO;JARDIM IRACEMA;46;HOSP DO SERV PUB MUNICIPAL HSPM;LIBERDADE;16560;16.56;1469;24.49;ok;
43;HOSPITAL GERAL DE VILA PENTEADO DR JOSE PANGELLA SAO PAULO;JARDIM IRACEMA;47;HOSP MUN FERNANDO MAURO PIRES DA ROCHA;CAMPO LIMPO;27100;27.1;1778;29.64;ok;
43;HOSPITAL GERAL DE VILA PENTEADO DR JOSE PANGELLA SAO PAULO;JARDIM IRACEMA;48;CENTRO HOSPITALAR DO SISTEMA PENITENCIARIO SAO PAULO;CARANDIRU;12760;12.76;1057;17.62;ok;
43;HOSPITAL GERAL DE VILA PENTEADO DR JOSE PANGELLA SAO PAULO;JARDIM IRACEMA;49;HOSP MUN VER JOSE STOROPOLLI;PARQUE NOVO MUNDO;20250;20.25;1324;22.08;ok;
43;HOSPITAL GERAL DE VILA PENTEADO DR JOSE PANGELLA SAO PAULO;JARDIM IRACEMA;50;CENTRO MEDICO PMESP;TREMEMBE;14590;14.59;1269;21.16;ok;
43;HOSPITAL GERAL DE VILA PENTEADO DR JOSE PANGELLA SAO PAULO;JARDIM IRACEMA;51;HOSP MUN CARMEN PRUDENTE;CIDADE TIRADENTES;38980;38.98;2958;49.3;ok;
43;HOSPITAL GERAL DE VILA PENTEADO DR JOSE PANGELLA SAO PAULO;JARDIM IRACEMA;53;INSTITUTO DE REABILITACAO LUCY MONTORO;VILA ANDRADE;24920;24.92;1643;27.39;ok;
43;HOSPITAL GERAL DE VILA PENTEADO DR JOSE PANGELLA SAO PAULO;JARDIM IRACEMA;55;INSTITUTO DO CANCER DO ESTADO DE SAO PAULO;CERQUEIRA CESAR;10800;10.8;1101;18.35;ok;
43;HOSPITAL GERAL DE VILA PENTEADO DR JOSE PANGELLA SAO PAULO;JARDIM IRACEMA;56;HOSP MUN SOROCABANA;VILA ROMANA;4440;4.44;423;7.05;ok;
43;HOSPITAL GERAL DE VILA PENTEADO DR JOSE PANGELLA SAO PAULO;JARDIM IRACEMA;57;HOSP MUN GILSON DE CASSIA MARQUES DE CARVALHO;VILA MASCOTE;25900;25.9;1888;31.48;ok;
43;HOSPITAL GERAL DE VILA PENTEADO DR JOSE PANGELLA SAO PAULO;JARDIM IRACEMA;58;HOSP MUN CAPELA DO SOCORRO;JARDIM DAS IMBUIAS;36860;36.86;2786;46.45;ok;
43;HOSPITAL GERAL DE VILA PENTEADO DR JOSE PANGELLA SAO PAULO;JARDIM IRACEMA;59;HOSP MUN JOSANIAS CASTANHA BRAGA;JARDIM ROSCHEL;49930;49.93;3656;60.94;ok;
43;HOSPITAL GERAL DE VILA PENTEADO DR JOSE PANGELLA SAO PAULO;JARDIM IRACEMA;233;HOSP MUN SOROCABANA;ALTO DE PINHEIROS;7080;7.08;779;12.98;ok;
46;HOSP DO SERV PUB MUNICIPAL HSPM;LIBERDADE;1;HOSPITAL MUNICIPAL SANTA DULCE DOS POBRES;CONSOLACAO;4150;4.15;514;8.57;ok;
46;HOSP DO SERV PUB MUNICIPAL HSPM;LIBERDADE;2;HOSPITAL MUNICIPAL BRASILANDIA;JARDIM MARISTELA;18940;18.94;1735;28.93;ok;
46;HOSP DO SERV PUB MUNICIPAL HSPM;LIBERDADE;3;HOSPITAL MUNICIPAL GUARAPIRANGA;RIVIERA PAULISTA;24200;24.2;2215;36.93;ok;
46;HOSP DO SERV PUB MUNICIPAL HSPM;LIBERDADE;4;INSTITUTO DE INFECTOLOGIA EMILIO RIBAS;SUMARE;7290;7.29;864;14.41;ok;
46;HOSP DO SERV PUB MUNICIPAL HSPM;LIBERDADE;5;HOSPITAL DO SERV PUB EST FCO MORATO DE OLIVEIRA SAO PAULO;IBIRAPUERA;5100;5.1;682;11.37;ok;
46;HOSP DO SERV PUB MUNICIPAL HSPM;LIBERDADE;6;HOSPITAL MATERNIDADE INTERLAGOS;JD LEBLON;20770;20.77;2171;36.19;ok;
46;HOSP DO SERV PUB MUNICIPAL HSPM;LIBERDADE;7;HOSPITAL GERAL DE PEDREIRA;VILA CAMPO GRANDE;17270;17.27;1904;31.74;ok;
46;HOSP DO SERV PUB MUNICIPAL HSPM;LIBERDADE;8;HOSPITAL HELIOPOLIS UNIDADE DE GESTAO ASSISTENCIAL I;V HELIOPOLIS;8370;8.37;993;16.56;ok;
46;HOSP DO SERV PUB MUNICIPAL HSPM;LIBERDADE;10;HOSPITAL INFANTIL DARCY VARGAS UGA III SAO PAULO;JARDIM GUEDALA;11010;11.01;1297;21.63;ok;
46;HOSP DO SERV PUB MUNICIPAL HSPM;LIBERDADE;11;HOSP MUN MATERNIDADE PROFESSOR MARIO DEGNI;VILA ANTONIO;18340;18.34;1720;28.67;ok;
46;HOSP DO SERV PUB MUNICIPAL HSPM;LIBERDADE;12;HOSPITAL UNIVERSITARIO DA USP SAO PAULO;BUTANTA;15840;15.84;1803;30.06;ok;
46;HOSP DO SERV PUB MUNICIPAL HSPM;LIBERDADE;13;CAISM PHILIPPE PINEL SAO PAULO;PIRITUBA;19130;19.13;1762;29.37;ok;
46;HOSP DO SERV PUB MUNICIPAL HSPM;LIBERDADE;14;HOSPITAL GERAL HENRIQUE ALTIMEYER DE VILA ALPINA;VILA ALPINA;11280;11.28;1208;20.13;ok;
46;HOSP DO SERV PUB MUNICIPAL HSPM;LIBERDADE;16;HOSPITAL GERAL DE SAO MATEUS SAO PAULO;SAO MATEUS;20680;20.68;2046;34.11;ok;
46;HOSP DO SERV PUB MUNICIPAL HSPM;LIBERDADE;17;UNIDADE DE GESTAO ASSISTENCIAL II HOSPITAL IPIRANGA SP;IPIRANGA;4570;4.57;609;10.15;ok;
46;HOSP DO SERV PUB MUNICIPAL HSPM;LIBERDADE;18;CONJUNTO HOSPITALAR DO MANDAQUI SAO PAULO;SANTANA;11760;11.76;1385;23.1;ok;
46;HOSP DO SERV PUB MUNICIPAL HSPM;LIBERDADE;19;HOSPITAL GERAL SANTA MARCELINA DE ITAIM PAULISTA SAO PAULO;ITAIM PAULISTA;39300;39.3;2537;42.3;ok;
46;HOSP DO SERV PUB MUNICIPAL HSPM;LIBERDADE;20;HOSP MUN PROF DR WALDOMIRO DE PAULA;ITAQUERA;22700;22.7;2309;38.49;ok;
46;HOSP DO SERV PUB MUNICIPAL HSPM;LIBERDADE;21;HOSPITAL GERAL DO GRAJAU PROF LIBER JOHN ALPHONSE DI DIO SP;PARQUE DAS NACOES;20140;20.14;1795;29.93;ok;
46;HOSP DO SERV PUB MUNICIPAL HSPM;LIBERDADE;22;HOSPITAL E MATERNIDADE LEONOR MENDES DE BARROS SAO PAULO;BELENZINHO;8480;8.48;979;16.32;ok;
46;HOSP DO SERV PUB MUNICIPAL HSPM;LIBERDADE;23;CENTRO DE REFERENCIA E TREINAMENTO DST AIDS SAO PAULO;VILA MARIANA;4460;4.46;597;9.96;ok;
46;HOSP DO SERV PUB MUNICIPAL HSPM;LIBERDADE;24;HOSPITAL MILITAR DE AREA DE SAO PAULO;CAMBUCI;3990;3.99;496;8.28;ok;
46;HOSP DO SERV PUB MUNICIPAL HSPM;LIBERDADE;25;CENTRO DE REFERENCIA DA SAUDE DA MULHER;CAMPOS ELISEOS;6370;6.37;786;13.11;ok;
46;HOSP DO SERV PUB MUNICIPAL HSPM;LIBERDADE;26;HOSP MUN INFANTIL MENINO JESUS;BELA VISTA;3610;3.61;501;8.35;ok;
46;HOSP DO SERV PUB MUNICIPAL HSPM;LIBERDADE;28;HOSP MUN MAT ESC DR MARIO DE MORAES A SILVA;VILA NOVA CACHOEIRIN;15210;15.21;1634;27.24;ok;
46;HOSP DO SERV PUB MUNICIPAL HSPM;LIBERDADE;29;HOSPITAL GERAL JESUS TEIXEIRA DA COSTA GUAIANASES SAO PAULO;JARDIM SAO PAULO;29550;29.55;2875;47.93;ok;
46;HOSP DO SERV PUB MUNICIPAL HSPM;LIBERDADE;30;HOSP MUN DR CARMINO CARICCHIO;TATUAPE;10390;10.39;1183;19.72;ok;
46;HOSP DO SERV PUB MUNICIPAL HSPM;LIBERDADE;31;HOSP MUN TIDE SETUBAL;SAO MIGUEL PAULISTA;32700;32.7;2223;37.07;ok;
46;HOSP DO SERV PUB MUNICIPAL HSPM;LIBERDADE;32;HOSP MUN V NHOCUNE ALEXANDRE ZAIO;VILA NHOCUNE;17110;17.11;1788;29.8;ok;
46;HOSP DO SERV PUB MUNICIPAL HSPM;LIBERDADE;33;HOSP MUN JABAQUARA ARTUR RIBEIRO DE SABOYA;JABAQUARA;10960;10.96;1377;22.96;ok;
46;HOSP DO SERV PUB MUNICIPAL HSPM;LIBERDADE;34;HOSPITAL KATIA DE SOUZA RODRIGUES TAIPASSP SAO PAULO;PARADA DE TAIPAS;23400;23.4;2028;33.81;ok;
46;HOSP DO SERV PUB MUNICIPAL HSPM;LIBERDADE;35;HOSP MUN PROFESSOR DOUTOR ALIPIO CORREA NETTO;VILA PARANAGUA;25240;25.24;2271;37.85;ok;
46;HOSP DO SERV PUB MUNICIPAL HSPM;LIBERDADE;36;HOSPITAL MUNICIPAL DR BENEDITO MONTENEGRO;JARDIM IVA;17000;17.0;1740;29.0;ok;
46;HOSP DO SERV PUB MUNICIPAL HSPM;LIBERDADE;37;HOSP MUN IGNACIO PROENCA DE GOUVEA;PARQUE DA MOOCA;7580;7.58;833;13.9;ok;
46;HOSP DO SERV PUB MUNICIPAL HSPM;LIBERDADE;38;HOSPITAL INFANTIL CANDIDO FONTOURA SAO PAULO;AGUA RASA;7460;7.46;869;14.5;ok;
46;HOSP DO SERV PUB MUNICIPAL HSPM;LIBERDADE;40;HOSPITAL REGIONAL SUL SAO PAULO;SANTO AMARO;14220;14.22;1628;27.14;ok;
46;HOSP DO SERV PUB MUNICIPAL HSPM;LIBERDADE;42;HOSPITAL ESTADUAL DE SAPOPEMBA SAO PAULO;JARDIM SAPOPEMBA;20210;20.21;2028;33.81;ok;
46;HOSP DO SERV PUB MUNICIPAL HSPM;LIBERDADE;43;HOSPITAL GERAL DE VILA PENTEADO DR JOSE PANGELLA SAO PAULO;JARDIM IRACEMA;16740;16.74;1491;24.85;ok;
46;HOSP DO SERV PUB MUNICIPAL HSPM;LIBERDADE;46;HOSP DO SERV PUB MUNICIPAL HSPM;LIBERDADE;0;0.0;0;0.0;ok;
46;HOSP DO SERV PUB MUNICIPAL HSPM;LIBERDADE;47;HOSP MUN FERNANDO MAURO PIRES DA ROCHA;CAMPO LIMPO;19180;19.18;1760;29.34;ok;
46;HOSP DO SERV PUB MUNICIPAL HSPM;LIBERDADE;48;CENTRO HOSPITALAR DO SISTEMA PENITENCIARIO SAO PAULO;CARANDIRU;8400;8.4;1108;18.48;ok;
46;HOSP DO SERV PUB MUNICIPAL HSPM;LIBERDADE;49;HOSP MUN VER JOSE STOROPOLLI;PARQUE NOVO MUNDO;16970;16.97;1480;24.67;ok;
46;HOSP DO SERV PUB MUNICIPAL HSPM;LIBERDADE;50;CENTRO MEDICO PMESP;TREMEMBE;14340;14.34;1672;27.88;ok;
46;HOSP DO SERV PUB MUNICIPAL HSPM;LIBERDADE;51;HOSP MUN CARMEN PRUDENTE;CIDADE TIRADENTES;30040;30.04;2897;48.3;ok;
46;HOSP DO SERV PUB MUNICIPAL HSPM;LIBERDADE;53;INSTITUTO DE REABILITACAO LUCY MONTORO;VILA ANDRADE;17000;17.0;1625;27.1;ok;
46;HOSP DO SERV PUB MUNICIPAL HSPM;LIBERDADE;55;INSTITUTO DO CANCER DO ESTADO DE SAO PAULO;CERQUEIRA CESAR;7010;7.01;848;14.14;ok;
46;HOSP DO SERV PUB MUNICIPAL HSPM;LIBERDADE;56;HOSP MUN SOROCABANA;VILA ROMANA;11280;11.28;1321;22.02;ok;
46;HOSP DO SERV PUB MUNICIPAL HSPM;LIBERDADE;57;HOSP MUN GILSON DE CASSIA MARQUES DE CARVALHO;VILA MASCOTE;12560;12.56;1404;23.42;ok;
46;HOSP DO SERV PUB MUNICIPAL HSPM;LIBERDADE;58;HOSP MUN CAPELA DO SOCORRO;JARDIM DAS IMBUIAS;24220;24.22;2590;43.17;ok;
46;HOSP DO SERV PUB MUNICIPAL HSPM;LIBERDADE;59;HOSP MUN JOSANIAS CASTANHA BRAGA;JARDIM ROSCHEL;37290;37.29;3459;57.66;ok;
46;HOSP DO SERV PUB MUNICIPAL HSPM;LIBERDADE;233;HOSP MUN SOROCABANA;ALTO DE PINHEIROS;13390;13.39;1523;25.39;ok;
47;HOSP MUN FERNANDO MAURO PIRES DA ROCHA;CAMPO LIMPO;1;HOSPITAL MUNICIPAL SANTA DULCE DOS POBRES;CONSOLACAO;15750;15.75;1380;23.02;ok;
47;HOSP MUN FERNANDO MAURO PIRES DA ROCHA;CAMPO LIMPO;2;HOSPITAL MUNICIPAL BRASILANDIA;JARDIM MARISTELA;30160;30.16;1982;33.05;ok;
47;HOSP MUN FERNANDO MAURO PIRES DA ROCHA;CAMPO LIMPO;3;HOSPITAL MUNICIPAL GUARAPIRANGA;RIVIERA PAULISTA;6940;6.94;738;12.31;ok;
47;HOSP MUN FERNANDO MAURO PIRES DA ROCHA;CAMPO LIMPO;4;INSTITUTO DE INFECTOLOGIA EMILIO RIBAS;SUMARE;17860;17.86;1449;24.16;ok;
47;HOSP MUN FERNANDO MAURO PIRES DA ROCHA;CAMPO LIMPO;5;HOSPITAL DO SERV PUB EST FCO MORATO DE OLIVEIRA SAO PAULO;IBIRAPUERA;14250;14.25;1229;20.5;ok;
47;HOSP MUN FERNANDO MAURO PIRES DA ROCHA;CAMPO LIMPO;6;HOSPITAL MATERNIDADE INTERLAGOS;JD LEBLON;11480;11.48;1154;19.24;ok;
47;HOSP MUN FERNANDO MAURO PIRES DA ROCHA;CAMPO LIMPO;7;HOSPITAL GERAL DE PEDREIRA;VILA CAMPO GRANDE;10470;10.47;1114;18.58;ok;
47;HOSP MUN FERNANDO MAURO PIRES DA ROCHA;CAMPO LIMPO;8;HOSPITAL HELIOPOLIS UNIDADE DE GESTAO ASSISTENCIAL I;V HELIOPOLIS;21860;21.86;2048;34.13;ok;
47;HOSP MUN FERNANDO MAURO PIRES DA ROCHA;CAMPO LIMPO;10;HOSPITAL INFANTIL DARCY VARGAS UGA III SAO PAULO;JARDIM GUEDALA;10170;10.17;1201;20.02;ok;
47;HOSP MUN FERNANDO MAURO PIRES DA ROCHA;CAMPO LIMPO;11;HOSP MUN MATERNIDADE PROFESSOR MARIO DEGNI;VILA ANTONIO;14290;14.29;1456;24.27;ok;
47;HOSP MUN FERNANDO MAURO PIRES DA ROCHA;CAMPO LIMPO;12;HOSPITAL UNIVERSITARIO DA USP SAO PAULO;BUTANTA;13210;13.21;1564;26.07;ok;
47;HOSP MUN FERNANDO MAURO PIRES DA ROCHA;CAMPO LIMPO;13;CAISM PHILIPPE PINEL SAO PAULO;PIRITUBA;30360;30.36;2009;33.49;ok;
47;HOSP MUN FERNANDO MAURO PIRES DA ROCHA;CAMPO LIMPO;14;HOSPITAL GERAL HENRIQUE ALTIMEYER DE VILA ALPINA;VILA ALPINA;25610;25.61;2434;40.57;ok;
47;HOSP MUN FERNANDO MAURO PIRES DA ROCHA;CAMPO LIMPO;16;HOSPITAL GERAL DE SAO MATEUS SAO PAULO;SAO MATEUS;52840;52.84;3209;53.49;ok;
47;HOSP MUN FERNANDO MAURO PIRES DA ROCHA;CAMPO LIMPO;17;UNIDADE DE GESTAO ASSISTENCIAL II HOSPITAL IPIRANGA SP;IPIRANGA;20610;20.61;1887;31.46;ok;
47;HOSP MUN FERNANDO MAURO PIRES DA ROCHA;CAMPO LIMPO;18;CONJUNTO HOSPITALAR DO MANDAQUI SAO PAULO;SANTANA;37470;37.47;2424;40.4;ok;
47;HOSP MUN FERNANDO MAURO PIRES DA ROCHA;CAMPO LIMPO;19;HOSPITAL GERAL SANTA MARCELINA DE ITAIM PAULISTA SAO PAULO;ITAIM PAULISTA;65470;65.47;3492;58.21;ok;
47;HOSP MUN FERNANDO MAURO PIRES DA ROCHA;CAMPO LIMPO;20;HOSP MUN PROF DR WALDOMIRO DE PAULA;ITAQUERA;62700;62.7;3435;57.25;ok;
47;HOSP MUN FERNANDO MAURO PIRES DA ROCHA;CAMPO LIMPO;21;HOSPITAL GERAL DO GRAJAU PROF LIBER JOHN ALPHONSE DI DIO SP;PARQUE DAS NACOES;22880;22.88;2181;36.36;ok;
47;HOSP MUN FERNANDO MAURO PIRES DA ROCHA;CAMPO LIMPO;22;HOSPITAL E MATERNIDADE LEONOR MENDES DE BARROS SAO PAULO;BELENZINHO;39480;39.48;2180;36.34;ok;
47;HOSP MUN FERNANDO MAURO PIRES DA ROCHA;CAMPO LIMPO;23;CENTRO DE REFERENCIA E TREINAMENTO DST AIDS SAO PAULO;VILA MARIANA;16100;16.1;1434;23.91;ok;
47;HOSP MUN FERNANDO MAURO PIRES DA ROCHA;CAMPO LIMPO;24;HOSPITAL MILITAR DE AREA DE SAO PAULO;CAMBUCI;21030;21.03;1901;31.68;ok;
47;HOSP MUN FERNANDO MAURO PIRES DA ROCHA;CAMPO LIMPO;25;CENTRO DE REFERENCIA DA SAUDE DA MULHER;CAMPOS ELISEOS;20200;20.2;1755;29.27;ok;
47;HOSP MUN FERNANDO MAURO PIRES DA ROCHA;CAMPO LIMPO;26;HOSP MUN INFANTIL MENINO JESUS;BELA VISTA;17140;17.14;1543;25.72;ok;
47;HOSP MUN FERNANDO MAURO PIRES DA ROCHA;CAMPO LIMPO;28;HOSP MUN MAT ESC DR MARIO DE MORAES A SILVA;VILA NOVA CACHOEIRIN;31550;31.55;2082;34.71;ok;
47;HOSP MUN FERNANDO MAURO PIRES DA ROCHA;CAMPO LIMPO;29;HOSPITAL GERAL JESUS TEIXEIRA DA COSTA GUAIANASES SAO PAULO;JARDIM SAO PAULO;70650;70.65;4013;66.89;ok;
47;HOSP MUN FERNANDO MAURO PIRES DA ROCHA;CAMPO LIMPO;30;HOSP MUN DR CARMINO CARICCHIO;TATUAPE;40660;40.66;2372;39.54;ok;
47;HOSP MUN FERNANDO MAURO PIRES DA ROCHA;CAMPO LIMPO;31;HOSP MUN TIDE SETUBAL;SAO MIGUEL PAULISTA;58870;58.87;3178;52.98;ok;
47;HOSP MUN FERNANDO MAURO PIRES DA ROCHA;CAMPO LIMPO;32;HOSP MUN V NHOCUNE ALEXANDRE ZAIO;VILA NHOCUNE;49860;49.86;3019;50.32;ok;
47;HOSP MUN FERNANDO MAURO PIRES DA ROCHA;CAMPO LIMPO;33;HOSP MUN JABAQUARA ARTUR RIBEIRO DE SABOYA;JABAQUARA;14490;14.49;1437;23.96;ok;
47;HOSP MUN FERNANDO MAURO PIRES DA ROCHA;CAMPO LIMPO;34;HOSPITAL KATIA DE SOUZA RODRIGUES TAIPASSP SAO PAULO;PARADA DE TAIPAS;34620;34.62;2275;37.93;ok;
47;HOSP MUN FERNANDO MAURO PIRES DA ROCHA;CAMPO LIMPO;35;HOSP MUN PROFESSOR DOUTOR ALIPIO CORREA NETTO;VILA PARANAGUA;51410;51.41;3225;53.77;ok;
47;HOSP MUN FERNANDO MAURO PIRES DA ROCHA;CAMPO LIMPO;36;HOSPITAL MUNICIPAL DR BENEDITO MONTENEGRO;JARDIM IVA;31380;31.38;2978;49.65;ok;
47;HOSP MUN FERNANDO MAURO PIRES DA ROCHA;CAMPO LIMPO;37;HOSP MUN IGNACIO PROENCA DE GOUVEA;PARQUE DA MOOCA;24400;24.4;2185;36.43;ok;
47;HOSP MUN FERNANDO MAURO PIRES DA ROCHA;CAMPO LIMPO;38;HOSPITAL INFANTIL CANDIDO FONTOURA SAO PAULO;AGUA RASA;24010;24.01;2140;35.68;ok;
47;HOSP MUN FERNANDO MAURO PIRES DA ROCHA;CAMPO LIMPO;40;HOSPITAL REGIONAL SUL SAO PAULO;SANTO AMARO;5800;5.8;654;10.91;ok;
47;HOSP MUN FERNANDO MAURO PIRES DA ROCHA;CAMPO LIMPO;42;HOSPITAL ESTADUAL DE SAPOPEMBA SAO PAULO;JARDIM SAPOPEMBA;37280;37.28;3242;54.04;ok;
47;HOSP MUN FERNANDO MAURO PIRES DA ROCHA;CAMPO LIMPO;43;HOSPITAL GERAL DE VILA PENTEADO DR JOSE PANGELLA SAO PAULO;JARDIM IRACEMA;27970;27.97;1738;28.97;ok;
47;HOSP MUN FERNANDO MAURO PIRES DA ROCHA;CAMPO LIMPO;46;HOSP DO SERV PUB MUNICIPAL HSPM;LIBERDADE;18260;18.26;1721;28.69;ok;
47;HOSP MUN FERNANDO MAURO PIRES DA ROCHA;CAMPO LIMPO;47;HOSP MUN FERNANDO MAURO PIRES DA ROCHA;CAMPO LIMPO;0;0.0;0;0.0;ok;
47;HOSP MUN FERNANDO MAURO PIRES DA ROCHA;CAMPO LIMPO;48;CENTRO HOSPITALAR DO SISTEMA PENITENCIARIO SAO PAULO;CARANDIRU;23370;23.37;2156;35.94;ok;
47;HOSP MUN FERNANDO MAURO PIRES DA ROCHA;CAMPO LIMPO;49;HOSP MUN VER JOSE STOROPOLLI;PARQUE NOVO MUNDO;43140;43.14;2434;40.58;ok;
47;HOSP MUN FERNANDO MAURO PIRES DA ROCHA;CAMPO LIMPO;50;CENTRO MEDICO PMESP;TREMEMBE;28410;28.41;2720;45.34;ok;
47;HOSP MUN FERNANDO MAURO PIRES DA ROCHA;CAMPO LIMPO;51;HOSP MUN CARMEN PRUDENTE;CIDADE TIRADENTES;61860;61.86;4068;67.81;ok;
47;HOSP MUN FERNANDO MAURO PIRES DA ROCHA;CAMPO LIMPO;53;INSTITUTO DE REABILITACAO LUCY MONTORO;VILA ANDRADE;3550;3.55;401;6.7;ok;
47;HOSP MUN FERNANDO MAURO PIRES DA ROCHA;CAMPO LIMPO;55;INSTITUTO DO CANCER DO ESTADO DE SAO PAULO;CERQUEIRA CESAR;17040;17.04;1376;22.95;ok;
47;HOSP MUN FERNANDO MAURO PIRES DA ROCHA;CAMPO LIMPO;56;HOSP MUN SOROCABANA;VILA ROMANA;19270;19.27;1565;26.09;ok;
47;HOSP MUN FERNANDO MAURO PIRES DA ROCHA;CAMPO LIMPO;57;HOSP MUN GILSON DE CASSIA MARQUES DE CARVALHO;VILA MASCOTE;11450;11.45;1178;19.64;ok;
47;HOSP MUN FERNANDO MAURO PIRES DA ROCHA;CAMPO LIMPO;58;HOSP MUN CAPELA DO SOCORRO;JARDIM DAS IMBUIAS;14930;14.93;1573;26.22;ok;
47;HOSP MUN FERNANDO MAURO PIRES DA ROCHA;CAMPO LIMPO;59;HOSP MUN JOSANIAS CASTANHA BRAGA;JARDIM ROSCHEL;28000;28.0;2442;40.71;ok;
47;HOSP MUN FERNANDO MAURO PIRES DA ROCHA;CAMPO LIMPO;233;HOSP MUN SOROCABANA;ALTO DE PINHEIROS;18650;18.65;1312;21.87;ok;
48;CENTRO HOSPITALAR DO SISTEMA PENITENCIARIO SAO PAULO;CARANDIRU;1;HOSPITAL MUNICIPAL SANTA DULCE DOS POBRES;CONSOLACAO;8270;8.27;1035;17.26;ok;
48;CENTRO HOSPITALAR DO SISTEMA PENITENCIARIO SAO PAULO;CARANDIRU;2;HOSPITAL MUNICIPAL BRASILANDIA;JARDIM MARISTELA;14690;14.69;1150;19.17;ok;
48;CENTRO HOSPITALAR DO SISTEMA PENITENCIARIO SAO PAULO;CARANDIRU;3;HOSPITAL MUNICIPAL GUARAPIRANGA;RIVIERA PAULISTA;40720;40.72;2475;41.26;ok;
48;CENTRO HOSPITALAR DO SISTEMA PENITENCIARIO SAO PAULO;CARANDIRU;4;INSTITUTO DE INFECTOLOGIA EMILIO RIBAS;SUMARE;11080;11.08;1069;17.83;ok;
48;CENTRO HOSPITALAR DO SISTEMA PENITENCIARIO SAO PAULO;CARANDIRU;5;HOSPITAL DO SERV PUB EST FCO MORATO DE OLIVEIRA SAO PAULO;IBIRAPUERA;12040;12.04;1285;21.42;ok;
48;CENTRO HOSPITALAR DO SISTEMA PENITENCIARIO SAO PAULO;CARANDIRU;6;HOSPITAL MATERNIDADE INTERLAGOS;JD LEBLON;42020;42.02;2610;43.51;ok;
48;CENTRO HOSPITALAR DO SISTEMA PENITENCIARIO SAO PAULO;CARANDIRU;7;HOSPITAL GERAL DE PEDREIRA;VILA CAMPO GRANDE;23780;23.78;2461;41.03;ok;
48;CENTRO HOSPITALAR DO SISTEMA PENITENCIARIO SAO PAULO;CARANDIRU;8;HOSPITAL HELIOPOLIS UNIDADE DE GESTAO ASSISTENCIAL I;V HELIOPOLIS;13600;13.6;1436;23.93;ok;
48;CENTRO HOSPITALAR DO SISTEMA PENITENCIARIO SAO PAULO;CARANDIRU;10;HOSPITAL INFANTIL DARCY VARGAS UGA III SAO PAULO;JARDIM GUEDALA;27700;27.7;1698;28.32;ok;
48;CENTRO HOSPITALAR DO SISTEMA PENITENCIARIO SAO PAULO;CARANDIRU;11;HOSP MUN MATERNIDADE PROFESSOR MARIO DEGNI;VILA ANTONIO;24020;24.02;1611;26.86;ok;
48;CENTRO HOSPITALAR DO SISTEMA PENITENCIARIO SAO PAULO;CARANDIRU;12;HOSPITAL UNIVERSITARIO DA USP SAO PAULO;BUTANTA;22090;22.09;1512;25.2;ok;
48;CENTRO HOSPITALAR DO SISTEMA PENITENCIARIO SAO PAULO;CARANDIRU;13;CAISM PHILIPPE PINEL SAO PAULO;PIRITUBA;14890;14.89;1176;19.61;ok;
48;CENTRO HOSPITALAR DO SISTEMA PENITENCIARIO SAO PAULO;CARANDIRU;14;HOSPITAL GERAL HENRIQUE ALTIMEYER DE VILA ALPINA;VILA ALPINA;14430;14.43;1381;23.03;ok;
48;CENTRO HOSPITALAR DO SISTEMA PENITENCIARIO SAO PAULO;CARANDIRU;16;HOSPITAL GERAL DE SAO MATEUS SAO PAULO;SAO MATEUS;20820;20.82;1816;30.27;ok;
48;CENTRO HOSPITALAR DO SISTEMA PENITENCIARIO SAO PAULO;CARANDIRU;17;UNIDADE DE GESTAO ASSISTENCIAL II HOSPITAL IPIRANGA SP;IPIRANGA;10360;10.36;1163;19.38;ok;
48;CENTRO HOSPITALAR DO SISTEMA PENITENCIARIO SAO PAULO;CARANDIRU;18;CONJUNTO HOSPITALAR DO MANDAQUI SAO PAULO;SANTANA;4630;4.63;588;9.81;ok;
48;CENTRO HOSPITALAR DO SISTEMA PENITENCIARIO SAO PAULO;CARANDIRU;19;HOSPITAL GERAL SANTA MARCELINA DE ITAIM PAULISTA SAO PAULO;ITAIM PAULISTA;33440;33.44;2098;34.98;ok;
48;CENTRO HOSPITALAR DO SISTEMA PENITENCIARIO SAO PAULO;CARANDIRU;20;HOSP MUN PROF DR WALDOMIRO DE PAULA;ITAQUERA;30680;30.68;2041;34.02;ok;
48;CENTRO HOSPITALAR DO SISTEMA PENITENCIARIO SAO PAULO;CARANDIRU;21;HOSPITAL GERAL DO GRAJAU PROF LIBER JOHN ALPHONSE DI DIO SP;PARQUE DAS NACOES;25620;25.62;2238;37.3;ok;
48;CENTRO HOSPITALAR DO SISTEMA PENITENCIARIO SAO PAULO;CARANDIRU;22;HOSPITAL E MATERNIDADE LEONOR MENDES DE BARROS SAO PAULO;BELENZINHO;7460;7.46;786;13.11;ok;
48;CENTRO HOSPITALAR DO SISTEMA PENITENCIARIO SAO PAULO;CARANDIRU;23;CENTRO DE REFERENCIA E TREINAMENTO DST AIDS SAO PAULO;VILA MARIANA;11670;11.67;1364;22.73;ok;
48;CENTRO HOSPITALAR DO SISTEMA PENITENCIARIO SAO PAULO;CARANDIRU;24;HOSPITAL MILITAR DE AREA DE SAO PAULO;CAMBUCI;8970;8.97;1034;17.25;ok;
48;CENTRO HOSPITALAR DO SISTEMA PENITENCIARIO SAO PAULO;CARANDIRU;25;CENTRO DE REFERENCIA DA SAUDE DA MULHER;CAMPOS ELISEOS;5980;5.98;759;12.66;ok;
48;CENTRO HOSPITALAR DO SISTEMA PENITENCIARIO SAO PAULO;CARANDIRU;26;HOSP MUN INFANTIL MENINO JESUS;BELA VISTA;8160;8.16;1036;17.28;ok;
48;CENTRO HOSPITALAR DO SISTEMA PENITENCIARIO SAO PAULO;CARANDIRU;28;HOSP MUN MAT ESC DR MARIO DE MORAES A SILVA;VILA NOVA CACHOEIRIN;9400;9.4;953;15.89;ok;
48;CENTRO HOSPITALAR DO SISTEMA PENITENCIARIO SAO PAULO;CARANDIRU;29;HOSPITAL GERAL JESUS TEIXEIRA DA COSTA GUAIANASES SAO PAULO;JARDIM SAO PAULO;38630;38.63;2619;43.66;ok;
48;CENTRO HOSPITALAR DO SISTEMA PENITENCIARIO SAO PAULO;CARANDIRU;30;HOSP MUN DR CARMINO CARICCHIO;TATUAPE;8640;8.64;978;16.31;ok;
48;CENTRO HOSPITALAR DO SISTEMA PENITENCIARIO SAO PAULO;CARANDIRU;31;HOSP MUN TIDE SETUBAL;SAO MIGUEL PAULISTA;26850;26.85;1784;29.75;ok;
48;CENTRO HOSPITALAR DO SISTEMA PENITENCIARIO SAO PAULO;CARANDIRU;32;HOSP MUN V NHOCUNE ALEXANDRE ZAIO;VILA NHOCUNE;17830;17.83;1625;27.09;ok;
48;CENTRO HOSPITALAR DO SISTEMA PENITENCIARIO SAO PAULO;CARANDIRU;33;HOSP MUN JABAQUARA ARTUR RIBEIRO DE SABOYA;JABAQUARA;19210;19.21;2050;34.17;ok;
48;CENTRO HOSPITALAR DO SISTEMA PENITENCIARIO SAO PAULO;CARANDIRU;34;HOSPITAL KATIA DE SOUZA RODRIGUES TAIPASSP SAO PAULO;PARADA DE TAIPAS;19150;19.15;1442;24.05;ok;
48;CENTRO HOSPITALAR DO SISTEMA PENITENCIARIO SAO PAULO;CARANDIRU;35;HOSP MUN PROFESSOR DOUTOR ALIPIO CORREA NETTO;VILA PARANAGUA;19390;19.39;1832;30.54;ok;
48;CENTRO HOSPITALAR DO SISTEMA PENITENCIARIO SAO PAULO;CARANDIRU;36;HOSPITAL MUNICIPAL DR BENEDITO MONTENEGRO;JARDIM IVA;17030;17.03;1730;28.84;ok;
48;CENTRO HOSPITALAR DO SISTEMA PENITENCIARIO SAO PAULO;CARANDIRU;37;HOSP MUN IGNACIO PROENCA DE GOUVEA;PARQUE DA MOOCA;9500;9.5;1076;17.95;ok;
48;CENTRO HOSPITALAR DO SISTEMA PENITENCIARIO SAO PAULO;CARANDIRU;38;HOSPITAL INFANTIL CANDIDO FONTOURA SAO PAULO;AGUA RASA;8300;8.3;910;15.18;ok;
48;CENTRO HOSPITALAR DO SISTEMA PENITENCIARIO SAO PAULO;CARANDIRU;40;HOSPITAL REGIONAL SUL SAO PAULO;SANTO AMARO;36590;36.59;2156;35.94;ok;
48;CENTRO HOSPITALAR DO SISTEMA PENITENCIARIO SAO PAULO;CARANDIRU;42;HOSPITAL ESTADUAL DE SAPOPEMBA SAO PAULO;JARDIM SAPOPEMBA;22960;22.96;2073;34.56;ok;
48;CENTRO HOSPITALAR DO SISTEMA PENITENCIARIO SAO PAULO;CARANDIRU;43;HOSPITAL GERAL DE VILA PENTEADO DR JOSE PANGELLA SAO PAULO;JARDIM IRACEMA;12500;12.5;905;15.09;ok;
48;CENTRO HOSPITALAR DO SISTEMA PENITENCIARIO SAO PAULO;CARANDIRU;46;HOSP DO SERV PUB MUNICIPAL HSPM;LIBERDADE;8080;8.08;1017;16.97;ok;
48;CENTRO HOSPITALAR DO SISTEMA PENITENCIARIO SAO PAULO;CARANDIRU;47;HOSP MUN FERNANDO MAURO PIRES DA ROCHA;CAMPO LIMPO;35710;35.71;2020;33.68;ok;
48;CENTRO HOSPITALAR DO SISTEMA PENITENCIARIO SAO PAULO;CARANDIRU;48;CENTRO HOSPITALAR DO SISTEMA PENITENCIARIO SAO PAULO;CARANDIRU;0;0.0;0;0.0;ok;
48;CENTRO HOSPITALAR DO SISTEMA PENITENCIARIO SAO PAULO;CARANDIRU;49;HOSP MUN VER JOSE STOROPOLLI;PARQUE NOVO MUNDO;8800;8.8;1031;17.2;ok;
48;CENTRO HOSPITALAR DO SISTEMA PENITENCIARIO SAO PAULO;CARANDIRU;50;CENTRO MEDICO PMESP;TREMEMBE;6610;6.61;772;12.87;ok;
48;CENTRO HOSPITALAR DO SISTEMA PENITENCIARIO SAO PAULO;CARANDIRU;51;HOSP MUN CARMEN PRUDENTE;CIDADE TIRADENTES;29840;29.84;2674;44.58;ok;
48;CENTRO HOSPITALAR DO SISTEMA PENITENCIARIO SAO PAULO;CARANDIRU;53;INSTITUTO DE REABILITACAO LUCY MONTORO;VILA ANDRADE;33530;33.53;1885;31.43;ok;
48;CENTRO HOSPITALAR DO SISTEMA PENITENCIARIO SAO PAULO;CARANDIRU;55;INSTITUTO DO CANCER DO ESTADO DE SAO PAULO;CERQUEIRA CESAR;11310;11.31;1206;20.12;ok;
48;CENTRO HOSPITALAR DO SISTEMA PENITENCIARIO SAO PAULO;CARANDIRU;56;HOSP MUN SOROCABANA;VILA ROMANA;11970;11.97;1016;16.94;ok;
48;CENTRO HOSPITALAR DO SISTEMA PENITENCIARIO SAO PAULO;CARANDIRU;57;HOSP MUN GILSON DE CASSIA MARQUES DE CARVALHO;VILA MASCOTE;19060;19.06;1962;32.7;ok;
48;CENTRO HOSPITALAR DO SISTEMA PENITENCIARIO SAO PAULO;CARANDIRU;58;HOSP MUN CAPELA DO SOCORRO;JARDIM DAS IMBUIAS;45470;45.47;3029;50.49;ok;
48;CENTRO HOSPITALAR DO SISTEMA PENITENCIARIO SAO PAULO;CARANDIRU;59;HOSP MUN JOSANIAS CASTANHA BRAGA;JARDIM ROSCHEL;58540;58.54;3899;64.99;ok;
48;CENTRO HOSPITALAR DO SISTEMA PENITENCIARIO SAO PAULO;CARANDIRU;233;HOSP MUN SOROCABANA;ALTO DE PINHEIROS;16920;16.92;1336;22.27;ok;
49;HOSP MUN VER JOSE STOROPOLLI;PARQUE NOVO MUNDO;1;HOSPITAL MUNICIPAL SANTA DULCE DOS POBRES;CONSOLACAO;14100;14.1;1312;21.88;ok;
49;HOSP MUN VER JOSE STOROPOLLI;PARQUE NOVO MUNDO;2;HOSPITAL MUNICIPAL BRASILANDIA;JARDIM MARISTELA;19750;19.75;1277;21.29;ok;
49;HOSP MUN VER JOSE STOROPOLLI;PARQUE NOVO MUNDO;3;HOSPITAL MUNICIPAL GUARAPIRANGA;RIVIERA PAULISTA;45780;45.78;2602;43.38;ok;
49;HOSP MUN VER JOSE STOROPOLLI;PARQUE NOVO MUNDO;4;INSTITUTO DE INFECTOLOGIA EMILIO RIBAS;SUMARE;16140;16.14;1197;19.95;ok;
49;HOSP MUN VER JOSE STOROPOLLI;PARQUE NOVO MUNDO;5;HOSPITAL DO SERV PUB EST FCO MORATO DE OLIVEIRA SAO PAULO;IBIRAPUERA;17870;17.87;1561;26.03;ok;
49;HOSP MUN VER JOSE STOROPOLLI;PARQUE NOVO MUNDO;6;HOSPITAL MATERNIDADE INTERLAGOS;JD LEBLON;47080;47.08;2738;45.63;ok;
49;HOSP MUN VER JOSE STOROPOLLI;PARQUE NOVO MUNDO;7;HOSPITAL GERAL DE PEDREIRA;VILA CAMPO GRANDE;46070;46.07;2698;44.97;ok;
49;HOSP MUN VER JOSE STOROPOLLI;PARQUE NOVO MUNDO;8;HOSPITAL HELIOPOLIS UNIDADE DE GESTAO ASSISTENCIAL I;V HELIOPOLIS;14620;14.62;1466;24.44;ok;
49;HOSP MUN VER JOSE STOROPOLLI;PARQUE NOVO MUNDO;10;HOSPITAL INFANTIL DARCY VARGAS UGA III SAO PAULO;JARDIM GUEDALA;32759;32.76;1826;30.44;ok;
49;HOSP MUN VER JOSE STOROPOLLI;PARQUE NOVO MUNDO;11;HOSP MUN MATERNIDADE PROFESSOR MARIO DEGNI;VILA ANTONIO;29080;29.08;1739;28.99;ok;
49;HOSP MUN VER JOSE STOROPOLLI;PARQUE NOVO MUNDO;12;HOSPITAL UNIVERSITARIO DA USP SAO PAULO;BUTANTA;27150;27.15;1639;27.32;ok;
49;HOSP MUN VER JOSE STOROPOLLI;PARQUE NOVO MUNDO;13;CAISM PHILIPPE PINEL SAO PAULO;PIRITUBA;19950;19.95;1303;21.73;ok;
49;HOSP MUN VER JOSE STOROPOLLI;PARQUE NOVO MUNDO;14;HOSPITAL GERAL HENRIQUE ALTIMEYER DE VILA ALPINA;VILA ALPINA;11370;11.37;1054;17.58;ok;
49;HOSP MUN VER JOSE STOROPOLLI;PARQUE NOVO MUNDO;16;HOSPITAL GERAL DE SAO MATEUS SAO PAULO;SAO MATEUS;13840;13.84;1303;21.73;ok;
49;HOSP MUN VER JOSE STOROPOLLI;PARQUE NOVO MUNDO;17;UNIDADE DE GESTAO ASSISTENCIAL II HOSPITAL IPIRANGA SP;IPIRANGA;12640;12.64;1282;21.38;ok;
49;HOSP MUN VER JOSE STOROPOLLI;PARQUE NOVO MUNDO;18;CONJUNTO HOSPITALAR DO MANDAQUI SAO PAULO;SANTANA;11640;11.64;1036;17.28;ok;
49;HOSP MUN VER JOSE STOROPOLLI;PARQUE NOVO MUNDO;19;HOSPITAL GERAL SANTA MARCELINA DE ITAIM PAULISTA SAO PAULO;ITAIM PAULISTA;27330;27.33;1758;29.31;ok;
49;HOSP MUN VER JOSE STOROPOLLI;PARQUE NOVO MUNDO;20;HOSP MUN PROF DR WALDOMIRO DE PAULA;ITAQUERA;16450;16.45;1634;27.24;ok;
49;HOSP MUN VER JOSE STOROPOLLI;PARQUE NOVO MUNDO;21;HOSPITAL GERAL DO GRAJAU PROF LIBER JOHN ALPHONSE DI DIO SP;PARQUE DAS NACOES;26400;26.4;2205;36.77;ok;
49;HOSP MUN VER JOSE STOROPOLLI;PARQUE NOVO MUNDO;22;HOSPITAL E MATERNIDADE LEONOR MENDES DE BARROS SAO PAULO;BELENZINHO;4400;4.4;459;7.66;ok;
49;HOSP MUN VER JOSE STOROPOLLI;PARQUE NOVO MUNDO;23;CENTRO DE REFERENCIA E TREINAMENTO DST AIDS SAO PAULO;VILA MARIANA;17500;17.5;1640;27.35;ok;
49;HOSP MUN VER JOSE STOROPOLLI;PARQUE NOVO MUNDO;24;HOSPITAL MILITAR DE AREA DE SAO PAULO;CAMBUCI;11600;11.6;1237;20.62;ok;
49;HOSP MUN VER JOSE STOROPOLLI;PARQUE NOVO MUNDO;25;CENTRO DE REFERENCIA DA SAUDE DA MULHER;CAMPOS ELISEOS;13080;13.08;972;16.21;ok;
49;HOSP MUN VER JOSE STOROPOLLI;PARQUE NOVO MUNDO;26;HOSP MUN INFANTIL MENINO JESUS;BELA VISTA;13990;13.99;1313;21.89;ok;
49;HOSP MUN VER JOSE STOROPOLLI;PARQUE NOVO MUNDO;28;HOSP MUN MAT ESC DR MARIO DE MORAES A SILVA;VILA NOVA CACHOEIRIN;17860;17.86;1181;19.69;ok;
49;HOSP MUN VER JOSE STOROPOLLI;PARQUE NOVO MUNDO;29;HOSPITAL GERAL JESUS TEIXEIRA DA COSTA GUAIANASES SAO PAULO;JARDIM SAO PAULO;22380;22.38;2140;35.68;ok;
49;HOSP MUN VER JOSE STOROPOLLI;PARQUE NOVO MUNDO;30;HOSP MUN DR CARMINO CARICCHIO;TATUAPE;4350;4.35;526;8.78;ok;
49;HOSP MUN VER JOSE STOROPOLLI;PARQUE NOVO MUNDO;31;HOSP MUN TIDE SETUBAL;SAO MIGUEL PAULISTA;20740;20.74;1444;24.08;ok;
49;HOSP MUN VER JOSE STOROPOLLI;PARQUE NOVO MUNDO;32;HOSP MUN V NHOCUNE ALEXANDRE ZAIO;VILA NHOCUNE;10860;10.86;1113;18.56;ok;
49;HOSP MUN VER JOSE STOROPOLLI;PARQUE NOVO MUNDO;33;HOSP MUN JABAQUARA ARTUR RIBEIRO DE SABOYA;JABAQUARA;22850;22.85;2302;38.38;ok;
49;HOSP MUN VER JOSE STOROPOLLI;PARQUE NOVO MUNDO;34;HOSPITAL KATIA DE SOUZA RODRIGUES TAIPASSP SAO PAULO;PARADA DE TAIPAS;24220;24.22;1570;26.17;ok;
49;HOSP MUN VER JOSE STOROPOLLI;PARQUE NOVO MUNDO;35;HOSP MUN PROFESSOR DOUTOR ALIPIO CORREA NETTO;VILA PARANAGUA;12710;12.71;1417;23.62;ok;
49;HOSP MUN VER JOSE STOROPOLLI;PARQUE NOVO MUNDO;36;HOSPITAL MUNICIPAL DR BENEDITO MONTENEGRO;JARDIM IVA;12790;12.79;1219;20.32;ok;
49;HOSP MUN VER JOSE STOROPOLLI;PARQUE NOVO MUNDO;37;HOSP MUN IGNACIO PROENCA DE GOUVEA;PARQUE DA MOOCA;9580;9.58;927;15.46;ok;
49;HOSP MUN VER JOSE STOROPOLLI;PARQUE NOVO MUNDO;38;HOSPITAL INFANTIL CANDIDO FONTOURA SAO PAULO;AGUA RASA;7080;7.08;691;11.53;ok;
49;HOSP MUN VER JOSE STOROPOLLI;PARQUE NOVO MUNDO;40;HOSPITAL REGIONAL SUL SAO PAULO;SANTO AMARO;41650;41.65;2283;38.06;ok;
49;HOSP MUN VER JOSE STOROPOLLI;PARQUE NOVO MUNDO;42;HOSPITAL ESTADUAL DE SAPOPEMBA SAO PAULO;JARDIM SAPOPEMBA;15980;15.98;1561;26.02;ok;
49;HOSP MUN VER JOSE STOROPOLLI;PARQUE NOVO MUNDO;43;HOSPITAL GERAL DE VILA PENTEADO DR JOSE PANGELLA SAO PAULO;JARDIM IRACEMA;17560;17.56;1032;17.21;ok;
49;HOSP MUN VER JOSE STOROPOLLI;PARQUE NOVO MUNDO;46;HOSP DO SERV PUB MUNICIPAL HSPM;LIBERDADE;11660;11.66;1201;20.02;ok;
49;HOSP MUN VER JOSE STOROPOLLI;PARQUE NOVO MUNDO;47;HOSP MUN FERNANDO MAURO PIRES DA ROCHA;CAMPO LIMPO;40770;40.77;2148;35.8;ok;
49;HOSP MUN VER JOSE STOROPOLLI;PARQUE NOVO MUNDO;48;CENTRO HOSPITALAR DO SISTEMA PENITENCIARIO SAO PAULO;CARANDIRU;7950;7.95;616;10.27;ok;
49;HOSP MUN VER JOSE STOROPOLLI;PARQUE NOVO MUNDO;49;HOSP MUN VER JOSE STOROPOLLI;PARQUE NOVO MUNDO;0;0.0;0;0.0;ok;
49;HOSP MUN VER JOSE STOROPOLLI;PARQUE NOVO MUNDO;50;CENTRO MEDICO PMESP;TREMEMBE;13200;13.2;1189;19.83;ok;
49;HOSP MUN VER JOSE STOROPOLLI;PARQUE NOVO MUNDO;51;HOSP MUN CARMEN PRUDENTE;CIDADE TIRADENTES;22870;22.87;2162;36.05;ok;
49;HOSP MUN VER JOSE STOROPOLLI;PARQUE NOVO MUNDO;53;INSTITUTO DE REABILITACAO LUCY MONTORO;VILA ANDRADE;38590;38.59;2013;33.55;ok;
49;HOSP MUN VER JOSE STOROPOLLI;PARQUE NOVO MUNDO;55;INSTITUTO DO CANCER DO ESTADO DE SAO PAULO;CERQUEIRA CESAR;16379;16.38;1334;22.24;ok;
49;HOSP MUN VER JOSE STOROPOLLI;PARQUE NOVO MUNDO;56;HOSP MUN SOROCABANA;VILA ROMANA;17040;17.04;1143;19.06;ok;
49;HOSP MUN VER JOSE STOROPOLLI;PARQUE NOVO MUNDO;57;HOSP MUN GILSON DE CASSIA MARQUES DE CARVALHO;VILA MASCOTE;24890;24.89;2239;37.32;ok;
49;HOSP MUN VER JOSE STOROPOLLI;PARQUE NOVO MUNDO;58;HOSP MUN CAPELA DO SOCORRO;JARDIM DAS IMBUIAS;50530;50.53;3156;52.62;ok;
49;HOSP MUN VER JOSE STOROPOLLI;PARQUE NOVO MUNDO;59;HOSP MUN JOSANIAS CASTANHA BRAGA;JARDIM ROSCHEL;63600;63.6;4026;67.11;ok;
49;HOSP MUN VER JOSE STOROPOLLI;PARQUE NOVO MUNDO;233;HOSP MUN SOROCABANA;ALTO DE PINHEIROS;21980;21.98;1463;24.39;ok;
50;CENTRO MEDICO PMESP;TREMEMBE;1;HOSPITAL MUNICIPAL SANTA DULCE DOS POBRES;CONSOLACAO;12590;12.59;1537;25.62;ok;
50;CENTRO MEDICO PMESP;TREMEMBE;2;HOSPITAL MUNICIPAL BRASILANDIA;JARDIM MARISTELA;13690;13.69;1363;22.72;ok;
50;CENTRO MEDICO PMESP;TREMEMBE;3;HOSPITAL MUNICIPAL GUARAPIRANGA;RIVIERA PAULISTA;43940;43.94;3066;51.11;ok;
50;CENTRO MEDICO PMESP;TREMEMBE;4;INSTITUTO DE INFECTOLOGIA EMILIO RIBAS;SUMARE;13990;13.99;1505;25.09;ok;
50;CENTRO MEDICO PMESP;TREMEMBE;5;HOSPITAL DO SERV PUB EST FCO MORATO DE OLIVEIRA SAO PAULO;IBIRAPUERA;16360;16.36;1786;29.78;ok;
50;CENTRO MEDICO PMESP;TREMEMBE;6;HOSPITAL MATERNIDADE INTERLAGOS;JD LEBLON;45230;45.23;3201;53.36;ok;
50;CENTRO MEDICO PMESP;TREMEMBE;7;HOSPITAL GERAL DE PEDREIRA;VILA CAMPO GRANDE;28100;28.1;2963;49.39;ok;
50;CENTRO MEDICO PMESP;TREMEMBE;8;HOSPITAL HELIOPOLIS UNIDADE DE GESTAO ASSISTENCIAL I;V HELIOPOLIS;18550;18.55;1987;33.13;ok;
50;CENTRO MEDICO PMESP;TREMEMBE;10;HOSPITAL INFANTIL DARCY VARGAS UGA III SAO PAULO;JARDIM GUEDALA;19860;19.86;2239;37.33;ok;
50;CENTRO MEDICO PMESP;TREMEMBE;11;HOSP MUN MATERNIDADE PROFESSOR MARIO DEGNI;VILA ANTONIO;27230;27.23;2202;36.71;ok;
50;CENTRO MEDICO PMESP;TREMEMBE;12;HOSPITAL UNIVERSITARIO DA USP SAO PAULO;BUTANTA;25300;25.3;2102;35.05;ok;
50;CENTRO MEDICO PMESP;TREMEMBE;13;CAISM PHILIPPE PINEL SAO PAULO;PIRITUBA;18200;18.2;1654;27.57;ok;
50;CENTRO MEDICO PMESP;TREMEMBE;14;HOSPITAL GERAL HENRIQUE ALTIMEYER DE VILA ALPINA;VILA ALPINA;24510;24.51;1953;32.56;ok;
50;CENTRO MEDICO PMESP;TREMEMBE;16;HOSPITAL GERAL DE SAO MATEUS SAO PAULO;SAO MATEUS;26440;26.44;2213;36.88;ok;
50;CENTRO MEDICO PMESP;TREMEMBE;17;UNIDADE DE GESTAO ASSISTENCIAL II HOSPITAL IPIRANGA SP;IPIRANGA;15320;15.32;1714;28.58;ok;
50;CENTRO MEDICO PMESP;TREMEMBE;18;CONJUNTO HOSPITALAR DO MANDAQUI SAO PAULO;SANTANA;3850;3.85;463;7.72;ok;
50;CENTRO MEDICO PMESP;TREMEMBE;19;HOSPITAL GERAL SANTA MARCELINA DE ITAIM PAULISTA SAO PAULO;ITAIM PAULISTA;36920;36.92;2595;43.26;ok;
50;CENTRO MEDICO PMESP;TREMEMBE;20;HOSP MUN PROF DR WALDOMIRO DE PAULA;ITAQUERA;33420;33.42;2499;41.66;ok;
50;CENTRO MEDICO PMESP;TREMEMBE;21;HOSPITAL GERAL DO GRAJAU PROF LIBER JOHN ALPHONSE DI DIO SP;PARQUE DAS NACOES;30570;30.57;2789;46.5;ok;
50;CENTRO MEDICO PMESP;TREMEMBE;22;HOSPITAL E MATERNIDADE LEONOR MENDES DE BARROS SAO PAULO;BELENZINHO;17540;17.54;1358;22.64;ok;
50;CENTRO MEDICO PMESP;TREMEMBE;23;CENTRO DE REFERENCIA E TREINAMENTO DST AIDS SAO PAULO;VILA MARIANA;15990;15.99;1865;31.09;ok;
50;CENTRO MEDICO PMESP;TREMEMBE;24;HOSPITAL MILITAR DE AREA DE SAO PAULO;CAMBUCI;13920;13.92;1586;26.44;ok;
50;CENTRO MEDICO PMESP;TREMEMBE;25;CENTRO DE REFERENCIA DA SAUDE DA MULHER;CAMPOS ELISEOS;10990;10.99;1228;20.47;ok;
50;CENTRO MEDICO PMESP;TREMEMBE;26;HOSP MUN INFANTIL MENINO JESUS;BELA VISTA;12480;12.48;1538;25.64;ok;
50;CENTRO MEDICO PMESP;TREMEMBE;28;HOSP MUN MAT ESC DR MARIO DE MORAES A SILVA;VILA NOVA CACHOEIRIN;9420;9.42;846;14.11;ok;
50;CENTRO MEDICO PMESP;TREMEMBE;29;HOSPITAL GERAL JESUS TEIXEIRA DA COSTA GUAIANASES SAO PAULO;JARDIM SAO PAULO;34970;34.97;3050;50.83;ok;
50;CENTRO MEDICO PMESP;TREMEMBE;30;HOSP MUN DR CARMINO CARICCHIO;TATUAPE;16950;16.95;1435;23.93;ok;
50;CENTRO MEDICO PMESP;TREMEMBE;31;HOSP MUN TIDE SETUBAL;SAO MIGUEL PAULISTA;29880;29.88;2255;37.59;ok;
50;CENTRO MEDICO PMESP;TREMEMBE;32;HOSP MUN V NHOCUNE ALEXANDRE ZAIO;VILA NHOCUNE;23450;23.45;2022;33.71;ok;
50;CENTRO MEDICO PMESP;TREMEMBE;33;HOSP MUN JABAQUARA ARTUR RIBEIRO DE SABOYA;JABAQUARA;23530;23.53;2551;42.53;ok;
50;CENTRO MEDICO PMESP;TREMEMBE;34;HOSPITAL KATIA DE SOUZA RODRIGUES TAIPASSP SAO PAULO;PARADA DE TAIPAS;16680;16.68;1562;26.03;ok;
50;CENTRO MEDICO PMESP;TREMEMBE;35;HOSP MUN PROFESSOR DOUTOR ALIPIO CORREA NETTO;VILA PARANAGUA;29470;29.47;2207;36.79;ok;
50;CENTRO MEDICO PMESP;TREMEMBE;36;HOSPITAL MUNICIPAL DR BENEDITO MONTENEGRO;JARDIM IVA;25380;25.38;2128;35.48;ok;
50;CENTRO MEDICO PMESP;TREMEMBE;37;HOSP MUN IGNACIO PROENCA DE GOUVEA;PARQUE DA MOOCA;14340;14.34;1661;27.69;ok;
50;CENTRO MEDICO PMESP;TREMEMBE;38;HOSPITAL INFANTIL CANDIDO FONTOURA SAO PAULO;AGUA RASA;13140;13.14;1495;24.92;ok;
50;CENTRO MEDICO PMESP;TREMEMBE;40;HOSPITAL REGIONAL SUL SAO PAULO;SANTO AMARO;25480;25.48;2732;45.55;ok;
50;CENTRO MEDICO PMESP;TREMEMBE;42;HOSPITAL ESTADUAL DE SAPOPEMBA SAO PAULO;JARDIM SAPOPEMBA;28580;28.58;2470;41.18;ok;
50;CENTRO MEDICO PMESP;TREMEMBE;43;HOSPITAL GERAL DE VILA PENTEADO DR JOSE PANGELLA SAO PAULO;JARDIM IRACEMA;13900;13.9;1249;20.82;ok;
50;CENTRO MEDICO PMESP;TREMEMBE;46;HOSP DO SERV PUB MUNICIPAL HSPM;LIBERDADE;13030;13.03;1569;26.16;ok;
50;CENTRO MEDICO PMESP;TREMEMBE;47;HOSP MUN FERNANDO MAURO PIRES DA ROCHA;CAMPO LIMPO;38920;38.92;2611;43.53;ok;
50;CENTRO MEDICO PMESP;TREMEMBE;48;CENTRO HOSPITALAR DO SISTEMA PENITENCIARIO SAO PAULO;CARANDIRU;5910;5.91;713;11.9;ok;
50;CENTRO MEDICO PMESP;TREMEMBE;49;HOSP MUN VER JOSE STOROPOLLI;PARQUE NOVO MUNDO;14410;14.41;1215;20.26;ok;
50;CENTRO MEDICO PMESP;TREMEMBE;50;CENTRO MEDICO PMESP;TREMEMBE;0;0.0;0;0.0;ok;
50;CENTRO MEDICO PMESP;TREMEMBE;51;HOSP MUN CARMEN PRUDENTE;CIDADE TIRADENTES;35460;35.46;3071;51.2;ok;
50;CENTRO MEDICO PMESP;TREMEMBE;53;INSTITUTO DE REABILITACAO LUCY MONTORO;VILA ANDRADE;36740;36.74;2476;41.28;ok;
50;CENTRO MEDICO PMESP;TREMEMBE;55;INSTITUTO DO CANCER DO ESTADO DE SAO PAULO;CERQUEIRA CESAR;14290;14.29;1589;26.49;ok;
50;CENTRO MEDICO PMESP;TREMEMBE;56;HOSP MUN SOROCABANA;VILA ROMANA;15100;15.1;1504;25.08;ok;
50;CENTRO MEDICO PMESP;TREMEMBE;57;HOSP MUN GILSON DE CASSIA MARQUES DE CARVALHO;VILA MASCOTE;23380;23.38;2463;41.06;ok;
50;CENTRO MEDICO PMESP;TREMEMBE;58;HOSP MUN CAPELA DO SOCORRO;JARDIM DAS IMBUIAS;48680;48.68;3620;60.34;ok;
50;CENTRO MEDICO PMESP;TREMEMBE;59;HOSP MUN JOSANIAS CASTANHA BRAGA;JARDIM ROSCHEL;61750;61.75;4490;74.83;ok;
50;CENTRO MEDICO PMESP;TREMEMBE;233;HOSP MUN SOROCABANA;ALTO DE PINHEIROS;17740;17.74;1860;31.01;ok;
51;HOSP MUN CARMEN PRUDENTE;CIDADE TIRADENTES;1;HOSPITAL MUNICIPAL SANTA DULCE DOS POBRES;CONSOLACAO;30900;30.9;2999;49.99;ok;
51;HOSP MUN CARMEN PRUDENTE;CIDADE TIRADENTES;2;HOSPITAL MUNICIPAL BRASILANDIA;JARDIM MARISTELA;50200;50.2;3239;53.99;ok;
51;HOSP MUN CARMEN PRUDENTE;CIDADE TIRADENTES;3;HOSPITAL MUNICIPAL GUARAPIRANGA;RIVIERA PAULISTA;47480;47.48;4513;75.22;ok;
51;HOSP MUN CARMEN PRUDENTE;CIDADE TIRADENTES;4;INSTITUTO DE INFECTOLOGIA EMILIO RIBAS;SUMARE;46590;46.59;3159;52.66;ok;
51;HOSP MUN CARMEN PRUDENTE;CIDADE TIRADENTES;5;HOSPITAL DO SERV PUB EST FCO MORATO DE OLIVEIRA SAO PAULO;IBIRAPUERA;30830;30.83;3014;50.24;ok;
51;HOSP MUN CARMEN PRUDENTE;CIDADE TIRADENTES;6;HOSPITAL MATERNIDADE INTERLAGOS;JD LEBLON;41780;41.78;3989;66.49;ok;
51;HOSP MUN CARMEN PRUDENTE;CIDADE TIRADENTES;7;HOSPITAL GERAL DE PEDREIRA;VILA CAMPO GRANDE;37460;37.46;3589;59.82;ok;
51;HOSP MUN CARMEN PRUDENTE;CIDADE TIRADENTES;8;HOSPITAL HELIOPOLIS UNIDADE DE GESTAO ASSISTENCIAL I;V HELIOPOLIS;25640;25.64;2449;40.83;ok;
51;HOSP MUN CARMEN PRUDENTE;CIDADE TIRADENTES;10;HOSPITAL INFANTIL DARCY VARGAS UGA III SAO PAULO;JARDIM GUEDALA;37760;37.76;3782;63.05;ok;
51;HOSP MUN CARMEN PRUDENTE;CIDADE TIRADENTES;11;HOSP MUN MATERNIDADE PROFESSOR MARIO DEGNI;VILA ANTONIO;59520;59.52;3701;61.69;ok;
51;HOSP MUN CARMEN PRUDENTE;CIDADE TIRADENTES;12;HOSPITAL UNIVERSITARIO DA USP SAO PAULO;BUTANTA;57600;57.6;3601;60.03;ok;
51;HOSP MUN CARMEN PRUDENTE;CIDADE TIRADENTES;13;CAISM PHILIPPE PINEL SAO PAULO;PIRITUBA;50400;50.4;3266;54.44;ok;
51;HOSP MUN CARMEN PRUDENTE;CIDADE TIRADENTES;14;HOSPITAL GERAL HENRIQUE ALTIMEYER DE VILA ALPINA;VILA ALPINA;20140;20.14;1857;30.96;ok;
51;HOSP MUN CARMEN PRUDENTE;CIDADE TIRADENTES;16;HOSPITAL GERAL DE SAO MATEUS SAO PAULO;SAO MATEUS;9610;9.61;991;16.53;ok;
51;HOSP MUN CARMEN PRUDENTE;CIDADE TIRADENTES;17;UNIDADE DE GESTAO ASSISTENCIAL II HOSPITAL IPIRANGA SP;IPIRANGA;24550;24.55;2275;37.93;ok;
51;HOSP MUN CARMEN PRUDENTE;CIDADE TIRADENTES;18;CONJUNTO HOSPITALAR DO MANDAQUI SAO PAULO;SANTANA;42090;42.09;2999;49.99;ok;
51;HOSP MUN CARMEN PRUDENTE;CIDADE TIRADENTES;19;HOSPITAL GERAL SANTA MARCELINA DE ITAIM PAULISTA SAO PAULO;ITAIM PAULISTA;14080;14.08;1292;21.54;ok;
51;HOSP MUN CARMEN PRUDENTE;CIDADE TIRADENTES;20;HOSP MUN PROF DR WALDOMIRO DE PAULA;ITAQUERA;8650;8.65;815;13.6;ok;
51;HOSP MUN CARMEN PRUDENTE;CIDADE TIRADENTES;21;HOSPITAL GERAL DO GRAJAU PROF LIBER JOHN ALPHONSE DI DIO SP;PARQUE DAS NACOES;28150;28.15;2535;42.26;ok;
51;HOSP MUN CARMEN PRUDENTE;CIDADE TIRADENTES;22;HOSPITAL E MATERNIDADE LEONOR MENDES DE BARROS SAO PAULO;BELENZINHO;23550;23.55;2230;37.17;ok;
51;HOSP MUN CARMEN PRUDENTE;CIDADE TIRADENTES;23;CENTRO DE REFERENCIA E TREINAMENTO DST AIDS SAO PAULO;VILA MARIANA;29100;29.1;2829;47.16;ok;
51;HOSP MUN CARMEN PRUDENTE;CIDADE TIRADENTES;24;HOSPITAL MILITAR DE AREA DE SAO PAULO;CAMBUCI;26650;26.65;2477;41.3;ok;
51;HOSP MUN CARMEN PRUDENTE;CIDADE TIRADENTES;25;CENTRO DE REFERENCIA DA SAUDE DA MULHER;CAMPOS ELISEOS;31030;31.03;2918;48.65;ok;
51;HOSP MUN CARMEN PRUDENTE;CIDADE TIRADENTES;26;HOSP MUN INFANTIL MENINO JESUS;BELA VISTA;30200;30.2;2981;49.69;ok;
51;HOSP MUN CARMEN PRUDENTE;CIDADE TIRADENTES;28;HOSP MUN MAT ESC DR MARIO DE MORAES A SILVA;VILA NOVA CACHOEIRIN;48310;48.31;3143;52.4;ok;
51;HOSP MUN CARMEN PRUDENTE;CIDADE TIRADENTES;29;HOSPITAL GERAL JESUS TEIXEIRA DA COSTA GUAIANASES SAO PAULO;JARDIM SAO PAULO;4820;4.82;471;7.86;ok;
51;HOSP MUN CARMEN PRUDENTE;CIDADE TIRADENTES;30;HOSP MUN DR CARMINO CARICCHIO;TATUAPE;21670;21.67;2047;34.13;ok;
51;HOSP MUN CARMEN PRUDENTE;CIDADE TIRADENTES;31;HOSP MUN TIDE SETUBAL;SAO MIGUEL PAULISTA;11360;11.36;1178;19.64;ok;
51;HOSP MUN CARMEN PRUDENTE;CIDADE TIRADENTES;32;HOSP MUN V NHOCUNE ALEXANDRE ZAIO;VILA NHOCUNE;13560;13.56;1348;22.48;ok;
51;HOSP MUN CARMEN PRUDENTE;CIDADE TIRADENTES;33;HOSP MUN JABAQUARA ARTUR RIBEIRO DE SABOYA;JABAQUARA;34630;34.63;3099;51.67;ok;
51;HOSP MUN CARMEN PRUDENTE;CIDADE TIRADENTES;34;HOSPITAL KATIA DE SOUZA RODRIGUES TAIPASSP SAO PAULO;PARADA DE TAIPAS;54660;54.66;3532;58.87;ok;
51;HOSP MUN CARMEN PRUDENTE;CIDADE TIRADENTES;35;HOSP MUN PROFESSOR DOUTOR ALIPIO CORREA NETTO;VILA PARANAGUA;15520;15.52;1500;25.01;ok;
51;HOSP MUN CARMEN PRUDENTE;CIDADE TIRADENTES;36;HOSPITAL MUNICIPAL DR BENEDITO MONTENEGRO;JARDIM IVA;12880;12.88;1374;22.9;ok;
51;HOSP MUN CARMEN PRUDENTE;CIDADE TIRADENTES;37;HOSP MUN IGNACIO PROENCA DE GOUVEA;PARQUE DA MOOCA;23160;23.16;2124;35.4;ok;
51;HOSP MUN CARMEN PRUDENTE;CIDADE TIRADENTES;38;HOSPITAL INFANTIL CANDIDO FONTOURA SAO PAULO;AGUA RASA;21660;21.66;2166;36.12;ok;
51;HOSP MUN CARMEN PRUDENTE;CIDADE TIRADENTES;40;HOSPITAL REGIONAL SUL SAO PAULO;SANTO AMARO;40590;40.59;3854;64.24;ok;
51;HOSP MUN CARMEN PRUDENTE;CIDADE TIRADENTES;42;HOSPITAL ESTADUAL DE SAPOPEMBA SAO PAULO;JARDIM SAPOPEMBA;11320;11.32;1162;19.38;ok;
51;HOSP MUN CARMEN PRUDENTE;CIDADE TIRADENTES;43;HOSPITAL GERAL DE VILA PENTEADO DR JOSE PANGELLA SAO PAULO;JARDIM IRACEMA;48010;48.01;2994;49.92;ok;
51;HOSP MUN CARMEN PRUDENTE;CIDADE TIRADENTES;46;HOSP DO SERV PUB MUNICIPAL HSPM;LIBERDADE;29110;29.11;2806;46.77;ok;
51;HOSP MUN CARMEN PRUDENTE;CIDADE TIRADENTES;47;HOSP MUN FERNANDO MAURO PIRES DA ROCHA;CAMPO LIMPO;71210;71.21;4110;68.51;ok;
51;HOSP MUN CARMEN PRUDENTE;CIDADE TIRADENTES;48;CENTRO HOSPITALAR DO SISTEMA PENITENCIARIO SAO PAULO;CARANDIRU;38400;38.4;2578;42.97;ok;
51;HOSP MUN CARMEN PRUDENTE;CIDADE TIRADENTES;49;HOSP MUN VER JOSE STOROPOLLI;PARQUE NOVO MUNDO;22160;22.16;2133;35.56;ok;
51;HOSP MUN CARMEN PRUDENTE;CIDADE TIRADENTES;50;CENTRO MEDICO PMESP;TREMEMBE;36580;36.58;3117;51.96;ok;
51;HOSP MUN CARMEN PRUDENTE;CIDADE TIRADENTES;51;HOSP MUN CARMEN PRUDENTE;CIDADE TIRADENTES;0;0.0;0;0.0;ok;
51;HOSP MUN CARMEN PRUDENTE;CIDADE TIRADENTES;53;INSTITUTO DE REABILITACAO LUCY MONTORO;VILA ANDRADE;69030;69.03;3975;66.26;ok;
51;HOSP MUN CARMEN PRUDENTE;CIDADE TIRADENTES;55;INSTITUTO DO CANCER DO ESTADO DE SAO PAULO;CERQUEIRA CESAR;46820;46.82;3296;54.94;ok;
51;HOSP MUN CARMEN PRUDENTE;CIDADE TIRADENTES;56;HOSP MUN SOROCABANA;VILA ROMANA;47480;47.48;3106;51.77;ok;
51;HOSP MUN CARMEN PRUDENTE;CIDADE TIRADENTES;57;HOSP MUN GILSON DE CASSIA MARQUES DE CARVALHO;VILA MASCOTE;36730;36.73;3328;55.47;ok;
51;HOSP MUN CARMEN PRUDENTE;CIDADE TIRADENTES;58;HOSP MUN CAPELA DO SOCORRO;JARDIM DAS IMBUIAS;43750;43.75;4243;70.73;ok;
51;HOSP MUN CARMEN PRUDENTE;CIDADE TIRADENTES;59;HOSP MUN JOSANIAS CASTANHA BRAGA;JARDIM ROSCHEL;56150;56.15;5046;84.11;ok;
51;HOSP MUN CARMEN PRUDENTE;CIDADE TIRADENTES;233;HOSP MUN SOROCABANA;ALTO DE PINHEIROS;52430;52.43;3425;57.1;ok;
53;INSTITUTO DE REABILITACAO LUCY MONTORO;VILA ANDRADE;1;HOSPITAL MUNICIPAL SANTA DULCE DOS POBRES;CONSOLACAO;15250;15.25;1386;23.11;ok;
53;INSTITUTO DE REABILITACAO LUCY MONTORO;VILA ANDRADE;2;HOSPITAL MUNICIPAL BRASILANDIA;JARDIM MARISTELA;29670;29.67;1988;33.15;ok;
53;INSTITUTO DE REABILITACAO LUCY MONTORO;VILA ANDRADE;3;HOSPITAL MUNICIPAL GUARAPIRANGA;RIVIERA PAULISTA;9100;9.1;1051;17.52;ok;
53;INSTITUTO DE REABILITACAO LUCY MONTORO;VILA ANDRADE;4;INSTITUTO DE INFECTOLOGIA EMILIO RIBAS;SUMARE;17360;17.36;1455;24.25;ok;
53;INSTITUTO DE REABILITACAO LUCY MONTORO;VILA ANDRADE;5;HOSPITAL DO SERV PUB EST FCO MORATO DE OLIVEIRA SAO PAULO;IBIRAPUERA;13750;13.75;1235;20.59;ok;
53;INSTITUTO DE REABILITACAO LUCY MONTORO;VILA ANDRADE;6;HOSPITAL MATERNIDADE INTERLAGOS;JD LEBLON;11660;11.66;1215;20.26;ok;
53;INSTITUTO DE REABILITACAO LUCY MONTORO;VILA ANDRADE;7;HOSPITAL GERAL DE PEDREIRA;VILA CAMPO GRANDE;10650;10.65;1175;19.6;ok;
53;INSTITUTO DE REABILITACAO LUCY MONTORO;VILA ANDRADE;8;HOSPITAL HELIOPOLIS UNIDADE DE GESTAO ASSISTENCIAL I;V HELIOPOLIS;21370;21.37;2053;34.23;ok;
53;INSTITUTO DE REABILITACAO LUCY MONTORO;VILA ANDRADE;10;HOSPITAL INFANTIL DARCY VARGAS UGA III SAO PAULO;JARDIM GUEDALA;6960;6.96;838;13.98;ok;
53;INSTITUTO DE REABILITACAO LUCY MONTORO;VILA ANDRADE;11;HOSP MUN MATERNIDADE PROFESSOR MARIO DEGNI;VILA ANTONIO;11080;11.08;1093;18.23;ok;
53;INSTITUTO DE REABILITACAO LUCY MONTORO;VILA ANDRADE;12;HOSPITAL UNIVERSITARIO DA USP SAO PAULO;BUTANTA;9990;9.99;1201;20.03;ok;
53;INSTITUTO DE REABILITACAO LUCY MONTORO;VILA ANDRADE;13;CAISM PHILIPPE PINEL SAO PAULO;PIRITUBA;29860;29.86;2015;33.59;ok;
53;INSTITUTO DE REABILITACAO LUCY MONTORO;VILA ANDRADE;14;HOSPITAL GERAL HENRIQUE ALTIMEYER DE VILA ALPINA;VILA ALPINA;25120;25.12;2440;40.67;ok;
53;INSTITUTO DE REABILITACAO LUCY MONTORO;VILA ANDRADE;16;HOSPITAL GERAL DE SAO MATEUS SAO PAULO;SAO MATEUS;52340;52.34;3215;53.59;ok;
53;INSTITUTO DE REABILITACAO LUCY MONTORO;VILA ANDRADE;17;UNIDADE DE GESTAO ASSISTENCIAL II HOSPITAL IPIRANGA SP;IPIRANGA;20110;20.11;1893;31.56;ok;
53;INSTITUTO DE REABILITACAO LUCY MONTORO;VILA ANDRADE;18;CONJUNTO HOSPITALAR DO MANDAQUI SAO PAULO;SANTANA;36970;36.97;2429;40.5;ok;
53;INSTITUTO DE REABILITACAO LUCY MONTORO;VILA ANDRADE;19;HOSPITAL GERAL SANTA MARCELINA DE ITAIM PAULISTA SAO PAULO;ITAIM PAULISTA;64970;64.97;3498;58.3;ok;
53;INSTITUTO DE REABILITACAO LUCY MONTORO;VILA ANDRADE;20;HOSP MUN PROF DR WALDOMIRO DE PAULA;ITAQUERA;62200;62.2;3440;57.35;ok;
53;INSTITUTO DE REABILITACAO LUCY MONTORO;VILA ANDRADE;21;HOSPITAL GERAL DO GRAJAU PROF LIBER JOHN ALPHONSE DI DIO SP;PARQUE DAS NACOES;23070;23.07;2242;37.37;ok;
53;INSTITUTO DE REABILITACAO LUCY MONTORO;VILA ANDRADE;22;HOSPITAL E MATERNIDADE LEONOR MENDES DE BARROS SAO PAULO;BELENZINHO;38990;38.99;2186;36.43;ok;
53;INSTITUTO DE REABILITACAO LUCY MONTORO;VILA ANDRADE;23;CENTRO DE REFERENCIA E TREINAMENTO DST AIDS SAO PAULO;VILA MARIANA;15600;15.6;1440;24.01;ok;
53;INSTITUTO DE REABILITACAO LUCY MONTORO;VILA ANDRADE;24;HOSPITAL MILITAR DE AREA DE SAO PAULO;CAMBUCI;20540;20.54;1906;31.78;ok;
53;INSTITUTO DE REABILITACAO LUCY MONTORO;VILA ANDRADE;25;CENTRO DE REFERENCIA DA SAUDE DA MULHER;CAMPOS ELISEOS;19710;19.71;1761;29.36;ok;
53;INSTITUTO DE REABILITACAO LUCY MONTORO;VILA ANDRADE;26;HOSP MUN INFANTIL MENINO JESUS;BELA VISTA;16650;16.65;1549;25.82;ok;
53;INSTITUTO DE REABILITACAO LUCY MONTORO;VILA ANDRADE;28;HOSP MUN MAT ESC DR MARIO DE MORAES A SILVA;VILA NOVA CACHOEIRIN;31050;31.05;2088;34.8;ok;
53;INSTITUTO DE REABILITACAO LUCY MONTORO;VILA ANDRADE;29;HOSPITAL GERAL JESUS TEIXEIRA DA COSTA GUAIANASES SAO PAULO;JARDIM SAO PAULO;70150;70.15;4019;66.99;ok;
53;INSTITUTO DE REABILITACAO LUCY MONTORO;VILA ANDRADE;30;HOSP MUN DR CARMINO CARICCHIO;TATUAPE;40160;40.16;2378;39.63;ok;
53;INSTITUTO DE REABILITACAO LUCY MONTORO;VILA ANDRADE;31;HOSP MUN TIDE SETUBAL;SAO MIGUEL PAULISTA;58380;58.38;3184;53.07;ok;
53;INSTITUTO DE REABILITACAO LUCY MONTORO;VILA ANDRADE;32;HOSP MUN V NHOCUNE ALEXANDRE ZAIO;VILA NHOCUNE;49360;49.36;3025;50.42;ok;
53;INSTITUTO DE REABILITACAO LUCY MONTORO;VILA ANDRADE;33;HOSP MUN JABAQUARA ARTUR RIBEIRO DE SABOYA;JABAQUARA;15170;15.17;1466;24.43;ok;
53;INSTITUTO DE REABILITACAO LUCY MONTORO;VILA ANDRADE;34;HOSPITAL KATIA DE SOUZA RODRIGUES TAIPASSP SAO PAULO;PARADA DE TAIPAS;34130;34.13;2281;38.03;ok;
53;INSTITUTO DE REABILITACAO LUCY MONTORO;VILA ANDRADE;35;HOSP MUN PROFESSOR DOUTOR ALIPIO CORREA NETTO;VILA PARANAGUA;50920;50.92;3231;53.86;ok;
53;INSTITUTO DE REABILITACAO LUCY MONTORO;VILA ANDRADE;36;HOSPITAL MUNICIPAL DR BENEDITO MONTENEGRO;JARDIM IVA;30880;30.88;2984;49.75;ok;
53;INSTITUTO DE REABILITACAO LUCY MONTORO;VILA ANDRADE;37;HOSP MUN IGNACIO PROENCA DE GOUVEA;PARQUE DA MOOCA;23900;23.9;2191;36.53;ok;
53;INSTITUTO DE REABILITACAO LUCY MONTORO;VILA ANDRADE;38;HOSPITAL INFANTIL CANDIDO FONTOURA SAO PAULO;AGUA RASA;23510;23.51;2146;35.78;ok;
53;INSTITUTO DE REABILITACAO LUCY MONTORO;VILA ANDRADE;40;HOSPITAL REGIONAL SUL SAO PAULO;SANTO AMARO;5990;5.99;715;11.93;ok;
53;INSTITUTO DE REABILITACAO LUCY MONTORO;VILA ANDRADE;42;HOSPITAL ESTADUAL DE SAPOPEMBA SAO PAULO;JARDIM SAPOPEMBA;36790;36.79;3248;54.14;ok;
53;INSTITUTO DE REABILITACAO LUCY MONTORO;VILA ANDRADE;43;HOSPITAL GERAL DE VILA PENTEADO DR JOSE PANGELLA SAO PAULO;JARDIM IRACEMA;27470;27.47;1744;29.07;ok;
53;INSTITUTO DE REABILITACAO LUCY MONTORO;VILA ANDRADE;46;HOSP DO SERV PUB MUNICIPAL HSPM;LIBERDADE;17760;17.76;1727;28.79;ok;
53;INSTITUTO DE REABILITACAO LUCY MONTORO;VILA ANDRADE;47;HOSP MUN FERNANDO MAURO PIRES DA ROCHA;CAMPO LIMPO;3690;3.69;420;7.01;ok;
53;INSTITUTO DE REABILITACAO LUCY MONTORO;VILA ANDRADE;48;CENTRO HOSPITALAR DO SISTEMA PENITENCIARIO SAO PAULO;CARANDIRU;22870;22.87;2162;36.04;ok;
53;INSTITUTO DE REABILITACAO LUCY MONTORO;VILA ANDRADE;49;HOSP MUN VER JOSE STOROPOLLI;PARQUE NOVO MUNDO;42640;42.64;2440;40.68;ok;
53;INSTITUTO DE REABILITACAO LUCY MONTORO;VILA ANDRADE;50;CENTRO MEDICO PMESP;TREMEMBE;27920;27.92;2726;45.43;ok;
53;INSTITUTO DE REABILITACAO LUCY MONTORO;VILA ANDRADE;51;HOSP MUN CARMEN PRUDENTE;CIDADE TIRADENTES;61370;61.37;4074;67.91;ok;
53;INSTITUTO DE REABILITACAO LUCY MONTORO;VILA ANDRADE;53;INSTITUTO DE REABILITACAO LUCY MONTORO;VILA ANDRADE;0;0.0;0;0.0;ok;
53;INSTITUTO DE REABILITACAO LUCY MONTORO;VILA ANDRADE;55;INSTITUTO DO CANCER DO ESTADO DE SAO PAULO;CERQUEIRA CESAR;16540;16.54;1382;23.05;ok;
53;INSTITUTO DE REABILITACAO LUCY MONTORO;VILA ANDRADE;56;HOSP MUN SOROCABANA;VILA ROMANA;18780;18.78;1571;26.18;ok;
53;INSTITUTO DE REABILITACAO LUCY MONTORO;VILA ANDRADE;57;HOSP MUN GILSON DE CASSIA MARQUES DE CARVALHO;VILA MASCOTE;12970;12.97;1203;20.06;ok;
53;INSTITUTO DE REABILITACAO LUCY MONTORO;VILA ANDRADE;58;HOSP MUN CAPELA DO SOCORRO;JARDIM DAS IMBUIAS;15110;15.11;1634;27.24;ok;
53;INSTITUTO DE REABILITACAO LUCY MONTORO;VILA ANDRADE;59;HOSP MUN JOSANIAS CASTANHA BRAGA;JARDIM ROSCHEL;28180;28.18;2503;41.73;ok;
53;INSTITUTO DE REABILITACAO LUCY MONTORO;VILA ANDRADE;233;HOSP MUN SOROCABANA;ALTO DE PINHEIROS;18150;18.15;1317;21.97;ok;
55;INSTITUTO DO CANCER DO ESTADO DE SAO PAULO;CERQUEIRA CESAR;1;HOSPITAL MUNICIPAL SANTA DULCE DOS POBRES;CONSOLACAO;1640;1.64;238;3.97;ok;
55;INSTITUTO DO CANCER DO ESTADO DE SAO PAULO;CERQUEIRA CESAR;2;HOSPITAL MUNICIPAL BRASILANDIA;JARDIM MARISTELA;12890;12.89;1379;22.99;ok;
55;INSTITUTO DO CANCER DO ESTADO DE SAO PAULO;CERQUEIRA CESAR;3;HOSPITAL MUNICIPAL GUARAPIRANGA;RIVIERA PAULISTA;21150;21.15;1807;30.12;ok;
55;INSTITUTO DO CANCER DO ESTADO DE SAO PAULO;CERQUEIRA CESAR;4;INSTITUTO DE INFECTOLOGIA EMILIO RIBAS;SUMARE;1870;1.87;248;4.13;ok;
55;INSTITUTO DO CANCER DO ESTADO DE SAO PAULO;CERQUEIRA CESAR;5;HOSPITAL DO SERV PUB EST FCO MORATO DE OLIVEIRA SAO PAULO;IBIRAPUERA;6430;6.43;690;11.51;ok;
55;INSTITUTO DO CANCER DO ESTADO DE SAO PAULO;CERQUEIRA CESAR;6;HOSPITAL MATERNIDADE INTERLAGOS;JD LEBLON;22440;22.44;1942;32.37;ok;
55;INSTITUTO DO CANCER DO ESTADO DE SAO PAULO;CERQUEIRA CESAR;7;HOSPITAL GERAL DE PEDREIRA;VILA CAMPO GRANDE;18190;18.19;1883;31.39;ok;
55;INSTITUTO DO CANCER DO ESTADO DE SAO PAULO;CERQUEIRA CESAR;8;HOSPITAL HELIOPOLIS UNIDADE DE GESTAO ASSISTENCIAL I;V HELIOPOLIS;12750;12.75;1364;22.75;ok;
55;INSTITUTO DO CANCER DO ESTADO DE SAO PAULO;CERQUEIRA CESAR;10;HOSPITAL INFANTIL DARCY VARGAS UGA III SAO PAULO;JARDIM GUEDALA;7870;7.87;906;15.11;ok;
55;INSTITUTO DO CANCER DO ESTADO DE SAO PAULO;CERQUEIRA CESAR;11;HOSP MUN MATERNIDADE PROFESSOR MARIO DEGNI;VILA ANTONIO;13220;13.22;1117;18.62;ok;
55;INSTITUTO DO CANCER DO ESTADO DE SAO PAULO;CERQUEIRA CESAR;12;HOSPITAL UNIVERSITARIO DA USP SAO PAULO;BUTANTA;9820;9.82;1221;20.35;ok;
55;INSTITUTO DO CANCER DO ESTADO DE SAO PAULO;CERQUEIRA CESAR;13;CAISM PHILIPPE PINEL SAO PAULO;PIRITUBA;13780;13.78;1415;23.6;ok;
55;INSTITUTO DO CANCER DO ESTADO DE SAO PAULO;CERQUEIRA CESAR;14;HOSPITAL GERAL HENRIQUE ALTIMEYER DE VILA ALPINA;VILA ALPINA;14330;14.33;1551;25.86;ok;
55;INSTITUTO DO CANCER DO ESTADO DE SAO PAULO;CERQUEIRA CESAR;16;HOSPITAL GERAL DE SAO MATEUS SAO PAULO;SAO MATEUS;26420;26.42;2250;37.51;ok;
55;INSTITUTO DO CANCER DO ESTADO DE SAO PAULO;CERQUEIRA CESAR;17;UNIDADE DE GESTAO ASSISTENCIAL II HOSPITAL IPIRANGA SP;IPIRANGA;8600;8.6;1057;17.62;ok;
55;INSTITUTO DO CANCER DO ESTADO DE SAO PAULO;CERQUEIRA CESAR;18;CONJUNTO HOSPITALAR DO MANDAQUI SAO PAULO;SANTANA;12030;12.03;1370;22.85;ok;
55;INSTITUTO DO CANCER DO ESTADO DE SAO PAULO;CERQUEIRA CESAR;19;HOSPITAL GERAL SANTA MARCELINA DE ITAIM PAULISTA SAO PAULO;ITAIM PAULISTA;39040;39.04;2533;42.22;ok;
55;INSTITUTO DO CANCER DO ESTADO DE SAO PAULO;CERQUEIRA CESAR;20;HOSP MUN PROF DR WALDOMIRO DE PAULA;ITAQUERA;36280;36.28;2475;41.27;ok;
55;INSTITUTO DO CANCER DO ESTADO DE SAO PAULO;CERQUEIRA CESAR;21;HOSPITAL GERAL DO GRAJAU PROF LIBER JOHN ALPHONSE DI DIO SP;PARQUE DAS NACOES;22750;22.75;2078;34.64;ok;
55;INSTITUTO DO CANCER DO ESTADO DE SAO PAULO;CERQUEIRA CESAR;22;HOSPITAL E MATERNIDADE LEONOR MENDES DE BARROS SAO PAULO;BELENZINHO;13060;13.06;1221;20.35;ok;
55;INSTITUTO DO CANCER DO ESTADO DE SAO PAULO;CERQUEIRA CESAR;23;CENTRO DE REFERENCIA E TREINAMENTO DST AIDS SAO PAULO;VILA MARIANA;6450;6.45;809;13.49;ok;
55;INSTITUTO DO CANCER DO ESTADO DE SAO PAULO;CERQUEIRA CESAR;24;HOSPITAL MILITAR DE AREA DE SAO PAULO;CAMBUCI;7680;7.68;912;15.21;ok;
55;INSTITUTO DO CANCER DO ESTADO DE SAO PAULO;CERQUEIRA CESAR;25;CENTRO DE REFERENCIA DA SAUDE DA MULHER;CAMPOS ELISEOS;4240;4.24;567;9.46;ok;
55;INSTITUTO DO CANCER DO ESTADO DE SAO PAULO;CERQUEIRA CESAR;26;HOSP MUN INFANTIL MENINO JESUS;BELA VISTA;3500;3.5;450;7.51;ok;
55;INSTITUTO DO CANCER DO ESTADO DE SAO PAULO;CERQUEIRA CESAR;28;HOSP MUN MAT ESC DR MARIO DE MORAES A SILVA;VILA NOVA CACHOEIRIN;11810;11.81;1222;20.38;ok;
55;INSTITUTO DO CANCER DO ESTADO DE SAO PAULO;CERQUEIRA CESAR;29;HOSPITAL GERAL JESUS TEIXEIRA DA COSTA GUAIANASES SAO PAULO;JARDIM SAO PAULO;44220;44.22;3054;50.9;ok;
55;INSTITUTO DO CANCER DO ESTADO DE SAO PAULO;CERQUEIRA CESAR;30;HOSP MUN DR CARMINO CARICCHIO;TATUAPE;14230;14.23;1413;23.55;ok;
55;INSTITUTO DO CANCER DO ESTADO DE SAO PAULO;CERQUEIRA CESAR;31;HOSP MUN TIDE SETUBAL;SAO MIGUEL PAULISTA;32450;32.45;2219;36.99;ok;
55;INSTITUTO DO CANCER DO ESTADO DE SAO PAULO;CERQUEIRA CESAR;32;HOSP MUN V NHOCUNE ALEXANDRE ZAIO;VILA NHOCUNE;19880;19.88;2050;34.17;ok;
55;INSTITUTO DO CANCER DO ESTADO DE SAO PAULO;CERQUEIRA CESAR;33;HOSP MUN JABAQUARA ARTUR RIBEIRO DE SABOYA;JABAQUARA;13620;13.62;1462;24.38;ok;
55;INSTITUTO DO CANCER DO ESTADO DE SAO PAULO;CERQUEIRA CESAR;34;HOSPITAL KATIA DE SOUZA RODRIGUES TAIPASSP SAO PAULO;PARADA DE TAIPAS;17350;17.35;1672;27.87;ok;
55;INSTITUTO DO CANCER DO ESTADO DE SAO PAULO;CERQUEIRA CESAR;35;HOSP MUN PROFESSOR DOUTOR ALIPIO CORREA NETTO;VILA PARANAGUA;24990;24.99;2266;37.78;ok;
55;INSTITUTO DO CANCER DO ESTADO DE SAO PAULO;CERQUEIRA CESAR;36;HOSPITAL MUNICIPAL DR BENEDITO MONTENEGRO;JARDIM IVA;19080;19.08;2011;33.53;ok;
55;INSTITUTO DO CANCER DO ESTADO DE SAO PAULO;CERQUEIRA CESAR;37;HOSP MUN IGNACIO PROENCA DE GOUVEA;PARQUE DA MOOCA;10630;10.63;1177;19.62;ok;
55;INSTITUTO DO CANCER DO ESTADO DE SAO PAULO;CERQUEIRA CESAR;38;HOSPITAL INFANTIL CANDIDO FONTOURA SAO PAULO;AGUA RASA;10240;10.24;1131;18.87;ok;
55;INSTITUTO DO CANCER DO ESTADO DE SAO PAULO;CERQUEIRA CESAR;40;HOSPITAL REGIONAL SUL SAO PAULO;SANTO AMARO;17020;17.02;1488;24.8;ok;
55;INSTITUTO DO CANCER DO ESTADO DE SAO PAULO;CERQUEIRA CESAR;42;HOSPITAL ESTADUAL DE SAPOPEMBA SAO PAULO;JARDIM SAPOPEMBA;23280;23.28;2302;38.38;ok;
55;INSTITUTO DO CANCER DO ESTADO DE SAO PAULO;CERQUEIRA CESAR;43;HOSPITAL GERAL DE VILA PENTEADO DR JOSE PANGELLA SAO PAULO;JARDIM IRACEMA;11390;11.39;1144;19.08;ok;
55;INSTITUTO DO CANCER DO ESTADO DE SAO PAULO;CERQUEIRA CESAR;46;HOSP DO SERV PUB MUNICIPAL HSPM;LIBERDADE;4980;4.98;652;10.88;ok;
55;INSTITUTO DO CANCER DO ESTADO DE SAO PAULO;CERQUEIRA CESAR;47;HOSP MUN FERNANDO MAURO PIRES DA ROCHA;CAMPO LIMPO;16129;16.13;1352;22.54;ok;
55;INSTITUTO DO CANCER DO ESTADO DE SAO PAULO;CERQUEIRA CESAR;48;CENTRO HOSPITALAR DO SISTEMA PENITENCIARIO SAO PAULO;CARANDIRU;9040;9.04;1104;18.41;ok;
55;INSTITUTO DO CANCER DO ESTADO DE SAO PAULO;CERQUEIRA CESAR;49;HOSP MUN VER JOSE STOROPOLLI;PARQUE NOVO MUNDO;16710;16.71;1475;24.6;ok;
55;INSTITUTO DO CANCER DO ESTADO DE SAO PAULO;CERQUEIRA CESAR;50;CENTRO MEDICO PMESP;TREMEMBE;14090;14.09;1668;27.8;ok;
55;INSTITUTO DO CANCER DO ESTADO DE SAO PAULO;CERQUEIRA CESAR;51;HOSP MUN CARMEN PRUDENTE;CIDADE TIRADENTES;35440;35.44;3109;51.82;ok;
55;INSTITUTO DO CANCER DO ESTADO DE SAO PAULO;CERQUEIRA CESAR;53;INSTITUTO DE REABILITACAO LUCY MONTORO;VILA ANDRADE;13950;13.95;1217;20.29;ok;
55;INSTITUTO DO CANCER DO ESTADO DE SAO PAULO;CERQUEIRA CESAR;55;INSTITUTO DO CANCER DO ESTADO DE SAO PAULO;CERQUEIRA CESAR;0;0.0;0;0.0;ok;
55;INSTITUTO DO CANCER DO ESTADO DE SAO PAULO;CERQUEIRA CESAR;56;HOSP MUN SOROCABANA;VILA ROMANA;6850;6.85;772;12.88;ok;
55;INSTITUTO DO CANCER DO ESTADO DE SAO PAULO;CERQUEIRA CESAR;57;HOSP MUN GILSON DE CASSIA MARQUES DE CARVALHO;VILA MASCOTE;13470;13.47;1384;23.07;ok;
55;INSTITUTO DO CANCER DO ESTADO DE SAO PAULO;CERQUEIRA CESAR;58;HOSP MUN CAPELA DO SOCORRO;JARDIM DAS IMBUIAS;25890;25.89;2361;39.36;ok;
55;INSTITUTO DO CANCER DO ESTADO DE SAO PAULO;CERQUEIRA CESAR;59;HOSP MUN JOSANIAS CASTANHA BRAGA;JARDIM ROSCHEL;38960;38.96;3230;53.85;ok;
55;INSTITUTO DO CANCER DO ESTADO DE SAO PAULO;CERQUEIRA CESAR;233;HOSP MUN SOROCABANA;ALTO DE PINHEIROS;7970;7.97;906;15.12;ok;
56;HOSP MUN SOROCABANA;VILA ROMANA;1;HOSPITAL MUNICIPAL SANTA DULCE DOS POBRES;CONSOLACAO;7870;7.87;863;14.39;ok;
56;HOSP MUN SOROCABANA;VILA ROMANA;2;HOSPITAL MUNICIPAL BRASILANDIA;JARDIM MARISTELA;7260;7.26;756;12.6;ok;
56;HOSP MUN SOROCABANA;VILA ROMANA;3;HOSPITAL MUNICIPAL GUARAPIRANGA;RIVIERA PAULISTA;24710;24.71;2007;33.45;ok;
56;HOSP MUN SOROCABANA;VILA ROMANA;4;INSTITUTO DE INFECTOLOGIA EMILIO RIBAS;SUMARE;4560;4.56;445;7.43;ok;
56;HOSP MUN SOROCABANA;VILA ROMANA;5;HOSPITAL DO SERV PUB EST FCO MORATO DE OLIVEIRA SAO PAULO;IBIRAPUERA;11670;11.67;1174;19.58;ok;
56;HOSP MUN SOROCABANA;VILA ROMANA;6;HOSPITAL MATERNIDADE INTERLAGOS;JD LEBLON;26000;26.0;2142;35.7;ok;
56;HOSP MUN SOROCABANA;VILA ROMANA;7;HOSPITAL GERAL DE PEDREIRA;VILA CAMPO GRANDE;24990;24.99;2102;35.04;ok;
56;HOSP MUN SOROCABANA;VILA ROMANA;8;HOSPITAL HELIOPOLIS UNIDADE DE GESTAO ASSISTENCIAL I;V HELIOPOLIS;17290;17.29;1744;29.08;ok;
56;HOSP MUN SOROCABANA;VILA ROMANA;10;HOSPITAL INFANTIL DARCY VARGAS UGA III SAO PAULO;JARDIM GUEDALA;11680;11.68;1230;20.51;ok;
56;HOSP MUN SOROCABANA;VILA ROMANA;11;HOSP MUN MATERNIDADE PROFESSOR MARIO DEGNI;VILA ANTONIO;10210;10.21;1142;19.05;ok;
56;HOSP MUN SOROCABANA;VILA ROMANA;12;HOSPITAL UNIVERSITARIO DA USP SAO PAULO;BUTANTA;8280;8.28;1042;17.38;ok;
56;HOSP MUN SOROCABANA;VILA ROMANA;13;CAISM PHILIPPE PINEL SAO PAULO;PIRITUBA;7450;7.45;782;13.05;ok;
56;HOSP MUN SOROCABANA;VILA ROMANA;14;HOSPITAL GERAL HENRIQUE ALTIMEYER DE VILA ALPINA;VILA ALPINA;22320;22.32;1663;27.72;ok;
56;HOSP MUN SOROCABANA;VILA ROMANA;16;HOSPITAL GERAL DE SAO MATEUS SAO PAULO;SAO MATEUS;28710;28.71;2097;34.96;ok;
56;HOSP MUN SOROCABANA;VILA ROMANA;17;UNIDADE DE GESTAO ASSISTENCIAL II HOSPITAL IPIRANGA SP;IPIRANGA;13990;13.99;1455;24.26;ok;
56;HOSP MUN SOROCABANA;VILA ROMANA;18;CONJUNTO HOSPITALAR DO MANDAQUI SAO PAULO;SANTANA;11300;11.3;1224;20.42;ok;
56;HOSP MUN SOROCABANA;VILA ROMANA;19;HOSPITAL GERAL SANTA MARCELINA DE ITAIM PAULISTA SAO PAULO;ITAIM PAULISTA;41330;41.33;2380;39.67;ok;
56;HOSP MUN SOROCABANA;VILA ROMANA;20;HOSP MUN PROF DR WALDOMIRO DE PAULA;ITAQUERA;38570;38.57;2322;38.71;ok;
56;HOSP MUN SOROCABANA;VILA ROMANA;21;HOSPITAL GERAL DO GRAJAU PROF LIBER JOHN ALPHONSE DI DIO SP;PARQUE DAS NACOES;29310;29.31;2546;42.45;ok;
56;HOSP MUN SOROCABANA;VILA ROMANA;22;HOSPITAL E MATERNIDADE LEONOR MENDES DE BARROS SAO PAULO;BELENZINHO;15350;15.35;1067;17.8;ok;
56;HOSP MUN SOROCABANA;VILA ROMANA;23;CENTRO DE REFERENCIA E TREINAMENTO DST AIDS SAO PAULO;VILA MARIANA;13090;13.09;1305;21.76;ok;
56;HOSP MUN SOROCABANA;VILA ROMANA;24;HOSPITAL MILITAR DE AREA DE SAO PAULO;CAMBUCI;12220;12.22;1292;21.54;ok;
56;HOSP MUN SOROCABANA;VILA ROMANA;25;CENTRO DE REFERENCIA DA SAUDE DA MULHER;CAMPOS ELISEOS;6920;6.92;770;12.84;ok;
56;HOSP MUN SOROCABANA;VILA ROMANA;26;HOSP MUN INFANTIL MENINO JESUS;BELA VISTA;8830;8.83;997;16.62;ok;
56;HOSP MUN SOROCABANA;VILA ROMANA;28;HOSP MUN MAT ESC DR MARIO DE MORAES A SILVA;VILA NOVA CACHOEIRIN;7250;7.25;756;12.61;ok;
56;HOSP MUN SOROCABANA;VILA ROMANA;29;HOSPITAL GERAL JESUS TEIXEIRA DA COSTA GUAIANASES SAO PAULO;JARDIM SAO PAULO;46520;46.52;2901;48.35;ok;
56;HOSP MUN SOROCABANA;VILA ROMANA;30;HOSP MUN DR CARMINO CARICCHIO;TATUAPE;16530;16.53;1259;21.0;ok;
56;HOSP MUN SOROCABANA;VILA ROMANA;31;HOSP MUN TIDE SETUBAL;SAO MIGUEL PAULISTA;34740;34.74;2066;34.44;ok;
56;HOSP MUN SOROCABANA;VILA ROMANA;32;HOSP MUN V NHOCUNE ALEXANDRE ZAIO;VILA NHOCUNE;25720;25.72;1906;31.78;ok;
56;HOSP MUN SOROCABANA;VILA ROMANA;33;HOSP MUN JABAQUARA ARTUR RIBEIRO DE SABOYA;JABAQUARA;21280;21.28;1927;32.12;ok;
56;HOSP MUN SOROCABANA;VILA ROMANA;34;HOSPITAL KATIA DE SOUZA RODRIGUES TAIPASSP SAO PAULO;PARADA DE TAIPAS;11720;11.72;1049;17.48;ok;
56;HOSP MUN SOROCABANA;VILA ROMANA;35;HOSP MUN PROFESSOR DOUTOR ALIPIO CORREA NETTO;VILA PARANAGUA;27280;27.28;2113;35.23;ok;
56;HOSP MUN SOROCABANA;VILA ROMANA;36;HOSPITAL MUNICIPAL DR BENEDITO MONTENEGRO;JARDIM IVA;24920;24.92;2011;33.53;ok;
56;HOSP MUN SOROCABANA;VILA ROMANA;37;HOSP MUN IGNACIO PROENCA DE GOUVEA;PARQUE DA MOOCA;20530;20.53;1535;25.6;ok;
56;HOSP MUN SOROCABANA;VILA ROMANA;38;HOSPITAL INFANTIL CANDIDO FONTOURA SAO PAULO;AGUA RASA;18030;18.03;1299;21.67;ok;
56;HOSP MUN SOROCABANA;VILA ROMANA;40;HOSPITAL REGIONAL SUL SAO PAULO;SANTO AMARO;20570;20.57;1687;28.13;ok;
56;HOSP MUN SOROCABANA;VILA ROMANA;42;HOSPITAL ESTADUAL DE SAPOPEMBA SAO PAULO;JARDIM SAPOPEMBA;30850;30.85;2354;39.25;ok;
56;HOSP MUN SOROCABANA;VILA ROMANA;43;HOSPITAL GERAL DE VILA PENTEADO DR JOSE PANGELLA SAO PAULO;JARDIM IRACEMA;5060;5.06;511;8.53;ok;
56;HOSP MUN SOROCABANA;VILA ROMANA;46;HOSP DO SERV PUB MUNICIPAL HSPM;LIBERDADE;10860;10.86;1174;19.58;ok;
56;HOSP MUN SOROCABANA;VILA ROMANA;47;HOSP MUN FERNANDO MAURO PIRES DA ROCHA;CAMPO LIMPO;19690;19.69;1552;25.87;ok;
56;HOSP MUN SOROCABANA;VILA ROMANA;48;CENTRO HOSPITALAR DO SISTEMA PENITENCIARIO SAO PAULO;CARANDIRU;11510;11.51;1055;17.59;ok;
56;HOSP MUN SOROCABANA;VILA ROMANA;49;HOSP MUN VER JOSE STOROPOLLI;PARQUE NOVO MUNDO;19000;19.0;1322;22.04;ok;
56;HOSP MUN SOROCABANA;VILA ROMANA;50;CENTRO MEDICO PMESP;TREMEMBE;16430;16.43;1536;25.61;ok;
56;HOSP MUN SOROCABANA;VILA ROMANA;51;HOSP MUN CARMEN PRUDENTE;CIDADE TIRADENTES;37730;37.73;2956;49.27;ok;
56;HOSP MUN SOROCABANA;VILA ROMANA;53;INSTITUTO DE REABILITACAO LUCY MONTORO;VILA ANDRADE;17510;17.51;1417;23.62;ok;
56;HOSP MUN SOROCABANA;VILA ROMANA;55;INSTITUTO DO CANCER DO ESTADO DE SAO PAULO;CERQUEIRA CESAR;6360;6.36;681;11.36;ok;
56;HOSP MUN SOROCABANA;VILA ROMANA;56;HOSP MUN SOROCABANA;VILA ROMANA;0;0.0;0;0.0;ok;
56;HOSP MUN SOROCABANA;VILA ROMANA;57;HOSP MUN GILSON DE CASSIA MARQUES DE CARVALHO;VILA MASCOTE;18490;18.49;1662;27.71;ok;
56;HOSP MUN SOROCABANA;VILA ROMANA;58;HOSP MUN CAPELA DO SOCORRO;JARDIM DAS IMBUIAS;29450;29.45;2561;42.68;ok;
56;HOSP MUN SOROCABANA;VILA ROMANA;59;HOSP MUN JOSANIAS CASTANHA BRAGA;JARDIM ROSCHEL;42520;42.52;3430;57.18;ok;
56;HOSP MUN SOROCABANA;VILA ROMANA;233;HOSP MUN SOROCABANA;ALTO DE PINHEIROS;3420;3.42;439;7.33;ok;
57;HOSP MUN GILSON DE CASSIA MARQUES DE CARVALHO;VILA MASCOTE;1;HOSPITAL MUNICIPAL SANTA DULCE DOS POBRES;CONSOLACAO;12690;12.69;1278;21.31;ok;
57;HOSP MUN GILSON DE CASSIA MARQUES DE CARVALHO;VILA MASCOTE;2;HOSPITAL MUNICIPAL BRASILANDIA;JARDIM MARISTELA;28440;28.44;2059;34.33;ok;
57;HOSP MUN GILSON DE CASSIA MARQUES DE CARVALHO;VILA MASCOTE;3;HOSPITAL MUNICIPAL GUARAPIRANGA;RIVIERA PAULISTA;13590;13.59;1265;21.09;ok;
57;HOSP MUN GILSON DE CASSIA MARQUES DE CARVALHO;VILA MASCOTE;4;INSTITUTO DE INFECTOLOGIA EMILIO RIBAS;SUMARE;14510;14.51;1513;25.23;ok;
57;HOSP MUN GILSON DE CASSIA MARQUES DE CARVALHO;VILA MASCOTE;5;HOSPITAL DO SERV PUB EST FCO MORATO DE OLIVEIRA SAO PAULO;IBIRAPUERA;7640;7.64;769;12.82;ok;
57;HOSP MUN GILSON DE CASSIA MARQUES DE CARVALHO;VILA MASCOTE;6;HOSPITAL MATERNIDADE INTERLAGOS;JD LEBLON;8790;8.79;912;15.21;ok;
57;HOSP MUN GILSON DE CASSIA MARQUES DE CARVALHO;VILA MASCOTE;7;HOSPITAL GERAL DE PEDREIRA;VILA CAMPO GRANDE;5910;5.91;642;10.71;ok;
57;HOSP MUN GILSON DE CASSIA MARQUES DE CARVALHO;VILA MASCOTE;8;HOSPITAL HELIOPOLIS UNIDADE DE GESTAO ASSISTENCIAL I;V HELIOPOLIS;10680;10.68;1193;19.89;ok;
57;HOSP MUN GILSON DE CASSIA MARQUES DE CARVALHO;VILA MASCOTE;10;HOSPITAL INFANTIL DARCY VARGAS UGA III SAO PAULO;JARDIM GUEDALA;11090;11.09;1183;19.72;ok;
57;HOSP MUN GILSON DE CASSIA MARQUES DE CARVALHO;VILA MASCOTE;11;HOSP MUN MATERNIDADE PROFESSOR MARIO DEGNI;VILA ANTONIO;20020;20.02;1634;27.25;ok;
57;HOSP MUN GILSON DE CASSIA MARQUES DE CARVALHO;VILA MASCOTE;12;HOSPITAL UNIVERSITARIO DA USP SAO PAULO;BUTANTA;18040;18.04;1725;28.76;ok;
57;HOSP MUN GILSON DE CASSIA MARQUES DE CARVALHO;VILA MASCOTE;13;CAISM PHILIPPE PINEL SAO PAULO;PIRITUBA;28630;28.63;2086;34.77;ok;
57;HOSP MUN GILSON DE CASSIA MARQUES DE CARVALHO;VILA MASCOTE;14;HOSPITAL GERAL HENRIQUE ALTIMEYER DE VILA ALPINA;VILA ALPINA;15700;15.7;1700;28.35;ok;
57;HOSP MUN GILSON DE CASSIA MARQUES DE CARVALHO;VILA MASCOTE;16;HOSPITAL GERAL DE SAO MATEUS SAO PAULO;SAO MATEUS;29070;29.07;2612;43.54;ok;
57;HOSP MUN GILSON DE CASSIA MARQUES DE CARVALHO;VILA MASCOTE;17;UNIDADE DE GESTAO ASSISTENCIAL II HOSPITAL IPIRANGA SP;IPIRANGA;11700;11.7;1273;21.22;ok;
57;HOSP MUN GILSON DE CASSIA MARQUES DE CARVALHO;VILA MASCOTE;18;CONJUNTO HOSPITALAR DO MANDAQUI SAO PAULO;SANTANA;21280;21.28;2145;35.76;ok;
57;HOSP MUN GILSON DE CASSIA MARQUES DE CARVALHO;VILA MASCOTE;19;HOSPITAL GERAL SANTA MARCELINA DE ITAIM PAULISTA SAO PAULO;ITAIM PAULISTA;48820;48.82;3297;54.96;ok;
57;HOSP MUN GILSON DE CASSIA MARQUES DE CARVALHO;VILA MASCOTE;20;HOSP MUN PROF DR WALDOMIRO DE PAULA;ITAQUERA;33690;33.69;3213;53.55;ok;
57;HOSP MUN GILSON DE CASSIA MARQUES DE CARVALHO;VILA MASCOTE;21;HOSPITAL GERAL DO GRAJAU PROF LIBER JOHN ALPHONSE DI DIO SP;PARQUE DAS NACOES;13390;13.39;1146;19.11;ok;
57;HOSP MUN GILSON DE CASSIA MARQUES DE CARVALHO;VILA MASCOTE;22;HOSPITAL E MATERNIDADE LEONOR MENDES DE BARROS SAO PAULO;BELENZINHO;19460;19.46;1883;31.38;ok;
57;HOSP MUN GILSON DE CASSIA MARQUES DE CARVALHO;VILA MASCOTE;23;CENTRO DE REFERENCIA E TREINAMENTO DST AIDS SAO PAULO;VILA MARIANA;8620;8.62;860;14.34;ok;
57;HOSP MUN GILSON DE CASSIA MARQUES DE CARVALHO;VILA MASCOTE;24;HOSPITAL MILITAR DE AREA DE SAO PAULO;CAMBUCI;13370;13.37;1381;23.03;ok;
57;HOSP MUN GILSON DE CASSIA MARQUES DE CARVALHO;VILA MASCOTE;25;CENTRO DE REFERENCIA DA SAUDE DA MULHER;CAMPOS ELISEOS;15890;15.89;1546;25.77;ok;
57;HOSP MUN GILSON DE CASSIA MARQUES DE CARVALHO;VILA MASCOTE;26;HOSP MUN INFANTIL MENINO JESUS;BELA VISTA;12150;12.15;1265;21.09;ok;
57;HOSP MUN GILSON DE CASSIA MARQUES DE CARVALHO;VILA MASCOTE;28;HOSP MUN MAT ESC DR MARIO DE MORAES A SILVA;VILA NOVA CACHOEIRIN;29820;29.82;2158;35.98;ok;
57;HOSP MUN GILSON DE CASSIA MARQUES DE CARVALHO;VILA MASCOTE;29;HOSPITAL GERAL JESUS TEIXEIRA DA COSTA GUAIANASES SAO PAULO;JARDIM SAO PAULO;40000;40.0;3569;59.49;ok;
57;HOSP MUN GILSON DE CASSIA MARQUES DE CARVALHO;VILA MASCOTE;30;HOSP MUN DR CARMINO CARICCHIO;TATUAPE;21380;21.38;2086;34.78;ok;
57;HOSP MUN GILSON DE CASSIA MARQUES DE CARVALHO;VILA MASCOTE;31;HOSP MUN TIDE SETUBAL;SAO MIGUEL PAULISTA;42220;42.22;2983;49.73;ok;
57;HOSP MUN GILSON DE CASSIA MARQUES DE CARVALHO;VILA MASCOTE;32;HOSP MUN V NHOCUNE ALEXANDRE ZAIO;VILA NHOCUNE;25470;25.47;2677;44.63;ok;
57;HOSP MUN GILSON DE CASSIA MARQUES DE CARVALHO;VILA MASCOTE;33;HOSP MUN JABAQUARA ARTUR RIBEIRO DE SABOYA;JABAQUARA;2800;2.8;264;4.41;ok;
57;HOSP MUN GILSON DE CASSIA MARQUES DE CARVALHO;VILA MASCOTE;34;HOSPITAL KATIA DE SOUZA RODRIGUES TAIPASSP SAO PAULO;PARADA DE TAIPAS;32900;32.9;2352;39.21;ok;
57;HOSP MUN GILSON DE CASSIA MARQUES DE CARVALHO;VILA MASCOTE;35;HOSP MUN PROFESSOR DOUTOR ALIPIO CORREA NETTO;VILA PARANAGUA;34760;34.76;3030;50.51;ok;
57;HOSP MUN GILSON DE CASSIA MARQUES DE CARVALHO;VILA MASCOTE;36;HOSPITAL MUNICIPAL DR BENEDITO MONTENEGRO;JARDIM IVA;21460;21.46;2245;37.43;ok;
57;HOSP MUN GILSON DE CASSIA MARQUES DE CARVALHO;VILA MASCOTE;37;HOSP MUN IGNACIO PROENCA DE GOUVEA;PARQUE DA MOOCA;14320;14.32;1556;25.95;ok;
57;HOSP MUN GILSON DE CASSIA MARQUES DE CARVALHO;VILA MASCOTE;38;HOSPITAL INFANTIL CANDIDO FONTOURA SAO PAULO;AGUA RASA;18450;18.45;1773;29.56;ok;
57;HOSP MUN GILSON DE CASSIA MARQUES DE CARVALHO;VILA MASCOTE;40;HOSPITAL REGIONAL SUL SAO PAULO;SANTO AMARO;6700;6.7;606;10.11;ok;
57;HOSP MUN GILSON DE CASSIA MARQUES DE CARVALHO;VILA MASCOTE;42;HOSPITAL ESTADUAL DE SAPOPEMBA SAO PAULO;JARDIM SAPOPEMBA;25390;25.39;2267;37.79;ok;
57;HOSP MUN GILSON DE CASSIA MARQUES DE CARVALHO;VILA MASCOTE;43;HOSPITAL GERAL DE VILA PENTEADO DR JOSE PANGELLA SAO PAULO;JARDIM IRACEMA;26240;26.24;1814;30.25;ok;
57;HOSP MUN GILSON DE CASSIA MARQUES DE CARVALHO;VILA MASCOTE;46;HOSP DO SERV PUB MUNICIPAL HSPM;LIBERDADE;11930;11.93;1241;20.69;ok;
57;HOSP MUN GILSON DE CASSIA MARQUES DE CARVALHO;VILA MASCOTE;47;HOSP MUN FERNANDO MAURO PIRES DA ROCHA;CAMPO LIMPO;13380;13.38;1209;20.15;ok;
57;HOSP MUN GILSON DE CASSIA MARQUES DE CARVALHO;VILA MASCOTE;48;CENTRO HOSPITALAR DO SISTEMA PENITENCIARIO SAO PAULO;CARANDIRU;18820;18.82;1868;31.15;ok;
57;HOSP MUN GILSON DE CASSIA MARQUES DE CARVALHO;VILA MASCOTE;49;HOSP MUN VER JOSE STOROPOLLI;PARQUE NOVO MUNDO;26490;26.49;2239;37.33;ok;
57;HOSP MUN GILSON DE CASSIA MARQUES DE CARVALHO;VILA MASCOTE;50;CENTRO MEDICO PMESP;TREMEMBE;23870;23.87;2432;40.54;ok;
57;HOSP MUN GILSON DE CASSIA MARQUES DE CARVALHO;VILA MASCOTE;51;HOSP MUN CARMEN PRUDENTE;CIDADE TIRADENTES;36740;36.74;3272;54.55;ok;
57;HOSP MUN GILSON DE CASSIA MARQUES DE CARVALHO;VILA MASCOTE;53;INSTITUTO DE REABILITACAO LUCY MONTORO;VILA ANDRADE;11200;11.2;1074;17.9;ok;
57;HOSP MUN GILSON DE CASSIA MARQUES DE CARVALHO;VILA MASCOTE;55;INSTITUTO DO CANCER DO ESTADO DE SAO PAULO;CERQUEIRA CESAR;13690;13.69;1441;24.02;ok;
57;HOSP MUN GILSON DE CASSIA MARQUES DE CARVALHO;VILA MASCOTE;56;HOSP MUN SOROCABANA;VILA ROMANA;17540;17.54;1641;27.36;ok;
57;HOSP MUN GILSON DE CASSIA MARQUES DE CARVALHO;VILA MASCOTE;57;HOSP MUN GILSON DE CASSIA MARQUES DE CARVALHO;VILA MASCOTE;0;0.0;0;0.0;ok;
57;HOSP MUN GILSON DE CASSIA MARQUES DE CARVALHO;VILA MASCOTE;58;HOSP MUN CAPELA DO SOCORRO;JARDIM DAS IMBUIAS;12240;12.24;1331;22.19;ok;
57;HOSP MUN GILSON DE CASSIA MARQUES DE CARVALHO;VILA MASCOTE;59;HOSP MUN JOSANIAS CASTANHA BRAGA;JARDIM ROSCHEL;25310;25.31;2200;36.68;ok;
57;HOSP MUN GILSON DE CASSIA MARQUES DE CARVALHO;VILA MASCOTE;233;HOSP MUN SOROCABANA;ALTO DE PINHEIROS;16920;16.92;1388;23.14;ok;
58;HOSP MUN CAPELA DO SOCORRO;JARDIM DAS IMBUIAS;1;HOSPITAL MUNICIPAL SANTA DULCE DOS POBRES;CONSOLACAO;24500;24.5;2222;37.04;ok;
58;HOSP MUN CAPELA DO SOCORRO;JARDIM DAS IMBUIAS;2;HOSPITAL MUNICIPAL BRASILANDIA;JARDIM MARISTELA;38910;38.91;2824;47.07;ok;
58;HOSP MUN CAPELA DO SOCORRO;JARDIM DAS IMBUIAS;3;HOSPITAL MUNICIPAL GUARAPIRANGA;RIVIERA PAULISTA;15750;15.75;1607;26.78;ok;
58;HOSP MUN CAPELA DO SOCORRO;JARDIM DAS IMBUIAS;4;INSTITUTO DE INFECTOLOGIA EMILIO RIBAS;SUMARE;26610;26.61;2290;38.18;ok;
58;HOSP MUN CAPELA DO SOCORRO;JARDIM DAS IMBUIAS;5;HOSPITAL DO SERV PUB EST FCO MORATO DE OLIVEIRA SAO PAULO;IBIRAPUERA;18270;18.27;1898;31.65;ok;
58;HOSP MUN CAPELA DO SOCORRO;JARDIM DAS IMBUIAS;6;HOSPITAL MATERNIDADE INTERLAGOS;JD LEBLON;3500;3.5;458;7.64;ok;
58;HOSP MUN CAPELA DO SOCORRO;JARDIM DAS IMBUIAS;7;HOSPITAL GERAL DE PEDREIRA;VILA CAMPO GRANDE;8200;8.2;1038;17.32;ok;
58;HOSP MUN CAPELA DO SOCORRO;JARDIM DAS IMBUIAS;8;HOSPITAL HELIOPOLIS UNIDADE DE GESTAO ASSISTENCIAL I;V HELIOPOLIS;22510;22.51;2532;42.21;ok;
58;HOSP MUN CAPELA DO SOCORRO;JARDIM DAS IMBUIAS;10;HOSPITAL INFANTIL DARCY VARGAS UGA III SAO PAULO;JARDIM GUEDALA;20660;20.66;2047;34.12;ok;
58;HOSP MUN CAPELA DO SOCORRO;JARDIM DAS IMBUIAS;11;HOSP MUN MATERNIDADE PROFESSOR MARIO DEGNI;VILA ANTONIO;30500;30.5;2399;39.99;ok;
58;HOSP MUN CAPELA DO SOCORRO;JARDIM DAS IMBUIAS;12;HOSPITAL UNIVERSITARIO DA USP SAO PAULO;BUTANTA;28520;28.52;2490;41.51;ok;
58;HOSP MUN CAPELA DO SOCORRO;JARDIM DAS IMBUIAS;13;CAISM PHILIPPE PINEL SAO PAULO;PIRITUBA;39110;39.11;2850;47.51;ok;
58;HOSP MUN CAPELA DO SOCORRO;JARDIM DAS IMBUIAS;14;HOSPITAL GERAL HENRIQUE ALTIMEYER DE VILA ALPINA;VILA ALPINA;27530;27.53;3039;50.67;ok;
58;HOSP MUN CAPELA DO SOCORRO;JARDIM DAS IMBUIAS;16;HOSPITAL GERAL DE SAO MATEUS SAO PAULO;SAO MATEUS;35600;35.6;3497;58.29;ok;
58;HOSP MUN CAPELA DO SOCORRO;JARDIM DAS IMBUIAS;17;UNIDADE DE GESTAO ASSISTENCIAL II HOSPITAL IPIRANGA SP;IPIRANGA;23530;23.53;2556;42.61;ok;
58;HOSP MUN CAPELA DO SOCORRO;JARDIM DAS IMBUIAS;18;CONJUNTO HOSPITALAR DO MANDAQUI SAO PAULO;SANTANA;46220;46.22;3265;54.42;ok;
58;HOSP MUN CAPELA DO SOCORRO;JARDIM DAS IMBUIAS;19;HOSPITAL GERAL SANTA MARCELINA DE ITAIM PAULISTA SAO PAULO;ITAIM PAULISTA;74210;74.21;4333;72.23;ok;
58;HOSP MUN CAPELA DO SOCORRO;JARDIM DAS IMBUIAS;20;HOSP MUN PROF DR WALDOMIRO DE PAULA;ITAQUERA;43210;43.21;4240;70.68;ok;
58;HOSP MUN CAPELA DO SOCORRO;JARDIM DAS IMBUIAS;21;HOSPITAL GERAL DO GRAJAU PROF LIBER JOHN ALPHONSE DI DIO SP;PARQUE DAS NACOES;19130;19.13;1970;32.84;ok;
58;HOSP MUN CAPELA DO SOCORRO;JARDIM DAS IMBUIAS;22;HOSPITAL E MATERNIDADE LEONOR MENDES DE BARROS SAO PAULO;BELENZINHO;48230;48.23;3021;50.36;ok;
58;HOSP MUN CAPELA DO SOCORRO;JARDIM DAS IMBUIAS;23;CENTRO DE REFERENCIA E TREINAMENTO DST AIDS SAO PAULO;VILA MARIANA;20120;20.12;2103;35.06;ok;
58;HOSP MUN CAPELA DO SOCORRO;JARDIM DAS IMBUIAS;24;HOSPITAL MILITAR DE AREA DE SAO PAULO;CAMBUCI;24640;24.64;2620;43.68;ok;
58;HOSP MUN CAPELA DO SOCORRO;JARDIM DAS IMBUIAS;25;CENTRO DE REFERENCIA DA SAUDE DA MULHER;CAMPOS ELISEOS;28950;28.95;2597;43.29;ok;
58;HOSP MUN CAPELA DO SOCORRO;JARDIM DAS IMBUIAS;26;HOSP MUN INFANTIL MENINO JESUS;BELA VISTA;25890;25.89;2384;39.74;ok;
58;HOSP MUN CAPELA DO SOCORRO;JARDIM DAS IMBUIAS;28;HOSP MUN MAT ESC DR MARIO DE MORAES A SILVA;VILA NOVA CACHOEIRIN;40300;40.3;2923;48.73;ok;
58;HOSP MUN CAPELA DO SOCORRO;JARDIM DAS IMBUIAS;29;HOSPITAL GERAL JESUS TEIXEIRA DA COSTA GUAIANASES SAO PAULO;JARDIM SAO PAULO;46520;46.52;4454;74.24;ok;
58;HOSP MUN CAPELA DO SOCORRO;JARDIM DAS IMBUIAS;30;HOSP MUN DR CARMINO CARICCHIO;TATUAPE;49410;49.41;3213;53.56;ok;
58;HOSP MUN CAPELA DO SOCORRO;JARDIM DAS IMBUIAS;31;HOSP MUN TIDE SETUBAL;SAO MIGUEL PAULISTA;67620;67.62;4019;67.0;ok;
58;HOSP MUN CAPELA DO SOCORRO;JARDIM DAS IMBUIAS;32;HOSP MUN V NHOCUNE ALEXANDRE ZAIO;VILA NHOCUNE;58610;58.61;3860;64.34;ok;
58;HOSP MUN CAPELA DO SOCORRO;JARDIM DAS IMBUIAS;33;HOSP MUN JABAQUARA ARTUR RIBEIRO DE SABOYA;JABAQUARA;14200;14.2;1587;26.46;ok;
58;HOSP MUN CAPELA DO SOCORRO;JARDIM DAS IMBUIAS;34;HOSPITAL KATIA DE SOUZA RODRIGUES TAIPASSP SAO PAULO;PARADA DE TAIPAS;43370;43.37;3117;51.95;ok;
58;HOSP MUN CAPELA DO SOCORRO;JARDIM DAS IMBUIAS;35;HOSP MUN PROFESSOR DOUTOR ALIPIO CORREA NETTO;VILA PARANAGUA;60160;60.16;4067;67.79;ok;
58;HOSP MUN CAPELA DO SOCORRO;JARDIM DAS IMBUIAS;36;HOSPITAL MUNICIPAL DR BENEDITO MONTENEGRO;JARDIM IVA;34170;34.17;3324;55.41;ok;
58;HOSP MUN CAPELA DO SOCORRO;JARDIM DAS IMBUIAS;37;HOSP MUN IGNACIO PROENCA DE GOUVEA;PARQUE DA MOOCA;26150;26.15;2895;48.26;ok;
58;HOSP MUN CAPELA DO SOCORRO;JARDIM DAS IMBUIAS;38;HOSPITAL INFANTIL CANDIDO FONTOURA SAO PAULO;AGUA RASA;32750;32.75;2982;49.7;ok;
58;HOSP MUN CAPELA DO SOCORRO;JARDIM DAS IMBUIAS;40;HOSPITAL REGIONAL SUL SAO PAULO;SANTO AMARO;9650;9.65;1052;17.54;ok;
58;HOSP MUN CAPELA DO SOCORRO;JARDIM DAS IMBUIAS;42;HOSPITAL ESTADUAL DE SAPOPEMBA SAO PAULO;JARDIM SAPOPEMBA;31910;31.91;3152;52.54;ok;
58;HOSP MUN CAPELA DO SOCORRO;JARDIM DAS IMBUIAS;43;HOSPITAL GERAL DE VILA PENTEADO DR JOSE PANGELLA SAO PAULO;JARDIM IRACEMA;36720;36.72;2579;42.99;ok;
58;HOSP MUN CAPELA DO SOCORRO;JARDIM DAS IMBUIAS;46;HOSP DO SERV PUB MUNICIPAL HSPM;LIBERDADE;23430;23.43;2484;41.41;ok;
58;HOSP MUN CAPELA DO SOCORRO;JARDIM DAS IMBUIAS;47;HOSP MUN FERNANDO MAURO PIRES DA ROCHA;CAMPO LIMPO;15040;15.04;1552;25.88;ok;
58;HOSP MUN CAPELA DO SOCORRO;JARDIM DAS IMBUIAS;48;CENTRO HOSPITALAR DO SISTEMA PENITENCIARIO SAO PAULO;CARANDIRU;32110;32.11;2997;49.97;ok;
58;HOSP MUN CAPELA DO SOCORRO;JARDIM DAS IMBUIAS;49;HOSP MUN VER JOSE STOROPOLLI;PARQUE NOVO MUNDO;51880;51.88;3276;54.6;ok;
58;HOSP MUN CAPELA DO SOCORRO;JARDIM DAS IMBUIAS;50;CENTRO MEDICO PMESP;TREMEMBE;37160;37.16;3561;59.36;ok;
58;HOSP MUN CAPELA DO SOCORRO;JARDIM DAS IMBUIAS;51;HOSP MUN CARMEN PRUDENTE;CIDADE TIRADENTES;43260;43.26;4157;69.3;ok;
58;HOSP MUN CAPELA DO SOCORRO;JARDIM DAS IMBUIAS;53;INSTITUTO DE REABILITACAO LUCY MONTORO;VILA ANDRADE;14700;14.7;1548;25.8;ok;
58;HOSP MUN CAPELA DO SOCORRO;JARDIM DAS IMBUIAS;55;INSTITUTO DO CANCER DO ESTADO DE SAO PAULO;CERQUEIRA CESAR;25790;25.79;2218;36.97;ok;
58;HOSP MUN CAPELA DO SOCORRO;JARDIM DAS IMBUIAS;56;HOSP MUN SOROCABANA;VILA ROMANA;28020;28.02;2406;40.11;ok;
58;HOSP MUN CAPELA DO SOCORRO;JARDIM DAS IMBUIAS;57;HOSP MUN GILSON DE CASSIA MARQUES DE CARVALHO;VILA MASCOTE;12130;12.13;1372;22.87;ok;
58;HOSP MUN CAPELA DO SOCORRO;JARDIM DAS IMBUIAS;58;HOSP MUN CAPELA DO SOCORRO;JARDIM DAS IMBUIAS;0;0.0;0;0.0;ok;
58;HOSP MUN CAPELA DO SOCORRO;JARDIM DAS IMBUIAS;59;HOSP MUN JOSANIAS CASTANHA BRAGA;JARDIM ROSCHEL;14410;14.41;1230;20.51;ok;
58;HOSP MUN CAPELA DO SOCORRO;JARDIM DAS IMBUIAS;233;HOSP MUN SOROCABANA;ALTO DE PINHEIROS;27390;27.39;2153;35.89;ok;
59;HOSP MUN JOSANIAS CASTANHA BRAGA;JARDIM ROSCHEL;1;HOSPITAL MUNICIPAL SANTA DULCE DOS POBRES;CONSOLACAO;37860;37.86;3188;53.14;ok;
59;HOSP MUN JOSANIAS CASTANHA BRAGA;JARDIM ROSCHEL;2;HOSPITAL MUNICIPAL BRASILANDIA;JARDIM MARISTELA;52280;52.28;3790;63.17;ok;
59;HOSP MUN JOSANIAS CASTANHA BRAGA;JARDIM ROSCHEL;3;HOSPITAL MUNICIPAL GUARAPIRANGA;RIVIERA PAULISTA;29110;29.11;2572;42.88;ok;
59;HOSP MUN JOSANIAS CASTANHA BRAGA;JARDIM ROSCHEL;4;INSTITUTO DE INFECTOLOGIA EMILIO RIBAS;SUMARE;39970;39.97;3256;54.28;ok;
59;HOSP MUN JOSANIAS CASTANHA BRAGA;JARDIM ROSCHEL;5;HOSPITAL DO SERV PUB EST FCO MORATO DE OLIVEIRA SAO PAULO;IBIRAPUERA;31630;31.63;2864;47.75;ok;
59;HOSP MUN JOSANIAS CASTANHA BRAGA;JARDIM ROSCHEL;6;HOSPITAL MATERNIDADE INTERLAGOS;JD LEBLON;16420;16.42;1380;23.01;ok;
59;HOSP MUN JOSANIAS CASTANHA BRAGA;JARDIM ROSCHEL;7;HOSPITAL GERAL DE PEDREIRA;VILA CAMPO GRANDE;22060;22.06;1938;32.31;ok;
59;HOSP MUN JOSANIAS CASTANHA BRAGA;JARDIM ROSCHEL;8;HOSPITAL HELIOPOLIS UNIDADE DE GESTAO ASSISTENCIAL I;V HELIOPOLIS;35430;35.43;3455;57.58;ok;
59;HOSP MUN JOSANIAS CASTANHA BRAGA;JARDIM ROSCHEL;10;HOSPITAL INFANTIL DARCY VARGAS UGA III SAO PAULO;JARDIM GUEDALA;34020;34.02;3013;50.22;ok;
59;HOSP MUN JOSANIAS CASTANHA BRAGA;JARDIM ROSCHEL;11;HOSP MUN MATERNIDADE PROFESSOR MARIO DEGNI;VILA ANTONIO;43860;43.86;3365;56.09;ok;
59;HOSP MUN JOSANIAS CASTANHA BRAGA;JARDIM ROSCHEL;12;HOSPITAL UNIVERSITARIO DA USP SAO PAULO;BUTANTA;41880;41.88;3456;57.61;ok;
59;HOSP MUN JOSANIAS CASTANHA BRAGA;JARDIM ROSCHEL;13;CAISM PHILIPPE PINEL SAO PAULO;PIRITUBA;52470;52.47;3816;63.61;ok;
59;HOSP MUN JOSANIAS CASTANHA BRAGA;JARDIM ROSCHEL;14;HOSPITAL GERAL HENRIQUE ALTIMEYER DE VILA ALPINA;VILA ALPINA;44770;44.77;3910;65.17;ok;
59;HOSP MUN JOSANIAS CASTANHA BRAGA;JARDIM ROSCHEL;16;HOSPITAL GERAL DE SAO MATEUS SAO PAULO;SAO MATEUS;48030;48.03;4324;72.07;ok;
59;HOSP MUN JOSANIAS CASTANHA BRAGA;JARDIM ROSCHEL;17;UNIDADE DE GESTAO ASSISTENCIAL II HOSPITAL IPIRANGA SP;IPIRANGA;36450;36.45;3479;57.99;ok;
59;HOSP MUN JOSANIAS CASTANHA BRAGA;JARDIM ROSCHEL;18;CONJUNTO HOSPITALAR DO MANDAQUI SAO PAULO;SANTANA;59580;59.58;4231;70.52;ok;
59;HOSP MUN JOSANIAS CASTANHA BRAGA;JARDIM ROSCHEL;19;HOSPITAL GERAL SANTA MARCELINA DE ITAIM PAULISTA SAO PAULO;ITAIM PAULISTA;87580;87.58;5299;88.33;ok;
59;HOSP MUN JOSANIAS CASTANHA BRAGA;JARDIM ROSCHEL;20;HOSP MUN PROF DR WALDOMIRO DE PAULA;ITAQUERA;55650;55.65;5067;84.45;ok;
59;HOSP MUN JOSANIAS CASTANHA BRAGA;JARDIM ROSCHEL;21;HOSPITAL GERAL DO GRAJAU PROF LIBER JOHN ALPHONSE DI DIO SP;PARQUE DAS NACOES;31560;31.56;2797;46.62;ok;
59;HOSP MUN JOSANIAS CASTANHA BRAGA;JARDIM ROSCHEL;22;HOSPITAL E MATERNIDADE LEONOR MENDES DE BARROS SAO PAULO;BELENZINHO;61590;61.59;3987;66.46;ok;
59;HOSP MUN JOSANIAS CASTANHA BRAGA;JARDIM ROSCHEL;23;CENTRO DE REFERENCIA E TREINAMENTO DST AIDS SAO PAULO;VILA MARIANA;32560;32.56;3050;50.84;ok;
59;HOSP MUN JOSANIAS CASTANHA BRAGA;JARDIM ROSCHEL;24;HOSPITAL MILITAR DE AREA DE SAO PAULO;CAMBUCI;37310;37.31;3571;59.52;ok;
59;HOSP MUN JOSANIAS CASTANHA BRAGA;JARDIM ROSCHEL;25;CENTRO DE REFERENCIA DA SAUDE DA MULHER;CAMPOS ELISEOS;42310;42.31;3563;59.38;ok;
59;HOSP MUN JOSANIAS CASTANHA BRAGA;JARDIM ROSCHEL;26;HOSP MUN INFANTIL MENINO JESUS;BELA VISTA;39250;39.25;3350;55.84;ok;
59;HOSP MUN JOSANIAS CASTANHA BRAGA;JARDIM ROSCHEL;28;HOSP MUN MAT ESC DR MARIO DE MORAES A SILVA;VILA NOVA CACHOEIRIN;53660;53.66;3889;64.83;ok;
59;HOSP MUN JOSANIAS CASTANHA BRAGA;JARDIM ROSCHEL;29;HOSPITAL GERAL JESUS TEIXEIRA DA COSTA GUAIANASES SAO PAULO;JARDIM SAO PAULO;58960;58.96;5280;88.01;ok;
59;HOSP MUN JOSANIAS CASTANHA BRAGA;JARDIM ROSCHEL;30;HOSP MUN DR CARMINO CARICCHIO;TATUAPE;62770;62.77;4179;69.66;ok;
59;HOSP MUN JOSANIAS CASTANHA BRAGA;JARDIM ROSCHEL;31;HOSP MUN TIDE SETUBAL;SAO MIGUEL PAULISTA;80980;80.98;4985;83.1;ok;
59;HOSP MUN JOSANIAS CASTANHA BRAGA;JARDIM ROSCHEL;32;HOSP MUN V NHOCUNE ALEXANDRE ZAIO;VILA NHOCUNE;71970;71.97;4826;80.44;ok;
59;HOSP MUN JOSANIAS CASTANHA BRAGA;JARDIM ROSCHEL;33;HOSP MUN JABAQUARA ARTUR RIBEIRO DE SABOYA;JABAQUARA;27400;27.4;2492;41.54;ok;
59;HOSP MUN JOSANIAS CASTANHA BRAGA;JARDIM ROSCHEL;34;HOSPITAL KATIA DE SOUZA RODRIGUES TAIPASSP SAO PAULO;PARADA DE TAIPAS;56740;56.74;4082;68.05;ok;
59;HOSP MUN JOSANIAS CASTANHA BRAGA;JARDIM ROSCHEL;35;HOSP MUN PROFESSOR DOUTOR ALIPIO CORREA NETTO;VILA PARANAGUA;73520;73.52;5033;83.88;ok;
59;HOSP MUN JOSANIAS CASTANHA BRAGA;JARDIM ROSCHEL;36;HOSPITAL MUNICIPAL DR BENEDITO MONTENEGRO;JARDIM IVA;46610;46.61;4151;69.19;ok;
59;HOSP MUN JOSANIAS CASTANHA BRAGA;JARDIM ROSCHEL;37;HOSP MUN IGNACIO PROENCA DE GOUVEA;PARQUE DA MOOCA;39070;39.07;3818;63.64;ok;
59;HOSP MUN JOSANIAS CASTANHA BRAGA;JARDIM ROSCHEL;38;HOSPITAL INFANTIL CANDIDO FONTOURA SAO PAULO;AGUA RASA;46120;46.12;3947;65.8;ok;
59;HOSP MUN JOSANIAS CASTANHA BRAGA;JARDIM ROSCHEL;40;HOSPITAL REGIONAL SUL SAO PAULO;SANTO AMARO;23010;23.01;2018;33.64;ok;
59;HOSP MUN JOSANIAS CASTANHA BRAGA;JARDIM ROSCHEL;42;HOSPITAL ESTADUAL DE SAPOPEMBA SAO PAULO;JARDIM SAPOPEMBA;44350;44.35;3978;66.32;ok;
59;HOSP MUN JOSANIAS CASTANHA BRAGA;JARDIM ROSCHEL;43;HOSPITAL GERAL DE VILA PENTEADO DR JOSE PANGELLA SAO PAULO;JARDIM IRACEMA;50080;50.08;3545;59.09;ok;
59;HOSP MUN JOSANIAS CASTANHA BRAGA;JARDIM ROSCHEL;46;HOSP DO SERV PUB MUNICIPAL HSPM;LIBERDADE;35870;35.87;3431;57.19;ok;
59;HOSP MUN JOSANIAS CASTANHA BRAGA;JARDIM ROSCHEL;47;HOSP MUN FERNANDO MAURO PIRES DA ROCHA;CAMPO LIMPO;28400;28.4;2518;41.98;ok;
59;HOSP MUN JOSANIAS CASTANHA BRAGA;JARDIM ROSCHEL;48;CENTRO HOSPITALAR DO SISTEMA PENITENCIARIO SAO PAULO;CARANDIRU;45480;45.48;3963;66.06;ok;
59;HOSP MUN JOSANIAS CASTANHA BRAGA;JARDIM ROSCHEL;49;HOSP MUN VER JOSE STOROPOLLI;PARQUE NOVO MUNDO;65250;65.25;4242;70.7;ok;
59;HOSP MUN JOSANIAS CASTANHA BRAGA;JARDIM ROSCHEL;50;CENTRO MEDICO PMESP;TREMEMBE;50520;50.52;4527;75.46;ok;
59;HOSP MUN JOSANIAS CASTANHA BRAGA;JARDIM ROSCHEL;51;HOSP MUN CARMEN PRUDENTE;CIDADE TIRADENTES;55700;55.7;4984;83.08;ok;
59;HOSP MUN JOSANIAS CASTANHA BRAGA;JARDIM ROSCHEL;53;INSTITUTO DE REABILITACAO LUCY MONTORO;VILA ANDRADE;28060;28.06;2514;41.9;ok;
59;HOSP MUN JOSANIAS CASTANHA BRAGA;JARDIM ROSCHEL;55;INSTITUTO DO CANCER DO ESTADO DE SAO PAULO;CERQUEIRA CESAR;39150;39.15;3184;53.07;ok;
59;HOSP MUN JOSANIAS CASTANHA BRAGA;JARDIM ROSCHEL;56;HOSP MUN SOROCABANA;VILA ROMANA;41380;41.38;3372;56.21;ok;
59;HOSP MUN JOSANIAS CASTANHA BRAGA;JARDIM ROSCHEL;57;HOSP MUN GILSON DE CASSIA MARQUES DE CARVALHO;VILA MASCOTE;25040;25.04;2294;38.25;ok;
59;HOSP MUN JOSANIAS CASTANHA BRAGA;JARDIM ROSCHEL;58;HOSP MUN CAPELA DO SOCORRO;JARDIM DAS IMBUIAS;14740;14.74;1359;22.67;ok;
59;HOSP MUN JOSANIAS CASTANHA BRAGA;JARDIM ROSCHEL;59;HOSP MUN JOSANIAS CASTANHA BRAGA;JARDIM ROSCHEL;0;0.0;0;0.0;ok;
59;HOSP MUN JOSANIAS CASTANHA BRAGA;JARDIM ROSCHEL;233;HOSP MUN SOROCABANA;ALTO DE PINHEIROS;40760;40.76;3119;51.99;ok;
233;HOSP MUN SOROCABANA;ALTO DE PINHEIROS;1;HOSPITAL MUNICIPAL SANTA DULCE DOS POBRES;CONSOLACAO;9200;9.2;1019;16.99;ok;
233;HOSP MUN SOROCABANA;ALTO DE PINHEIROS;2;HOSPITAL MUNICIPAL BRASILANDIA;JARDIM MARISTELA;10150;10.15;1091;18.19;ok;
233;HOSP MUN SOROCABANA;ALTO DE PINHEIROS;3;HOSPITAL MUNICIPAL GUARAPIRANGA;RIVIERA PAULISTA;22690;22.69;1715;28.6;ok;
233;HOSP MUN SOROCABANA;ALTO DE PINHEIROS;4;INSTITUTO DE INFECTOLOGIA EMILIO RIBAS;SUMARE;5970;5.97;757;12.62;ok;
233;HOSP MUN SOROCABANA;ALTO DE PINHEIROS;5;HOSPITAL DO SERV PUB EST FCO MORATO DE OLIVEIRA SAO PAULO;IBIRAPUERA;13760;13.76;1149;19.16;ok;
233;HOSP MUN SOROCABANA;ALTO DE PINHEIROS;6;HOSPITAL MATERNIDADE INTERLAGOS;JD LEBLON;23990;23.99;1850;30.85;ok;
233;HOSP MUN SOROCABANA;ALTO DE PINHEIROS;7;HOSPITAL GERAL DE PEDREIRA;VILA CAMPO GRANDE;22980;22.98;1811;30.19;ok;
233;HOSP MUN SOROCABANA;ALTO DE PINHEIROS;8;HOSPITAL HELIOPOLIS UNIDADE DE GESTAO ASSISTENCIAL I;V HELIOPOLIS;22180;22.18;1994;33.25;ok;
233;HOSP MUN SOROCABANA;ALTO DE PINHEIROS;10;HOSPITAL INFANTIL DARCY VARGAS UGA III SAO PAULO;JARDIM GUEDALA;9670;9.67;939;15.65;ok;
233;HOSP MUN SOROCABANA;ALTO DE PINHEIROS;11;HOSP MUN MATERNIDADE PROFESSOR MARIO DEGNI;VILA ANTONIO;7630;7.63;797;13.29;ok;
233;HOSP MUN SOROCABANA;ALTO DE PINHEIROS;12;HOSPITAL UNIVERSITARIO DA USP SAO PAULO;BUTANTA;5700;5.7;697;11.62;ok;
233;HOSP MUN SOROCABANA;ALTO DE PINHEIROS;13;CAISM PHILIPPE PINEL SAO PAULO;PIRITUBA;9170;9.17;1109;18.5;ok;
233;HOSP MUN SOROCABANA;ALTO DE PINHEIROS;14;HOSPITAL GERAL HENRIQUE ALTIMEYER DE VILA ALPINA;VILA ALPINA;27150;27.15;1982;33.04;ok;
233;HOSP MUN SOROCABANA;ALTO DE PINHEIROS;16;HOSPITAL GERAL DE SAO MATEUS SAO PAULO;SAO MATEUS;33530;33.53;2416;40.28;ok;
233;HOSP MUN SOROCABANA;ALTO DE PINHEIROS;17;UNIDADE DE GESTAO ASSISTENCIAL II HOSPITAL IPIRANGA SP;IPIRANGA;15960;15.96;1716;28.61;ok;
233;HOSP MUN SOROCABANA;ALTO DE PINHEIROS;18;CONJUNTO HOSPITALAR DO MANDAQUI SAO PAULO;SANTANA;14420;14.42;1567;26.12;ok;
233;HOSP MUN SOROCABANA;ALTO DE PINHEIROS;19;HOSPITAL GERAL SANTA MARCELINA DE ITAIM PAULISTA SAO PAULO;ITAIM PAULISTA;46160;46.16;2699;44.99;ok;
233;HOSP MUN SOROCABANA;ALTO DE PINHEIROS;20;HOSP MUN PROF DR WALDOMIRO DE PAULA;ITAQUERA;43390;43.39;2642;44.04;ok;
233;HOSP MUN SOROCABANA;ALTO DE PINHEIROS;21;HOSPITAL GERAL DO GRAJAU PROF LIBER JOHN ALPHONSE DI DIO SP;PARQUE DAS NACOES;28460;28.46;2286;38.11;ok;
233;HOSP MUN SOROCABANA;ALTO DE PINHEIROS;22;HOSPITAL E MATERNIDADE LEONOR MENDES DE BARROS SAO PAULO;BELENZINHO;20170;20.17;1387;23.12;ok;
233;HOSP MUN SOROCABANA;ALTO DE PINHEIROS;23;CENTRO DE REFERENCIA E TREINAMENTO DST AIDS SAO PAULO;VILA MARIANA;12570;12.57;1284;21.4;ok;
233;HOSP MUN SOROCABANA;ALTO DE PINHEIROS;24;HOSPITAL MILITAR DE AREA DE SAO PAULO;CAMBUCI;15760;15.76;1659;27.66;ok;
233;HOSP MUN SOROCABANA;ALTO DE PINHEIROS;25;CENTRO DE REFERENCIA DA SAUDE DA MULHER;CAMPOS ELISEOS;10140;10.14;1144;19.08;ok;
233;HOSP MUN SOROCABANA;ALTO DE PINHEIROS;26;HOSP MUN INFANTIL MENINO JESUS;BELA VISTA;11060;11.06;1231;20.52;ok;
233;HOSP MUN SOROCABANA;ALTO DE PINHEIROS;28;HOSP MUN MAT ESC DR MARIO DE MORAES A SILVA;VILA NOVA CACHOEIRIN;10140;10.14;1091;18.2;ok;
233;HOSP MUN SOROCABANA;ALTO DE PINHEIROS;29;HOSPITAL GERAL JESUS TEIXEIRA DA COSTA GUAIANASES SAO PAULO;JARDIM SAO PAULO;51340;51.34;3220;53.68;ok;
233;HOSP MUN SOROCABANA;ALTO DE PINHEIROS;30;HOSP MUN DR CARMINO CARICCHIO;TATUAPE;21350;21.35;1579;26.32;ok;
233;HOSP MUN SOROCABANA;ALTO DE PINHEIROS;31;HOSP MUN TIDE SETUBAL;SAO MIGUEL PAULISTA;39560;39.56;2385;39.76;ok;
233;HOSP MUN SOROCABANA;ALTO DE PINHEIROS;32;HOSP MUN V NHOCUNE ALEXANDRE ZAIO;VILA NHOCUNE;30550;30.55;2226;37.11;ok;
233;HOSP MUN SOROCABANA;ALTO DE PINHEIROS;33;HOSP MUN JABAQUARA ARTUR RIBEIRO DE SABOYA;JABAQUARA;19270;19.27;1636;27.27;ok;
233;HOSP MUN SOROCABANA;ALTO DE PINHEIROS;34;HOSPITAL KATIA DE SOUZA RODRIGUES TAIPASSP SAO PAULO;PARADA DE TAIPAS;14610;14.61;1384;23.07;ok;
233;HOSP MUN SOROCABANA;ALTO DE PINHEIROS;35;HOSP MUN PROFESSOR DOUTOR ALIPIO CORREA NETTO;VILA PARANAGUA;32100;32.1;2433;40.55;ok;
233;HOSP MUN SOROCABANA;ALTO DE PINHEIROS;36;HOSPITAL MUNICIPAL DR BENEDITO MONTENEGRO;JARDIM IVA;29740;29.74;2331;38.86;ok;
233;HOSP MUN SOROCABANA;ALTO DE PINHEIROS;37;HOSP MUN IGNACIO PROENCA DE GOUVEA;PARQUE DA MOOCA;25350;25.35;1855;30.93;ok;
233;HOSP MUN SOROCABANA;ALTO DE PINHEIROS;38;HOSPITAL INFANTIL CANDIDO FONTOURA SAO PAULO;AGUA RASA;22860;22.86;1619;26.99;ok;
233;HOSP MUN SOROCABANA;ALTO DE PINHEIROS;40;HOSPITAL REGIONAL SUL SAO PAULO;SANTO AMARO;18560;18.56;1396;23.28;ok;
233;HOSP MUN SOROCABANA;ALTO DE PINHEIROS;42;HOSPITAL ESTADUAL DE SAPOPEMBA SAO PAULO;JARDIM SAPOPEMBA;35670;35.67;2674;44.58;ok;
233;HOSP MUN SOROCABANA;ALTO DE PINHEIROS;43;HOSPITAL GERAL DE VILA PENTEADO DR JOSE PANGELLA SAO PAULO;JARDIM IRACEMA;7950;7.95;846;14.11;ok;
233;HOSP MUN SOROCABANA;ALTO DE PINHEIROS;46;HOSP DO SERV PUB MUNICIPAL HSPM;LIBERDADE;12540;12.54;1433;23.9;ok;
233;HOSP MUN SOROCABANA;ALTO DE PINHEIROS;47;HOSP MUN FERNANDO MAURO PIRES DA ROCHA;CAMPO LIMPO;17680;17.68;1260;21.02;ok;
233;HOSP MUN SOROCABANA;ALTO DE PINHEIROS;48;CENTRO HOSPITALAR DO SISTEMA PENITENCIARIO SAO PAULO;CARANDIRU;16340;16.34;1374;22.92;ok;
233;HOSP MUN SOROCABANA;ALTO DE PINHEIROS;49;HOSP MUN VER JOSE STOROPOLLI;PARQUE NOVO MUNDO;23830;23.83;1642;27.37;ok;
233;HOSP MUN SOROCABANA;ALTO DE PINHEIROS;50;CENTRO MEDICO PMESP;TREMEMBE;19320;19.32;1872;31.2;ok;
233;HOSP MUN SOROCABANA;ALTO DE PINHEIROS;51;HOSP MUN CARMEN PRUDENTE;CIDADE TIRADENTES;42550;42.55;3275;54.6;ok;
233;HOSP MUN SOROCABANA;ALTO DE PINHEIROS;53;INSTITUTO DE REABILITACAO LUCY MONTORO;VILA ANDRADE;15500;15.5;1125;18.77;ok;
233;HOSP MUN SOROCABANA;ALTO DE PINHEIROS;55;INSTITUTO DO CANCER DO ESTADO DE SAO PAULO;CERQUEIRA CESAR;7580;7.58;855;14.26;ok;
233;HOSP MUN SOROCABANA;ALTO DE PINHEIROS;56;HOSP MUN SOROCABANA;VILA ROMANA;3440;3.44;404;6.74;ok;
233;HOSP MUN SOROCABANA;ALTO DE PINHEIROS;57;HOSP MUN GILSON DE CASSIA MARQUES DE CARVALHO;VILA MASCOTE;16480;16.48;1371;22.86;ok;
233;HOSP MUN SOROCABANA;ALTO DE PINHEIROS;58;HOSP MUN CAPELA DO SOCORRO;JARDIM DAS IMBUIAS;27440;27.44;2269;37.83;ok;
233;HOSP MUN SOROCABANA;ALTO DE PINHEIROS;59;HOSP MUN JOSANIAS CASTANHA BRAGA;JARDIM ROSCHEL;40510;40.51;3139;52.32;ok;
233;HOSP MUN SOROCABANA;ALTO DE PINHEIROS;233;HOSP MUN SOROCABANA;ALTO DE PINHEIROS;0;0.0;0;0.0;ok;
