origin_id;origin_hospital;origin_bairro;origin_latitude;origin_longitude;destination_id;destination_hospital;destination_bairro;destination_latitude;destination_longitude;distance_meters;distance_km;duration_seconds;duration_minutes;status;error_message
1;HOSPITAL MUNICIPAL SANTA DULCE DOS POBRES;CONSOLACAO;-23.5573928;-46.6562429;1;HOSPITAL MUNICIPAL SANTA DULCE DOS POBRES;CONSOLACAO;-23.5573928;-46.6562429;0;0.0;0;0.0;ok;
1;HOSPITAL MUNICIPAL SANTA DULCE DOS POBRES;CONSOLACAO;-23.5573928;-46.6562429;2;HOSPITAL MUNICIPAL BRASILANDIA;JARDIM MARISTELA;-23.476544;-46.6980006;14160;14.16;1481;24.7;ok;
1;HOSPITAL MUNICIPAL SANTA DULCE DOS POBRES;CONSOLACAO;-23.5573928;-46.6562429;3;HOSPITAL MUNICIPAL GUARAPIRANGA;RIVIERA PAULISTA;-23.6911689;-46.7517858;20920;20.92;1768;29.47;ok;
1;HOSPITAL MUNICIPAL SANTA DULCE DOS POBRES;CONSOLACAO;-23.5573928;-46.6562429;4;INSTITUTO DE INFECTOLOGIA EMILIO RIBAS;SUMARE;-23.5470783;-46.6812257;3140;3.14;350;5.84;ok;
1;HOSPITAL MUNICIPAL SANTA DULCE DOS POBRES;CONSOLACAO;-23.5573928;-46.6562429;5;HOSPITAL DO SERV PUB EST FCO MORATO DE OLIVEIRA SAO PAULO;IBIRAPUERA;-23.5966175;-46.6539691;6270;6.27;650;10.83;ok;
1;HOSPITAL MUNICIPAL SANTA DULCE DOS POBRES;CONSOLACAO;-23.5573928;-46.6562429;6;HOSPITAL MATERNIDADE INTERLAGOS;JD LEBLON;-23.7069613;-46.7021968;22210;22.21;1903;31.72;ok;
1;HOSPITAL MUNICIPAL SANTA DULCE DOS POBRES;CONSOLACAO;-23.5573928;-46.6562429;7;HOSPITAL GERAL DE PEDREIRA;VILA CAMPO GRANDE;-23.6808407;-46.6783317;18030;18.03;1843;30.72;ok;
1;HOSPITAL MUNICIPAL SANTA DULCE DOS POBRES;CONSOLACAO;-23.5573928;-46.6562429;8;HOSPITAL HELIOPOLIS UNIDADE DE GESTAO ASSISTENCIAL I;V HELIOPOLIS;-23.607115;-46.595253;11740;11.74;1260;21.0;ok;
1;HOSPITAL MUNICIPAL SANTA DULCE DOS POBRES;CONSOLACAO;-23.5573928;-46.6562429;10;HOSPITAL INFANTIL DARCY VARGAS UGA III SAO PAULO;JARDIM GUEDALA;-23.5929419;-46.7109151;7640;7.64;867;14.45;ok;
1;HOSPITAL MUNICIPAL SANTA DULCE DOS POBRES;CONSOLACAO;-23.5573928;-46.6562429;11;HOSP MUN MATERNIDADE PROFESSOR MARIO DEGNI;VILA ANTONIO;-23.5777487;-46.764842;14160;14.16;1207;20.13;ok;
1;HOSPITAL MUNICIPAL SANTA DULCE DOS POBRES;CONSOLACAO;-23.5573928;-46.6562429;12;HOSPITAL UNIVERSITARIO DA USP SAO PAULO;BUTANTA;-23.5649058;-46.7409515;10760;10.76;1311;21.87;ok;
1;HOSPITAL MUNICIPAL SANTA DULCE DOS POBRES;CONSOLACAO;-23.5573928;-46.6562429;13;CAISM PHILIPPE PINEL SAO PAULO;PIRITUBA;-23.4869816;-46.7239346;15050;15.05;1518;25.3;ok;
1;HOSPITAL MUNICIPAL SANTA DULCE DOS POBRES;CONSOLACAO;-23.5573928;-46.6562429;14;HOSPITAL GERAL HENRIQUE ALTIMEYER DE VILA ALPINA;VILA ALPINA;-23.5930526;-46.5607618;13320;13.32;1446;24.11;ok;
1;HOSPITAL MUNICIPAL SANTA DULCE DOS POBRES;CONSOLACAO;-23.5573928;-46.6562429;16;HOSPITAL GERAL DE SAO MATEUS SAO PAULO;SAO MATEUS;-23.5947358;-46.4867109;26120;26.12;2176;36.28;ok;
1;HOSPITAL MUNICIPAL SANTA DULCE DOS POBRES;CONSOLACAO;-23.5573928;-46.6562429;17;UNIDADE DE GESTAO ASSISTENCIAL II HOSPITAL IPIRANGA SP;IPIRANGA;-23.584203;-46.6116295;8070;8.07;971;16.19;ok;
1;HOSPITAL MUNICIPAL SANTA DULCE DOS POBRES;CONSOLACAO;-23.5573928;-46.6562429;18;CONJUNTO HOSPITALAR DO MANDAQUI SAO PAULO;SANTANA;-23.4849783;-46.6314355;11660;11.66;1303;21.73;ok;
1;HOSPITAL MUNICIPAL SANTA DULCE DOS POBRES;CONSOLACAO;-23.5573928;-46.6562429;19;HOSPITAL GERAL SANTA MARCELINA DE ITAIM PAULISTA SAO PAULO;ITAIM PAULISTA;-23.4924231;-46.3889814;38740;38.74;2459;40.99;ok;
1;HOSPITAL MUNICIPAL SANTA DULCE DOS POBRES;CONSOLACAO;-23.5573928;-46.6562429;20;HOSP MUN PROF DR WALDOMIRO DE PAULA;ITAQUERA;-23.5321357;-46.4472128;35980;35.98;2402;40.04;ok;
1;HOSPITAL MUNICIPAL SANTA DULCE DOS POBRES;CONSOLACAO;-23.5573928;-46.6562429;21;HOSPITAL GERAL DO GRAJAU PROF LIBER JOHN ALPHONSE DI DIO SP;PARQUE DAS NACOES;-23.691152;-46.5848155;22310;22.31;1995;33.25;ok;
1;HOSPITAL MUNICIPAL SANTA DULCE DOS POBRES;CONSOLACAO;-23.5573928;-46.6562429;22;HOSPITAL E MATERNIDADE LEONOR MENDES DE BARROS SAO PAULO;BELENZINHO;-23.5359031;-46.5887061;9860;9.86;1136;18.95;ok;
1;HOSPITAL MUNICIPAL SANTA DULCE DOS POBRES;CONSOLACAO;-23.5573928;-46.6562429;23;CENTRO DE REFERENCIA E TREINAMENTO DST AIDS SAO PAULO;VILA MARIANA;-23.5966194;-46.6358133;6010;6.01;726;12.1;ok;
1;HOSPITAL MUNICIPAL SANTA DULCE DOS POBRES;CONSOLACAO;-23.5573928;-46.6562429;24;HOSPITAL MILITAR DE AREA DE SAO PAULO;CAMBUCI;-23.5696701;-46.6134492;6300;6.3;808;13.47;ok;
1;HOSPITAL MUNICIPAL SANTA DULCE DOS POBRES;CONSOLACAO;-23.5573928;-46.6562429;25;CENTRO DE REFERENCIA DA SAUDE DA MULHER;CAMPOS ELISEOS;-23.5343002;-46.6437496;3940;3.94;493;8.23;ok;
1;HOSPITAL MUNICIPAL SANTA DULCE DOS POBRES;CONSOLACAO;-23.5573928;-46.6562429;26;HOSP MUN INFANTIL MENINO JESUS;BELA VISTA;-23.56022;-46.6469982;3050;3.05;367;6.12;ok;
1;HOSPITAL MUNICIPAL SANTA DULCE DOS POBRES;CONSOLACAO;-23.5573928;-46.6562429;28;HOSP MUN MAT ESC DR MARIO DE MORAES A SILVA;VILA NOVA CACHOEIRIN;-23.4802096;-46.6709709;12090;12.09;1322;22.04;ok;
1;HOSPITAL MUNICIPAL SANTA DULCE DOS POBRES;CONSOLACAO;-23.5573928;-46.6562429;29;HOSPITAL GERAL JESUS TEIXEIRA DA COSTA GUAIANASES SAO PAULO;JARDIM SAO PAULO;-23.5523813;-46.4053829;43920;43.92;2980;49.68;ok;
1;HOSPITAL MUNICIPAL SANTA DULCE DOS POBRES;CONSOLACAO;-23.5573928;-46.6562429;30;HOSP MUN DR CARMINO CARICCHIO;TATUAPE;-23.5329502;-46.5664411;13940;13.94;1339;22.32;ok;
1;HOSPITAL MUNICIPAL SANTA DULCE DOS POBRES;CONSOLACAO;-23.5573928;-46.6562429;31;HOSP MUN TIDE SETUBAL;SAO MIGUEL PAULISTA;-23.4973179;-46.439865;32150;32.15;2145;35.76;ok;
1;HOSPITAL MUNICIPAL SANTA DULCE DOS POBRES;CONSOLACAO;-23.5573928;-46.6562429;32;HOSP MUN V NHOCUNE ALEXANDRE ZAIO;VILA NHOCUNE;-23.5424212;-46.5015398;18490;18.49;1945;32.43;ok;
1;HOSPITAL MUNICIPAL SANTA DULCE DOS POBRES;CONSOLACAO;-23.5573928;-46.6562429;33;HOSP MUN JABAQUARA ARTUR RIBEIRO DE SABOYA;JABAQUARA;-23.6533422;-46.6456764;13460;13.46;1422;23.71;ok;
1;HOSPITAL MUNICIPAL SANTA DULCE DOS POBRES;CONSOLACAO;-23.5573928;-46.6562429;34;HOSPITAL KATIA DE SOUZA RODRIGUES TAIPASSP SAO PAULO;PARADA DE TAIPAS;-23.4436996;-46.7177512;18620;18.62;1774;29.58;ok;
1;HOSPITAL MUNICIPAL SANTA DULCE DOS POBRES;CONSOLACAO;-23.5573928;-46.6562429;35;HOSP MUN PROFESSOR DOUTOR ALIPIO CORREA NETTO;VILA PARANAGUA;-23.499644;-46.4729162;24690;24.69;2193;36.55;ok;
1;HOSPITAL MUNICIPAL SANTA DULCE DOS POBRES;CONSOLACAO;-23.5573928;-46.6562429;36;HOSPITAL MUNICIPAL DR BENEDITO MONTENEGRO;JARDIM IVA;-23.5875541;-46.5145716;17690;17.69;1907;31.79;ok;
1;HOSPITAL MUNICIPAL SANTA DULCE DOS POBRES;CONSOLACAO;-23.5573928;-46.6562429;37;HOSP MUN IGNACIO PROENCA DE GOUVEA;PARQUE DA MOOCA;-23.5717374;-46.590166;9620;9.62;1072;17.88;ok;
1;HOSPITAL MUNICIPAL SANTA DULCE DOS POBRES;CONSOLACAO;-23.5573928;-46.6562429;38;HOSPITAL INFANTIL CANDIDO FONTOURA SAO PAULO;AGUA RASA;-23.551918;-46.5852143;8850;8.85;1027;17.13;ok;
1;HOSPITAL MUNICIPAL SANTA DULCE DOS POBRES;CONSOLACAO;-23.5573928;-46.6562429;40;HOSPITAL REGIONAL SUL SAO PAULO;SANTO AMARO;-23.6555597;-46.7058596;16780;16.78;1449;24.15;ok;
1;HOSPITAL MUNICIPAL SANTA DULCE DOS POBRES;CONSOLACAO;-23.5573928;-46.6562429;42;HOSPITAL ESTADUAL DE SAPOPEMBA SAO PAULO;JARDIM SAPOPEMBA;-23.611336;-46.493671;21900;21.9;2198;36.64;ok;
1;HOSPITAL MUNICIPAL SANTA DULCE DOS POBRES;CONSOLACAO;-23.5573928;-46.6562429;43;HOSPITAL GERAL DE VILA PENTEADO DR JOSE PANGELLA SAO PAULO;JARDIM IRACEMA;-23.4934229;-46.7008274;12660;12.66;1246;20.78;ok;
1;HOSPITAL MUNICIPAL SANTA DULCE DOS POBRES;CONSOLACAO;-23.5573928;-46.6562429;46;HOSP DO SERV PUB MUNICIPAL HSPM;LIBERDADE;-23.5673424;-46.639071;4540;4.54;569;9.5;ok;
1;HOSPITAL MUNICIPAL SANTA DULCE DOS POBRES;CONSOLACAO;-23.5573928;-46.6562429;47;HOSP MUN FERNANDO MAURO PIRES DA ROCHA;CAMPO LIMPO;-23.6490957;-46.7490028;15900;15.9;1313;21.89;ok;
1;HOSPITAL MUNICIPAL SANTA DULCE DOS POBRES;CONSOLACAO;-23.5573928;-46.6562429;48;CENTRO HOSPITALAR DO SISTEMA PENITENCIARIO SAO PAULO;CARANDIRU;-23.5085713;-46.6201015;8740;8.74;1031;17.18;ok;
1;HOSPITAL MUNICIPAL SANTA DULCE DOS POBRES;CONSOLACAO;-23.5573928;-46.6562429;49;HOSP MUN VER JOSE STOROPOLLI;PARQUE NOVO MUNDO;-23.522085;-46.5617446;16410;16.41;1402;23.37;ok;
1;HOSPITAL MUNICIPAL SANTA DULCE DOS POBRES;CONSOLACAO;-23.5573928;-46.6562429;50;CENTRO MEDICO PMESP;TREMEMBE;-23.4690239;-46.6188727;13790;13.79;1594;26.58;ok;
1;HOSPITAL MUNICIPAL SANTA DULCE DOS POBRES;CONSOLACAO;-23.5573928;-46.6562429;51;HOSP MUN CARMEN PRUDENTE;CIDADE TIRADENTES;-23.5833632;-46.4092773;35140;35.14;3035;50.6;ok;
1;HOSPITAL MUNICIPAL SANTA DULCE DOS POBRES;CONSOLACAO;-23.5573928;-46.6562429;53;INSTITUTO DE REABILITACAO LUCY MONTORO;VILA ANDRADE;-23.6322694;-46.7351129;13720;13.72;1178;19.64;ok;
1;HOSPITAL MUNICIPAL SANTA DULCE DOS POBRES;CONSOLACAO;-23.5573928;-46.6562429;55;INSTITUTO DO CANCER DO ESTADO DE SAO PAULO;CERQUEIRA CESAR;-23.5561305;-46.6681716;2860;2.86;334;5.57;ok;
1;HOSPITAL MUNICIPAL SANTA DULCE DOS POBRES;CONSOLACAO;-23.5573928;-46.6562429;56;HOSP MUN SOROCABANA;VILA ROMANA;-23.5238763;-46.7013591;8109;8.11;875;14.58;ok;
1;HOSPITAL MUNICIPAL SANTA DULCE DOS POBRES;CONSOLACAO;-23.5573928;-46.6562429;57;HOSP MUN GILSON DE CASSIA MARQUES DE CARVALHO;VILA MASCOTE;-23.6470652;-46.662824;13310;13.31;1343;22.4;ok;
1;HOSPITAL MUNICIPAL SANTA DULCE DOS POBRES;CONSOLACAO;-23.5573928;-46.6562429;58;HOSP MUN CAPELA DO SOCORRO;JARDIM DAS IMBUIAS;-23.7296842;-46.7129995;25660;25.66;2322;38.7;ok;
1;HOSPITAL MUNICIPAL SANTA DULCE DOS POBRES;CONSOLACAO;-23.5573928;-46.6562429;59;HOSP MUN JOSANIAS CASTANHA BRAGA;JARDIM ROSCHEL;-23.8247733;-46.7266429;38730;38.73;3191;53.2;ok;
1;HOSPITAL MUNICIPAL SANTA DULCE DOS POBRES;CONSOLACAO;-23.5573928;-46.6562429;233;HOSP MUN SOROCABANA;ALTO DE PINHEIROS;-23.5375934;-46.7227993;9240;9.24;1009;16.82;ok;
2;HOSPITAL MUNICIPAL BRASILANDIA;JARDIM MARISTELA;-23.476544;-46.6980006;1;HOSPITAL MUNICIPAL SANTA DULCE DOS POBRES;CONSOLACAO;-23.5573928;-46.6562429;14180;14.18;1515;25.25;ok;
2;HOSPITAL MUNICIPAL BRASILANDIA;JARDIM MARISTELA;-23.476544;-46.6980006;2;HOSPITAL MUNICIPAL BRASILANDIA;JARDIM MARISTELA;-23.476544;-46.6980006;0;0.0;0;0.0;ok;
2;HOSPITAL MUNICIPAL BRASILANDIA;JARDIM MARISTELA;-23.476544;-46.6980006;3;HOSPITAL MUNICIPAL GUARAPIRANGA;RIVIERA PAULISTA;-23.6911689;-46.7517858;35680;35.68;2425;40.43;ok;
2;HOSPITAL MUNICIPAL BRASILANDIA;JARDIM MARISTELA;-23.476544;-46.6980006;4;INSTITUTO DE INFECTOLOGIA EMILIO RIBAS;SUMARE;-23.5470783;-46.6812257;10870;10.87;1097;18.29;ok;
2;HOSPITAL MUNICIPAL BRASILANDIA;JARDIM MARISTELA;-23.476544;-46.6980006;5;HOSPITAL DO SERV PUB EST FCO MORATO DE OLIVEIRA SAO PAULO;IBIRAPUERA;-23.5966175;-46.6539691;17980;17.98;1826;30.45;ok;
2;HOSPITAL MUNICIPAL BRASILANDIA;JARDIM MARISTELA;-23.476544;-46.6980006;6;HOSPITAL MATERNIDADE INTERLAGOS;JD LEBLON;-23.7069613;-46.7021968;36980;36.98;2561;42.68;ok;
2;HOSPITAL MUNICIPAL BRASILANDIA;JARDIM MARISTELA;-23.476544;-46.6980006;7;HOSPITAL GERAL DE PEDREIRA;VILA CAMPO GRANDE;-23.6808407;-46.6783317;35970;35.97;2521;42.02;ok;
2;HOSPITAL MUNICIPAL BRASILANDIA;JARDIM MARISTELA;-23.476544;-46.6980006;8;HOSPITAL HELIOPOLIS UNIDADE DE GESTAO ASSISTENCIAL I;V HELIOPOLIS;-23.607115;-46.595253;23220;23.22;2104;35.07;ok;
2;HOSPITAL MUNICIPAL BRASILANDIA;JARDIM MARISTELA;-23.476544;-46.6980006;10;HOSPITAL INFANTIL DARCY VARGAS UGA III SAO PAULO;JARDIM GUEDALA;-23.5929419;-46.7109151;22660;22.66;1649;27.49;ok;
2;HOSPITAL MUNICIPAL BRASILANDIA;JARDIM MARISTELA;-23.476544;-46.6980006;11;HOSP MUN MATERNIDADE PROFESSOR MARIO DEGNI;VILA ANTONIO;-23.5777487;-46.764842;18980;18.98;1562;26.03;ok;
2;HOSPITAL MUNICIPAL BRASILANDIA;JARDIM MARISTELA;-23.476544;-46.6980006;12;HOSPITAL UNIVERSITARIO DA USP SAO PAULO;BUTANTA;-23.5649058;-46.7409515;17050;17.05;1462;24.37;ok;
2;HOSPITAL MUNICIPAL BRASILANDIA;JARDIM MARISTELA;-23.476544;-46.6980006;13;CAISM PHILIPPE PINEL SAO PAULO;PIRITUBA;-23.4869816;-46.7239346;5530;5.53;562;9.38;ok;
2;HOSPITAL MUNICIPAL BRASILANDIA;JARDIM MARISTELA;-23.476544;-46.6980006;14;HOSPITAL GERAL HENRIQUE ALTIMEYER DE VILA ALPINA;VILA ALPINA;-23.5930526;-46.5607618;24710;24.71;1881;31.36;ok;
2;HOSPITAL MUNICIPAL BRASILANDIA;JARDIM MARISTELA;-23.476544;-46.6980006;16;HOSPITAL GERAL DE SAO MATEUS SAO PAULO;SAO MATEUS;-23.5947358;-46.4867109;31100;31.1;2316;38.6;ok;
2;HOSPITAL MUNICIPAL BRASILANDIA;JARDIM MARISTELA;-23.476544;-46.6980006;17;UNIDADE DE GESTAO ASSISTENCIAL II HOSPITAL IPIRANGA SP;IPIRANGA;-23.584203;-46.6116295;19990;19.99;1831;30.52;ok;
2;HOSPITAL MUNICIPAL BRASILANDIA;JARDIM MARISTELA;-23.476544;-46.6980006;18;CONJUNTO HOSPITALAR DO MANDAQUI SAO PAULO;SANTANA;-23.4849783;-46.6314355;10620;10.62;1183;19.72;ok;
2;HOSPITAL MUNICIPAL BRASILANDIA;JARDIM MARISTELA;-23.476544;-46.6980006;19;HOSPITAL GERAL SANTA MARCELINA DE ITAIM PAULISTA SAO PAULO;ITAIM PAULISTA;-23.4924231;-46.3889814;43720;43.72;2598;43.31;ok;
2;HOSPITAL MUNICIPAL BRASILANDIA;JARDIM MARISTELA;-23.476544;-46.6980006;20;HOSP MUN PROF DR WALDOMIRO DE PAULA;ITAQUERA;-23.5321357;-46.4472128;40960;40.96;2541;42.36;ok;
2;HOSPITAL MUNICIPAL BRASILANDIA;JARDIM MARISTELA;-23.476544;-46.6980006;21;HOSPITAL GERAL DO GRAJAU PROF LIBER JOHN ALPHONSE DI DIO SP;PARQUE DAS NACOES;-23.691152;-46.5848155;35240;35.24;2906;48.44;ok;
2;HOSPITAL MUNICIPAL BRASILANDIA;JARDIM MARISTELA;-23.476544;-46.6980006;22;HOSPITAL E MATERNIDADE LEONOR MENDES DE BARROS SAO PAULO;BELENZINHO;-23.5359031;-46.5887061;17740;17.74;1286;21.44;ok;
2;HOSPITAL MUNICIPAL BRASILANDIA;JARDIM MARISTELA;-23.476544;-46.6980006;23;CENTRO DE REFERENCIA E TREINAMENTO DST AIDS SAO PAULO;VILA MARIANA;-23.5966194;-46.6358133;19400;19.4;1957;32.62;ok;
2;HOSPITAL MUNICIPAL BRASILANDIA;JARDIM MARISTELA;-23.476544;-46.6980006;24;HOSPITAL MILITAR DE AREA DE SAO PAULO;CAMBUCI;-23.5696701;-46.6134492;18590;18.59;1702;28.38;ok;
2;HOSPITAL MUNICIPAL BRASILANDIA;JARDIM MARISTELA;-23.476544;-46.6980006;25;CENTRO DE REFERENCIA DA SAUDE DA MULHER;CAMPOS ELISEOS;-23.5343002;-46.6437496;12190;12.19;1178;19.64;ok;
2;HOSPITAL MUNICIPAL BRASILANDIA;JARDIM MARISTELA;-23.476544;-46.6980006;26;HOSP MUN INFANTIL MENINO JESUS;BELA VISTA;-23.56022;-46.6469982;14310;14.31;1575;26.26;ok;
2;HOSPITAL MUNICIPAL BRASILANDIA;JARDIM MARISTELA;-23.476544;-46.6980006;28;HOSP MUN MAT ESC DR MARIO DE MORAES A SILVA;VILA NOVA CACHOEIRIN;-23.4802096;-46.6709709;4820;4.82;640;10.68;ok;
2;HOSPITAL MUNICIPAL BRASILANDIA;JARDIM MARISTELA;-23.476544;-46.6980006;29;HOSPITAL GERAL JESUS TEIXEIRA DA COSTA GUAIANASES SAO PAULO;JARDIM SAO PAULO;-23.5523813;-46.4053829;48900;48.9;3119;52.0;ok;
2;HOSPITAL MUNICIPAL BRASILANDIA;JARDIM MARISTELA;-23.476544;-46.6980006;30;HOSP MUN DR CARMINO CARICCHIO;TATUAPE;-23.5329502;-46.5664411;18920;18.92;1478;24.64;ok;
2;HOSPITAL MUNICIPAL BRASILANDIA;JARDIM MARISTELA;-23.476544;-46.6980006;31;HOSP MUN TIDE SETUBAL;SAO MIGUEL PAULISTA;-23.4973179;-46.439865;37130;37.13;2284;38.08;ok;
2;HOSPITAL MUNICIPAL BRASILANDIA;JARDIM MARISTELA;-23.476544;-46.6980006;32;HOSP MUN V NHOCUNE ALEXANDRE ZAIO;VILA NHOCUNE;-23.5424212;-46.5015398;28110;28.11;2125;35.43;ok;
2;HOSPITAL MUNICIPAL BRASILANDIA;JARDIM MARISTELA;-23.476544;-46.6980006;33;HOSP MUN JABAQUARA ARTUR RIBEIRO DE SABOYA;JABAQUARA;-23.6533422;-46.6456764;32259;32.26;2346;39.1;ok;
2;HOSPITAL MUNICIPAL BRASILANDIA;JARDIM MARISTELA;-23.476544;-46.6980006;34;HOSPITAL KATIA DE SOUZA RODRIGUES TAIPASSP SAO PAULO;PARADA DE TAIPAS;-23.4436996;-46.7177512;6230;6.23;576;9.61;ok;
2;HOSPITAL MUNICIPAL BRASILANDIA;JARDIM MARISTELA;-23.476544;-46.6980006;35;HOSP MUN PROFESSOR DOUTOR ALIPIO CORREA NETTO;VILA PARANAGUA;-23.499644;-46.4729162;29670;29.67;2332;38.87;ok;
2;HOSPITAL MUNICIPAL BRASILANDIA;JARDIM MARISTELA;-23.476544;-46.6980006;36;HOSPITAL MUNICIPAL DR BENEDITO MONTENEGRO;JARDIM IVA;-23.5875541;-46.5145716;27300;27.3;2230;37.18;ok;
2;HOSPITAL MUNICIPAL BRASILANDIA;JARDIM MARISTELA;-23.476544;-46.6980006;37;HOSP MUN IGNACIO PROENCA DE GOUVEA;PARQUE DA MOOCA;-23.5717374;-46.590166;22920;22.92;1754;29.24;ok;
2;HOSPITAL MUNICIPAL BRASILANDIA;JARDIM MARISTELA;-23.476544;-46.6980006;38;HOSPITAL INFANTIL CANDIDO FONTOURA SAO PAULO;AGUA RASA;-23.551918;-46.5852143;20420;20.42;1518;25.31;ok;
2;HOSPITAL MUNICIPAL BRASILANDIA;JARDIM MARISTELA;-23.476544;-46.6980006;40;HOSPITAL REGIONAL SUL SAO PAULO;SANTO AMARO;-23.6555597;-46.7058596;31550;31.55;2106;35.11;ok;
2;HOSPITAL MUNICIPAL BRASILANDIA;JARDIM MARISTELA;-23.476544;-46.6980006;42;HOSPITAL ESTADUAL DE SAPOPEMBA SAO PAULO;JARDIM SAPOPEMBA;-23.611336;-46.493671;33240;33.24;2573;42.89;ok;
2;HOSPITAL MUNICIPAL BRASILANDIA;JARDIM MARISTELA;-23.476544;-46.6980006;43;HOSPITAL GERAL DE VILA PENTEADO DR JOSE PANGELLA SAO PAULO;JARDIM IRACEMA;-23.4934229;-46.7008274;2460;2.46;261;4.36;ok;
2;HOSPITAL MUNICIPAL BRASILANDIA;JARDIM MARISTELA;-23.476544;-46.6980006;46;HOSP DO SERV PUB MUNICIPAL HSPM;LIBERDADE;-23.5673424;-46.639071;17700;17.7;1686;28.1;ok;
2;HOSPITAL MUNICIPAL BRASILANDIA;JARDIM MARISTELA;-23.476544;-46.6980006;47;HOSP MUN FERNANDO MAURO PIRES DA ROCHA;CAMPO LIMPO;-23.6490957;-46.7490028;30670;30.67;1971;32.85;ok;
2;HOSPITAL MUNICIPAL BRASILANDIA;JARDIM MARISTELA;-23.476544;-46.6980006;48;CENTRO HOSPITALAR DO SISTEMA PENITENCIARIO SAO PAULO;CARANDIRU;-23.5085713;-46.6201015;13900;13.9;1274;21.23;ok;
2;HOSPITAL MUNICIPAL BRASILANDIA;JARDIM MARISTELA;-23.476544;-46.6980006;49;HOSP MUN VER JOSE STOROPOLLI;PARQUE NOVO MUNDO;-23.522085;-46.5617446;21390;21.39;1541;25.69;ok;
2;HOSPITAL MUNICIPAL BRASILANDIA;JARDIM MARISTELA;-23.476544;-46.6980006;50;CENTRO MEDICO PMESP;TREMEMBE;-23.4690239;-46.6188727;13650;13.65;1373;22.88;ok;
2;HOSPITAL MUNICIPAL BRASILANDIA;JARDIM MARISTELA;-23.476544;-46.6980006;51;HOSP MUN CARMEN PRUDENTE;CIDADE TIRADENTES;-23.5833632;-46.4092773;40120;40.12;3174;52.91;ok;
2;HOSPITAL MUNICIPAL BRASILANDIA;JARDIM MARISTELA;-23.476544;-46.6980006;53;INSTITUTO DE REABILITACAO LUCY MONTORO;VILA ANDRADE;-23.6322694;-46.7351129;28490;28.49;1836;30.6;ok;
2;HOSPITAL MUNICIPAL BRASILANDIA;JARDIM MARISTELA;-23.476544;-46.6980006;55;INSTITUTO DO CANCER DO ESTADO DE SAO PAULO;CERQUEIRA CESAR;-23.5561305;-46.6681716;12670;12.67;1333;22.22;ok;
2;HOSPITAL MUNICIPAL BRASILANDIA;JARDIM MARISTELA;-23.476544;-46.6980006;56;HOSP MUN SOROCABANA;VILA ROMANA;-23.5238763;-46.7013591;6900;6.9;685;11.42;ok;
2;HOSPITAL MUNICIPAL BRASILANDIA;JARDIM MARISTELA;-23.476544;-46.6980006;57;HOSP MUN GILSON DE CASSIA MARQUES DE CARVALHO;VILA MASCOTE;-23.6470652;-46.662824;29470;29.47;2081;34.69;ok;
2;HOSPITAL MUNICIPAL BRASILANDIA;JARDIM MARISTELA;-23.476544;-46.6980006;58;HOSP MUN CAPELA DO SOCORRO;JARDIM DAS IMBUIAS;-23.7296842;-46.7129995;40430;40.43;2979;49.66;ok;
2;HOSPITAL MUNICIPAL BRASILANDIA;JARDIM MARISTELA;-23.476544;-46.6980006;59;HOSP MUN JOSANIAS CASTANHA BRAGA;JARDIM ROSCHEL;-23.8247733;-46.7266429;53500;53.5;3849;64.16;ok;
2;HOSPITAL MUNICIPAL BRASILANDIA;JARDIM MARISTELA;-23.476544;-46.6980006;233;HOSP MUN SOROCABANA;ALTO DE PINHEIROS;-23.5375934;-46.7227993;9540;9.54;1040;17.35;ok;
3;HOSPITAL MUNICIPAL GUARAPIRANGA;RIVIERA PAULISTA;-23.6911689;-46.7517858;1;HOSPITAL MUNICIPAL SANTA DULCE DOS POBRES;CONSOLACAO;-23.5573928;-46.6562429;20080;20.08;1902;31.72;ok;
3;HOSPITAL MUNICIPAL GUARAPIRANGA;RIVIERA PAULISTA;-23.6911689;-46.7517858;2;HOSPITAL MUNICIPAL BRASILANDIA;JARDIM MARISTELA;-23.476544;-46.6980006;34500;34.5;2505;41.75;ok;
3;HOSPITAL MUNICIPAL GUARAPIRANGA;RIVIERA PAULISTA;-23.6911689;-46.7517858;3;HOSPITAL MUNICIPAL GUARAPIRANGA;RIVIERA PAULISTA;-23.6911689;-46.7517858;0;0.0;0;0.0;ok;
3;HOSPITAL MUNICIPAL GUARAPIRANGA;RIVIERA PAULISTA;-23.6911689;-46.7517858;4;INSTITUTO DE INFECTOLOGIA EMILIO RIBAS;SUMARE;-23.5470783;-46.6812257;22190;22.19;1971;32.86;ok;
3;HOSPITAL MUNICIPAL GUARAPIRANGA;RIVIERA PAULISTA;-23.6911689;-46.7517858;5;HOSPITAL DO SERV PUB EST FCO MORATO DE OLIVEIRA SAO PAULO;IBIRAPUERA;-23.5966175;-46.6539691;16780;16.78;1660;27.68;ok;
3;HOSPITAL MUNICIPAL GUARAPIRANGA;RIVIERA PAULISTA;-23.6911689;-46.7517858;6;HOSPITAL MATERNIDADE INTERLAGOS;JD LEBLON;-23.7069613;-46.7021968;11860;11.86;1228;20.48;ok;
3;HOSPITAL MUNICIPAL GUARAPIRANGA;RIVIERA PAULISTA;-23.6911689;-46.7517858;7;HOSPITAL GERAL DE PEDREIRA;VILA CAMPO GRANDE;-23.6808407;-46.6783317;11900;11.9;1253;20.9;ok;
3;HOSPITAL MUNICIPAL GUARAPIRANGA;RIVIERA PAULISTA;-23.6911689;-46.7517858;8;HOSPITAL HELIOPOLIS UNIDADE DE GESTAO ASSISTENCIAL I;V HELIOPOLIS;-23.607115;-46.595253;24770;24.77;2401;40.02;ok;
3;HOSPITAL MUNICIPAL GUARAPIRANGA;RIVIERA PAULISTA;-23.6911689;-46.7517858;10;HOSPITAL INFANTIL DARCY VARGAS UGA III SAO PAULO;JARDIM GUEDALA;-23.5929419;-46.7109151;15590;15.59;1671;27.86;ok;
3;HOSPITAL MUNICIPAL GUARAPIRANGA;RIVIERA PAULISTA;-23.6911689;-46.7517858;11;HOSP MUN MATERNIDADE PROFESSOR MARIO DEGNI;VILA ANTONIO;-23.5777487;-46.764842;19680;19.68;2020;33.67;ok;
3;HOSPITAL MUNICIPAL GUARAPIRANGA;RIVIERA PAULISTA;-23.6911689;-46.7517858;12;HOSPITAL UNIVERSITARIO DA USP SAO PAULO;BUTANTA;-23.5649058;-46.7409515;18600;18.6;2128;35.47;ok;
3;HOSPITAL MUNICIPAL GUARAPIRANGA;RIVIERA PAULISTA;-23.6911689;-46.7517858;13;CAISM PHILIPPE PINEL SAO PAULO;PIRITUBA;-23.4869816;-46.7239346;34690;34.69;2531;42.19;ok;
3;HOSPITAL MUNICIPAL GUARAPIRANGA;RIVIERA PAULISTA;-23.6911689;-46.7517858;14;HOSPITAL GERAL HENRIQUE ALTIMEYER DE VILA ALPINA;VILA ALPINA;-23.5930526;-46.5607618;28870;28.87;2863;47.73;ok;
3;HOSPITAL MUNICIPAL GUARAPIRANGA;RIVIERA PAULISTA;-23.6911689;-46.7517858;16;HOSPITAL GERAL DE SAO MATEUS SAO PAULO;SAO MATEUS;-23.5947358;-46.4867109;57180;57.18;3731;62.19;ok;
3;HOSPITAL MUNICIPAL GUARAPIRANGA;RIVIERA PAULISTA;-23.6911689;-46.7517858;17;UNIDADE DE GESTAO ASSISTENCIAL II HOSPITAL IPIRANGA SP;IPIRANGA;-23.584203;-46.6116295;23480;23.48;2325;38.77;ok;
3;HOSPITAL MUNICIPAL GUARAPIRANGA;RIVIERA PAULISTA;-23.6911689;-46.7517858;18;CONJUNTO HOSPITALAR DO MANDAQUI SAO PAULO;SANTANA;-23.4849783;-46.6314355;41800;41.8;2946;49.1;ok;
3;HOSPITAL MUNICIPAL GUARAPIRANGA;RIVIERA PAULISTA;-23.6911689;-46.7517858;19;HOSPITAL GERAL SANTA MARCELINA DE ITAIM PAULISTA SAO PAULO;ITAIM PAULISTA;-23.4924231;-46.3889814;69800;69.8;4014;66.91;ok;
3;HOSPITAL MUNICIPAL GUARAPIRANGA;RIVIERA PAULISTA;-23.6911689;-46.7517858;20;HOSP MUN PROF DR WALDOMIRO DE PAULA;ITAQUERA;-23.5321357;-46.4472128;67040;67.04;3957;65.95;ok;
3;HOSPITAL MUNICIPAL GUARAPIRANGA;RIVIERA PAULISTA;-23.6911689;-46.7517858;21;HOSPITAL GERAL DO GRAJAU PROF LIBER JOHN ALPHONSE DI DIO SP;PARQUE DAS NACOES;-23.691152;-46.5848155;23430;23.43;2313;38.56;ok;
3;HOSPITAL MUNICIPAL GUARAPIRANGA;RIVIERA PAULISTA;-23.6911689;-46.7517858;22;HOSPITAL E MATERNIDADE LEONOR MENDES DE BARROS SAO PAULO;BELENZINHO;-23.5359031;-46.5887061;43820;43.82;2702;45.04;ok;
3;HOSPITAL MUNICIPAL GUARAPIRANGA;RIVIERA PAULISTA;-23.6911689;-46.7517858;23;CENTRO DE REFERENCIA E TREINAMENTO DST AIDS SAO PAULO;VILA MARIANA;-23.5966194;-46.6358133;18630;18.63;1865;31.09;ok;
3;HOSPITAL MUNICIPAL GUARAPIRANGA;RIVIERA PAULISTA;-23.6911689;-46.7517858;24;HOSPITAL MILITAR DE AREA DE SAO PAULO;CAMBUCI;-23.5696701;-46.6134492;23150;23.15;2382;39.71;ok;
3;HOSPITAL MUNICIPAL GUARAPIRANGA;RIVIERA PAULISTA;-23.6911689;-46.7517858;25;CENTRO DE REFERENCIA DA SAUDE DA MULHER;CAMPOS ELISEOS;-23.5343002;-46.6437496;24540;24.54;2277;37.97;ok;
3;HOSPITAL MUNICIPAL GUARAPIRANGA;RIVIERA PAULISTA;-23.6911689;-46.7517858;26;HOSP MUN INFANTIL MENINO JESUS;BELA VISTA;-23.56022;-46.6469982;21480;21.48;2065;34.42;ok;
3;HOSPITAL MUNICIPAL GUARAPIRANGA;RIVIERA PAULISTA;-23.6911689;-46.7517858;28;HOSP MUN MAT ESC DR MARIO DE MORAES A SILVA;VILA NOVA CACHOEIRIN;-23.4802096;-46.6709709;35890;35.89;2604;43.41;ok;
3;HOSPITAL MUNICIPAL GUARAPIRANGA;RIVIERA PAULISTA;-23.6911689;-46.7517858;29;HOSPITAL GERAL JESUS TEIXEIRA DA COSTA GUAIANASES SAO PAULO;JARDIM SAO PAULO;-23.5523813;-46.4053829;74980;74.98;4535;75.59;ok;
3;HOSPITAL MUNICIPAL GUARAPIRANGA;RIVIERA PAULISTA;-23.6911689;-46.7517858;30;HOSP MUN DR CARMINO CARICCHIO;TATUAPE;-23.5329502;-46.5664411;44990;44.99;2894;48.24;ok;
3;HOSPITAL MUNICIPAL GUARAPIRANGA;RIVIERA PAULISTA;-23.6911689;-46.7517858;31;HOSP MUN TIDE SETUBAL;SAO MIGUEL PAULISTA;-23.4973179;-46.439865;63210;63.21;3700;61.68;ok;
3;HOSPITAL MUNICIPAL GUARAPIRANGA;RIVIERA PAULISTA;-23.6911689;-46.7517858;32;HOSP MUN V NHOCUNE ALEXANDRE ZAIO;VILA NHOCUNE;-23.5424212;-46.5015398;54190;54.19;3541;59.02;ok;
3;HOSPITAL MUNICIPAL GUARAPIRANGA;RIVIERA PAULISTA;-23.6911689;-46.7517858;33;HOSP MUN JABAQUARA ARTUR RIBEIRO DE SABOYA;JABAQUARA;-23.6533422;-46.6456764;15750;15.75;1531;25.53;ok;
3;HOSPITAL MUNICIPAL GUARAPIRANGA;RIVIERA PAULISTA;-23.6911689;-46.7517858;34;HOSPITAL KATIA DE SOUZA RODRIGUES TAIPASSP SAO PAULO;PARADA DE TAIPAS;-23.4436996;-46.7177512;38960;38.96;2797;46.63;ok;
3;HOSPITAL MUNICIPAL GUARAPIRANGA;RIVIERA PAULISTA;-23.6911689;-46.7517858;35;HOSP MUN PROFESSOR DOUTOR ALIPIO CORREA NETTO;VILA PARANAGUA;-23.499644;-46.4729162;55750;55.75;3747;62.47;ok;
3;HOSPITAL MUNICIPAL GUARAPIRANGA;RIVIERA PAULISTA;-23.6911689;-46.7517858;36;HOSPITAL MUNICIPAL DR BENEDITO MONTENEGRO;JARDIM IVA;-23.5875541;-46.5145716;34630;34.63;3408;56.81;ok;
3;HOSPITAL MUNICIPAL GUARAPIRANGA;RIVIERA PAULISTA;-23.6911689;-46.7517858;37;HOSP MUN IGNACIO PROENCA DE GOUVEA;PARQUE DA MOOCA;-23.5717374;-46.590166;27330;27.33;2675;44.59;ok;
3;HOSPITAL MUNICIPAL GUARAPIRANGA;RIVIERA PAULISTA;-23.6911689;-46.7517858;38;HOSPITAL INFANTIL CANDIDO FONTOURA SAO PAULO;AGUA RASA;-23.551918;-46.5852143;28340;28.34;2662;44.38;ok;
3;HOSPITAL MUNICIPAL GUARAPIRANGA;RIVIERA PAULISTA;-23.6911689;-46.7517858;40;HOSPITAL REGIONAL SUL SAO PAULO;SANTO AMARO;-23.6555597;-46.7058596;8160;8.16;813;13.56;ok;
3;HOSPITAL MUNICIPAL GUARAPIRANGA;RIVIERA PAULISTA;-23.6911689;-46.7517858;42;HOSPITAL ESTADUAL DE SAPOPEMBA SAO PAULO;JARDIM SAPOPEMBA;-23.611336;-46.493671;35430;35.43;3434;57.24;ok;
3;HOSPITAL MUNICIPAL GUARAPIRANGA;RIVIERA PAULISTA;-23.6911689;-46.7517858;43;HOSPITAL GERAL DE VILA PENTEADO DR JOSE PANGELLA SAO PAULO;JARDIM IRACEMA;-23.4934229;-46.7008274;32299;32.3;2260;37.67;ok;
3;HOSPITAL MUNICIPAL GUARAPIRANGA;RIVIERA PAULISTA;-23.6911689;-46.7517858;46;HOSP DO SERV PUB MUNICIPAL HSPM;LIBERDADE;-23.5673424;-46.639071;22590;22.59;2243;37.39;ok;
3;HOSPITAL MUNICIPAL GUARAPIRANGA;RIVIERA PAULISTA;-23.6911689;-46.7517858;47;HOSP MUN FERNANDO MAURO PIRES DA ROCHA;CAMPO LIMPO;-23.6490957;-46.7490028;6580;6.58;654;10.9;ok;
3;HOSPITAL MUNICIPAL GUARAPIRANGA;RIVIERA PAULISTA;-23.6911689;-46.7517858;48;CENTRO HOSPITALAR DO SISTEMA PENITENCIARIO SAO PAULO;CARANDIRU;-23.5085713;-46.6201015;27700;27.7;2678;44.64;ok;
3;HOSPITAL MUNICIPAL GUARAPIRANGA;RIVIERA PAULISTA;-23.6911689;-46.7517858;49;HOSP MUN VER JOSE STOROPOLLI;PARQUE NOVO MUNDO;-23.522085;-46.5617446;47470;47.47;2957;49.28;ok;
3;HOSPITAL MUNICIPAL GUARAPIRANGA;RIVIERA PAULISTA;-23.6911689;-46.7517858;50;CENTRO MEDICO PMESP;TREMEMBE;-23.4690239;-46.6188727;32750;32.75;3242;54.04;ok;
3;HOSPITAL MUNICIPAL GUARAPIRANGA;RIVIERA PAULISTA;-23.6911689;-46.7517858;51;HOSP MUN CARMEN PRUDENTE;CIDADE TIRADENTES;-23.5833632;-46.4092773;46780;46.78;4440;74.0;ok;
3;HOSPITAL MUNICIPAL GUARAPIRANGA;RIVIERA PAULISTA;-23.6911689;-46.7517858;53;INSTITUTO DE REABILITACAO LUCY MONTORO;VILA ANDRADE;-23.6322694;-46.7351129;8940;8.94;966;16.1;ok;
3;HOSPITAL MUNICIPAL GUARAPIRANGA;RIVIERA PAULISTA;-23.6911689;-46.7517858;55;INSTITUTO DO CANCER DO ESTADO DE SAO PAULO;CERQUEIRA CESAR;-23.5561305;-46.6681716;21370;21.37;1898;31.65;ok;
3;HOSPITAL MUNICIPAL GUARAPIRANGA;RIVIERA PAULISTA;-23.6911689;-46.7517858;56;HOSP MUN SOROCABANA;VILA ROMANA;-23.5238763;-46.7013591;23610;23.61;2087;34.79;ok;
3;HOSPITAL MUNICIPAL GUARAPIRANGA;RIVIERA PAULISTA;-23.6911689;-46.7517858;57;HOSP MUN GILSON DE CASSIA MARQUES DE CARVALHO;VILA MASCOTE;-23.6470652;-46.662824;13390;13.39;1295;21.6;ok;
3;HOSPITAL MUNICIPAL GUARAPIRANGA;RIVIERA PAULISTA;-23.6911689;-46.7517858;58;HOSP MUN CAPELA DO SOCORRO;JARDIM DAS IMBUIAS;-23.7296842;-46.7129995;14780;14.78;1537;25.63;ok;
3;HOSPITAL MUNICIPAL GUARAPIRANGA;RIVIERA PAULISTA;-23.6911689;-46.7517858;59;HOSP MUN JOSANIAS CASTANHA BRAGA;JARDIM ROSCHEL;-23.8247733;-46.7266429;28130;28.13;2438;40.65;ok;
3;HOSPITAL MUNICIPAL GUARAPIRANGA;RIVIERA PAULISTA;-23.6911689;-46.7517858;233;HOSP MUN SOROCABANA;ALTO DE PINHEIROS;-23.5375934;-46.7227993;22980;22.98;1834;30.57;ok;
4;INSTITUTO DE INFECTOLOGIA EMILIO RIBAS;SUMARE;-23.5470783;-46.6812257;1;HOSPITAL MUNICIPAL SANTA DULCE DOS POBRES;CONSOLACAO;-23.5573928;-46.6562429;3310;3.31;417;6.96;ok;
4;INSTITUTO DE INFECTOLOGIA EMILIO RIBAS;SUMARE;-23.5470783;-46.6812257;2;HOSPITAL MUNICIPAL BRASILANDIA;JARDIM MARISTELA;-23.476544;-46.6980006;11010;11.01;1131;18.86;ok;
4;INSTITUTO DE INFECTOLOGIA EMILIO RIBAS;SUMARE;-23.5470783;-46.6812257;3;HOSPITAL MUNICIPAL GUARAPIRANGA;RIVIERA PAULISTA;-23.6911689;-46.7517858;22430;22.43;1861;31.03;ok;
4;INSTITUTO DE INFECTOLOGIA EMILIO RIBAS;SUMARE;-23.5470783;-46.6812257;4;INSTITUTO DE INFECTOLOGIA EMILIO RIBAS;SUMARE;-23.5470783;-46.6812257;0;0.0;0;0.0;ok;
4;INSTITUTO DE INFECTOLOGIA EMILIO RIBAS;SUMARE;-23.5470783;-46.6812257;5;HOSPITAL DO SERV PUB EST FCO MORATO DE OLIVEIRA SAO PAULO;IBIRAPUERA;-23.5966175;-46.6539691;7180;7.18;758;12.64;ok;
4;INSTITUTO DE INFECTOLOGIA EMILIO RIBAS;SUMARE;-23.5470783;-46.6812257;6;HOSPITAL MATERNIDADE INTERLAGOS;JD LEBLON;-23.7069613;-46.7021968;23720;23.72;1996;33.28;ok;
4;INSTITUTO DE INFECTOLOGIA EMILIO RIBAS;SUMARE;-23.5470783;-46.6812257;7;HOSPITAL GERAL DE PEDREIRA;VILA CAMPO GRANDE;-23.6808407;-46.6783317;18940;18.94;1951;32.53;ok;
4;INSTITUTO DE INFECTOLOGIA EMILIO RIBAS;SUMARE;-23.5470783;-46.6812257;8;HOSPITAL HELIOPOLIS UNIDADE DE GESTAO ASSISTENCIAL I;V HELIOPOLIS;-23.607115;-46.595253;14420;14.42;1544;25.74;ok;
4;INSTITUTO DE INFECTOLOGIA EMILIO RIBAS;SUMARE;-23.5470783;-46.6812257;10;HOSPITAL INFANTIL DARCY VARGAS UGA III SAO PAULO;JARDIM GUEDALA;-23.5929419;-46.7109151;8630;8.63;974;16.24;ok;
4;INSTITUTO DE INFECTOLOGIA EMILIO RIBAS;SUMARE;-23.5470783;-46.6812257;11;HOSP MUN MATERNIDADE PROFESSOR MARIO DEGNI;VILA ANTONIO;-23.5777487;-46.764842;13520;13.52;1150;19.18;ok;
4;INSTITUTO DE INFECTOLOGIA EMILIO RIBAS;SUMARE;-23.5470783;-46.6812257;12;HOSPITAL UNIVERSITARIO DA USP SAO PAULO;BUTANTA;-23.5649058;-46.7409515;9890;9.89;1234;20.58;ok;
4;INSTITUTO DE INFECTOLOGIA EMILIO RIBAS;SUMARE;-23.5470783;-46.6812257;13;CAISM PHILIPPE PINEL SAO PAULO;PIRITUBA;-23.4869816;-46.7239346;11910;11.91;1167;19.46;ok;
4;INSTITUTO DE INFECTOLOGIA EMILIO RIBAS;SUMARE;-23.5470783;-46.6812257;14;HOSPITAL GERAL HENRIQUE ALTIMEYER DE VILA ALPINA;VILA ALPINA;-23.5930526;-46.5607618;16000;16.0;1730;28.85;ok;
4;INSTITUTO DE INFECTOLOGIA EMILIO RIBAS;SUMARE;-23.5470783;-46.6812257;16;HOSPITAL GERAL DE SAO MATEUS SAO PAULO;SAO MATEUS;-23.5947358;-46.4867109;29100;29.1;2210;36.84;ok;
4;INSTITUTO DE INFECTOLOGIA EMILIO RIBAS;SUMARE;-23.5470783;-46.6812257;17;UNIDADE DE GESTAO ASSISTENCIAL II HOSPITAL IPIRANGA SP;IPIRANGA;-23.584203;-46.6116295;10260;10.26;1236;20.61;ok;
4;INSTITUTO DE INFECTOLOGIA EMILIO RIBAS;SUMARE;-23.5470783;-46.6812257;18;CONJUNTO HOSPITALAR DO MANDAQUI SAO PAULO;SANTANA;-23.4849783;-46.6314355;11370;11.37;1196;19.94;ok;
4;INSTITUTO DE INFECTOLOGIA EMILIO RIBAS;SUMARE;-23.5470783;-46.6812257;19;HOSPITAL GERAL SANTA MARCELINA DE ITAIM PAULISTA SAO PAULO;ITAIM PAULISTA;-23.4924231;-46.3889814;41720;41.72;2493;41.55;ok;
4;INSTITUTO DE INFECTOLOGIA EMILIO RIBAS;SUMARE;-23.5470783;-46.6812257;20;HOSP MUN PROF DR WALDOMIRO DE PAULA;ITAQUERA;-23.5321357;-46.4472128;38960;38.96;2435;40.6;ok;
4;INSTITUTO DE INFECTOLOGIA EMILIO RIBAS;SUMARE;-23.5470783;-46.6812257;21;HOSPITAL GERAL DO GRAJAU PROF LIBER JOHN ALPHONSE DI DIO SP;PARQUE DAS NACOES;-23.691152;-46.5848155;24920;24.92;2184;36.41;ok;
4;INSTITUTO DE INFECTOLOGIA EMILIO RIBAS;SUMARE;-23.5470783;-46.6812257;22;HOSPITAL E MATERNIDADE LEONOR MENDES DE BARROS SAO PAULO;BELENZINHO;-23.5359031;-46.5887061;15740;15.74;1181;19.68;ok;
4;INSTITUTO DE INFECTOLOGIA EMILIO RIBAS;SUMARE;-23.5470783;-46.6812257;23;CENTRO DE REFERENCIA E TREINAMENTO DST AIDS SAO PAULO;VILA MARIANA;-23.5966194;-46.6358133;8610;8.61;888;14.81;ok;
4;INSTITUTO DE INFECTOLOGIA EMILIO RIBAS;SUMARE;-23.5470783;-46.6812257;24;HOSPITAL MILITAR DE AREA DE SAO PAULO;CAMBUCI;-23.5696701;-46.6134492;9350;9.35;1092;18.2;ok;
4;INSTITUTO DE INFECTOLOGIA EMILIO RIBAS;SUMARE;-23.5470783;-46.6812257;25;CENTRO DE REFERENCIA DA SAUDE DA MULHER;CAMPOS ELISEOS;-23.5343002;-46.6437496;5900;5.9;746;12.45;ok;
4;INSTITUTO DE INFECTOLOGIA EMILIO RIBAS;SUMARE;-23.5470783;-46.6812257;26;HOSP MUN INFANTIL MENINO JESUS;BELA VISTA;-23.56022;-46.6469982;5160;5.16;629;10.5;ok;
4;INSTITUTO DE INFECTOLOGIA EMILIO RIBAS;SUMARE;-23.5470783;-46.6812257;28;HOSP MUN MAT ESC DR MARIO DE MORAES A SILVA;VILA NOVA CACHOEIRIN;-23.4802096;-46.6709709;9930;9.93;974;16.24;ok;
4;INSTITUTO DE INFECTOLOGIA EMILIO RIBAS;SUMARE;-23.5470783;-46.6812257;29;HOSPITAL GERAL JESUS TEIXEIRA DA COSTA GUAIANASES SAO PAULO;JARDIM SAO PAULO;-23.5523813;-46.4053829;46910;46.91;3014;50.24;ok;
4;INSTITUTO DE INFECTOLOGIA EMILIO RIBAS;SUMARE;-23.5470783;-46.6812257;30;HOSP MUN DR CARMINO CARICCHIO;TATUAPE;-23.5329502;-46.5664411;16920;16.92;1373;22.88;ok;
4;INSTITUTO DE INFECTOLOGIA EMILIO RIBAS;SUMARE;-23.5470783;-46.6812257;31;HOSP MUN TIDE SETUBAL;SAO MIGUEL PAULISTA;-23.4973179;-46.439865;35130;35.13;2179;36.32;ok;
4;INSTITUTO DE INFECTOLOGIA EMILIO RIBAS;SUMARE;-23.5470783;-46.6812257;32;HOSP MUN V NHOCUNE ALEXANDRE ZAIO;VILA NHOCUNE;-23.5424212;-46.5015398;26110;26.11;2020;33.67;ok;
4;INSTITUTO DE INFECTOLOGIA EMILIO RIBAS;SUMARE;-23.5470783;-46.6812257;33;HOSP MUN JABAQUARA ARTUR RIBEIRO DE SABOYA;JABAQUARA;-23.6533422;-46.6456764;14370;14.37;1530;25.51;ok;
4;INSTITUTO DE INFECTOLOGIA EMILIO RIBAS;SUMARE;-23.5470783;-46.6812257;34;HOSPITAL KATIA DE SOUZA RODRIGUES TAIPASSP SAO PAULO;PARADA DE TAIPAS;-23.4436996;-46.7177512;15470;15.47;1424;23.74;ok;
4;INSTITUTO DE INFECTOLOGIA EMILIO RIBAS;SUMARE;-23.5470783;-46.6812257;35;HOSP MUN PROFESSOR DOUTOR ALIPIO CORREA NETTO;VILA PARANAGUA;-23.499644;-46.4729162;27670;27.67;2226;37.11;ok;
4;INSTITUTO DE INFECTOLOGIA EMILIO RIBAS;SUMARE;-23.5470783;-46.6812257;36;HOSPITAL MUNICIPAL DR BENEDITO MONTENEGRO;JARDIM IVA;-23.5875541;-46.5145716;25310;25.31;2125;35.42;ok;
4;INSTITUTO DE INFECTOLOGIA EMILIO RIBAS;SUMARE;-23.5470783;-46.6812257;37;HOSP MUN IGNACIO PROENCA DE GOUVEA;PARQUE DA MOOCA;-23.5717374;-46.590166;12290;12.29;1356;22.61;ok;
4;INSTITUTO DE INFECTOLOGIA EMILIO RIBAS;SUMARE;-23.5470783;-46.6812257;38;HOSPITAL INFANTIL CANDIDO FONTOURA SAO PAULO;AGUA RASA;-23.551918;-46.5852143;11900;11.9;1311;21.86;ok;
4;INSTITUTO DE INFECTOLOGIA EMILIO RIBAS;SUMARE;-23.5470783;-46.6812257;40;HOSPITAL REGIONAL SUL SAO PAULO;SANTO AMARO;-23.6555597;-46.7058596;18300;18.3;1542;25.71;ok;
4;INSTITUTO DE INFECTOLOGIA EMILIO RIBAS;SUMARE;-23.5470783;-46.6812257;42;HOSPITAL ESTADUAL DE SAPOPEMBA SAO PAULO;JARDIM SAPOPEMBA;-23.611336;-46.493671;31240;31.24;2468;41.14;ok;
4;INSTITUTO DE INFECTOLOGIA EMILIO RIBAS;SUMARE;-23.5470783;-46.6812257;43;HOSPITAL GERAL DE VILA PENTEADO DR JOSE PANGELLA SAO PAULO;JARDIM IRACEMA;-23.4934229;-46.7008274;9520;9.52;896;14.94;ok;
4;INSTITUTO DE INFECTOLOGIA EMILIO RIBAS;SUMARE;-23.5470783;-46.6812257;46;HOSP DO SERV PUB MUNICIPAL HSPM;LIBERDADE;-23.5673424;-46.639071;6640;6.64;832;13.87;ok;
4;INSTITUTO DE INFECTOLOGIA EMILIO RIBAS;SUMARE;-23.5470783;-46.6812257;47;HOSP MUN FERNANDO MAURO PIRES DA ROCHA;CAMPO LIMPO;-23.6490957;-46.7490028;17410;17.41;1407;23.45;ok;
4;INSTITUTO DE INFECTOLOGIA EMILIO RIBAS;SUMARE;-23.5470783;-46.6812257;48;CENTRO HOSPITALAR DO SISTEMA PENITENCIARIO SAO PAULO;CARANDIRU;-23.5085713;-46.6201015;10990;10.99;1159;19.33;ok;
4;INSTITUTO DE INFECTOLOGIA EMILIO RIBAS;SUMARE;-23.5470783;-46.6812257;49;HOSP MUN VER JOSE STOROPOLLI;PARQUE NOVO MUNDO;-23.522085;-46.5617446;19390;19.39;1435;23.93;ok;
4;INSTITUTO DE INFECTOLOGIA EMILIO RIBAS;SUMARE;-23.5470783;-46.6812257;50;CENTRO MEDICO PMESP;TREMEMBE;-23.4690239;-46.6188727;14560;14.56;1574;26.24;ok;
4;INSTITUTO DE INFECTOLOGIA EMILIO RIBAS;SUMARE;-23.5470783;-46.6812257;51;HOSP MUN CARMEN PRUDENTE;CIDADE TIRADENTES;-23.5833632;-46.4092773;38120;38.12;3069;51.16;ok;
4;INSTITUTO DE INFECTOLOGIA EMILIO RIBAS;SUMARE;-23.5470783;-46.6812257;53;INSTITUTO DE REABILITACAO LUCY MONTORO;VILA ANDRADE;-23.6322694;-46.7351129;15230;15.23;1272;21.2;ok;
4;INSTITUTO DE INFECTOLOGIA EMILIO RIBAS;SUMARE;-23.5470783;-46.6812257;55;INSTITUTO DO CANCER DO ESTADO DE SAO PAULO;CERQUEIRA CESAR;-23.5561305;-46.6681716;1800;1.8;235;3.93;ok;
4;INSTITUTO DE INFECTOLOGIA EMILIO RIBAS;SUMARE;-23.5470783;-46.6812257;56;HOSP MUN SOROCABANA;VILA ROMANA;-23.5238763;-46.7013591;4970;4.97;524;8.75;ok;
4;INSTITUTO DE INFECTOLOGIA EMILIO RIBAS;SUMARE;-23.5470783;-46.6812257;57;HOSP MUN GILSON DE CASSIA MARQUES DE CARVALHO;VILA MASCOTE;-23.6470652;-46.662824;14230;14.23;1452;24.2;ok;
4;INSTITUTO DE INFECTOLOGIA EMILIO RIBAS;SUMARE;-23.5470783;-46.6812257;58;HOSP MUN CAPELA DO SOCORRO;JARDIM DAS IMBUIAS;-23.7296842;-46.7129995;27170;27.17;2415;40.26;ok;
4;INSTITUTO DE INFECTOLOGIA EMILIO RIBAS;SUMARE;-23.5470783;-46.6812257;59;HOSP MUN JOSANIAS CASTANHA BRAGA;JARDIM ROSCHEL;-23.8247733;-46.7266429;40240;40.24;3285;54.76;ok;
4;INSTITUTO DE INFECTOLOGIA EMILIO RIBAS;SUMARE;-23.5470783;-46.6812257;233;HOSP MUN SOROCABANA;ALTO DE PINHEIROS;-23.5375934;-46.7227993;6050;6.05;728;12.15;ok;
5;HOSPITAL DO SERV PUB EST FCO MORATO DE OLIVEIRA SAO PAULO;IBIRAPUERA;-23.5966175;-46.6539691;1;HOSPITAL MUNICIPAL SANTA DULCE DOS POBRES;CONSOLACAO;-23.5573928;-46.6562429;5920;5.92;623;10.39;ok;
5;HOSPITAL DO SERV PUB EST FCO MORATO DE OLIVEIRA SAO PAULO;IBIRAPUERA;-23.5966175;-46.6539691;2;HOSPITAL MUNICIPAL BRASILANDIA;JARDIM MARISTELA;-23.476544;-46.6980006;21690;21.69;1840;30.67;ok;
5;HOSPITAL DO SERV PUB EST FCO MORATO DE OLIVEIRA SAO PAULO;IBIRAPUERA;-23.5966175;-46.6539691;3;HOSPITAL MUNICIPAL GUARAPIRANGA;RIVIERA PAULISTA;-23.6911689;-46.7517858;19270;19.27;1717;28.62;ok;
5;HOSPITAL DO SERV PUB EST FCO MORATO DE OLIVEIRA SAO PAULO;IBIRAPUERA;-23.5966175;-46.6539691;4;INSTITUTO DE INFECTOLOGIA EMILIO RIBAS;SUMARE;-23.5470783;-46.6812257;8189;8.19;882;14.71;ok;
5;HOSPITAL DO SERV PUB EST FCO MORATO DE OLIVEIRA SAO PAULO;IBIRAPUERA;-23.5966175;-46.6539691;5;HOSPITAL DO SERV PUB EST FCO MORATO DE OLIVEIRA SAO PAULO;IBIRAPUERA;-23.5966175;-46.6539691;0;0.0;0;0.0;ok;
5;HOSPITAL DO SERV PUB EST FCO MORATO DE OLIVEIRA SAO PAULO;IBIRAPUERA;-23.5966175;-46.6539691;6;HOSPITAL MATERNIDADE INTERLAGOS;JD LEBLON;-23.7069613;-46.7021968;15680;15.68;1534;25.57;ok;
5;HOSPITAL DO SERV PUB EST FCO MORATO DE OLIVEIRA SAO PAULO;IBIRAPUERA;-23.5966175;-46.6539691;7;HOSPITAL GERAL DE PEDREIRA;VILA CAMPO GRANDE;-23.6808407;-46.6783317;12190;12.19;1267;21.13;ok;
5;HOSPITAL DO SERV PUB EST FCO MORATO DE OLIVEIRA SAO PAULO;IBIRAPUERA;-23.5966175;-46.6539691;8;HOSPITAL HELIOPOLIS UNIDADE DE GESTAO ASSISTENCIAL I;V HELIOPOLIS;-23.607115;-46.595253;8940;8.94;932;15.54;ok;
5;HOSPITAL DO SERV PUB EST FCO MORATO DE OLIVEIRA SAO PAULO;IBIRAPUERA;-23.5966175;-46.6539691;10;HOSPITAL INFANTIL DARCY VARGAS UGA III SAO PAULO;JARDIM GUEDALA;-23.5929419;-46.7109151;8610;8.61;960;16.01;ok;
5;HOSPITAL DO SERV PUB EST FCO MORATO DE OLIVEIRA SAO PAULO;IBIRAPUERA;-23.5966175;-46.6539691;11;HOSP MUN MATERNIDADE PROFESSOR MARIO DEGNI;VILA ANTONIO;-23.5777487;-46.764842;17300;17.3;1428;23.81;ok;
5;HOSPITAL DO SERV PUB EST FCO MORATO DE OLIVEIRA SAO PAULO;IBIRAPUERA;-23.5966175;-46.6539691;12;HOSPITAL UNIVERSITARIO DA USP SAO PAULO;BUTANTA;-23.5649058;-46.7409515;13430;13.43;1466;24.44;ok;
5;HOSPITAL DO SERV PUB EST FCO MORATO DE OLIVEIRA SAO PAULO;IBIRAPUERA;-23.5966175;-46.6539691;13;CAISM PHILIPPE PINEL SAO PAULO;PIRITUBA;-23.4869816;-46.7239346;21880;21.88;1866;31.11;ok;
5;HOSPITAL DO SERV PUB EST FCO MORATO DE OLIVEIRA SAO PAULO;IBIRAPUERA;-23.5966175;-46.6539691;14;HOSPITAL GERAL HENRIQUE ALTIMEYER DE VILA ALPINA;VILA ALPINA;-23.5930526;-46.5607618;11370;11.37;1204;20.07;ok;
5;HOSPITAL DO SERV PUB EST FCO MORATO DE OLIVEIRA SAO PAULO;IBIRAPUERA;-23.5966175;-46.6539691;16;HOSPITAL GERAL DE SAO MATEUS SAO PAULO;SAO MATEUS;-23.5947358;-46.4867109;20560;20.56;2125;35.42;ok;
5;HOSPITAL DO SERV PUB EST FCO MORATO DE OLIVEIRA SAO PAULO;IBIRAPUERA;-23.5966175;-46.6539691;17;UNIDADE DE GESTAO ASSISTENCIAL II HOSPITAL IPIRANGA SP;IPIRANGA;-23.584203;-46.6116295;5980;5.98;666;11.11;ok;
5;HOSPITAL DO SERV PUB EST FCO MORATO DE OLIVEIRA SAO PAULO;IBIRAPUERA;-23.5966175;-46.6539691;18;CONJUNTO HOSPITALAR DO MANDAQUI SAO PAULO;SANTANA;-23.4849783;-46.6314355;14510;14.51;1490;24.84;ok;
5;HOSPITAL DO SERV PUB EST FCO MORATO DE OLIVEIRA SAO PAULO;IBIRAPUERA;-23.5966175;-46.6539691;19;HOSPITAL GERAL SANTA MARCELINA DE ITAIM PAULISTA SAO PAULO;ITAIM PAULISTA;-23.4924231;-46.3889814;42050;42.05;2641;44.03;ok;
5;HOSPITAL DO SERV PUB EST FCO MORATO DE OLIVEIRA SAO PAULO;IBIRAPUERA;-23.5966175;-46.6539691;20;HOSP MUN PROF DR WALDOMIRO DE PAULA;ITAQUERA;-23.5321357;-46.4472128;26920;26.92;2557;42.63;ok;
5;HOSPITAL DO SERV PUB EST FCO MORATO DE OLIVEIRA SAO PAULO;IBIRAPUERA;-23.5966175;-46.6539691;21;HOSPITAL GERAL DO GRAJAU PROF LIBER JOHN ALPHONSE DI DIO SP;PARQUE DAS NACOES;-23.691152;-46.5848155;18170;18.17;1500;25.01;ok;
5;HOSPITAL DO SERV PUB EST FCO MORATO DE OLIVEIRA SAO PAULO;IBIRAPUERA;-23.5966175;-46.6539691;22;HOSPITAL E MATERNIDADE LEONOR MENDES DE BARROS SAO PAULO;BELENZINHO;-23.5359031;-46.5887061;12690;12.69;1227;20.46;ok;
5;HOSPITAL DO SERV PUB EST FCO MORATO DE OLIVEIRA SAO PAULO;IBIRAPUERA;-23.5966175;-46.6539691;23;CENTRO DE REFERENCIA E TREINAMENTO DST AIDS SAO PAULO;VILA MARIANA;-23.5966194;-46.6358133;1850;1.85;204;3.41;ok;
5;HOSPITAL DO SERV PUB EST FCO MORATO DE OLIVEIRA SAO PAULO;IBIRAPUERA;-23.5966175;-46.6539691;24;HOSPITAL MILITAR DE AREA DE SAO PAULO;CAMBUCI;-23.5696701;-46.6134492;6600;6.6;726;12.1;ok;
5;HOSPITAL DO SERV PUB EST FCO MORATO DE OLIVEIRA SAO PAULO;IBIRAPUERA;-23.5966175;-46.6539691;25;CENTRO DE REFERENCIA DA SAUDE DA MULHER;CAMPOS ELISEOS;-23.5343002;-46.6437496;9120;9.12;890;14.85;ok;
5;HOSPITAL DO SERV PUB EST FCO MORATO DE OLIVEIRA SAO PAULO;IBIRAPUERA;-23.5966175;-46.6539691;26;HOSP MUN INFANTIL MENINO JESUS;BELA VISTA;-23.56022;-46.6469982;5380;5.38;610;10.17;ok;
5;HOSPITAL DO SERV PUB EST FCO MORATO DE OLIVEIRA SAO PAULO;IBIRAPUERA;-23.5966175;-46.6539691;28;HOSP MUN MAT ESC DR MARIO DE MORAES A SILVA;VILA NOVA CACHOEIRIN;-23.4802096;-46.6709709;17960;17.96;1738;28.98;ok;
5;HOSPITAL DO SERV PUB EST FCO MORATO DE OLIVEIRA SAO PAULO;IBIRAPUERA;-23.5966175;-46.6539691;29;HOSPITAL GERAL JESUS TEIXEIRA DA COSTA GUAIANASES SAO PAULO;JARDIM SAO PAULO;-23.5523813;-46.4053829;33770;33.77;3124;52.07;ok;
5;HOSPITAL DO SERV PUB EST FCO MORATO DE OLIVEIRA SAO PAULO;IBIRAPUERA;-23.5966175;-46.6539691;30;HOSP MUN DR CARMINO CARICCHIO;TATUAPE;-23.5329502;-46.5664411;14610;14.61;1431;23.86;ok;
5;HOSPITAL DO SERV PUB EST FCO MORATO DE OLIVEIRA SAO PAULO;IBIRAPUERA;-23.5966175;-46.6539691;31;HOSP MUN TIDE SETUBAL;SAO MIGUEL PAULISTA;-23.4973179;-46.439865;35450;35.45;2328;38.8;ok;
5;HOSPITAL DO SERV PUB EST FCO MORATO DE OLIVEIRA SAO PAULO;IBIRAPUERA;-23.5966175;-46.6539691;32;HOSP MUN V NHOCUNE ALEXANDRE ZAIO;VILA NHOCUNE;-23.5424212;-46.5015398;21330;21.33;2036;33.94;ok;
5;HOSPITAL DO SERV PUB EST FCO MORATO DE OLIVEIRA SAO PAULO;IBIRAPUERA;-23.5966175;-46.6539691;33;HOSP MUN JABAQUARA ARTUR RIBEIRO DE SABOYA;JABAQUARA;-23.6533422;-46.6456764;7620;7.62;846;14.11;ok;
5;HOSPITAL DO SERV PUB EST FCO MORATO DE OLIVEIRA SAO PAULO;IBIRAPUERA;-23.5966175;-46.6539691;34;HOSPITAL KATIA DE SOUZA RODRIGUES TAIPASSP SAO PAULO;PARADA DE TAIPAS;-23.4436996;-46.7177512;26150;26.15;2132;35.55;ok;
5;HOSPITAL DO SERV PUB EST FCO MORATO DE OLIVEIRA SAO PAULO;IBIRAPUERA;-23.5966175;-46.6539691;35;HOSP MUN PROFESSOR DOUTOR ALIPIO CORREA NETTO;VILA PARANAGUA;-23.499644;-46.4729162;27990;27.99;2375;39.59;ok;
5;HOSPITAL DO SERV PUB EST FCO MORATO DE OLIVEIRA SAO PAULO;IBIRAPUERA;-23.5966175;-46.6539691;36;HOSPITAL MUNICIPAL DR BENEDITO MONTENEGRO;JARDIM IVA;-23.5875541;-46.5145716;17130;17.13;1749;29.15;ok;
5;HOSPITAL DO SERV PUB EST FCO MORATO DE OLIVEIRA SAO PAULO;IBIRAPUERA;-23.5966175;-46.6539691;37;HOSP MUN IGNACIO PROENCA DE GOUVEA;PARQUE DA MOOCA;-23.5717374;-46.590166;9830;9.83;1015;16.93;ok;
5;HOSPITAL DO SERV PUB EST FCO MORATO DE OLIVEIRA SAO PAULO;IBIRAPUERA;-23.5966175;-46.6539691;38;HOSPITAL INFANTIL CANDIDO FONTOURA SAO PAULO;AGUA RASA;-23.551918;-46.5852143;11680;11.68;1118;18.64;ok;
5;HOSPITAL DO SERV PUB EST FCO MORATO DE OLIVEIRA SAO PAULO;IBIRAPUERA;-23.5966175;-46.6539691;40;HOSPITAL REGIONAL SUL SAO PAULO;SANTO AMARO;-23.6555597;-46.7058596;10000;10.0;1054;17.57;ok;
5;HOSPITAL DO SERV PUB EST FCO MORATO DE OLIVEIRA SAO PAULO;IBIRAPUERA;-23.5966175;-46.6539691;42;HOSPITAL ESTADUAL DE SAPOPEMBA SAO PAULO;JARDIM SAPOPEMBA;-23.611336;-46.493671;20340;20.34;2037;33.96;ok;
5;HOSPITAL DO SERV PUB EST FCO MORATO DE OLIVEIRA SAO PAULO;IBIRAPUERA;-23.5966175;-46.6539691;43;HOSPITAL GERAL DE VILA PENTEADO DR JOSE PANGELLA SAO PAULO;JARDIM IRACEMA;-23.4934229;-46.7008274;19490;19.49;1595;26.59;ok;
5;HOSPITAL DO SERV PUB EST FCO MORATO DE OLIVEIRA SAO PAULO;IBIRAPUERA;-23.5966175;-46.6539691;46;HOSP DO SERV PUB MUNICIPAL HSPM;LIBERDADE;-23.5673424;-46.639071;5160;5.16;585;9.76;ok;
5;HOSPITAL DO SERV PUB EST FCO MORATO DE OLIVEIRA SAO PAULO;IBIRAPUERA;-23.5966175;-46.6539691;47;HOSP MUN FERNANDO MAURO PIRES DA ROCHA;CAMPO LIMPO;-23.6490957;-46.7490028;14250;14.25;1262;21.04;ok;
5;HOSPITAL DO SERV PUB EST FCO MORATO DE OLIVEIRA SAO PAULO;IBIRAPUERA;-23.5966175;-46.6539691;48;CENTRO HOSPITALAR DO SISTEMA PENITENCIARIO SAO PAULO;CARANDIRU;-23.5085713;-46.6201015;12050;12.05;1213;20.22;ok;
5;HOSPITAL DO SERV PUB EST FCO MORATO DE OLIVEIRA SAO PAULO;IBIRAPUERA;-23.5966175;-46.6539691;49;HOSP MUN VER JOSE STOROPOLLI;PARQUE NOVO MUNDO;-23.522085;-46.5617446;19720;19.72;1584;26.41;ok;
5;HOSPITAL DO SERV PUB EST FCO MORATO DE OLIVEIRA SAO PAULO;IBIRAPUERA;-23.5966175;-46.6539691;50;CENTRO MEDICO PMESP;TREMEMBE;-23.4690239;-46.6188727;17090;17.09;1776;29.62;ok;
5;HOSPITAL DO SERV PUB EST FCO MORATO DE OLIVEIRA SAO PAULO;IBIRAPUERA;-23.5966175;-46.6539691;51;HOSP MUN CARMEN PRUDENTE;CIDADE TIRADENTES;-23.5833632;-46.4092773;31730;31.73;3042;50.72;ok;
5;HOSPITAL DO SERV PUB EST FCO MORATO DE OLIVEIRA SAO PAULO;IBIRAPUERA;-23.5966175;-46.6539691;53;INSTITUTO DE REABILITACAO LUCY MONTORO;VILA ANDRADE;-23.6322694;-46.7351129;12070;12.07;1127;18.79;ok;
5;HOSPITAL DO SERV PUB EST FCO MORATO DE OLIVEIRA SAO PAULO;IBIRAPUERA;-23.5966175;-46.6539691;55;INSTITUTO DO CANCER DO ESTADO DE SAO PAULO;CERQUEIRA CESAR;-23.5561305;-46.6681716;7370;7.37;809;13.5;ok;
5;HOSPITAL DO SERV PUB EST FCO MORATO DE OLIVEIRA SAO PAULO;IBIRAPUERA;-23.5966175;-46.6539691;56;HOSP MUN SOROCABANA;VILA ROMANA;-23.5238763;-46.7013591;11090;11.09;1284;21.41;ok;
5;HOSPITAL DO SERV PUB EST FCO MORATO DE OLIVEIRA SAO PAULO;IBIRAPUERA;-23.5966175;-46.6539691;57;HOSP MUN GILSON DE CASSIA MARQUES DE CARVALHO;VILA MASCOTE;-23.6470652;-46.662824;7470;7.47;768;12.8;ok;
5;HOSPITAL DO SERV PUB EST FCO MORATO DE OLIVEIRA SAO PAULO;IBIRAPUERA;-23.5966175;-46.6539691;58;HOSP MUN CAPELA DO SOCORRO;JARDIM DAS IMBUIAS;-23.7296842;-46.7129995;19130;19.13;1953;32.56;ok;
5;HOSPITAL DO SERV PUB EST FCO MORATO DE OLIVEIRA SAO PAULO;IBIRAPUERA;-23.5966175;-46.6539691;59;HOSP MUN JOSANIAS CASTANHA BRAGA;JARDIM ROSCHEL;-23.8247733;-46.7266429;32200;32.2;2822;47.05;ok;
5;HOSPITAL DO SERV PUB EST FCO MORATO DE OLIVEIRA SAO PAULO;IBIRAPUERA;-23.5966175;-46.6539691;233;HOSP MUN SOROCABANA;ALTO DE PINHEIROS;-23.5375934;-46.7227993;15290;15.29;1272;21.22;ok;
6;HOSPITAL MATERNIDADE INTERLAGOS;JD LEBLON;-23.7069613;-46.7021968;1;HOSPITAL MUNICIPAL SANTA DULCE DOS POBRES;CONSOLACAO;-23.5573928;-46.6562429;21490;21.49;1924;32.08;ok;
6;HOSPITAL MATERNIDADE INTERLAGOS;JD LEBLON;-23.7069613;-46.7021968;2;HOSPITAL MUNICIPAL BRASILANDIA;JARDIM MARISTELA;-23.476544;-46.6980006;35910;35.91;2526;42.12;ok;
6;HOSPITAL MATERNIDADE INTERLAGOS;JD LEBLON;-23.7069613;-46.7021968;3;HOSPITAL MUNICIPAL GUARAPIRANGA;RIVIERA PAULISTA;-23.6911689;-46.7517858;12880;12.88;1347;22.46;ok;
6;HOSPITAL MATERNIDADE INTERLAGOS;JD LEBLON;-23.7069613;-46.7021968;4;INSTITUTO DE INFECTOLOGIA EMILIO RIBAS;SUMARE;-23.5470783;-46.6812257;23600;23.6;1993;33.22;ok;
6;HOSPITAL MATERNIDADE INTERLAGOS;JD LEBLON;-23.7069613;-46.7021968;5;HOSPITAL DO SERV PUB EST FCO MORATO DE OLIVEIRA SAO PAULO;IBIRAPUERA;-23.5966175;-46.6539691;15300;15.3;1611;26.87;ok;
6;HOSPITAL MATERNIDADE INTERLAGOS;JD LEBLON;-23.7069613;-46.7021968;6;HOSPITAL MATERNIDADE INTERLAGOS;JD LEBLON;-23.7069613;-46.7021968;0;0.0;0;0.0;ok;
6;HOSPITAL MATERNIDADE INTERLAGOS;JD LEBLON;-23.7069613;-46.7021968;7;HOSPITAL GERAL DE PEDREIRA;VILA CAMPO GRANDE;-23.6808407;-46.6783317;4840;4.84;614;10.24;ok;
6;HOSPITAL MATERNIDADE INTERLAGOS;JD LEBLON;-23.7069613;-46.7021968;8;HOSPITAL HELIOPOLIS UNIDADE DE GESTAO ASSISTENCIAL I;V HELIOPOLIS;-23.607115;-46.595253;19150;19.15;2108;35.13;ok;
6;HOSPITAL MATERNIDADE INTERLAGOS;JD LEBLON;-23.7069613;-46.7021968;10;HOSPITAL INFANTIL DARCY VARGAS UGA III SAO PAULO;JARDIM GUEDALA;-23.5929419;-46.7109151;17650;17.65;1749;29.16;ok;
6;HOSPITAL MATERNIDADE INTERLAGOS;JD LEBLON;-23.7069613;-46.7021968;11;HOSP MUN MATERNIDADE PROFESSOR MARIO DEGNI;VILA ANTONIO;-23.5777487;-46.764842;27490;27.49;2102;35.04;ok;
6;HOSPITAL MATERNIDADE INTERLAGOS;JD LEBLON;-23.7069613;-46.7021968;12;HOSPITAL UNIVERSITARIO DA USP SAO PAULO;BUTANTA;-23.5649058;-46.7409515;25510;25.51;2193;36.55;ok;
6;HOSPITAL MATERNIDADE INTERLAGOS;JD LEBLON;-23.7069613;-46.7021968;13;CAISM PHILIPPE PINEL SAO PAULO;PIRITUBA;-23.4869816;-46.7239346;36100;36.1;2553;42.56;ok;
6;HOSPITAL MATERNIDADE INTERLAGOS;JD LEBLON;-23.7069613;-46.7021968;14;HOSPITAL GERAL HENRIQUE ALTIMEYER DE VILA ALPINA;VILA ALPINA;-23.5930526;-46.5607618;24170;24.17;2615;43.59;ok;
6;HOSPITAL MATERNIDADE INTERLAGOS;JD LEBLON;-23.7069613;-46.7021968;16;HOSPITAL GERAL DE SAO MATEUS SAO PAULO;SAO MATEUS;-23.5947358;-46.4867109;32790;32.79;3162;52.71;ok;
6;HOSPITAL MATERNIDADE INTERLAGOS;JD LEBLON;-23.7069613;-46.7021968;17;UNIDADE DE GESTAO ASSISTENCIAL II HOSPITAL IPIRANGA SP;IPIRANGA;-23.584203;-46.6116295;20170;20.17;2132;35.54;ok;
6;HOSPITAL MATERNIDADE INTERLAGOS;JD LEBLON;-23.7069613;-46.7021968;18;CONJUNTO HOSPITALAR DO MANDAQUI SAO PAULO;SANTANA;-23.4849783;-46.6314355;43210;43.21;2967;49.47;ok;
6;HOSPITAL MATERNIDADE INTERLAGOS;JD LEBLON;-23.7069613;-46.7021968;19;HOSPITAL GERAL SANTA MARCELINA DE ITAIM PAULISTA SAO PAULO;ITAIM PAULISTA;-23.4924231;-46.3889814;71210;71.21;4036;67.27;ok;
6;HOSPITAL MATERNIDADE INTERLAGOS;JD LEBLON;-23.7069613;-46.7021968;20;HOSP MUN PROF DR WALDOMIRO DE PAULA;ITAQUERA;-23.5321357;-46.4472128;40400;40.4;3905;65.09;ok;
6;HOSPITAL MATERNIDADE INTERLAGOS;JD LEBLON;-23.7069613;-46.7021968;21;HOSPITAL GERAL DO GRAJAU PROF LIBER JOHN ALPHONSE DI DIO SP;PARQUE DAS NACOES;-23.691152;-46.5848155;16320;16.32;1635;27.26;ok;
6;HOSPITAL MATERNIDADE INTERLAGOS;JD LEBLON;-23.7069613;-46.7021968;22;HOSPITAL E MATERNIDADE LEONOR MENDES DE BARROS SAO PAULO;BELENZINHO;-23.5359031;-46.5887061;45220;45.22;2724;45.4;ok;
6;HOSPITAL MATERNIDADE INTERLAGOS;JD LEBLON;-23.7069613;-46.7021968;23;CENTRO DE REFERENCIA E TREINAMENTO DST AIDS SAO PAULO;VILA MARIANA;-23.5966194;-46.6358133;16280;16.28;1703;28.39;ok;
6;HOSPITAL MATERNIDADE INTERLAGOS;JD LEBLON;-23.7069613;-46.7021968;24;HOSPITAL MILITAR DE AREA DE SAO PAULO;CAMBUCI;-23.5696701;-46.6134492;21030;21.03;2224;37.07;ok;
6;HOSPITAL MATERNIDADE INTERLAGOS;JD LEBLON;-23.7069613;-46.7021968;25;CENTRO DE REFERENCIA DA SAUDE DA MULHER;CAMPOS ELISEOS;-23.5343002;-46.6437496;25950;25.95;2299;38.33;ok;
6;HOSPITAL MATERNIDADE INTERLAGOS;JD LEBLON;-23.7069613;-46.7021968;26;HOSP MUN INFANTIL MENINO JESUS;BELA VISTA;-23.56022;-46.6469982;22890;22.89;2087;34.78;ok;
6;HOSPITAL MATERNIDADE INTERLAGOS;JD LEBLON;-23.7069613;-46.7021968;28;HOSP MUN MAT ESC DR MARIO DE MORAES A SILVA;VILA NOVA CACHOEIRIN;-23.4802096;-46.6709709;37290;37.29;2626;43.77;ok;
6;HOSPITAL MATERNIDADE INTERLAGOS;JD LEBLON;-23.7069613;-46.7021968;29;HOSPITAL GERAL JESUS TEIXEIRA DA COSTA GUAIANASES SAO PAULO;JARDIM SAO PAULO;-23.5523813;-46.4053829;43710;43.71;4119;68.65;ok;
6;HOSPITAL MATERNIDADE INTERLAGOS;JD LEBLON;-23.7069613;-46.7021968;30;HOSP MUN DR CARMINO CARICCHIO;TATUAPE;-23.5329502;-46.5664411;46400;46.4;2916;48.6;ok;
6;HOSPITAL MATERNIDADE INTERLAGOS;JD LEBLON;-23.7069613;-46.7021968;31;HOSP MUN TIDE SETUBAL;SAO MIGUEL PAULISTA;-23.4973179;-46.439865;64610;64.61;3722;62.04;ok;
6;HOSPITAL MATERNIDADE INTERLAGOS;JD LEBLON;-23.7069613;-46.7021968;32;HOSP MUN V NHOCUNE ALEXANDRE ZAIO;VILA NHOCUNE;-23.5424212;-46.5015398;35760;35.76;3534;58.91;ok;
6;HOSPITAL MATERNIDADE INTERLAGOS;JD LEBLON;-23.7069613;-46.7021968;33;HOSP MUN JABAQUARA ARTUR RIBEIRO DE SABOYA;JABAQUARA;-23.6533422;-46.6456764;10840;10.84;1162;19.38;ok;
6;HOSPITAL MATERNIDADE INTERLAGOS;JD LEBLON;-23.7069613;-46.7021968;34;HOSPITAL KATIA DE SOUZA RODRIGUES TAIPASSP SAO PAULO;PARADA DE TAIPAS;-23.4436996;-46.7177512;40370;40.37;2819;47.0;ok;
6;HOSPITAL MATERNIDADE INTERLAGOS;JD LEBLON;-23.7069613;-46.7021968;35;HOSP MUN PROFESSOR DOUTOR ALIPIO CORREA NETTO;VILA PARANAGUA;-23.499644;-46.4729162;57150;57.15;3769;62.83;ok;
6;HOSPITAL MATERNIDADE INTERLAGOS;JD LEBLON;-23.7069613;-46.7021968;36;HOSPITAL MUNICIPAL DR BENEDITO MONTENEGRO;JARDIM IVA;-23.5875541;-46.5145716;31360;31.36;2989;49.82;ok;
6;HOSPITAL MATERNIDADE INTERLAGOS;JD LEBLON;-23.7069613;-46.7021968;37;HOSP MUN IGNACIO PROENCA DE GOUVEA;PARQUE DA MOOCA;-23.5717374;-46.590166;22790;22.79;2471;41.19;ok;
6;HOSPITAL MATERNIDADE INTERLAGOS;JD LEBLON;-23.7069613;-46.7021968;38;HOSPITAL INFANTIL CANDIDO FONTOURA SAO PAULO;AGUA RASA;-23.551918;-46.5852143;26110;26.11;2616;43.61;ok;
6;HOSPITAL MATERNIDADE INTERLAGOS;JD LEBLON;-23.7069613;-46.7021968;40;HOSPITAL REGIONAL SUL SAO PAULO;SANTO AMARO;-23.6555597;-46.7058596;6780;6.78;793;13.22;ok;
6;HOSPITAL MATERNIDADE INTERLAGOS;JD LEBLON;-23.7069613;-46.7021968;42;HOSPITAL ESTADUAL DE SAPOPEMBA SAO PAULO;JARDIM SAPOPEMBA;-23.611336;-46.493671;29100;29.1;2817;46.95;ok;
6;HOSPITAL MATERNIDADE INTERLAGOS;JD LEBLON;-23.7069613;-46.7021968;43;HOSPITAL GERAL DE VILA PENTEADO DR JOSE PANGELLA SAO PAULO;JARDIM IRACEMA;-23.4934229;-46.7008274;33710;33.71;2282;38.04;ok;
6;HOSPITAL MATERNIDADE INTERLAGOS;JD LEBLON;-23.7069613;-46.7021968;46;HOSP DO SERV PUB MUNICIPAL HSPM;LIBERDADE;-23.5673424;-46.639071;19600;19.6;2084;34.74;ok;
6;HOSPITAL MATERNIDADE INTERLAGOS;JD LEBLON;-23.7069613;-46.7021968;47;HOSP MUN FERNANDO MAURO PIRES DA ROCHA;CAMPO LIMPO;-23.6490957;-46.7490028;12030;12.03;1255;20.93;ok;
6;HOSPITAL MATERNIDADE INTERLAGOS;JD LEBLON;-23.7069613;-46.7021968;48;CENTRO HOSPITALAR DO SISTEMA PENITENCIARIO SAO PAULO;CARANDIRU;-23.5085713;-46.6201015;29110;29.11;2700;45.01;ok;
6;HOSPITAL MATERNIDADE INTERLAGOS;JD LEBLON;-23.7069613;-46.7021968;49;HOSP MUN VER JOSE STOROPOLLI;PARQUE NOVO MUNDO;-23.522085;-46.5617446;48880;48.88;2978;49.65;ok;
6;HOSPITAL MATERNIDADE INTERLAGOS;JD LEBLON;-23.7069613;-46.7021968;50;CENTRO MEDICO PMESP;TREMEMBE;-23.4690239;-46.6188727;34150;34.15;3264;54.4;ok;
6;HOSPITAL MATERNIDADE INTERLAGOS;JD LEBLON;-23.7069613;-46.7021968;51;HOSP MUN CARMEN PRUDENTE;CIDADE TIRADENTES;-23.5833632;-46.4092773;40450;40.45;3822;63.71;ok;
6;HOSPITAL MATERNIDADE INTERLAGOS;JD LEBLON;-23.7069613;-46.7021968;53;INSTITUTO DE REABILITACAO LUCY MONTORO;VILA ANDRADE;-23.6322694;-46.7351129;11690;11.69;1250;20.85;ok;
6;HOSPITAL MATERNIDADE INTERLAGOS;JD LEBLON;-23.7069613;-46.7021968;55;INSTITUTO DO CANCER DO ESTADO DE SAO PAULO;CERQUEIRA CESAR;-23.5561305;-46.6681716;22780;22.78;1920;32.01;ok;
6;HOSPITAL MATERNIDADE INTERLAGOS;JD LEBLON;-23.7069613;-46.7021968;56;HOSP MUN SOROCABANA;VILA ROMANA;-23.5238763;-46.7013591;25010;25.01;2109;35.15;ok;
6;HOSPITAL MATERNIDADE INTERLAGOS;JD LEBLON;-23.7069613;-46.7021968;57;HOSP MUN GILSON DE CASSIA MARQUES DE CARVALHO;VILA MASCOTE;-23.6470652;-46.662824;8770;8.77;947;15.79;ok;
6;HOSPITAL MATERNIDADE INTERLAGOS;JD LEBLON;-23.7069613;-46.7021968;58;HOSP MUN CAPELA DO SOCORRO;JARDIM DAS IMBUIAS;-23.7296842;-46.7129995;3620;3.62;460;7.68;ok;
6;HOSPITAL MATERNIDADE INTERLAGOS;JD LEBLON;-23.7069613;-46.7021968;59;HOSP MUN JOSANIAS CASTANHA BRAGA;JARDIM ROSCHEL;-23.8247733;-46.7266429;16680;16.68;1330;22.17;ok;
6;HOSPITAL MATERNIDADE INTERLAGOS;JD LEBLON;-23.7069613;-46.7021968;233;HOSP MUN SOROCABANA;ALTO DE PINHEIROS;-23.5375934;-46.7227993;24390;24.39;1856;30.93;ok;
7;HOSPITAL GERAL DE PEDREIRA;VILA CAMPO GRANDE;-23.6808407;-46.6783317;1;HOSPITAL MUNICIPAL SANTA DULCE DOS POBRES;CONSOLACAO;-23.5573928;-46.6562429;16900;16.9;1790;29.84;ok;
7;HOSPITAL GERAL DE PEDREIRA;VILA CAMPO GRANDE;-23.6808407;-46.6783317;2;HOSPITAL MUNICIPAL BRASILANDIA;JARDIM MARISTELA;-23.476544;-46.6980006;34860;34.86;2410;40.17;ok;
7;HOSPITAL GERAL DE PEDREIRA;VILA CAMPO GRANDE;-23.6808407;-46.6783317;3;HOSPITAL MUNICIPAL GUARAPIRANGA;RIVIERA PAULISTA;-23.6911689;-46.7517858;11830;11.83;1231;20.52;ok;
7;HOSPITAL GERAL DE PEDREIRA;VILA CAMPO GRANDE;-23.6808407;-46.6783317;4;INSTITUTO DE INFECTOLOGIA EMILIO RIBAS;SUMARE;-23.5470783;-46.6812257;22550;22.55;1876;31.28;ok;
7;HOSPITAL GERAL DE PEDREIRA;VILA CAMPO GRANDE;-23.6808407;-46.6783317;5;HOSPITAL DO SERV PUB EST FCO MORATO DE OLIVEIRA SAO PAULO;IBIRAPUERA;-23.5966175;-46.6539691;11850;11.85;1280;21.35;ok;
7;HOSPITAL GERAL DE PEDREIRA;VILA CAMPO GRANDE;-23.6808407;-46.6783317;6;HOSPITAL MATERNIDADE INTERLAGOS;JD LEBLON;-23.7069613;-46.7021968;4870;4.87;595;9.93;ok;
7;HOSPITAL GERAL DE PEDREIRA;VILA CAMPO GRANDE;-23.6808407;-46.6783317;7;HOSPITAL GERAL DE PEDREIRA;VILA CAMPO GRANDE;-23.6808407;-46.6783317;0;0.0;0;0.0;ok;
7;HOSPITAL GERAL DE PEDREIRA;VILA CAMPO GRANDE;-23.6808407;-46.6783317;8;HOSPITAL HELIOPOLIS UNIDADE DE GESTAO ASSISTENCIAL I;V HELIOPOLIS;-23.607115;-46.595253;15700;15.7;1776;29.61;ok;
7;HOSPITAL GERAL DE PEDREIRA;VILA CAMPO GRANDE;-23.6808407;-46.6783317;10;HOSPITAL INFANTIL DARCY VARGAS UGA III SAO PAULO;JARDIM GUEDALA;-23.5929419;-46.7109151;13730;13.73;1584;26.41;ok;
7;HOSPITAL GERAL DE PEDREIRA;VILA CAMPO GRANDE;-23.6808407;-46.6783317;11;HOSP MUN MATERNIDADE PROFESSOR MARIO DEGNI;VILA ANTONIO;-23.5777487;-46.764842;26450;26.45;1985;33.09;ok;
7;HOSPITAL GERAL DE PEDREIRA;VILA CAMPO GRANDE;-23.6808407;-46.6783317;12;HOSPITAL UNIVERSITARIO DA USP SAO PAULO;BUTANTA;-23.5649058;-46.7409515;24470;24.47;2076;34.61;ok;
7;HOSPITAL GERAL DE PEDREIRA;VILA CAMPO GRANDE;-23.6808407;-46.6783317;13;CAISM PHILIPPE PINEL SAO PAULO;PIRITUBA;-23.4869816;-46.7239346;35050;35.05;2436;40.61;ok;
7;HOSPITAL GERAL DE PEDREIRA;VILA CAMPO GRANDE;-23.6808407;-46.6783317;14;HOSPITAL GERAL HENRIQUE ALTIMEYER DE VILA ALPINA;VILA ALPINA;-23.5930526;-46.5607618;20720;20.72;2284;38.07;ok;
7;HOSPITAL GERAL DE PEDREIRA;VILA CAMPO GRANDE;-23.6808407;-46.6783317;16;HOSPITAL GERAL DE SAO MATEUS SAO PAULO;SAO MATEUS;-23.5947358;-46.4867109;29490;29.49;2840;47.34;ok;
7;HOSPITAL GERAL DE PEDREIRA;VILA CAMPO GRANDE;-23.6808407;-46.6783317;17;UNIDADE DE GESTAO ASSISTENCIAL II HOSPITAL IPIRANGA SP;IPIRANGA;-23.584203;-46.6116295;16720;16.72;1801;30.02;ok;
7;HOSPITAL GERAL DE PEDREIRA;VILA CAMPO GRANDE;-23.6808407;-46.6783317;18;CONJUNTO HOSPITALAR DO MANDAQUI SAO PAULO;SANTANA;-23.4849783;-46.6314355;25500;25.5;2657;44.29;ok;
7;HOSPITAL GERAL DE PEDREIRA;VILA CAMPO GRANDE;-23.6808407;-46.6783317;19;HOSPITAL GERAL SANTA MARCELINA DE ITAIM PAULISTA SAO PAULO;ITAIM PAULISTA;-23.4924231;-46.3889814;53030;53.03;3809;63.48;ok;
7;HOSPITAL GERAL DE PEDREIRA;VILA CAMPO GRANDE;-23.6808407;-46.6783317;20;HOSP MUN PROF DR WALDOMIRO DE PAULA;ITAQUERA;-23.5321357;-46.4472128;37100;37.1;3583;59.73;ok;
7;HOSPITAL GERAL DE PEDREIRA;VILA CAMPO GRANDE;-23.6808407;-46.6783317;21;HOSPITAL GERAL DO GRAJAU PROF LIBER JOHN ALPHONSE DI DIO SP;PARQUE DAS NACOES;-23.691152;-46.5848155;13020;13.02;1313;21.9;ok;
7;HOSPITAL GERAL DE PEDREIRA;VILA CAMPO GRANDE;-23.6808407;-46.6783317;22;HOSPITAL E MATERNIDADE LEONOR MENDES DE BARROS SAO PAULO;BELENZINHO;-23.5359031;-46.5887061;23680;23.68;2394;39.91;ok;
7;HOSPITAL GERAL DE PEDREIRA;VILA CAMPO GRANDE;-23.6808407;-46.6783317;23;CENTRO DE REFERENCIA E TREINAMENTO DST AIDS SAO PAULO;VILA MARIANA;-23.5966194;-46.6358133;12830;12.83;1371;22.87;ok;
7;HOSPITAL GERAL DE PEDREIRA;VILA CAMPO GRANDE;-23.6808407;-46.6783317;24;HOSPITAL MILITAR DE AREA DE SAO PAULO;CAMBUCI;-23.5696701;-46.6134492;17580;17.58;1893;31.55;ok;
7;HOSPITAL GERAL DE PEDREIRA;VILA CAMPO GRANDE;-23.6808407;-46.6783317;25;CENTRO DE REFERENCIA DA SAUDE DA MULHER;CAMPOS ELISEOS;-23.5343002;-46.6437496;20100;20.1;2058;34.3;ok;
7;HOSPITAL GERAL DE PEDREIRA;VILA CAMPO GRANDE;-23.6808407;-46.6783317;26;HOSP MUN INFANTIL MENINO JESUS;BELA VISTA;-23.56022;-46.6469982;16370;16.37;1777;29.62;ok;
7;HOSPITAL GERAL DE PEDREIRA;VILA CAMPO GRANDE;-23.6808407;-46.6783317;28;HOSP MUN MAT ESC DR MARIO DE MORAES A SILVA;VILA NOVA CACHOEIRIN;-23.4802096;-46.6709709;36250;36.25;2509;41.82;ok;
7;HOSPITAL GERAL DE PEDREIRA;VILA CAMPO GRANDE;-23.6808407;-46.6783317;29;HOSPITAL GERAL JESUS TEIXEIRA DA COSTA GUAIANASES SAO PAULO;JARDIM SAO PAULO;-23.5523813;-46.4053829;40410;40.41;3797;63.29;ok;
7;HOSPITAL GERAL DE PEDREIRA;VILA CAMPO GRANDE;-23.6808407;-46.6783317;30;HOSP MUN DR CARMINO CARICCHIO;TATUAPE;-23.5329502;-46.5664411;25590;25.59;2598;43.31;ok;
7;HOSPITAL GERAL DE PEDREIRA;VILA CAMPO GRANDE;-23.6808407;-46.6783317;31;HOSP MUN TIDE SETUBAL;SAO MIGUEL PAULISTA;-23.4973179;-46.439865;46440;46.44;3495;58.25;ok;
7;HOSPITAL GERAL DE PEDREIRA;VILA CAMPO GRANDE;-23.6808407;-46.6783317;32;HOSP MUN V NHOCUNE ALEXANDRE ZAIO;VILA NHOCUNE;-23.5424212;-46.5015398;32310;32.31;3203;53.39;ok;
7;HOSPITAL GERAL DE PEDREIRA;VILA CAMPO GRANDE;-23.6808407;-46.6783317;33;HOSP MUN JABAQUARA ARTUR RIBEIRO DE SABOYA;JABAQUARA;-23.6533422;-46.6456764;7400;7.4;831;13.86;ok;
7;HOSPITAL GERAL DE PEDREIRA;VILA CAMPO GRANDE;-23.6808407;-46.6783317;34;HOSPITAL KATIA DE SOUZA RODRIGUES TAIPASSP SAO PAULO;PARADA DE TAIPAS;-23.4436996;-46.7177512;39320;39.32;2702;45.05;ok;
7;HOSPITAL GERAL DE PEDREIRA;VILA CAMPO GRANDE;-23.6808407;-46.6783317;35;HOSP MUN PROFESSOR DOUTOR ALIPIO CORREA NETTO;VILA PARANAGUA;-23.499644;-46.4729162;38980;38.98;3542;59.04;ok;
7;HOSPITAL GERAL DE PEDREIRA;VILA CAMPO GRANDE;-23.6808407;-46.6783317;36;HOSPITAL MUNICIPAL DR BENEDITO MONTENEGRO;JARDIM IVA;-23.5875541;-46.5145716;28070;28.07;2667;44.46;ok;
7;HOSPITAL GERAL DE PEDREIRA;VILA CAMPO GRANDE;-23.6808407;-46.6783317;37;HOSP MUN IGNACIO PROENCA DE GOUVEA;PARQUE DA MOOCA;-23.5717374;-46.590166;19350;19.35;2140;35.67;ok;
7;HOSPITAL GERAL DE PEDREIRA;VILA CAMPO GRANDE;-23.6808407;-46.6783317;38;HOSPITAL INFANTIL CANDIDO FONTOURA SAO PAULO;AGUA RASA;-23.551918;-46.5852143;22660;22.66;2285;38.09;ok;
7;HOSPITAL GERAL DE PEDREIRA;VILA CAMPO GRANDE;-23.6808407;-46.6783317;40;HOSPITAL REGIONAL SUL SAO PAULO;SANTO AMARO;-23.6555597;-46.7058596;5050;5.05;604;10.07;ok;
7;HOSPITAL GERAL DE PEDREIRA;VILA CAMPO GRANDE;-23.6808407;-46.6783317;42;HOSPITAL ESTADUAL DE SAPOPEMBA SAO PAULO;JARDIM SAPOPEMBA;-23.611336;-46.493671;25800;25.8;2495;41.59;ok;
7;HOSPITAL GERAL DE PEDREIRA;VILA CAMPO GRANDE;-23.6808407;-46.6783317;43;HOSPITAL GERAL DE VILA PENTEADO DR JOSE PANGELLA SAO PAULO;JARDIM IRACEMA;-23.4934229;-46.7008274;32659;32.66;2165;36.09;ok;
7;HOSPITAL GERAL DE PEDREIRA;VILA CAMPO GRANDE;-23.6808407;-46.6783317;46;HOSP DO SERV PUB MUNICIPAL HSPM;LIBERDADE;-23.5673424;-46.639071;16149;16.15;1753;29.22;ok;
7;HOSPITAL GERAL DE PEDREIRA;VILA CAMPO GRANDE;-23.6808407;-46.6783317;47;HOSP MUN FERNANDO MAURO PIRES DA ROCHA;CAMPO LIMPO;-23.6490957;-46.7490028;10980;10.98;1138;18.98;ok;
7;HOSPITAL GERAL DE PEDREIRA;VILA CAMPO GRANDE;-23.6808407;-46.6783317;48;CENTRO HOSPITALAR DO SISTEMA PENITENCIARIO SAO PAULO;CARANDIRU;-23.5085713;-46.6201015;23030;23.03;2380;39.68;ok;
7;HOSPITAL GERAL DE PEDREIRA;VILA CAMPO GRANDE;-23.6808407;-46.6783317;49;HOSP MUN VER JOSE STOROPOLLI;PARQUE NOVO MUNDO;-23.522085;-46.5617446;30700;30.7;2751;45.86;ok;
7;HOSPITAL GERAL DE PEDREIRA;VILA CAMPO GRANDE;-23.6808407;-46.6783317;50;CENTRO MEDICO PMESP;TREMEMBE;-23.4690239;-46.6188727;28080;28.08;2944;49.07;ok;
7;HOSPITAL GERAL DE PEDREIRA;VILA CAMPO GRANDE;-23.6808407;-46.6783317;51;HOSP MUN CARMEN PRUDENTE;CIDADE TIRADENTES;-23.5833632;-46.4092773;37160;37.16;3501;58.35;ok;
7;HOSPITAL GERAL DE PEDREIRA;VILA CAMPO GRANDE;-23.6808407;-46.6783317;53;INSTITUTO DE REABILITACAO LUCY MONTORO;VILA ANDRADE;-23.6322694;-46.7351129;10650;10.65;1134;18.9;ok;
7;HOSPITAL GERAL DE PEDREIRA;VILA CAMPO GRANDE;-23.6808407;-46.6783317;55;INSTITUTO DO CANCER DO ESTADO DE SAO PAULO;CERQUEIRA CESAR;-23.5561305;-46.6681716;21730;21.73;1804;30.07;ok;
7;HOSPITAL GERAL DE PEDREIRA;VILA CAMPO GRANDE;-23.6808407;-46.6783317;56;HOSP MUN SOROCABANA;VILA ROMANA;-23.5238763;-46.7013591;23970;23.97;1992;33.2;ok;
7;HOSPITAL GERAL DE PEDREIRA;VILA CAMPO GRANDE;-23.6808407;-46.6783317;57;HOSP MUN GILSON DE CASSIA MARQUES DE CARVALHO;VILA MASCOTE;-23.6470652;-46.662824;5320;5.32;616;10.28;ok;
7;HOSPITAL GERAL DE PEDREIRA;VILA CAMPO GRANDE;-23.6808407;-46.6783317;58;HOSP MUN CAPELA DO SOCORRO;JARDIM DAS IMBUIAS;-23.7296842;-46.7129995;8320;8.32;1014;16.91;ok;
7;HOSPITAL GERAL DE PEDREIRA;VILA CAMPO GRANDE;-23.6808407;-46.6783317;59;HOSP MUN JOSANIAS CASTANHA BRAGA;JARDIM ROSCHEL;-23.8247733;-46.7266429;21990;21.99;1845;30.76;ok;
7;HOSPITAL GERAL DE PEDREIRA;VILA CAMPO GRANDE;-23.6808407;-46.6783317;233;HOSP MUN SOROCABANA;ALTO DE PINHEIROS;-23.5375934;-46.7227993;23340;23.34;1739;28.99;ok;
8;HOSPITAL HELIOPOLIS UNIDADE DE GESTAO ASSISTENCIAL I;V HELIOPOLIS;-23.607115;-46.595253;1;HOSPITAL MUNICIPAL SANTA DULCE DOS POBRES;CONSOLACAO;-23.5573928;-46.6562429;10130;10.13;1047;17.45;ok;
8;HOSPITAL HELIOPOLIS UNIDADE DE GESTAO ASSISTENCIAL I;V HELIOPOLIS;-23.607115;-46.595253;2;HOSPITAL MUNICIPAL BRASILANDIA;JARDIM MARISTELA;-23.476544;-46.6980006;23520;23.52;2075;34.6;ok;
8;HOSPITAL HELIOPOLIS UNIDADE DE GESTAO ASSISTENCIAL I;V HELIOPOLIS;-23.607115;-46.595253;3;HOSPITAL MUNICIPAL GUARAPIRANGA;RIVIERA PAULISTA;-23.6911689;-46.7517858;23830;23.83;2402;40.05;ok;
8;HOSPITAL HELIOPOLIS UNIDADE DE GESTAO ASSISTENCIAL I;V HELIOPOLIS;-23.607115;-46.595253;4;INSTITUTO DE INFECTOLOGIA EMILIO RIBAS;SUMARE;-23.5470783;-46.6812257;13270;13.27;1397;23.29;ok;
8;HOSPITAL HELIOPOLIS UNIDADE DE GESTAO ASSISTENCIAL I;V HELIOPOLIS;-23.607115;-46.595253;5;HOSPITAL DO SERV PUB EST FCO MORATO DE OLIVEIRA SAO PAULO;IBIRAPUERA;-23.5966175;-46.6539691;8540;8.54;925;15.43;ok;
8;HOSPITAL HELIOPOLIS UNIDADE DE GESTAO ASSISTENCIAL I;V HELIOPOLIS;-23.607115;-46.595253;6;HOSPITAL MATERNIDADE INTERLAGOS;JD LEBLON;-23.7069613;-46.7021968;19600;19.6;2059;34.33;ok;
8;HOSPITAL HELIOPOLIS UNIDADE DE GESTAO ASSISTENCIAL I;V HELIOPOLIS;-23.607115;-46.595253;7;HOSPITAL GERAL DE PEDREIRA;VILA CAMPO GRANDE;-23.6808407;-46.6783317;16710;16.71;1789;29.83;ok;
8;HOSPITAL HELIOPOLIS UNIDADE DE GESTAO ASSISTENCIAL I;V HELIOPOLIS;-23.607115;-46.595253;8;HOSPITAL HELIOPOLIS UNIDADE DE GESTAO ASSISTENCIAL I;V HELIOPOLIS;-23.607115;-46.595253;0;0.0;0;0.0;ok;
8;HOSPITAL HELIOPOLIS UNIDADE DE GESTAO ASSISTENCIAL I;V HELIOPOLIS;-23.607115;-46.595253;10;HOSPITAL INFANTIL DARCY VARGAS UGA III SAO PAULO;JARDIM GUEDALA;-23.5929419;-46.7109151;15780;15.78;1744;29.08;ok;
8;HOSPITAL HELIOPOLIS UNIDADE DE GESTAO ASSISTENCIAL I;V HELIOPOLIS;-23.607115;-46.595253;11;HOSP MUN MATERNIDADE PROFESSOR MARIO DEGNI;VILA ANTONIO;-23.5777487;-46.764842;23320;23.32;2197;36.63;ok;
8;HOSPITAL HELIOPOLIS UNIDADE DE GESTAO ASSISTENCIAL I;V HELIOPOLIS;-23.607115;-46.595253;12;HOSPITAL UNIVERSITARIO DA USP SAO PAULO;BUTANTA;-23.5649058;-46.7409515;20600;20.6;2250;37.5;ok;
8;HOSPITAL HELIOPOLIS UNIDADE DE GESTAO ASSISTENCIAL I;V HELIOPOLIS;-23.607115;-46.595253;13;CAISM PHILIPPE PINEL SAO PAULO;PIRITUBA;-23.4869816;-46.7239346;23710;23.71;2102;35.04;ok;
8;HOSPITAL HELIOPOLIS UNIDADE DE GESTAO ASSISTENCIAL I;V HELIOPOLIS;-23.607115;-46.595253;14;HOSPITAL GERAL HENRIQUE ALTIMEYER DE VILA ALPINA;VILA ALPINA;-23.5930526;-46.5607618;6450;6.45;666;11.1;ok;
8;HOSPITAL HELIOPOLIS UNIDADE DE GESTAO ASSISTENCIAL I;V HELIOPOLIS;-23.607115;-46.595253;16;HOSPITAL GERAL DE SAO MATEUS SAO PAULO;SAO MATEUS;-23.5947358;-46.4867109;15610;15.61;1587;26.46;ok;
8;HOSPITAL HELIOPOLIS UNIDADE DE GESTAO ASSISTENCIAL I;V HELIOPOLIS;-23.607115;-46.595253;17;UNIDADE DE GESTAO ASSISTENCIAL II HOSPITAL IPIRANGA SP;IPIRANGA;-23.584203;-46.6116295;4160;4.16;385;6.43;ok;
8;HOSPITAL HELIOPOLIS UNIDADE DE GESTAO ASSISTENCIAL I;V HELIOPOLIS;-23.607115;-46.595253;18;CONJUNTO HOSPITALAR DO MANDAQUI SAO PAULO;SANTANA;-23.4849783;-46.6314355;16309;16.31;1719;28.66;ok;
8;HOSPITAL HELIOPOLIS UNIDADE DE GESTAO ASSISTENCIAL I;V HELIOPOLIS;-23.607115;-46.595253;19;HOSPITAL GERAL SANTA MARCELINA DE ITAIM PAULISTA SAO PAULO;ITAIM PAULISTA;-23.4924231;-46.3889814;38000;38.0;2597;43.3;ok;
8;HOSPITAL HELIOPOLIS UNIDADE DE GESTAO ASSISTENCIAL I;V HELIOPOLIS;-23.607115;-46.595253;20;HOSP MUN PROF DR WALDOMIRO DE PAULA;ITAQUERA;-23.5321357;-46.4472128;22680;22.68;2203;36.73;ok;
8;HOSPITAL HELIOPOLIS UNIDADE DE GESTAO ASSISTENCIAL I;V HELIOPOLIS;-23.607115;-46.595253;21;HOSPITAL GERAL DO GRAJAU PROF LIBER JOHN ALPHONSE DI DIO SP;PARQUE DAS NACOES;-23.691152;-46.5848155;12810;12.81;880;14.67;ok;
8;HOSPITAL HELIOPOLIS UNIDADE DE GESTAO ASSISTENCIAL I;V HELIOPOLIS;-23.607115;-46.595253;22;HOSPITAL E MATERNIDADE LEONOR MENDES DE BARROS SAO PAULO;BELENZINHO;-23.5359031;-46.5887061;10800;10.8;1112;18.55;ok;
8;HOSPITAL HELIOPOLIS UNIDADE DE GESTAO ASSISTENCIAL I;V HELIOPOLIS;-23.607115;-46.595253;23;CENTRO DE REFERENCIA E TREINAMENTO DST AIDS SAO PAULO;VILA MARIANA;-23.5966194;-46.6358133;6350;6.35;692;11.54;ok;
8;HOSPITAL HELIOPOLIS UNIDADE DE GESTAO ASSISTENCIAL I;V HELIOPOLIS;-23.607115;-46.595253;24;HOSPITAL MILITAR DE AREA DE SAO PAULO;CAMBUCI;-23.5696701;-46.6134492;6090;6.09;600;10.01;ok;
8;HOSPITAL HELIOPOLIS UNIDADE DE GESTAO ASSISTENCIAL I;V HELIOPOLIS;-23.607115;-46.595253;25;CENTRO DE REFERENCIA DA SAUDE DA MULHER;CAMPOS ELISEOS;-23.5343002;-46.6437496;11120;11.12;1128;18.81;ok;
8;HOSPITAL HELIOPOLIS UNIDADE DE GESTAO ASSISTENCIAL I;V HELIOPOLIS;-23.607115;-46.595253;26;HOSP MUN INFANTIL MENINO JESUS;BELA VISTA;-23.56022;-46.6469982;9590;9.59;1033;17.23;ok;
8;HOSPITAL HELIOPOLIS UNIDADE DE GESTAO ASSISTENCIAL I;V HELIOPOLIS;-23.607115;-46.595253;28;HOSP MUN MAT ESC DR MARIO DE MORAES A SILVA;VILA NOVA CACHOEIRIN;-23.4802096;-46.6709709;19790;19.79;1974;32.91;ok;
8;HOSPITAL HELIOPOLIS UNIDADE DE GESTAO ASSISTENCIAL I;V HELIOPOLIS;-23.607115;-46.595253;29;HOSPITAL GERAL JESUS TEIXEIRA DA COSTA GUAIANASES SAO PAULO;JARDIM SAO PAULO;-23.5523813;-46.4053829;28130;28.13;2642;44.04;ok;
8;HOSPITAL HELIOPOLIS UNIDADE DE GESTAO ASSISTENCIAL I;V HELIOPOLIS;-23.607115;-46.595253;30;HOSP MUN DR CARMINO CARICCHIO;TATUAPE;-23.5329502;-46.5664411;11920;11.92;1243;20.73;ok;
8;HOSPITAL HELIOPOLIS UNIDADE DE GESTAO ASSISTENCIAL I;V HELIOPOLIS;-23.607115;-46.595253;31;HOSP MUN TIDE SETUBAL;SAO MIGUEL PAULISTA;-23.4973179;-46.439865;31410;31.41;2283;38.07;ok;
8;HOSPITAL HELIOPOLIS UNIDADE DE GESTAO ASSISTENCIAL I;V HELIOPOLIS;-23.607115;-46.595253;32;HOSP MUN V NHOCUNE ALEXANDRE ZAIO;VILA NHOCUNE;-23.5424212;-46.5015398;16500;16.5;1662;27.71;ok;
8;HOSPITAL HELIOPOLIS UNIDADE DE GESTAO ASSISTENCIAL I;V HELIOPOLIS;-23.607115;-46.595253;33;HOSP MUN JABAQUARA ARTUR RIBEIRO DE SABOYA;JABAQUARA;-23.6533422;-46.6456764;10430;10.43;1077;17.96;ok;
8;HOSPITAL HELIOPOLIS UNIDADE DE GESTAO ASSISTENCIAL I;V HELIOPOLIS;-23.607115;-46.595253;34;HOSPITAL KATIA DE SOUZA RODRIGUES TAIPASSP SAO PAULO;PARADA DE TAIPAS;-23.4436996;-46.7177512;27980;27.98;2368;39.48;ok;
8;HOSPITAL HELIOPOLIS UNIDADE DE GESTAO ASSISTENCIAL I;V HELIOPOLIS;-23.607115;-46.595253;35;HOSP MUN PROFESSOR DOUTOR ALIPIO CORREA NETTO;VILA PARANAGUA;-23.499644;-46.4729162;23950;23.95;2331;38.85;ok;
8;HOSPITAL HELIOPOLIS UNIDADE DE GESTAO ASSISTENCIAL I;V HELIOPOLIS;-23.607115;-46.595253;36;HOSPITAL MUNICIPAL DR BENEDITO MONTENEGRO;JARDIM IVA;-23.5875541;-46.5145716;12490;12.49;1230;20.51;ok;
8;HOSPITAL HELIOPOLIS UNIDADE DE GESTAO ASSISTENCIAL I;V HELIOPOLIS;-23.607115;-46.595253;37;HOSP MUN IGNACIO PROENCA DE GOUVEA;PARQUE DA MOOCA;-23.5717374;-46.590166;5350;5.35;541;9.03;ok;
8;HOSPITAL HELIOPOLIS UNIDADE DE GESTAO ASSISTENCIAL I;V HELIOPOLIS;-23.607115;-46.595253;38;HOSPITAL INFANTIL CANDIDO FONTOURA SAO PAULO;AGUA RASA;-23.551918;-46.5852143;9110;9.11;885;14.76;ok;
8;HOSPITAL HELIOPOLIS UNIDADE DE GESTAO ASSISTENCIAL I;V HELIOPOLIS;-23.607115;-46.595253;40;HOSPITAL REGIONAL SUL SAO PAULO;SANTO AMARO;-23.6555597;-46.7058596;16940;16.94;1743;29.06;ok;
8;HOSPITAL HELIOPOLIS UNIDADE DE GESTAO ASSISTENCIAL I;V HELIOPOLIS;-23.607115;-46.595253;42;HOSPITAL ESTADUAL DE SAPOPEMBA SAO PAULO;JARDIM SAPOPEMBA;-23.611336;-46.493671;13940;13.94;1370;22.85;ok;
8;HOSPITAL HELIOPOLIS UNIDADE DE GESTAO ASSISTENCIAL I;V HELIOPOLIS;-23.607115;-46.595253;43;HOSPITAL GERAL DE VILA PENTEADO DR JOSE PANGELLA SAO PAULO;JARDIM IRACEMA;-23.4934229;-46.7008274;21320;21.32;1831;30.52;ok;
8;HOSPITAL HELIOPOLIS UNIDADE DE GESTAO ASSISTENCIAL I;V HELIOPOLIS;-23.607115;-46.595253;46;HOSP DO SERV PUB MUNICIPAL HSPM;LIBERDADE;-23.5673424;-46.639071;8080;8.08;939;15.65;ok;
8;HOSPITAL HELIOPOLIS UNIDADE DE GESTAO ASSISTENCIAL I;V HELIOPOLIS;-23.607115;-46.595253;47;HOSP MUN FERNANDO MAURO PIRES DA ROCHA;CAMPO LIMPO;-23.6490957;-46.7490028;21910;21.91;2003;33.4;ok;
8;HOSPITAL HELIOPOLIS UNIDADE DE GESTAO ASSISTENCIAL I;V HELIOPOLIS;-23.607115;-46.595253;48;CENTRO HOSPITALAR DO SISTEMA PENITENCIARIO SAO PAULO;CARANDIRU;-23.5085713;-46.6201015;13380;13.38;1404;23.41;ok;
8;HOSPITAL HELIOPOLIS UNIDADE DE GESTAO ASSISTENCIAL I;V HELIOPOLIS;-23.607115;-46.595253;49;HOSP MUN VER JOSE STOROPOLLI;PARQUE NOVO MUNDO;-23.522085;-46.5617446;15670;15.67;1540;25.67;ok;
8;HOSPITAL HELIOPOLIS UNIDADE DE GESTAO ASSISTENCIAL I;V HELIOPOLIS;-23.607115;-46.595253;50;CENTRO MEDICO PMESP;TREMEMBE;-23.4690239;-46.6188727;18230;18.23;1989;33.15;ok;
8;HOSPITAL HELIOPOLIS UNIDADE DE GESTAO ASSISTENCIAL I;V HELIOPOLIS;-23.607115;-46.595253;51;HOSP MUN CARMEN PRUDENTE;CIDADE TIRADENTES;-23.5833632;-46.4092773;25290;25.29;2399;40.0;ok;
8;HOSPITAL HELIOPOLIS UNIDADE DE GESTAO ASSISTENCIAL I;V HELIOPOLIS;-23.607115;-46.595253;53;INSTITUTO DE REABILITACAO LUCY MONTORO;VILA ANDRADE;-23.6322694;-46.7351129;19730;19.73;1868;31.15;ok;
8;HOSPITAL HELIOPOLIS UNIDADE DE GESTAO ASSISTENCIAL I;V HELIOPOLIS;-23.607115;-46.595253;55;INSTITUTO DO CANCER DO ESTADO DE SAO PAULO;CERQUEIRA CESAR;-23.5561305;-46.6681716;12980;12.98;1381;23.02;ok;
8;HOSPITAL HELIOPOLIS UNIDADE DE GESTAO ASSISTENCIAL I;V HELIOPOLIS;-23.607115;-46.595253;56;HOSP MUN SOROCABANA;VILA ROMANA;-23.5238763;-46.7013591;17780;17.78;1848;30.81;ok;
8;HOSPITAL HELIOPOLIS UNIDADE DE GESTAO ASSISTENCIAL I;V HELIOPOLIS;-23.607115;-46.595253;57;HOSP MUN GILSON DE CASSIA MARQUES DE CARVALHO;VILA MASCOTE;-23.6470652;-46.662824;11100;11.1;1180;19.67;ok;
8;HOSPITAL HELIOPOLIS UNIDADE DE GESTAO ASSISTENCIAL I;V HELIOPOLIS;-23.607115;-46.595253;58;HOSP MUN CAPELA DO SOCORRO;JARDIM DAS IMBUIAS;-23.7296842;-46.7129995;23050;23.05;2478;41.31;ok;
8;HOSPITAL HELIOPOLIS UNIDADE DE GESTAO ASSISTENCIAL I;V HELIOPOLIS;-23.607115;-46.595253;59;HOSP MUN JOSANIAS CASTANHA BRAGA;JARDIM ROSCHEL;-23.8247733;-46.7266429;36120;36.12;3347;55.8;ok;
8;HOSPITAL HELIOPOLIS UNIDADE DE GESTAO ASSISTENCIAL I;V HELIOPOLIS;-23.607115;-46.595253;233;HOSP MUN SOROCABANA;ALTO DE PINHEIROS;-23.5375934;-46.7227993;22930;22.93;2008;33.48;ok;
10;HOSPITAL INFANTIL DARCY VARGAS UGA III SAO PAULO;JARDIM GUEDALA;-23.5929419;-46.7109151;1;HOSPITAL MUNICIPAL SANTA DULCE DOS POBRES;CONSOLACAO;-23.5573928;-46.6562429;7760;7.76;896;14.94;ok;
10;HOSPITAL INFANTIL DARCY VARGAS UGA III SAO PAULO;JARDIM GUEDALA;-23.5929419;-46.7109151;2;HOSPITAL MUNICIPAL BRASILANDIA;JARDIM MARISTELA;-23.476544;-46.6980006;22630;22.63;1697;28.29;ok;
10;HOSPITAL INFANTIL DARCY VARGAS UGA III SAO PAULO;JARDIM GUEDALA;-23.5929419;-46.7109151;3;HOSPITAL MUNICIPAL GUARAPIRANGA;RIVIERA PAULISTA;-23.6911689;-46.7517858;15820;15.82;1471;24.52;ok;
10;HOSPITAL INFANTIL DARCY VARGAS UGA III SAO PAULO;JARDIM GUEDALA;-23.5929419;-46.7109151;4;INSTITUTO DE INFECTOLOGIA EMILIO RIBAS;SUMARE;-23.5470783;-46.6812257;8050;8.05;1018;16.98;ok;
10;HOSPITAL INFANTIL DARCY VARGAS UGA III SAO PAULO;JARDIM GUEDALA;-23.5929419;-46.7109151;5;HOSPITAL DO SERV PUB EST FCO MORATO DE OLIVEIRA SAO PAULO;IBIRAPUERA;-23.5966175;-46.6539691;7970;7.97;824;13.75;ok;
10;HOSPITAL INFANTIL DARCY VARGAS UGA III SAO PAULO;JARDIM GUEDALA;-23.5929419;-46.7109151;6;HOSPITAL MATERNIDADE INTERLAGOS;JD LEBLON;-23.7069613;-46.7021968;17110;17.11;1606;26.77;ok;
10;HOSPITAL INFANTIL DARCY VARGAS UGA III SAO PAULO;JARDIM GUEDALA;-23.5929419;-46.7109151;7;HOSPITAL GERAL DE PEDREIRA;VILA CAMPO GRANDE;-23.6808407;-46.6783317;16100;16.1;1566;26.11;ok;
10;HOSPITAL INFANTIL DARCY VARGAS UGA III SAO PAULO;JARDIM GUEDALA;-23.5929419;-46.7109151;8;HOSPITAL HELIOPOLIS UNIDADE DE GESTAO ASSISTENCIAL I;V HELIOPOLIS;-23.607115;-46.595253;17180;17.18;1738;28.97;ok;
10;HOSPITAL INFANTIL DARCY VARGAS UGA III SAO PAULO;JARDIM GUEDALA;-23.5929419;-46.7109151;10;HOSPITAL INFANTIL DARCY VARGAS UGA III SAO PAULO;JARDIM GUEDALA;-23.5929419;-46.7109151;0;0.0;0;0.0;ok;
10;HOSPITAL INFANTIL DARCY VARGAS UGA III SAO PAULO;JARDIM GUEDALA;-23.5929419;-46.7109151;11;HOSP MUN MATERNIDADE PROFESSOR MARIO DEGNI;VILA ANTONIO;-23.5777487;-46.764842;11220;11.22;893;14.9;ok;
10;HOSPITAL INFANTIL DARCY VARGAS UGA III SAO PAULO;JARDIM GUEDALA;-23.5929419;-46.7109151;12;HOSPITAL UNIVERSITARIO DA USP SAO PAULO;BUTANTA;-23.5649058;-46.7409515;8230;8.23;1006;16.77;ok;
10;HOSPITAL INFANTIL DARCY VARGAS UGA III SAO PAULO;JARDIM GUEDALA;-23.5929419;-46.7109151;13;CAISM PHILIPPE PINEL SAO PAULO;PIRITUBA;-23.4869816;-46.7239346;22830;22.83;1723;28.73;ok;
10;HOSPITAL INFANTIL DARCY VARGAS UGA III SAO PAULO;JARDIM GUEDALA;-23.5929419;-46.7109151;14;HOSPITAL GERAL HENRIQUE ALTIMEYER DE VILA ALPINA;VILA ALPINA;-23.5930526;-46.5607618;19600;19.6;2010;33.51;ok;
10;HOSPITAL INFANTIL DARCY VARGAS UGA III SAO PAULO;JARDIM GUEDALA;-23.5929419;-46.7109151;16;HOSPITAL GERAL DE SAO MATEUS SAO PAULO;SAO MATEUS;-23.5947358;-46.4867109;32759;32.76;2818;46.97;ok;
10;HOSPITAL INFANTIL DARCY VARGAS UGA III SAO PAULO;JARDIM GUEDALA;-23.5929419;-46.7109151;17;UNIDADE DE GESTAO ASSISTENCIAL II HOSPITAL IPIRANGA SP;IPIRANGA;-23.584203;-46.6116295;13480;13.48;1437;23.96;ok;
10;HOSPITAL INFANTIL DARCY VARGAS UGA III SAO PAULO;JARDIM GUEDALA;-23.5929419;-46.7109151;18;CONJUNTO HOSPITALAR DO MANDAQUI SAO PAULO;SANTANA;-23.4849783;-46.6314355;17850;17.85;1949;32.48;ok;
10;HOSPITAL INFANTIL DARCY VARGAS UGA III SAO PAULO;JARDIM GUEDALA;-23.5929419;-46.7109151;19;HOSPITAL GERAL SANTA MARCELINA DE ITAIM PAULISTA SAO PAULO;ITAIM PAULISTA;-23.4924231;-46.3889814;45380;45.38;3100;51.68;ok;
10;HOSPITAL INFANTIL DARCY VARGAS UGA III SAO PAULO;JARDIM GUEDALA;-23.5929419;-46.7109151;20;HOSP MUN PROF DR WALDOMIRO DE PAULA;ITAQUERA;-23.5321357;-46.4472128;42620;42.62;3043;50.72;ok;
10;HOSPITAL INFANTIL DARCY VARGAS UGA III SAO PAULO;JARDIM GUEDALA;-23.5929419;-46.7109151;21;HOSPITAL GERAL DO GRAJAU PROF LIBER JOHN ALPHONSE DI DIO SP;PARQUE DAS NACOES;-23.691152;-46.5848155;23510;23.51;2093;34.89;ok;
10;HOSPITAL INFANTIL DARCY VARGAS UGA III SAO PAULO;JARDIM GUEDALA;-23.5929419;-46.7109151;22;HOSPITAL E MATERNIDADE LEONOR MENDES DE BARROS SAO PAULO;BELENZINHO;-23.5359031;-46.5887061;17040;17.04;1765;29.43;ok;
10;HOSPITAL INFANTIL DARCY VARGAS UGA III SAO PAULO;JARDIM GUEDALA;-23.5929419;-46.7109151;23;CENTRO DE REFERENCIA E TREINAMENTO DST AIDS SAO PAULO;VILA MARIANA;-23.5966194;-46.6358133;10090;10.09;1010;16.85;ok;
10;HOSPITAL INFANTIL DARCY VARGAS UGA III SAO PAULO;JARDIM GUEDALA;-23.5929419;-46.7109151;24;HOSPITAL MILITAR DE AREA DE SAO PAULO;CAMBUCI;-23.5696701;-46.6134492;13470;13.47;1437;23.95;ok;
10;HOSPITAL INFANTIL DARCY VARGAS UGA III SAO PAULO;JARDIM GUEDALA;-23.5929419;-46.7109151;25;CENTRO DE REFERENCIA DA SAUDE DA MULHER;CAMPOS ELISEOS;-23.5343002;-46.6437496;11620;11.62;1304;21.74;ok;
10;HOSPITAL INFANTIL DARCY VARGAS UGA III SAO PAULO;JARDIM GUEDALA;-23.5929419;-46.7109151;26;HOSP MUN INFANTIL MENINO JESUS;BELA VISTA;-23.56022;-46.6469982;9160;9.16;1058;17.65;ok;
10;HOSPITAL INFANTIL DARCY VARGAS UGA III SAO PAULO;JARDIM GUEDALA;-23.5929419;-46.7109151;28;HOSP MUN MAT ESC DR MARIO DE MORAES A SILVA;VILA NOVA CACHOEIRIN;-23.4802096;-46.6709709;24020;24.02;1796;29.94;ok;
10;HOSPITAL INFANTIL DARCY VARGAS UGA III SAO PAULO;JARDIM GUEDALA;-23.5929419;-46.7109151;29;HOSPITAL GERAL JESUS TEIXEIRA DA COSTA GUAIANASES SAO PAULO;JARDIM SAO PAULO;-23.5523813;-46.4053829;50560;50.56;3621;60.36;ok;
10;HOSPITAL INFANTIL DARCY VARGAS UGA III SAO PAULO;JARDIM GUEDALA;-23.5929419;-46.7109151;30;HOSP MUN DR CARMINO CARICCHIO;TATUAPE;-23.5329502;-46.5664411;18950;18.95;1969;32.82;ok;
10;HOSPITAL INFANTIL DARCY VARGAS UGA III SAO PAULO;JARDIM GUEDALA;-23.5929419;-46.7109151;31;HOSP MUN TIDE SETUBAL;SAO MIGUEL PAULISTA;-23.4973179;-46.439865;38790;38.79;2786;46.45;ok;
10;HOSPITAL INFANTIL DARCY VARGAS UGA III SAO PAULO;JARDIM GUEDALA;-23.5929419;-46.7109151;32;HOSP MUN V NHOCUNE ALEXANDRE ZAIO;VILA NHOCUNE;-23.5424212;-46.5015398;25670;25.67;2574;42.91;ok;
10;HOSPITAL INFANTIL DARCY VARGAS UGA III SAO PAULO;JARDIM GUEDALA;-23.5929419;-46.7109151;33;HOSP MUN JABAQUARA ARTUR RIBEIRO DE SABOYA;JABAQUARA;-23.6533422;-46.6456764;13370;13.37;1384;23.07;ok;
10;HOSPITAL INFANTIL DARCY VARGAS UGA III SAO PAULO;JARDIM GUEDALA;-23.5929419;-46.7109151;34;HOSPITAL KATIA DE SOUZA RODRIGUES TAIPASSP SAO PAULO;PARADA DE TAIPAS;-23.4436996;-46.7177512;27090;27.09;1990;33.17;ok;
10;HOSPITAL INFANTIL DARCY VARGAS UGA III SAO PAULO;JARDIM GUEDALA;-23.5929419;-46.7109151;35;HOSP MUN PROFESSOR DOUTOR ALIPIO CORREA NETTO;VILA PARANAGUA;-23.499644;-46.4729162;31330;31.33;2834;47.24;ok;
10;HOSPITAL INFANTIL DARCY VARGAS UGA III SAO PAULO;JARDIM GUEDALA;-23.5929419;-46.7109151;36;HOSPITAL MUNICIPAL DR BENEDITO MONTENEGRO;JARDIM IVA;-23.5875541;-46.5145716;24870;24.87;2536;42.27;ok;
10;HOSPITAL INFANTIL DARCY VARGAS UGA III SAO PAULO;JARDIM GUEDALA;-23.5929419;-46.7109151;37;HOSP MUN IGNACIO PROENCA DE GOUVEA;PARQUE DA MOOCA;-23.5717374;-46.590166;16420;16.42;1701;28.36;ok;
10;HOSPITAL INFANTIL DARCY VARGAS UGA III SAO PAULO;JARDIM GUEDALA;-23.5929419;-46.7109151;38;HOSPITAL INFANTIL CANDIDO FONTOURA SAO PAULO;AGUA RASA;-23.551918;-46.5852143;16020;16.02;1656;27.61;ok;
10;HOSPITAL INFANTIL DARCY VARGAS UGA III SAO PAULO;JARDIM GUEDALA;-23.5929419;-46.7109151;40;HOSPITAL REGIONAL SUL SAO PAULO;SANTO AMARO;-23.6555597;-46.7058596;11680;11.68;1152;19.2;ok;
10;HOSPITAL INFANTIL DARCY VARGAS UGA III SAO PAULO;JARDIM GUEDALA;-23.5929419;-46.7109151;42;HOSPITAL ESTADUAL DE SAPOPEMBA SAO PAULO;JARDIM SAPOPEMBA;-23.611336;-46.493671;29070;29.07;2826;47.12;ok;
10;HOSPITAL INFANTIL DARCY VARGAS UGA III SAO PAULO;JARDIM GUEDALA;-23.5929419;-46.7109151;43;HOSPITAL GERAL DE VILA PENTEADO DR JOSE PANGELLA SAO PAULO;JARDIM IRACEMA;-23.4934229;-46.7008274;20440;20.44;1452;24.21;ok;
10;HOSPITAL INFANTIL DARCY VARGAS UGA III SAO PAULO;JARDIM GUEDALA;-23.5929419;-46.7109151;46;HOSP DO SERV PUB MUNICIPAL HSPM;LIBERDADE;-23.5673424;-46.639071;10280;10.28;1237;20.62;ok;
10;HOSPITAL INFANTIL DARCY VARGAS UGA III SAO PAULO;JARDIM GUEDALA;-23.5929419;-46.7109151;47;HOSP MUN FERNANDO MAURO PIRES DA ROCHA;CAMPO LIMPO;-23.6490957;-46.7490028;10800;10.8;1016;16.94;ok;
10;HOSPITAL INFANTIL DARCY VARGAS UGA III SAO PAULO;JARDIM GUEDALA;-23.5929419;-46.7109151;48;CENTRO HOSPITALAR DO SISTEMA PENITENCIARIO SAO PAULO;CARANDIRU;-23.5085713;-46.6201015;15380;15.38;1672;27.87;ok;
10;HOSPITAL INFANTIL DARCY VARGAS UGA III SAO PAULO;JARDIM GUEDALA;-23.5929419;-46.7109151;49;HOSP MUN VER JOSE STOROPOLLI;PARQUE NOVO MUNDO;-23.522085;-46.5617446;23050;23.05;2043;34.06;ok;
10;HOSPITAL INFANTIL DARCY VARGAS UGA III SAO PAULO;JARDIM GUEDALA;-23.5929419;-46.7109151;50;CENTRO MEDICO PMESP;TREMEMBE;-23.4690239;-46.6188727;20430;20.43;2235;37.26;ok;
10;HOSPITAL INFANTIL DARCY VARGAS UGA III SAO PAULO;JARDIM GUEDALA;-23.5929419;-46.7109151;51;HOSP MUN CARMEN PRUDENTE;CIDADE TIRADENTES;-23.5833632;-46.4092773;41780;41.78;3676;61.28;ok;
10;HOSPITAL INFANTIL DARCY VARGAS UGA III SAO PAULO;JARDIM GUEDALA;-23.5929419;-46.7109151;53;INSTITUTO DE REABILITACAO LUCY MONTORO;VILA ANDRADE;-23.6322694;-46.7351129;7850;7.85;860;14.35;ok;
10;HOSPITAL INFANTIL DARCY VARGAS UGA III SAO PAULO;JARDIM GUEDALA;-23.5929419;-46.7109151;55;INSTITUTO DO CANCER DO ESTADO DE SAO PAULO;CERQUEIRA CESAR;-23.5561305;-46.6681716;7700;7.7;957;15.96;ok;
10;HOSPITAL INFANTIL DARCY VARGAS UGA III SAO PAULO;JARDIM GUEDALA;-23.5929419;-46.7109151;56;HOSP MUN SOROCABANA;VILA ROMANA;-23.5238763;-46.7013591;10520;10.52;1241;20.7;ok;
10;HOSPITAL INFANTIL DARCY VARGAS UGA III SAO PAULO;JARDIM GUEDALA;-23.5929419;-46.7109151;57;HOSP MUN GILSON DE CASSIA MARQUES DE CARVALHO;VILA MASCOTE;-23.6470652;-46.662824;10580;10.58;1119;18.66;ok;
10;HOSPITAL INFANTIL DARCY VARGAS UGA III SAO PAULO;JARDIM GUEDALA;-23.5929419;-46.7109151;58;HOSP MUN CAPELA DO SOCORRO;JARDIM DAS IMBUIAS;-23.7296842;-46.7129995;20560;20.56;2025;33.75;ok;
10;HOSPITAL INFANTIL DARCY VARGAS UGA III SAO PAULO;JARDIM GUEDALA;-23.5929419;-46.7109151;59;HOSP MUN JOSANIAS CASTANHA BRAGA;JARDIM ROSCHEL;-23.8247733;-46.7266429;33630;33.63;2894;48.25;ok;
10;HOSPITAL INFANTIL DARCY VARGAS UGA III SAO PAULO;JARDIM GUEDALA;-23.5929419;-46.7109151;233;HOSP MUN SOROCABANA;ALTO DE PINHEIROS;-23.5375934;-46.7227993;8840;8.84;1005;16.76;ok;
11;HOSP MUN MATERNIDADE PROFESSOR MARIO DEGNI;VILA ANTONIO;-23.5777487;-46.764842;1;HOSPITAL MUNICIPAL SANTA DULCE DOS POBRES;CONSOLACAO;-23.5573928;-46.6562429;13960;13.96;1440;24.02;ok;
11;HOSP MUN MATERNIDADE PROFESSOR MARIO DEGNI;VILA ANTONIO;-23.5777487;-46.764842;2;HOSPITAL MUNICIPAL BRASILANDIA;JARDIM MARISTELA;-23.476544;-46.6980006;18670;18.67;1708;28.48;ok;
11;HOSP MUN MATERNIDADE PROFESSOR MARIO DEGNI;VILA ANTONIO;-23.5777487;-46.764842;3;HOSPITAL MUNICIPAL GUARAPIRANGA;RIVIERA PAULISTA;-23.6911689;-46.7517858;26840;26.84;2036;33.95;ok;
11;HOSP MUN MATERNIDADE PROFESSOR MARIO DEGNI;VILA ANTONIO;-23.5777487;-46.764842;4;INSTITUTO DE INFECTOLOGIA EMILIO RIBAS;SUMARE;-23.5470783;-46.6812257;13050;13.05;1385;23.09;ok;
11;HOSP MUN MATERNIDADE PROFESSOR MARIO DEGNI;VILA ANTONIO;-23.5777487;-46.764842;5;HOSPITAL DO SERV PUB EST FCO MORATO DE OLIVEIRA SAO PAULO;IBIRAPUERA;-23.5966175;-46.6539691;17900;17.9;1470;24.51;ok;
11;HOSP MUN MATERNIDADE PROFESSOR MARIO DEGNI;VILA ANTONIO;-23.5777487;-46.764842;6;HOSPITAL MATERNIDADE INTERLAGOS;JD LEBLON;-23.7069613;-46.7021968;28130;28.13;2171;36.2;ok;
11;HOSP MUN MATERNIDADE PROFESSOR MARIO DEGNI;VILA ANTONIO;-23.5777487;-46.764842;7;HOSPITAL GERAL DE PEDREIRA;VILA CAMPO GRANDE;-23.6808407;-46.6783317;27120;27.12;2132;35.54;ok;
11;HOSP MUN MATERNIDADE PROFESSOR MARIO DEGNI;VILA ANTONIO;-23.5777487;-46.764842;8;HOSPITAL HELIOPOLIS UNIDADE DE GESTAO ASSISTENCIAL I;V HELIOPOLIS;-23.607115;-46.595253;26320;26.32;2315;38.59;ok;
11;HOSP MUN MATERNIDADE PROFESSOR MARIO DEGNI;VILA ANTONIO;-23.5777487;-46.764842;10;HOSPITAL INFANTIL DARCY VARGAS UGA III SAO PAULO;JARDIM GUEDALA;-23.5929419;-46.7109151;10280;10.28;1052;17.54;ok;
11;HOSP MUN MATERNIDADE PROFESSOR MARIO DEGNI;VILA ANTONIO;-23.5777487;-46.764842;11;HOSP MUN MATERNIDADE PROFESSOR MARIO DEGNI;VILA ANTONIO;-23.5777487;-46.764842;0;0.0;0;0.0;ok;
11;HOSP MUN MATERNIDADE PROFESSOR MARIO DEGNI;VILA ANTONIO;-23.5777487;-46.764842;12;HOSPITAL UNIVERSITARIO DA USP SAO PAULO;BUTANTA;-23.5649058;-46.7409515;4019;4.02;529;8.83;ok;
11;HOSP MUN MATERNIDADE PROFESSOR MARIO DEGNI;VILA ANTONIO;-23.5777487;-46.764842;13;CAISM PHILIPPE PINEL SAO PAULO;PIRITUBA;-23.4869816;-46.7239346;18870;18.87;1735;28.92;ok;
11;HOSP MUN MATERNIDADE PROFESSOR MARIO DEGNI;VILA ANTONIO;-23.5777487;-46.764842;14;HOSPITAL GERAL HENRIQUE ALTIMEYER DE VILA ALPINA;VILA ALPINA;-23.5930526;-46.5607618;34960;34.96;2501;41.69;ok;
11;HOSP MUN MATERNIDADE PROFESSOR MARIO DEGNI;VILA ANTONIO;-23.5777487;-46.764842;16;HOSPITAL GERAL DE SAO MATEUS SAO PAULO;SAO MATEUS;-23.5947358;-46.4867109;41350;41.35;2935;48.93;ok;
11;HOSP MUN MATERNIDADE PROFESSOR MARIO DEGNI;VILA ANTONIO;-23.5777487;-46.764842;17;UNIDADE DE GESTAO ASSISTENCIAL II HOSPITAL IPIRANGA SP;IPIRANGA;-23.584203;-46.6116295;22920;22.92;2096;34.95;ok;
11;HOSP MUN MATERNIDADE PROFESSOR MARIO DEGNI;VILA ANTONIO;-23.5777487;-46.764842;18;CONJUNTO HOSPITALAR DO MANDAQUI SAO PAULO;SANTANA;-23.4849783;-46.6314355;25980;25.98;2149;35.83;ok;
11;HOSP MUN MATERNIDADE PROFESSOR MARIO DEGNI;VILA ANTONIO;-23.5777487;-46.764842;19;HOSPITAL GERAL SANTA MARCELINA DE ITAIM PAULISTA SAO PAULO;ITAIM PAULISTA;-23.4924231;-46.3889814;53970;53.97;3218;53.64;ok;
11;HOSP MUN MATERNIDADE PROFESSOR MARIO DEGNI;VILA ANTONIO;-23.5777487;-46.764842;20;HOSP MUN PROF DR WALDOMIRO DE PAULA;ITAQUERA;-23.5321357;-46.4472128;51210;51.21;3161;52.68;ok;
11;HOSP MUN MATERNIDADE PROFESSOR MARIO DEGNI;VILA ANTONIO;-23.5777487;-46.764842;21;HOSPITAL GERAL DO GRAJAU PROF LIBER JOHN ALPHONSE DI DIO SP;PARQUE DAS NACOES;-23.691152;-46.5848155;32600;32.6;2607;43.46;ok;
11;HOSP MUN MATERNIDADE PROFESSOR MARIO DEGNI;VILA ANTONIO;-23.5777487;-46.764842;22;HOSPITAL E MATERNIDADE LEONOR MENDES DE BARROS SAO PAULO;BELENZINHO;-23.5359031;-46.5887061;27990;27.99;1906;31.77;ok;
11;HOSP MUN MATERNIDADE PROFESSOR MARIO DEGNI;VILA ANTONIO;-23.5777487;-46.764842;23;CENTRO DE REFERENCIA E TREINAMENTO DST AIDS SAO PAULO;VILA MARIANA;-23.5966194;-46.6358133;19530;19.53;1664;27.75;ok;
11;HOSP MUN MATERNIDADE PROFESSOR MARIO DEGNI;VILA ANTONIO;-23.5777487;-46.764842;24;HOSPITAL MILITAR DE AREA DE SAO PAULO;CAMBUCI;-23.5696701;-46.6134492;22790;22.79;2048;34.15;ok;
11;HOSP MUN MATERNIDADE PROFESSOR MARIO DEGNI;VILA ANTONIO;-23.5777487;-46.764842;25;CENTRO DE REFERENCIA DA SAUDE DA MULHER;CAMPOS ELISEOS;-23.5343002;-46.6437496;16520;16.52;1753;29.23;ok;
11;HOSP MUN MATERNIDADE PROFESSOR MARIO DEGNI;VILA ANTONIO;-23.5777487;-46.764842;26;HOSP MUN INFANTIL MENINO JESUS;BELA VISTA;-23.56022;-46.6469982;15820;15.82;1652;27.55;ok;
11;HOSP MUN MATERNIDADE PROFESSOR MARIO DEGNI;VILA ANTONIO;-23.5777487;-46.764842;28;HOSP MUN MAT ESC DR MARIO DE MORAES A SILVA;VILA NOVA CACHOEIRIN;-23.4802096;-46.6709709;20060;20.06;1808;30.14;ok;
11;HOSP MUN MATERNIDADE PROFESSOR MARIO DEGNI;VILA ANTONIO;-23.5777487;-46.764842;29;HOSPITAL GERAL JESUS TEIXEIRA DA COSTA GUAIANASES SAO PAULO;JARDIM SAO PAULO;-23.5523813;-46.4053829;59160;59.16;3739;62.32;ok;
11;HOSP MUN MATERNIDADE PROFESSOR MARIO DEGNI;VILA ANTONIO;-23.5777487;-46.764842;30;HOSP MUN DR CARMINO CARICCHIO;TATUAPE;-23.5329502;-46.5664411;29170;29.17;2098;34.97;ok;
11;HOSP MUN MATERNIDADE PROFESSOR MARIO DEGNI;VILA ANTONIO;-23.5777487;-46.764842;31;HOSP MUN TIDE SETUBAL;SAO MIGUEL PAULISTA;-23.4973179;-46.439865;47380;47.38;2904;48.41;ok;
11;HOSP MUN MATERNIDADE PROFESSOR MARIO DEGNI;VILA ANTONIO;-23.5777487;-46.764842;32;HOSP MUN V NHOCUNE ALEXANDRE ZAIO;VILA NHOCUNE;-23.5424212;-46.5015398;38360;38.36;2745;45.75;ok;
11;HOSP MUN MATERNIDADE PROFESSOR MARIO DEGNI;VILA ANTONIO;-23.5777487;-46.764842;33;HOSP MUN JABAQUARA ARTUR RIBEIRO DE SABOYA;JABAQUARA;-23.6533422;-46.6456764;23420;23.42;1957;32.62;ok;
11;HOSP MUN MATERNIDADE PROFESSOR MARIO DEGNI;VILA ANTONIO;-23.5777487;-46.764842;34;HOSPITAL KATIA DE SOUZA RODRIGUES TAIPASSP SAO PAULO;PARADA DE TAIPAS;-23.4436996;-46.7177512;33540;33.54;1953;32.55;ok;
11;HOSP MUN MATERNIDADE PROFESSOR MARIO DEGNI;VILA ANTONIO;-23.5777487;-46.764842;35;HOSP MUN PROFESSOR DOUTOR ALIPIO CORREA NETTO;VILA PARANAGUA;-23.499644;-46.4729162;39920;39.92;2951;49.2;ok;
11;HOSP MUN MATERNIDADE PROFESSOR MARIO DEGNI;VILA ANTONIO;-23.5777487;-46.764842;36;HOSPITAL MUNICIPAL DR BENEDITO MONTENEGRO;JARDIM IVA;-23.5875541;-46.5145716;37550;37.55;2850;47.5;ok;
11;HOSP MUN MATERNIDADE PROFESSOR MARIO DEGNI;VILA ANTONIO;-23.5777487;-46.764842;37;HOSP MUN IGNACIO PROENCA DE GOUVEA;PARQUE DA MOOCA;-23.5717374;-46.590166;25740;25.74;2313;38.55;ok;
11;HOSP MUN MATERNIDADE PROFESSOR MARIO DEGNI;VILA ANTONIO;-23.5777487;-46.764842;38;HOSPITAL INFANTIL CANDIDO FONTOURA SAO PAULO;AGUA RASA;-23.551918;-46.5852143;30670;30.67;2138;35.64;ok;
11;HOSP MUN MATERNIDADE PROFESSOR MARIO DEGNI;VILA ANTONIO;-23.5777487;-46.764842;40;HOSPITAL REGIONAL SUL SAO PAULO;SANTO AMARO;-23.6555597;-46.7058596;22710;22.71;1717;28.63;ok;
11;HOSP MUN MATERNIDADE PROFESSOR MARIO DEGNI;VILA ANTONIO;-23.5777487;-46.764842;42;HOSPITAL ESTADUAL DE SAPOPEMBA SAO PAULO;JARDIM SAPOPEMBA;-23.611336;-46.493671;43490;43.49;3193;53.22;ok;
11;HOSP MUN MATERNIDADE PROFESSOR MARIO DEGNI;VILA ANTONIO;-23.5777487;-46.764842;43;HOSPITAL GERAL DE VILA PENTEADO DR JOSE PANGELLA SAO PAULO;JARDIM IRACEMA;-23.4934229;-46.7008274;16470;16.47;1464;24.4;ok;
11;HOSP MUN MATERNIDADE PROFESSOR MARIO DEGNI;VILA ANTONIO;-23.5777487;-46.764842;46;HOSP DO SERV PUB MUNICIPAL HSPM;LIBERDADE;-23.5673424;-46.639071;19600;19.6;1848;30.81;ok;
11;HOSP MUN MATERNIDADE PROFESSOR MARIO DEGNI;VILA ANTONIO;-23.5777487;-46.764842;47;HOSP MUN FERNANDO MAURO PIRES DA ROCHA;CAMPO LIMPO;-23.6490957;-46.7490028;13280;13.28;1531;25.52;ok;
11;HOSP MUN MATERNIDADE PROFESSOR MARIO DEGNI;VILA ANTONIO;-23.5777487;-46.764842;48;CENTRO HOSPITALAR DO SISTEMA PENITENCIARIO SAO PAULO;CARANDIRU;-23.5085713;-46.6201015;24150;24.15;1893;31.56;ok;
11;HOSP MUN MATERNIDADE PROFESSOR MARIO DEGNI;VILA ANTONIO;-23.5777487;-46.764842;49;HOSP MUN VER JOSE STOROPOLLI;PARQUE NOVO MUNDO;-23.522085;-46.5617446;31640;31.64;2160;36.02;ok;
11;HOSP MUN MATERNIDADE PROFESSOR MARIO DEGNI;VILA ANTONIO;-23.5777487;-46.764842;50;CENTRO MEDICO PMESP;TREMEMBE;-23.4690239;-46.6188727;29200;29.2;2457;40.95;ok;
11;HOSP MUN MATERNIDADE PROFESSOR MARIO DEGNI;VILA ANTONIO;-23.5777487;-46.764842;51;HOSP MUN CARMEN PRUDENTE;CIDADE TIRADENTES;-23.5833632;-46.4092773;50370;50.37;3794;63.24;ok;
11;HOSP MUN MATERNIDADE PROFESSOR MARIO DEGNI;VILA ANTONIO;-23.5777487;-46.764842;53;INSTITUTO DE REABILITACAO LUCY MONTORO;VILA ANDRADE;-23.6322694;-46.7351129;10740;10.74;1245;20.75;ok;
11;HOSP MUN MATERNIDADE PROFESSOR MARIO DEGNI;VILA ANTONIO;-23.5777487;-46.764842;55;INSTITUTO DO CANCER DO ESTADO DE SAO PAULO;CERQUEIRA CESAR;-23.5561305;-46.6681716;12700;12.7;1324;22.07;ok;
11;HOSP MUN MATERNIDADE PROFESSOR MARIO DEGNI;VILA ANTONIO;-23.5777487;-46.764842;56;HOSP MUN SOROCABANA;VILA ROMANA;-23.5238763;-46.7013591;10240;10.24;1168;19.48;ok;
11;HOSP MUN MATERNIDADE PROFESSOR MARIO DEGNI;VILA ANTONIO;-23.5777487;-46.764842;57;HOSP MUN GILSON DE CASSIA MARQUES DE CARVALHO;VILA MASCOTE;-23.6470652;-46.662824;20620;20.62;1692;28.21;ok;
11;HOSP MUN MATERNIDADE PROFESSOR MARIO DEGNI;VILA ANTONIO;-23.5777487;-46.764842;58;HOSP MUN CAPELA DO SOCORRO;JARDIM DAS IMBUIAS;-23.7296842;-46.7129995;31580;31.58;2590;43.18;ok;
11;HOSP MUN MATERNIDADE PROFESSOR MARIO DEGNI;VILA ANTONIO;-23.5777487;-46.764842;59;HOSP MUN JOSANIAS CASTANHA BRAGA;JARDIM ROSCHEL;-23.8247733;-46.7266429;44650;44.65;3460;57.67;ok;
11;HOSP MUN MATERNIDADE PROFESSOR MARIO DEGNI;VILA ANTONIO;-23.5777487;-46.764842;233;HOSP MUN SOROCABANA;ALTO DE PINHEIROS;-23.5375934;-46.7227993;6900;6.9;788;13.14;ok;
12;HOSPITAL UNIVERSITARIO DA USP SAO PAULO;BUTANTA;-23.5649058;-46.7409515;1;HOSPITAL MUNICIPAL SANTA DULCE DOS POBRES;CONSOLACAO;-23.5573928;-46.6562429;10710;10.71;1263;21.05;ok;
12;HOSPITAL UNIVERSITARIO DA USP SAO PAULO;BUTANTA;-23.5649058;-46.7409515;2;HOSPITAL MUNICIPAL BRASILANDIA;JARDIM MARISTELA;-23.476544;-46.6980006;16720;16.72;1597;26.63;ok;
12;HOSPITAL UNIVERSITARIO DA USP SAO PAULO;BUTANTA;-23.5649058;-46.7409515;3;HOSPITAL MUNICIPAL GUARAPIRANGA;RIVIERA PAULISTA;-23.6911689;-46.7517858;23140;23.14;1900;31.68;ok;
12;HOSPITAL UNIVERSITARIO DA USP SAO PAULO;BUTANTA;-23.5649058;-46.7409515;4;INSTITUTO DE INFECTOLOGIA EMILIO RIBAS;SUMARE;-23.5470783;-46.6812257;9800;9.8;1207;20.12;ok;
12;HOSPITAL UNIVERSITARIO DA USP SAO PAULO;BUTANTA;-23.5649058;-46.7409515;5;HOSPITAL DO SERV PUB EST FCO MORATO DE OLIVEIRA SAO PAULO;IBIRAPUERA;-23.5966175;-46.6539691;14210;14.21;1334;22.24;ok;
12;HOSPITAL UNIVERSITARIO DA USP SAO PAULO;BUTANTA;-23.5649058;-46.7409515;6;HOSPITAL MATERNIDADE INTERLAGOS;JD LEBLON;-23.7069613;-46.7021968;24440;24.44;2035;33.93;ok;
12;HOSPITAL UNIVERSITARIO DA USP SAO PAULO;BUTANTA;-23.5649058;-46.7409515;7;HOSPITAL GERAL DE PEDREIRA;VILA CAMPO GRANDE;-23.6808407;-46.6783317;23430;23.43;1995;33.27;ok;
12;HOSPITAL UNIVERSITARIO DA USP SAO PAULO;BUTANTA;-23.5649058;-46.7409515;8;HOSPITAL HELIOPOLIS UNIDADE DE GESTAO ASSISTENCIAL I;V HELIOPOLIS;-23.607115;-46.595253;22630;22.63;2179;36.32;ok;
12;HOSPITAL UNIVERSITARIO DA USP SAO PAULO;BUTANTA;-23.5649058;-46.7409515;10;HOSPITAL INFANTIL DARCY VARGAS UGA III SAO PAULO;JARDIM GUEDALA;-23.5929419;-46.7109151;7750;7.75;967;16.12;ok;
12;HOSPITAL UNIVERSITARIO DA USP SAO PAULO;BUTANTA;-23.5649058;-46.7409515;11;HOSP MUN MATERNIDADE PROFESSOR MARIO DEGNI;VILA ANTONIO;-23.5777487;-46.764842;3680;3.68;526;8.77;ok;
12;HOSPITAL UNIVERSITARIO DA USP SAO PAULO;BUTANTA;-23.5649058;-46.7409515;12;HOSPITAL UNIVERSITARIO DA USP SAO PAULO;BUTANTA;-23.5649058;-46.7409515;0;0.0;0;0.0;ok;
12;HOSPITAL UNIVERSITARIO DA USP SAO PAULO;BUTANTA;-23.5649058;-46.7409515;13;CAISM PHILIPPE PINEL SAO PAULO;PIRITUBA;-23.4869816;-46.7239346;16920;16.92;1624;27.07;ok;
12;HOSPITAL UNIVERSITARIO DA USP SAO PAULO;BUTANTA;-23.5649058;-46.7409515;14;HOSPITAL GERAL HENRIQUE ALTIMEYER DE VILA ALPINA;VILA ALPINA;-23.5930526;-46.5607618;33010;33.01;2390;39.84;ok;
12;HOSPITAL UNIVERSITARIO DA USP SAO PAULO;BUTANTA;-23.5649058;-46.7409515;16;HOSPITAL GERAL DE SAO MATEUS SAO PAULO;SAO MATEUS;-23.5947358;-46.4867109;39400;39.4;2824;47.07;ok;
12;HOSPITAL UNIVERSITARIO DA USP SAO PAULO;BUTANTA;-23.5649058;-46.7409515;17;UNIDADE DE GESTAO ASSISTENCIAL II HOSPITAL IPIRANGA SP;IPIRANGA;-23.584203;-46.6116295;17600;17.6;1959;32.66;ok;
12;HOSPITAL UNIVERSITARIO DA USP SAO PAULO;BUTANTA;-23.5649058;-46.7409515;18;CONJUNTO HOSPITALAR DO MANDAQUI SAO PAULO;SANTANA;-23.4849783;-46.6314355;24030;24.03;2038;33.98;ok;
12;HOSPITAL UNIVERSITARIO DA USP SAO PAULO;BUTANTA;-23.5649058;-46.7409515;19;HOSPITAL GERAL SANTA MARCELINA DE ITAIM PAULISTA SAO PAULO;ITAIM PAULISTA;-23.4924231;-46.3889814;52030;52.03;3107;51.79;ok;
12;HOSPITAL UNIVERSITARIO DA USP SAO PAULO;BUTANTA;-23.5649058;-46.7409515;20;HOSP MUN PROF DR WALDOMIRO DE PAULA;ITAQUERA;-23.5321357;-46.4472128;49260;49.26;3049;50.83;ok;
12;HOSPITAL UNIVERSITARIO DA USP SAO PAULO;BUTANTA;-23.5649058;-46.7409515;21;HOSPITAL GERAL DO GRAJAU PROF LIBER JOHN ALPHONSE DI DIO SP;PARQUE DAS NACOES;-23.691152;-46.5848155;28900;28.9;2471;41.19;ok;
12;HOSPITAL UNIVERSITARIO DA USP SAO PAULO;BUTANTA;-23.5649058;-46.7409515;22;HOSPITAL E MATERNIDADE LEONOR MENDES DE BARROS SAO PAULO;BELENZINHO;-23.5359031;-46.5887061;26040;26.04;1795;29.92;ok;
12;HOSPITAL UNIVERSITARIO DA USP SAO PAULO;BUTANTA;-23.5649058;-46.7409515;23;CENTRO DE REFERENCIA E TREINAMENTO DST AIDS SAO PAULO;VILA MARIANA;-23.5966194;-46.6358133;14210;14.21;1527;25.45;ok;
12;HOSPITAL UNIVERSITARIO DA USP SAO PAULO;BUTANTA;-23.5649058;-46.7409515;24;HOSPITAL MILITAR DE AREA DE SAO PAULO;CAMBUCI;-23.5696701;-46.6134492;17270;17.27;1903;31.72;ok;
12;HOSPITAL UNIVERSITARIO DA USP SAO PAULO;BUTANTA;-23.5649058;-46.7409515;25;CENTRO DE REFERENCIA DA SAUDE DA MULHER;CAMPOS ELISEOS;-23.5343002;-46.6437496;13270;13.27;1576;26.27;ok;
12;HOSPITAL UNIVERSITARIO DA USP SAO PAULO;BUTANTA;-23.5649058;-46.7409515;26;HOSP MUN INFANTIL MENINO JESUS;BELA VISTA;-23.56022;-46.6469982;12560;12.56;1475;24.58;ok;
12;HOSPITAL UNIVERSITARIO DA USP SAO PAULO;BUTANTA;-23.5649058;-46.7409515;28;HOSP MUN MAT ESC DR MARIO DE MORAES A SILVA;VILA NOVA CACHOEIRIN;-23.4802096;-46.6709709;18110;18.11;1697;28.29;ok;
12;HOSPITAL UNIVERSITARIO DA USP SAO PAULO;BUTANTA;-23.5649058;-46.7409515;29;HOSPITAL GERAL JESUS TEIXEIRA DA COSTA GUAIANASES SAO PAULO;JARDIM SAO PAULO;-23.5523813;-46.4053829;57210;57.21;3628;60.47;ok;
12;HOSPITAL UNIVERSITARIO DA USP SAO PAULO;BUTANTA;-23.5649058;-46.7409515;30;HOSP MUN DR CARMINO CARICCHIO;TATUAPE;-23.5329502;-46.5664411;27220;27.22;1986;33.12;ok;
12;HOSPITAL UNIVERSITARIO DA USP SAO PAULO;BUTANTA;-23.5649058;-46.7409515;31;HOSP MUN TIDE SETUBAL;SAO MIGUEL PAULISTA;-23.4973179;-46.439865;45430;45.43;2793;46.56;ok;
12;HOSPITAL UNIVERSITARIO DA USP SAO PAULO;BUTANTA;-23.5649058;-46.7409515;32;HOSP MUN V NHOCUNE ALEXANDRE ZAIO;VILA NHOCUNE;-23.5424212;-46.5015398;36420;36.42;2634;43.9;ok;
12;HOSPITAL UNIVERSITARIO DA USP SAO PAULO;BUTANTA;-23.5649058;-46.7409515;33;HOSP MUN JABAQUARA ARTUR RIBEIRO DE SABOYA;JABAQUARA;-23.6533422;-46.6456764;19720;19.72;1820;30.35;ok;
12;HOSPITAL UNIVERSITARIO DA USP SAO PAULO;BUTANTA;-23.5649058;-46.7409515;34;HOSPITAL KATIA DE SOUZA RODRIGUES TAIPASSP SAO PAULO;PARADA DE TAIPAS;-23.4436996;-46.7177512;21180;21.18;1890;31.51;ok;
12;HOSPITAL UNIVERSITARIO DA USP SAO PAULO;BUTANTA;-23.5649058;-46.7409515;35;HOSP MUN PROFESSOR DOUTOR ALIPIO CORREA NETTO;VILA PARANAGUA;-23.499644;-46.4729162;37970;37.97;2840;47.35;ok;
12;HOSPITAL UNIVERSITARIO DA USP SAO PAULO;BUTANTA;-23.5649058;-46.7409515;36;HOSPITAL MUNICIPAL DR BENEDITO MONTENEGRO;JARDIM IVA;-23.5875541;-46.5145716;35610;35.61;2738;45.65;ok;
12;HOSPITAL UNIVERSITARIO DA USP SAO PAULO;BUTANTA;-23.5649058;-46.7409515;37;HOSP MUN IGNACIO PROENCA DE GOUVEA;PARQUE DA MOOCA;-23.5717374;-46.590166;20210;20.21;2167;36.13;ok;
12;HOSPITAL UNIVERSITARIO DA USP SAO PAULO;BUTANTA;-23.5649058;-46.7409515;38;HOSPITAL INFANTIL CANDIDO FONTOURA SAO PAULO;AGUA RASA;-23.551918;-46.5852143;28730;28.73;2027;33.78;ok;
12;HOSPITAL UNIVERSITARIO DA USP SAO PAULO;BUTANTA;-23.5649058;-46.7409515;40;HOSPITAL REGIONAL SUL SAO PAULO;SANTO AMARO;-23.6555597;-46.7058596;19010;19.01;1581;26.36;ok;
12;HOSPITAL UNIVERSITARIO DA USP SAO PAULO;BUTANTA;-23.5649058;-46.7409515;42;HOSPITAL ESTADUAL DE SAPOPEMBA SAO PAULO;JARDIM SAPOPEMBA;-23.611336;-46.493671;41540;41.54;3082;51.37;ok;
12;HOSPITAL UNIVERSITARIO DA USP SAO PAULO;BUTANTA;-23.5649058;-46.7409515;43;HOSPITAL GERAL DE VILA PENTEADO DR JOSE PANGELLA SAO PAULO;JARDIM IRACEMA;-23.4934229;-46.7008274;14530;14.53;1353;22.55;ok;
12;HOSPITAL UNIVERSITARIO DA USP SAO PAULO;BUTANTA;-23.5649058;-46.7409515;46;HOSP DO SERV PUB MUNICIPAL HSPM;LIBERDADE;-23.5673424;-46.639071;14050;14.05;1677;27.96;ok;
12;HOSPITAL UNIVERSITARIO DA USP SAO PAULO;BUTANTA;-23.5649058;-46.7409515;47;HOSP MUN FERNANDO MAURO PIRES DA ROCHA;CAMPO LIMPO;-23.6490957;-46.7490028;18130;18.13;1445;24.1;ok;
12;HOSPITAL UNIVERSITARIO DA USP SAO PAULO;BUTANTA;-23.5649058;-46.7409515;48;CENTRO HOSPITALAR DO SISTEMA PENITENCIARIO SAO PAULO;CARANDIRU;-23.5085713;-46.6201015;22210;22.21;1782;29.71;ok;
12;HOSPITAL UNIVERSITARIO DA USP SAO PAULO;BUTANTA;-23.5649058;-46.7409515;49;HOSP MUN VER JOSE STOROPOLLI;PARQUE NOVO MUNDO;-23.522085;-46.5617446;29700;29.7;2049;34.16;ok;
12;HOSPITAL UNIVERSITARIO DA USP SAO PAULO;BUTANTA;-23.5649058;-46.7409515;50;CENTRO MEDICO PMESP;TREMEMBE;-23.4690239;-46.6188727;27250;27.25;2346;39.1;ok;
12;HOSPITAL UNIVERSITARIO DA USP SAO PAULO;BUTANTA;-23.5649058;-46.7409515;51;HOSP MUN CARMEN PRUDENTE;CIDADE TIRADENTES;-23.5833632;-46.4092773;48420;48.42;3683;61.39;ok;
12;HOSPITAL UNIVERSITARIO DA USP SAO PAULO;BUTANTA;-23.5649058;-46.7409515;53;INSTITUTO DE REABILITACAO LUCY MONTORO;VILA ANDRADE;-23.6322694;-46.7351129;15950;15.95;1310;21.85;ok;
12;HOSPITAL UNIVERSITARIO DA USP SAO PAULO;BUTANTA;-23.5649058;-46.7409515;55;INSTITUTO DO CANCER DO ESTADO DE SAO PAULO;CERQUEIRA CESAR;-23.5561305;-46.6681716;9450;9.45;1146;19.11;ok;
12;HOSPITAL UNIVERSITARIO DA USP SAO PAULO;BUTANTA;-23.5649058;-46.7409515;56;HOSP MUN SOROCABANA;VILA ROMANA;-23.5238763;-46.7013591;8290;8.29;1057;17.62;ok;
12;HOSPITAL UNIVERSITARIO DA USP SAO PAULO;BUTANTA;-23.5649058;-46.7409515;57;HOSP MUN GILSON DE CASSIA MARQUES DE CARVALHO;VILA MASCOTE;-23.6470652;-46.662824;16930;16.93;1556;25.94;ok;
12;HOSPITAL UNIVERSITARIO DA USP SAO PAULO;BUTANTA;-23.5649058;-46.7409515;58;HOSP MUN CAPELA DO SOCORRO;JARDIM DAS IMBUIAS;-23.7296842;-46.7129995;27890;27.89;2454;40.91;ok;
12;HOSPITAL UNIVERSITARIO DA USP SAO PAULO;BUTANTA;-23.5649058;-46.7409515;59;HOSP MUN JOSANIAS CASTANHA BRAGA;JARDIM ROSCHEL;-23.8247733;-46.7266429;40960;40.96;3324;55.4;ok;
12;HOSPITAL UNIVERSITARIO DA USP SAO PAULO;BUTANTA;-23.5649058;-46.7409515;233;HOSP MUN SOROCABANA;ALTO DE PINHEIROS;-23.5375934;-46.7227993;4950;4.95;677;11.29;ok;
13;CAISM PHILIPPE PINEL SAO PAULO;PIRITUBA;-23.4869816;-46.7239346;1;HOSPITAL MUNICIPAL SANTA DULCE DOS POBRES;CONSOLACAO;-23.5573928;-46.6562429;14550;14.55;1537;25.62;ok;
13;CAISM PHILIPPE PINEL SAO PAULO;PIRITUBA;-23.4869816;-46.7239346;2;HOSPITAL MUNICIPAL BRASILANDIA;JARDIM MARISTELA;-23.476544;-46.6980006;5550;5.55;568;9.47;ok;
13;CAISM PHILIPPE PINEL SAO PAULO;PIRITUBA;-23.4869816;-46.7239346;3;HOSPITAL MUNICIPAL GUARAPIRANGA;RIVIERA PAULISTA;-23.6911689;-46.7517858;33250;33.25;2399;39.99;ok;
13;CAISM PHILIPPE PINEL SAO PAULO;PIRITUBA;-23.4869816;-46.7239346;4;INSTITUTO DE INFECTOLOGIA EMILIO RIBAS;SUMARE;-23.5470783;-46.6812257;11250;11.25;1119;18.66;ok;
13;CAISM PHILIPPE PINEL SAO PAULO;PIRITUBA;-23.4869816;-46.7239346;5;HOSPITAL DO SERV PUB EST FCO MORATO DE OLIVEIRA SAO PAULO;IBIRAPUERA;-23.5966175;-46.6539691;24310;24.31;1833;30.56;ok;
13;CAISM PHILIPPE PINEL SAO PAULO;PIRITUBA;-23.4869816;-46.7239346;6;HOSPITAL MATERNIDADE INTERLAGOS;JD LEBLON;-23.7069613;-46.7021968;34540;34.54;2534;42.24;ok;
13;CAISM PHILIPPE PINEL SAO PAULO;PIRITUBA;-23.4869816;-46.7239346;7;HOSPITAL GERAL DE PEDREIRA;VILA CAMPO GRANDE;-23.6808407;-46.6783317;33530;33.53;2494;41.58;ok;
13;CAISM PHILIPPE PINEL SAO PAULO;PIRITUBA;-23.4869816;-46.7239346;8;HOSPITAL HELIOPOLIS UNIDADE DE GESTAO ASSISTENCIAL I;V HELIOPOLIS;-23.607115;-46.595253;24320;24.32;2141;35.69;ok;
13;CAISM PHILIPPE PINEL SAO PAULO;PIRITUBA;-23.4869816;-46.7239346;10;HOSPITAL INFANTIL DARCY VARGAS UGA III SAO PAULO;JARDIM GUEDALA;-23.5929419;-46.7109151;20220;20.22;1622;27.04;ok;
13;CAISM PHILIPPE PINEL SAO PAULO;PIRITUBA;-23.4869816;-46.7239346;11;HOSP MUN MATERNIDADE PROFESSOR MARIO DEGNI;VILA ANTONIO;-23.5777487;-46.764842;16540;16.54;1535;25.59;ok;
13;CAISM PHILIPPE PINEL SAO PAULO;PIRITUBA;-23.4869816;-46.7239346;12;HOSPITAL UNIVERSITARIO DA USP SAO PAULO;BUTANTA;-23.5649058;-46.7409515;14610;14.61;1435;23.93;ok;
13;CAISM PHILIPPE PINEL SAO PAULO;PIRITUBA;-23.4869816;-46.7239346;13;CAISM PHILIPPE PINEL SAO PAULO;PIRITUBA;-23.4869816;-46.7239346;0;0.0;0;0.0;ok;
13;CAISM PHILIPPE PINEL SAO PAULO;PIRITUBA;-23.4869816;-46.7239346;14;HOSPITAL GERAL HENRIQUE ALTIMEYER DE VILA ALPINA;VILA ALPINA;-23.5930526;-46.5607618;25810;25.81;1919;31.98;ok;
13;CAISM PHILIPPE PINEL SAO PAULO;PIRITUBA;-23.4869816;-46.7239346;16;HOSPITAL GERAL DE SAO MATEUS SAO PAULO;SAO MATEUS;-23.5947358;-46.4867109;32200;32.2;2353;39.22;ok;
13;CAISM PHILIPPE PINEL SAO PAULO;PIRITUBA;-23.4869816;-46.7239346;17;UNIDADE DE GESTAO ASSISTENCIAL II HOSPITAL IPIRANGA SP;IPIRANGA;-23.584203;-46.6116295;21090;21.09;1868;31.14;ok;
13;CAISM PHILIPPE PINEL SAO PAULO;PIRITUBA;-23.4869816;-46.7239346;18;CONJUNTO HOSPITALAR DO MANDAQUI SAO PAULO;SANTANA;-23.4849783;-46.6314355;14930;14.93;1450;24.17;ok;
13;CAISM PHILIPPE PINEL SAO PAULO;PIRITUBA;-23.4869816;-46.7239346;19;HOSPITAL GERAL SANTA MARCELINA DE ITAIM PAULISTA SAO PAULO;ITAIM PAULISTA;-23.4924231;-46.3889814;44820;44.82;2636;43.94;ok;
13;CAISM PHILIPPE PINEL SAO PAULO;PIRITUBA;-23.4869816;-46.7239346;20;HOSP MUN PROF DR WALDOMIRO DE PAULA;ITAQUERA;-23.5321357;-46.4472128;42060;42.06;2578;42.98;ok;
13;CAISM PHILIPPE PINEL SAO PAULO;PIRITUBA;-23.4869816;-46.7239346;21;HOSPITAL GERAL DO GRAJAU PROF LIBER JOHN ALPHONSE DI DIO SP;PARQUE DAS NACOES;-23.691152;-46.5848155;36340;36.34;2943;49.06;ok;
13;CAISM PHILIPPE PINEL SAO PAULO;PIRITUBA;-23.4869816;-46.7239346;22;HOSPITAL E MATERNIDADE LEONOR MENDES DE BARROS SAO PAULO;BELENZINHO;-23.5359031;-46.5887061;18840;18.84;1323;22.07;ok;
13;CAISM PHILIPPE PINEL SAO PAULO;PIRITUBA;-23.4869816;-46.7239346;23;CENTRO DE REFERENCIA E TREINAMENTO DST AIDS SAO PAULO;VILA MARIANA;-23.5966194;-46.6358133;19780;19.78;1979;32.98;ok;
13;CAISM PHILIPPE PINEL SAO PAULO;PIRITUBA;-23.4869816;-46.7239346;24;HOSPITAL MILITAR DE AREA DE SAO PAULO;CAMBUCI;-23.5696701;-46.6134492;19690;19.69;1740;29.0;ok;
13;CAISM PHILIPPE PINEL SAO PAULO;PIRITUBA;-23.4869816;-46.7239346;25;CENTRO DE REFERENCIA DA SAUDE DA MULHER;CAMPOS ELISEOS;-23.5343002;-46.6437496;13290;13.29;1215;20.26;ok;
13;CAISM PHILIPPE PINEL SAO PAULO;PIRITUBA;-23.4869816;-46.7239346;26;HOSP MUN INFANTIL MENINO JESUS;BELA VISTA;-23.56022;-46.6469982;15420;15.42;1632;27.21;ok;
13;CAISM PHILIPPE PINEL SAO PAULO;PIRITUBA;-23.4869816;-46.7239346;28;HOSP MUN MAT ESC DR MARIO DE MORAES A SILVA;VILA NOVA CACHOEIRIN;-23.4802096;-46.6709709;9120;9.12;908;15.13;ok;
13;CAISM PHILIPPE PINEL SAO PAULO;PIRITUBA;-23.4869816;-46.7239346;29;HOSPITAL GERAL JESUS TEIXEIRA DA COSTA GUAIANASES SAO PAULO;JARDIM SAO PAULO;-23.5523813;-46.4053829;50010;50.01;3157;52.62;ok;
13;CAISM PHILIPPE PINEL SAO PAULO;PIRITUBA;-23.4869816;-46.7239346;30;HOSP MUN DR CARMINO CARICCHIO;TATUAPE;-23.5329502;-46.5664411;20020;20.02;1515;25.26;ok;
13;CAISM PHILIPPE PINEL SAO PAULO;PIRITUBA;-23.4869816;-46.7239346;31;HOSP MUN TIDE SETUBAL;SAO MIGUEL PAULISTA;-23.4973179;-46.439865;38230;38.23;2322;38.7;ok;
13;CAISM PHILIPPE PINEL SAO PAULO;PIRITUBA;-23.4869816;-46.7239346;32;HOSP MUN V NHOCUNE ALEXANDRE ZAIO;VILA NHOCUNE;-23.5424212;-46.5015398;29220;29.22;2162;36.05;ok;
13;CAISM PHILIPPE PINEL SAO PAULO;PIRITUBA;-23.4869816;-46.7239346;33;HOSP MUN JABAQUARA ARTUR RIBEIRO DE SABOYA;JABAQUARA;-23.6533422;-46.6456764;29820;29.82;2319;38.66;ok;
13;CAISM PHILIPPE PINEL SAO PAULO;PIRITUBA;-23.4869816;-46.7239346;34;HOSPITAL KATIA DE SOUZA RODRIGUES TAIPASSP SAO PAULO;PARADA DE TAIPAS;-23.4436996;-46.7177512;6370;6.37;585;9.76;ok;
13;CAISM PHILIPPE PINEL SAO PAULO;PIRITUBA;-23.4869816;-46.7239346;35;HOSP MUN PROFESSOR DOUTOR ALIPIO CORREA NETTO;VILA PARANAGUA;-23.499644;-46.4729162;30770;30.77;2369;39.49;ok;
13;CAISM PHILIPPE PINEL SAO PAULO;PIRITUBA;-23.4869816;-46.7239346;36;HOSPITAL MUNICIPAL DR BENEDITO MONTENEGRO;JARDIM IVA;-23.5875541;-46.5145716;28410;28.41;2267;37.8;ok;
13;CAISM PHILIPPE PINEL SAO PAULO;PIRITUBA;-23.4869816;-46.7239346;37;HOSP MUN IGNACIO PROENCA DE GOUVEA;PARQUE DA MOOCA;-23.5717374;-46.590166;24020;24.02;1792;29.87;ok;
13;CAISM PHILIPPE PINEL SAO PAULO;PIRITUBA;-23.4869816;-46.7239346;38;HOSPITAL INFANTIL CANDIDO FONTOURA SAO PAULO;AGUA RASA;-23.551918;-46.5852143;21520;21.52;1555;25.93;ok;
13;CAISM PHILIPPE PINEL SAO PAULO;PIRITUBA;-23.4869816;-46.7239346;40;HOSPITAL REGIONAL SUL SAO PAULO;SANTO AMARO;-23.6555597;-46.7058596;29110;29.11;2080;34.67;ok;
13;CAISM PHILIPPE PINEL SAO PAULO;PIRITUBA;-23.4869816;-46.7239346;42;HOSPITAL ESTADUAL DE SAPOPEMBA SAO PAULO;JARDIM SAPOPEMBA;-23.611336;-46.493671;34340;34.34;2610;43.52;ok;
13;CAISM PHILIPPE PINEL SAO PAULO;PIRITUBA;-23.4869816;-46.7239346;43;HOSPITAL GERAL DE VILA PENTEADO DR JOSE PANGELLA SAO PAULO;JARDIM IRACEMA;-23.4934229;-46.7008274;4460;4.46;424;7.07;ok;
13;CAISM PHILIPPE PINEL SAO PAULO;PIRITUBA;-23.4869816;-46.7239346;46;HOSP DO SERV PUB MUNICIPAL HSPM;LIBERDADE;-23.5673424;-46.639071;18800;18.8;1723;28.73;ok;
13;CAISM PHILIPPE PINEL SAO PAULO;PIRITUBA;-23.4869816;-46.7239346;47;HOSP MUN FERNANDO MAURO PIRES DA ROCHA;CAMPO LIMPO;-23.6490957;-46.7490028;28230;28.23;1944;32.41;ok;
13;CAISM PHILIPPE PINEL SAO PAULO;PIRITUBA;-23.4869816;-46.7239346;48;CENTRO HOSPITALAR DO SISTEMA PENITENCIARIO SAO PAULO;CARANDIRU;-23.5085713;-46.6201015;15000;15.0;1311;21.86;ok;
13;CAISM PHILIPPE PINEL SAO PAULO;PIRITUBA;-23.4869816;-46.7239346;49;HOSP MUN VER JOSE STOROPOLLI;PARQUE NOVO MUNDO;-23.522085;-46.5617446;22490;22.49;1578;26.31;ok;
13;CAISM PHILIPPE PINEL SAO PAULO;PIRITUBA;-23.4869816;-46.7239346;50;CENTRO MEDICO PMESP;TREMEMBE;-23.4690239;-46.6188727;17950;17.95;1640;27.33;ok;
13;CAISM PHILIPPE PINEL SAO PAULO;PIRITUBA;-23.4869816;-46.7239346;51;HOSP MUN CARMEN PRUDENTE;CIDADE TIRADENTES;-23.5833632;-46.4092773;41220;41.22;3212;53.54;ok;
13;CAISM PHILIPPE PINEL SAO PAULO;PIRITUBA;-23.4869816;-46.7239346;53;INSTITUTO DE REABILITACAO LUCY MONTORO;VILA ANDRADE;-23.6322694;-46.7351129;26050;26.05;1809;30.16;ok;
13;CAISM PHILIPPE PINEL SAO PAULO;PIRITUBA;-23.4869816;-46.7239346;55;INSTITUTO DO CANCER DO ESTADO DE SAO PAULO;CERQUEIRA CESAR;-23.5561305;-46.6681716;13050;13.05;1355;22.58;ok;
13;CAISM PHILIPPE PINEL SAO PAULO;PIRITUBA;-23.4869816;-46.7239346;56;HOSP MUN SOROCABANA;VILA ROMANA;-23.5238763;-46.7013591;6680;6.68;677;11.29;ok;
13;CAISM PHILIPPE PINEL SAO PAULO;PIRITUBA;-23.4869816;-46.7239346;57;HOSP MUN GILSON DE CASSIA MARQUES DE CARVALHO;VILA MASCOTE;-23.6470652;-46.662824;27030;27.03;2055;34.25;ok;
13;CAISM PHILIPPE PINEL SAO PAULO;PIRITUBA;-23.4869816;-46.7239346;58;HOSP MUN CAPELA DO SOCORRO;JARDIM DAS IMBUIAS;-23.7296842;-46.7129995;37990;37.99;2953;49.22;ok;
13;CAISM PHILIPPE PINEL SAO PAULO;PIRITUBA;-23.4869816;-46.7239346;59;HOSP MUN JOSANIAS CASTANHA BRAGA;JARDIM ROSCHEL;-23.8247733;-46.7266429;51060;51.06;3822;63.71;ok;
13;CAISM PHILIPPE PINEL SAO PAULO;PIRITUBA;-23.4869816;-46.7239346;233;HOSP MUN SOROCABANA;ALTO DE PINHEIROS;-23.5375934;-46.7227993;9320;9.32;1033;17.22;ok;
14;HOSPITAL GERAL HENRIQUE ALTIMEYER DE VILA ALPINA;VILA ALPINA;-23.5930526;-46.5607618;1;HOSPITAL MUNICIPAL SANTA DULCE DOS POBRES;CONSOLACAO;-23.5573928;-46.6562429;12260;12.26;1316;21.94;ok;
14;HOSPITAL GERAL HENRIQUE ALTIMEYER DE VILA ALPINA;VILA ALPINA;-23.5930526;-46.5607618;2;HOSPITAL MUNICIPAL BRASILANDIA;JARDIM MARISTELA;-23.476544;-46.6980006;25850;25.85;1989;33.16;ok;
14;HOSPITAL GERAL HENRIQUE ALTIMEYER DE VILA ALPINA;VILA ALPINA;-23.5930526;-46.5607618;3;HOSPITAL MUNICIPAL GUARAPIRANGA;RIVIERA PAULISTA;-23.6911689;-46.7517858;28490;28.49;2860;47.67;ok;
14;HOSPITAL GERAL HENRIQUE ALTIMEYER DE VILA ALPINA;VILA ALPINA;-23.5930526;-46.5607618;4;INSTITUTO DE INFECTOLOGIA EMILIO RIBAS;SUMARE;-23.5470783;-46.6812257;15410;15.41;1666;27.78;ok;
14;HOSPITAL GERAL HENRIQUE ALTIMEYER DE VILA ALPINA;VILA ALPINA;-23.5930526;-46.5607618;5;HOSPITAL DO SERV PUB EST FCO MORATO DE OLIVEIRA SAO PAULO;IBIRAPUERA;-23.5966175;-46.6539691;12190;12.19;1331;22.2;ok;
14;HOSPITAL GERAL HENRIQUE ALTIMEYER DE VILA ALPINA;VILA ALPINA;-23.5930526;-46.5607618;6;HOSPITAL MATERNIDADE INTERLAGOS;JD LEBLON;-23.7069613;-46.7021968;24260;24.26;2516;41.95;ok;
14;HOSPITAL GERAL HENRIQUE ALTIMEYER DE VILA ALPINA;VILA ALPINA;-23.5930526;-46.5607618;7;HOSPITAL GERAL DE PEDREIRA;VILA CAMPO GRANDE;-23.6808407;-46.6783317;21380;21.38;2247;37.45;ok;
14;HOSPITAL GERAL HENRIQUE ALTIMEYER DE VILA ALPINA;VILA ALPINA;-23.5930526;-46.5607618;8;HOSPITAL HELIOPOLIS UNIDADE DE GESTAO ASSISTENCIAL I;V HELIOPOLIS;-23.607115;-46.595253;6880;6.88;720;12.01;ok;
14;HOSPITAL GERAL HENRIQUE ALTIMEYER DE VILA ALPINA;VILA ALPINA;-23.5930526;-46.5607618;10;HOSPITAL INFANTIL DARCY VARGAS UGA III SAO PAULO;JARDIM GUEDALA;-23.5929419;-46.7109151;19120;19.12;2099;35.0;ok;
14;HOSPITAL GERAL HENRIQUE ALTIMEYER DE VILA ALPINA;VILA ALPINA;-23.5930526;-46.5607618;11;HOSP MUN MATERNIDADE PROFESSOR MARIO DEGNI;VILA ANTONIO;-23.5777487;-46.764842;35170;35.17;2451;40.86;ok;
14;HOSPITAL GERAL HENRIQUE ALTIMEYER DE VILA ALPINA;VILA ALPINA;-23.5930526;-46.5607618;12;HOSPITAL UNIVERSITARIO DA USP SAO PAULO;BUTANTA;-23.5649058;-46.7409515;33240;33.24;2351;39.2;ok;
14;HOSPITAL GERAL HENRIQUE ALTIMEYER DE VILA ALPINA;VILA ALPINA;-23.5930526;-46.5607618;13;CAISM PHILIPPE PINEL SAO PAULO;PIRITUBA;-23.4869816;-46.7239346;26040;26.04;2016;33.61;ok;
14;HOSPITAL GERAL HENRIQUE ALTIMEYER DE VILA ALPINA;VILA ALPINA;-23.5930526;-46.5607618;14;HOSPITAL GERAL HENRIQUE ALTIMEYER DE VILA ALPINA;VILA ALPINA;-23.5930526;-46.5607618;0;0.0;0;0.0;ok;
14;HOSPITAL GERAL HENRIQUE ALTIMEYER DE VILA ALPINA;VILA ALPINA;-23.5930526;-46.5607618;16;HOSPITAL GERAL DE SAO MATEUS SAO PAULO;SAO MATEUS;-23.5947358;-46.4867109;10600;10.6;1000;16.68;ok;
14;HOSPITAL GERAL HENRIQUE ALTIMEYER DE VILA ALPINA;VILA ALPINA;-23.5930526;-46.5607618;17;UNIDADE DE GESTAO ASSISTENCIAL II HOSPITAL IPIRANGA SP;IPIRANGA;-23.584203;-46.6116295;5910;5.91;593;9.89;ok;
14;HOSPITAL GERAL HENRIQUE ALTIMEYER DE VILA ALPINA;VILA ALPINA;-23.5930526;-46.5607618;18;CONJUNTO HOSPITALAR DO MANDAQUI SAO PAULO;SANTANA;-23.4849783;-46.6314355;17720;17.72;1720;28.67;ok;
14;HOSPITAL GERAL HENRIQUE ALTIMEYER DE VILA ALPINA;VILA ALPINA;-23.5930526;-46.5607618;19;HOSPITAL GERAL SANTA MARCELINA DE ITAIM PAULISTA SAO PAULO;ITAIM PAULISTA;-23.4924231;-46.3889814;35440;35.44;2292;38.2;ok;
14;HOSPITAL GERAL HENRIQUE ALTIMEYER DE VILA ALPINA;VILA ALPINA;-23.5930526;-46.5607618;20;HOSP MUN PROF DR WALDOMIRO DE PAULA;ITAQUERA;-23.5321357;-46.4472128;17220;17.22;1656;27.61;ok;
14;HOSPITAL GERAL HENRIQUE ALTIMEYER DE VILA ALPINA;VILA ALPINA;-23.5930526;-46.5607618;21;HOSPITAL GERAL DO GRAJAU PROF LIBER JOHN ALPHONSE DI DIO SP;PARQUE DAS NACOES;-23.691152;-46.5848155;18650;18.65;1437;23.97;ok;
14;HOSPITAL GERAL HENRIQUE ALTIMEYER DE VILA ALPINA;VILA ALPINA;-23.5930526;-46.5607618;22;HOSPITAL E MATERNIDADE LEONOR MENDES DE BARROS SAO PAULO;BELENZINHO;-23.5359031;-46.5887061;8240;8.24;807;13.45;ok;
14;HOSPITAL GERAL HENRIQUE ALTIMEYER DE VILA ALPINA;VILA ALPINA;-23.5930526;-46.5607618;23;CENTRO DE REFERENCIA E TREINAMENTO DST AIDS SAO PAULO;VILA MARIANA;-23.5966194;-46.6358133;10740;10.74;1145;19.09;ok;
14;HOSPITAL GERAL HENRIQUE ALTIMEYER DE VILA ALPINA;VILA ALPINA;-23.5930526;-46.5607618;24;HOSPITAL MILITAR DE AREA DE SAO PAULO;CAMBUCI;-23.5696701;-46.6134492;8010;8.01;794;13.25;ok;
14;HOSPITAL GERAL HENRIQUE ALTIMEYER DE VILA ALPINA;VILA ALPINA;-23.5930526;-46.5607618;25;CENTRO DE REFERENCIA DA SAUDE DA MULHER;CAMPOS ELISEOS;-23.5343002;-46.6437496;12620;12.62;1243;20.73;ok;
14;HOSPITAL GERAL HENRIQUE ALTIMEYER DE VILA ALPINA;VILA ALPINA;-23.5930526;-46.5607618;26;HOSP MUN INFANTIL MENINO JESUS;BELA VISTA;-23.56022;-46.6469982;11720;11.72;1303;21.72;ok;
14;HOSPITAL GERAL HENRIQUE ALTIMEYER DE VILA ALPINA;VILA ALPINA;-23.5930526;-46.5607618;28;HOSP MUN MAT ESC DR MARIO DE MORAES A SILVA;VILA NOVA CACHOEIRIN;-23.4802096;-46.6709709;23960;23.96;1894;31.57;ok;
14;HOSPITAL GERAL HENRIQUE ALTIMEYER DE VILA ALPINA;VILA ALPINA;-23.5930526;-46.5607618;29;HOSPITAL GERAL JESUS TEIXEIRA DA COSTA GUAIANASES SAO PAULO;JARDIM SAO PAULO;-23.5523813;-46.4053829;22310;22.31;2077;34.63;ok;
14;HOSPITAL GERAL HENRIQUE ALTIMEYER DE VILA ALPINA;VILA ALPINA;-23.5930526;-46.5607618;30;HOSP MUN DR CARMINO CARICCHIO;TATUAPE;-23.5329502;-46.5664411;9360;9.36;938;15.63;ok;
14;HOSPITAL GERAL HENRIQUE ALTIMEYER DE VILA ALPINA;VILA ALPINA;-23.5930526;-46.5607618;31;HOSP MUN TIDE SETUBAL;SAO MIGUEL PAULISTA;-23.4973179;-46.439865;28850;28.85;1978;32.97;ok;
14;HOSPITAL GERAL HENRIQUE ALTIMEYER DE VILA ALPINA;VILA ALPINA;-23.5930526;-46.5607618;32;HOSP MUN V NHOCUNE ALEXANDRE ZAIO;VILA NHOCUNE;-23.5424212;-46.5015398;11030;11.03;1115;18.6;ok;
14;HOSPITAL GERAL HENRIQUE ALTIMEYER DE VILA ALPINA;VILA ALPINA;-23.5930526;-46.5607618;33;HOSP MUN JABAQUARA ARTUR RIBEIRO DE SABOYA;JABAQUARA;-23.6533422;-46.6456764;15100;15.1;1534;25.58;ok;
14;HOSPITAL GERAL HENRIQUE ALTIMEYER DE VILA ALPINA;VILA ALPINA;-23.5930526;-46.5607618;34;HOSPITAL KATIA DE SOUZA RODRIGUES TAIPASSP SAO PAULO;PARADA DE TAIPAS;-23.4436996;-46.7177512;30310;30.31;2282;38.04;ok;
14;HOSPITAL GERAL HENRIQUE ALTIMEYER DE VILA ALPINA;VILA ALPINA;-23.5930526;-46.5607618;35;HOSP MUN PROFESSOR DOUTOR ALIPIO CORREA NETTO;VILA PARANAGUA;-23.499644;-46.4729162;19400;19.4;2012;33.54;ok;
14;HOSPITAL GERAL HENRIQUE ALTIMEYER DE VILA ALPINA;VILA ALPINA;-23.5930526;-46.5607618;36;HOSPITAL MUNICIPAL DR BENEDITO MONTENEGRO;JARDIM IVA;-23.5875541;-46.5145716;6670;6.67;666;11.1;ok;
14;HOSPITAL GERAL HENRIQUE ALTIMEYER DE VILA ALPINA;VILA ALPINA;-23.5930526;-46.5607618;37;HOSP MUN IGNACIO PROENCA DE GOUVEA;PARQUE DA MOOCA;-23.5717374;-46.590166;5120;5.12;467;7.8;ok;
14;HOSPITAL GERAL HENRIQUE ALTIMEYER DE VILA ALPINA;VILA ALPINA;-23.5930526;-46.5607618;38;HOSPITAL INFANTIL CANDIDO FONTOURA SAO PAULO;AGUA RASA;-23.551918;-46.5852143;6600;6.6;695;11.59;ok;
14;HOSPITAL GERAL HENRIQUE ALTIMEYER DE VILA ALPINA;VILA ALPINA;-23.5930526;-46.5607618;40;HOSPITAL REGIONAL SUL SAO PAULO;SANTO AMARO;-23.6555597;-46.7058596;21600;21.6;2201;36.69;ok;
14;HOSPITAL GERAL HENRIQUE ALTIMEYER DE VILA ALPINA;VILA ALPINA;-23.5930526;-46.5607618;42;HOSPITAL ESTADUAL DE SAPOPEMBA SAO PAULO;JARDIM SAPOPEMBA;-23.611336;-46.493671;9140;9.14;877;14.62;ok;
14;HOSPITAL GERAL HENRIQUE ALTIMEYER DE VILA ALPINA;VILA ALPINA;-23.5930526;-46.5607618;43;HOSPITAL GERAL DE VILA PENTEADO DR JOSE PANGELLA SAO PAULO;JARDIM IRACEMA;-23.4934229;-46.7008274;23650;23.65;1745;29.09;ok;
14;HOSPITAL GERAL HENRIQUE ALTIMEYER DE VILA ALPINA;VILA ALPINA;-23.5930526;-46.5607618;46;HOSP DO SERV PUB MUNICIPAL HSPM;LIBERDADE;-23.5673424;-46.639071;9840;9.84;1146;19.11;ok;
14;HOSPITAL GERAL HENRIQUE ALTIMEYER DE VILA ALPINA;VILA ALPINA;-23.5930526;-46.5607618;47;HOSP MUN FERNANDO MAURO PIRES DA ROCHA;CAMPO LIMPO;-23.6490957;-46.7490028;26570;26.57;2461;41.02;ok;
14;HOSPITAL GERAL HENRIQUE ALTIMEYER DE VILA ALPINA;VILA ALPINA;-23.5930526;-46.5607618;48;CENTRO HOSPITALAR DO SISTEMA PENITENCIARIO SAO PAULO;CARANDIRU;-23.5085713;-46.6201015;14040;14.04;1299;21.66;ok;
14;HOSPITAL GERAL HENRIQUE ALTIMEYER DE VILA ALPINA;VILA ALPINA;-23.5930526;-46.5607618;49;HOSP MUN VER JOSE STOROPOLLI;PARQUE NOVO MUNDO;-23.522085;-46.5617446;13110;13.11;1234;20.58;ok;
14;HOSPITAL GERAL HENRIQUE ALTIMEYER DE VILA ALPINA;VILA ALPINA;-23.5930526;-46.5607618;50;CENTRO MEDICO PMESP;TREMEMBE;-23.4690239;-46.6188727;19280;19.28;1873;31.22;ok;
14;HOSPITAL GERAL HENRIQUE ALTIMEYER DE VILA ALPINA;VILA ALPINA;-23.5930526;-46.5607618;51;HOSP MUN CARMEN PRUDENTE;CIDADE TIRADENTES;-23.5833632;-46.4092773;20490;20.49;1949;32.49;ok;
14;HOSPITAL GERAL HENRIQUE ALTIMEYER DE VILA ALPINA;VILA ALPINA;-23.5930526;-46.5607618;53;INSTITUTO DE REABILITACAO LUCY MONTORO;VILA ANDRADE;-23.6322694;-46.7351129;24390;24.39;2326;38.77;ok;
14;HOSPITAL GERAL HENRIQUE ALTIMEYER DE VILA ALPINA;VILA ALPINA;-23.5930526;-46.5607618;55;INSTITUTO DO CANCER DO ESTADO DE SAO PAULO;CERQUEIRA CESAR;-23.5561305;-46.6681716;15120;15.12;1650;27.51;ok;
14;HOSPITAL GERAL HENRIQUE ALTIMEYER DE VILA ALPINA;VILA ALPINA;-23.5930526;-46.5607618;56;HOSP MUN SOROCABANA;VILA ROMANA;-23.5238763;-46.7013591;23130;23.13;1856;30.94;ok;
14;HOSPITAL GERAL HENRIQUE ALTIMEYER DE VILA ALPINA;VILA ALPINA;-23.5930526;-46.5607618;57;HOSP MUN GILSON DE CASSIA MARQUES DE CARVALHO;VILA MASCOTE;-23.6470652;-46.662824;15760;15.76;1637;27.29;ok;
14;HOSPITAL GERAL HENRIQUE ALTIMEYER DE VILA ALPINA;VILA ALPINA;-23.5930526;-46.5607618;58;HOSP MUN CAPELA DO SOCORRO;JARDIM DAS IMBUIAS;-23.7296842;-46.7129995;27710;27.71;2935;48.93;ok;
14;HOSPITAL GERAL HENRIQUE ALTIMEYER DE VILA ALPINA;VILA ALPINA;-23.5930526;-46.5607618;59;HOSP MUN JOSANIAS CASTANHA BRAGA;JARDIM ROSCHEL;-23.8247733;-46.7266429;40780;40.78;3805;63.42;ok;
14;HOSPITAL GERAL HENRIQUE ALTIMEYER DE VILA ALPINA;VILA ALPINA;-23.5930526;-46.5607618;233;HOSP MUN SOROCABANA;ALTO DE PINHEIROS;-23.5375934;-46.7227993;28070;28.07;2175;36.27;ok;
16;HOSPITAL GERAL DE SAO MATEUS SAO PAULO;SAO MATEUS;-23.5947358;-46.4867109;1;HOSPITAL MUNICIPAL SANTA DULCE DOS POBRES;CONSOLACAO;-23.5573928;-46.6562429;21750;21.75;2134;35.58;ok;
16;HOSPITAL GERAL DE SAO MATEUS SAO PAULO;SAO MATEUS;-23.5947358;-46.4867109;2;HOSPITAL MUNICIPAL BRASILANDIA;JARDIM MARISTELA;-23.476544;-46.6980006;32189;32.19;2453;40.89;ok;
16;HOSPITAL GERAL DE SAO MATEUS SAO PAULO;SAO MATEUS;-23.5947358;-46.4867109;3;HOSPITAL MUNICIPAL GUARAPIRANGA;RIVIERA PAULISTA;-23.6911689;-46.7517858;38100;38.1;3749;62.48;ok;
16;HOSPITAL GERAL DE SAO MATEUS SAO PAULO;SAO MATEUS;-23.5947358;-46.4867109;4;INSTITUTO DE INFECTOLOGIA EMILIO RIBAS;SUMARE;-23.5470783;-46.6812257;28580;28.58;2373;39.55;ok;
16;HOSPITAL GERAL DE SAO MATEUS SAO PAULO;SAO MATEUS;-23.5947358;-46.4867109;5;HOSPITAL DO SERV PUB EST FCO MORATO DE OLIVEIRA SAO PAULO;IBIRAPUERA;-23.5966175;-46.6539691;21680;21.68;2150;35.84;ok;
16;HOSPITAL GERAL DE SAO MATEUS SAO PAULO;SAO MATEUS;-23.5947358;-46.4867109;6;HOSPITAL MATERNIDADE INTERLAGOS;JD LEBLON;-23.7069613;-46.7021968;33420;33.42;3226;53.77;ok;
16;HOSPITAL GERAL DE SAO MATEUS SAO PAULO;SAO MATEUS;-23.5947358;-46.4867109;7;HOSPITAL GERAL DE PEDREIRA;VILA CAMPO GRANDE;-23.6808407;-46.6783317;29100;29.1;2826;47.11;ok;
16;HOSPITAL GERAL DE SAO MATEUS SAO PAULO;SAO MATEUS;-23.5947358;-46.4867109;8;HOSPITAL HELIOPOLIS UNIDADE DE GESTAO ASSISTENCIAL I;V HELIOPOLIS;-23.607115;-46.595253;16490;16.49;1585;26.42;ok;
16;HOSPITAL GERAL DE SAO MATEUS SAO PAULO;SAO MATEUS;-23.5947358;-46.4867109;10;HOSPITAL INFANTIL DARCY VARGAS UGA III SAO PAULO;JARDIM GUEDALA;-23.5929419;-46.7109151;28610;28.61;2918;48.64;ok;
16;HOSPITAL GERAL DE SAO MATEUS SAO PAULO;SAO MATEUS;-23.5947358;-46.4867109;11;HOSP MUN MATERNIDADE PROFESSOR MARIO DEGNI;VILA ANTONIO;-23.5777487;-46.764842;41510;41.51;2915;48.59;ok;
16;HOSPITAL GERAL DE SAO MATEUS SAO PAULO;SAO MATEUS;-23.5947358;-46.4867109;12;HOSPITAL UNIVERSITARIO DA USP SAO PAULO;BUTANTA;-23.5649058;-46.7409515;39590;39.59;2815;46.92;ok;
16;HOSPITAL GERAL DE SAO MATEUS SAO PAULO;SAO MATEUS;-23.5947358;-46.4867109;13;CAISM PHILIPPE PINEL SAO PAULO;PIRITUBA;-23.4869816;-46.7239346;32390;32.39;2479;41.33;ok;
16;HOSPITAL GERAL DE SAO MATEUS SAO PAULO;SAO MATEUS;-23.5947358;-46.4867109;14;HOSPITAL GERAL HENRIQUE ALTIMEYER DE VILA ALPINA;VILA ALPINA;-23.5930526;-46.5607618;10990;10.99;993;16.55;ok;
16;HOSPITAL GERAL DE SAO MATEUS SAO PAULO;SAO MATEUS;-23.5947358;-46.4867109;16;HOSPITAL GERAL DE SAO MATEUS SAO PAULO;SAO MATEUS;-23.5947358;-46.4867109;0;0.0;0;0.0;ok;
16;HOSPITAL GERAL DE SAO MATEUS SAO PAULO;SAO MATEUS;-23.5947358;-46.4867109;17;UNIDADE DE GESTAO ASSISTENCIAL II HOSPITAL IPIRANGA SP;IPIRANGA;-23.584203;-46.6116295;15400;15.4;1411;23.53;ok;
16;HOSPITAL GERAL DE SAO MATEUS SAO PAULO;SAO MATEUS;-23.5947358;-46.4867109;18;CONJUNTO HOSPITALAR DO MANDAQUI SAO PAULO;SANTANA;-23.4849783;-46.6314355;24080;24.08;2212;36.88;ok;
16;HOSPITAL GERAL DE SAO MATEUS SAO PAULO;SAO MATEUS;-23.5947358;-46.4867109;19;HOSPITAL GERAL SANTA MARCELINA DE ITAIM PAULISTA SAO PAULO;ITAIM PAULISTA;-23.4924231;-46.3889814;19590;19.59;1796;29.95;ok;
16;HOSPITAL GERAL DE SAO MATEUS SAO PAULO;SAO MATEUS;-23.5947358;-46.4867109;20;HOSP MUN PROF DR WALDOMIRO DE PAULA;ITAQUERA;-23.5321357;-46.4472128;9450;9.45;931;15.53;ok;
16;HOSPITAL GERAL DE SAO MATEUS SAO PAULO;SAO MATEUS;-23.5947358;-46.4867109;21;HOSPITAL GERAL DO GRAJAU PROF LIBER JOHN ALPHONSE DI DIO SP;PARQUE DAS NACOES;-23.691152;-46.5848155;19780;19.78;1772;29.55;ok;
16;HOSPITAL GERAL DE SAO MATEUS SAO PAULO;SAO MATEUS;-23.5947358;-46.4867109;22;HOSPITAL E MATERNIDADE LEONOR MENDES DE BARROS SAO PAULO;BELENZINHO;-23.5359031;-46.5887061;14390;14.39;1366;22.77;ok;
16;HOSPITAL GERAL DE SAO MATEUS SAO PAULO;SAO MATEUS;-23.5947358;-46.4867109;23;CENTRO DE REFERENCIA E TREINAMENTO DST AIDS SAO PAULO;VILA MARIANA;-23.5966194;-46.6358133;19950;19.95;1964;32.75;ok;
16;HOSPITAL GERAL DE SAO MATEUS SAO PAULO;SAO MATEUS;-23.5947358;-46.4867109;24;HOSPITAL MILITAR DE AREA DE SAO PAULO;CAMBUCI;-23.5696701;-46.6134492;17490;17.49;1613;26.89;ok;
16;HOSPITAL GERAL DE SAO MATEUS SAO PAULO;SAO MATEUS;-23.5947358;-46.4867109;25;CENTRO DE REFERENCIA DA SAUDE DA MULHER;CAMPOS ELISEOS;-23.5343002;-46.6437496;21870;21.87;2054;34.24;ok;
16;HOSPITAL GERAL DE SAO MATEUS SAO PAULO;SAO MATEUS;-23.5947358;-46.4867109;26;HOSP MUN INFANTIL MENINO JESUS;BELA VISTA;-23.56022;-46.6469982;21050;21.05;2117;35.28;ok;
16;HOSPITAL GERAL DE SAO MATEUS SAO PAULO;SAO MATEUS;-23.5947358;-46.4867109;28;HOSP MUN MAT ESC DR MARIO DE MORAES A SILVA;VILA NOVA CACHOEIRIN;-23.4802096;-46.6709709;30300;30.3;2357;39.29;ok;
16;HOSPITAL GERAL DE SAO MATEUS SAO PAULO;SAO MATEUS;-23.5947358;-46.4867109;29;HOSPITAL GERAL JESUS TEIXEIRA DA COSTA GUAIANASES SAO PAULO;JARDIM SAO PAULO;-23.5523813;-46.4053829;13850;13.85;1312;21.88;ok;
16;HOSPITAL GERAL DE SAO MATEUS SAO PAULO;SAO MATEUS;-23.5947358;-46.4867109;30;HOSP MUN DR CARMINO CARICCHIO;TATUAPE;-23.5329502;-46.5664411;12060;12.06;1218;20.31;ok;
16;HOSPITAL GERAL DE SAO MATEUS SAO PAULO;SAO MATEUS;-23.5947358;-46.4867109;31;HOSP MUN TIDE SETUBAL;SAO MIGUEL PAULISTA;-23.4973179;-46.439865;14080;14.08;1329;22.16;ok;
16;HOSPITAL GERAL DE SAO MATEUS SAO PAULO;SAO MATEUS;-23.5947358;-46.4867109;32;HOSP MUN V NHOCUNE ALEXANDRE ZAIO;VILA NHOCUNE;-23.5424212;-46.5015398;8530;8.53;923;15.39;ok;
16;HOSPITAL GERAL DE SAO MATEUS SAO PAULO;SAO MATEUS;-23.5947358;-46.4867109;33;HOSP MUN JABAQUARA ARTUR RIBEIRO DE SABOYA;JABAQUARA;-23.6533422;-46.6456764;26270;26.27;2337;38.95;ok;
16;HOSPITAL GERAL DE SAO MATEUS SAO PAULO;SAO MATEUS;-23.5947358;-46.4867109;34;HOSPITAL KATIA DE SOUZA RODRIGUES TAIPASSP SAO PAULO;PARADA DE TAIPAS;-23.4436996;-46.7177512;36650;36.65;2746;45.77;ok;
16;HOSPITAL GERAL DE SAO MATEUS SAO PAULO;SAO MATEUS;-23.5947358;-46.4867109;35;HOSP MUN PROFESSOR DOUTOR ALIPIO CORREA NETTO;VILA PARANAGUA;-23.499644;-46.4729162;13990;13.99;1559;25.99;ok;
16;HOSPITAL GERAL DE SAO MATEUS SAO PAULO;SAO MATEUS;-23.5947358;-46.4867109;36;HOSPITAL MUNICIPAL DR BENEDITO MONTENEGRO;JARDIM IVA;-23.5875541;-46.5145716;3490;3.49;472;7.88;ok;
16;HOSPITAL GERAL DE SAO MATEUS SAO PAULO;SAO MATEUS;-23.5947358;-46.4867109;37;HOSP MUN IGNACIO PROENCA DE GOUVEA;PARQUE DA MOOCA;-23.5717374;-46.590166;14010;14.01;1259;21.0;ok;
16;HOSPITAL GERAL DE SAO MATEUS SAO PAULO;SAO MATEUS;-23.5947358;-46.4867109;38;HOSPITAL INFANTIL CANDIDO FONTOURA SAO PAULO;AGUA RASA;-23.551918;-46.5852143;12510;12.51;1302;21.71;ok;
16;HOSPITAL GERAL DE SAO MATEUS SAO PAULO;SAO MATEUS;-23.5947358;-46.4867109;40;HOSPITAL REGIONAL SUL SAO PAULO;SANTO AMARO;-23.6555597;-46.7058596;31210;31.21;3090;51.5;ok;
16;HOSPITAL GERAL DE SAO MATEUS SAO PAULO;SAO MATEUS;-23.5947358;-46.4867109;42;HOSPITAL ESTADUAL DE SAPOPEMBA SAO PAULO;JARDIM SAPOPEMBA;-23.611336;-46.493671;4170;4.17;420;7.0;ok;
16;HOSPITAL GERAL DE SAO MATEUS SAO PAULO;SAO MATEUS;-23.5947358;-46.4867109;43;HOSPITAL GERAL DE VILA PENTEADO DR JOSE PANGELLA SAO PAULO;JARDIM IRACEMA;-23.4934229;-46.7008274;30000;30.0;2208;36.81;ok;
16;HOSPITAL GERAL DE SAO MATEUS SAO PAULO;SAO MATEUS;-23.5947358;-46.4867109;46;HOSP DO SERV PUB MUNICIPAL HSPM;LIBERDADE;-23.5673424;-46.639071;19960;19.96;1941;32.36;ok;
16;HOSPITAL GERAL DE SAO MATEUS SAO PAULO;SAO MATEUS;-23.5947358;-46.4867109;47;HOSP MUN FERNANDO MAURO PIRES DA ROCHA;CAMPO LIMPO;-23.6490957;-46.7490028;35050;35.05;3304;55.07;ok;
16;HOSPITAL GERAL DE SAO MATEUS SAO PAULO;SAO MATEUS;-23.5947358;-46.4867109;48;CENTRO HOSPITALAR DO SISTEMA PENITENCIARIO SAO PAULO;CARANDIRU;-23.5085713;-46.6201015;20390;20.39;1792;29.87;ok;
16;HOSPITAL GERAL DE SAO MATEUS SAO PAULO;SAO MATEUS;-23.5947358;-46.4867109;49;HOSP MUN VER JOSE STOROPOLLI;PARQUE NOVO MUNDO;-23.522085;-46.5617446;13410;13.41;1320;22.01;ok;
16;HOSPITAL GERAL DE SAO MATEUS SAO PAULO;SAO MATEUS;-23.5947358;-46.4867109;50;CENTRO MEDICO PMESP;TREMEMBE;-23.4690239;-46.6188727;27830;27.83;2304;38.4;ok;
16;HOSPITAL GERAL DE SAO MATEUS SAO PAULO;SAO MATEUS;-23.5947358;-46.4867109;51;HOSP MUN CARMEN PRUDENTE;CIDADE TIRADENTES;-23.5833632;-46.4092773;10780;10.78;1052;17.55;ok;
16;HOSPITAL GERAL DE SAO MATEUS SAO PAULO;SAO MATEUS;-23.5947358;-46.4867109;53;INSTITUTO DE REABILITACAO LUCY MONTORO;VILA ANDRADE;-23.6322694;-46.7351129;32870;32.87;3169;52.82;ok;
16;HOSPITAL GERAL DE SAO MATEUS SAO PAULO;SAO MATEUS;-23.5947358;-46.4867109;55;INSTITUTO DO CANCER DO ESTADO DE SAO PAULO;CERQUEIRA CESAR;-23.5561305;-46.6681716;25310;25.31;2434;40.57;ok;
16;HOSPITAL GERAL DE SAO MATEUS SAO PAULO;SAO MATEUS;-23.5947358;-46.4867109;56;HOSP MUN SOROCABANA;VILA ROMANA;-23.5238763;-46.7013591;29470;29.47;2319;38.67;ok;
16;HOSPITAL GERAL DE SAO MATEUS SAO PAULO;SAO MATEUS;-23.5947358;-46.4867109;57;HOSP MUN GILSON DE CASSIA MARQUES DE CARVALHO;VILA MASCOTE;-23.6470652;-46.662824;25370;25.37;2526;42.11;ok;
16;HOSPITAL GERAL DE SAO MATEUS SAO PAULO;SAO MATEUS;-23.5947358;-46.4867109;58;HOSP MUN CAPELA DO SOCORRO;JARDIM DAS IMBUIAS;-23.7296842;-46.7129995;35390;35.39;3480;58.02;ok;
16;HOSPITAL GERAL DE SAO MATEUS SAO PAULO;SAO MATEUS;-23.5947358;-46.4867109;59;HOSP MUN JOSANIAS CASTANHA BRAGA;JARDIM ROSCHEL;-23.8247733;-46.7266429;47780;47.78;4284;71.4;ok;
16;HOSPITAL GERAL DE SAO MATEUS SAO PAULO;SAO MATEUS;-23.5947358;-46.4867109;233;HOSP MUN SOROCABANA;ALTO DE PINHEIROS;-23.5375934;-46.7227993;34420;34.42;2639;43.99;ok;
17;UNIDADE DE GESTAO ASSISTENCIAL II HOSPITAL IPIRANGA SP;IPIRANGA;-23.584203;-46.6116295;1;HOSPITAL MUNICIPAL SANTA DULCE DOS POBRES;CONSOLACAO;-23.5573928;-46.6562429;6350;6.35;723;12.06;ok;
17;UNIDADE DE GESTAO ASSISTENCIAL II HOSPITAL IPIRANGA SP;IPIRANGA;-23.584203;-46.6116295;2;HOSPITAL MUNICIPAL BRASILANDIA;JARDIM MARISTELA;-23.476544;-46.6980006;20650;20.65;1819;30.32;ok;
17;UNIDADE DE GESTAO ASSISTENCIAL II HOSPITAL IPIRANGA SP;IPIRANGA;-23.584203;-46.6116295;3;HOSPITAL MUNICIPAL GUARAPIRANGA;RIVIERA PAULISTA;-23.6911689;-46.7517858;24660;24.66;2347;39.12;ok;
17;UNIDADE DE GESTAO ASSISTENCIAL II HOSPITAL IPIRANGA SP;IPIRANGA;-23.584203;-46.6116295;4;INSTITUTO DE INFECTOLOGIA EMILIO RIBAS;SUMARE;-23.5470783;-46.6812257;9500;9.5;1073;17.89;ok;
17;UNIDADE DE GESTAO ASSISTENCIAL II HOSPITAL IPIRANGA SP;IPIRANGA;-23.584203;-46.6116295;5;HOSPITAL DO SERV PUB EST FCO MORATO DE OLIVEIRA SAO PAULO;IBIRAPUERA;-23.5966175;-46.6539691;6280;6.28;738;12.31;ok;
17;UNIDADE DE GESTAO ASSISTENCIAL II HOSPITAL IPIRANGA SP;IPIRANGA;-23.584203;-46.6116295;6;HOSPITAL MATERNIDADE INTERLAGOS;JD LEBLON;-23.7069613;-46.7021968;19490;19.49;2080;34.68;ok;
17;UNIDADE DE GESTAO ASSISTENCIAL II HOSPITAL IPIRANGA SP;IPIRANGA;-23.584203;-46.6116295;7;HOSPITAL GERAL DE PEDREIRA;VILA CAMPO GRANDE;-23.6808407;-46.6783317;16600;16.6;1811;30.19;ok;
17;UNIDADE DE GESTAO ASSISTENCIAL II HOSPITAL IPIRANGA SP;IPIRANGA;-23.584203;-46.6116295;8;HOSPITAL HELIOPOLIS UNIDADE DE GESTAO ASSISTENCIAL I;V HELIOPOLIS;-23.607115;-46.595253;4260;4.26;448;7.48;ok;
17;UNIDADE DE GESTAO ASSISTENCIAL II HOSPITAL IPIRANGA SP;IPIRANGA;-23.584203;-46.6116295;10;HOSPITAL INFANTIL DARCY VARGAS UGA III SAO PAULO;JARDIM GUEDALA;-23.5929419;-46.7109151;13210;13.21;1506;25.11;ok;
17;UNIDADE DE GESTAO ASSISTENCIAL II HOSPITAL IPIRANGA SP;IPIRANGA;-23.584203;-46.6116295;11;HOSP MUN MATERNIDADE PROFESSOR MARIO DEGNI;VILA ANTONIO;-23.5777487;-46.764842;20540;20.54;1929;32.16;ok;
17;UNIDADE DE GESTAO ASSISTENCIAL II HOSPITAL IPIRANGA SP;IPIRANGA;-23.584203;-46.6116295;12;HOSPITAL UNIVERSITARIO DA USP SAO PAULO;BUTANTA;-23.5649058;-46.7409515;18040;18.04;2012;33.54;ok;
17;UNIDADE DE GESTAO ASSISTENCIAL II HOSPITAL IPIRANGA SP;IPIRANGA;-23.584203;-46.6116295;13;CAISM PHILIPPE PINEL SAO PAULO;PIRITUBA;-23.4869816;-46.7239346;20840;20.84;1845;30.76;ok;
17;UNIDADE DE GESTAO ASSISTENCIAL II HOSPITAL IPIRANGA SP;IPIRANGA;-23.584203;-46.6116295;14;HOSPITAL GERAL HENRIQUE ALTIMEYER DE VILA ALPINA;VILA ALPINA;-23.5930526;-46.5607618;6690;6.69;720;12.01;ok;
17;UNIDADE DE GESTAO ASSISTENCIAL II HOSPITAL IPIRANGA SP;IPIRANGA;-23.584203;-46.6116295;16;HOSPITAL GERAL DE SAO MATEUS SAO PAULO;SAO MATEUS;-23.5947358;-46.4867109;15880;15.88;1641;27.36;ok;
17;UNIDADE DE GESTAO ASSISTENCIAL II HOSPITAL IPIRANGA SP;IPIRANGA;-23.584203;-46.6116295;17;UNIDADE DE GESTAO ASSISTENCIAL II HOSPITAL IPIRANGA SP;IPIRANGA;-23.584203;-46.6116295;0;0.0;0;0.0;ok;
17;UNIDADE DE GESTAO ASSISTENCIAL II HOSPITAL IPIRANGA SP;IPIRANGA;-23.584203;-46.6116295;18;CONJUNTO HOSPITALAR DO MANDAQUI SAO PAULO;SANTANA;-23.4849783;-46.6314355;13440;13.44;1463;24.38;ok;
17;UNIDADE DE GESTAO ASSISTENCIAL II HOSPITAL IPIRANGA SP;IPIRANGA;-23.584203;-46.6116295;19;HOSPITAL GERAL SANTA MARCELINA DE ITAIM PAULISTA SAO PAULO;ITAIM PAULISTA;-23.4924231;-46.3889814;36920;36.92;2538;42.3;ok;
17;UNIDADE DE GESTAO ASSISTENCIAL II HOSPITAL IPIRANGA SP;IPIRANGA;-23.584203;-46.6116295;20;HOSP MUN PROF DR WALDOMIRO DE PAULA;ITAQUERA;-23.5321357;-46.4472128;22640;22.64;2238;37.31;ok;
17;UNIDADE DE GESTAO ASSISTENCIAL II HOSPITAL IPIRANGA SP;IPIRANGA;-23.584203;-46.6116295;21;HOSPITAL GERAL DO GRAJAU PROF LIBER JOHN ALPHONSE DI DIO SP;PARQUE DAS NACOES;-23.691152;-46.5848155;16030;16.03;1250;20.85;ok;
17;UNIDADE DE GESTAO ASSISTENCIAL II HOSPITAL IPIRANGA SP;IPIRANGA;-23.584203;-46.6116295;22;HOSPITAL E MATERNIDADE LEONOR MENDES DE BARROS SAO PAULO;BELENZINHO;-23.5359031;-46.5887061;8890;8.89;1012;16.87;ok;
17;UNIDADE DE GESTAO ASSISTENCIAL II HOSPITAL IPIRANGA SP;IPIRANGA;-23.584203;-46.6116295;23;CENTRO DE REFERENCIA E TREINAMENTO DST AIDS SAO PAULO;VILA MARIANA;-23.5966194;-46.6358133;4550;4.55;553;9.22;ok;
17;UNIDADE DE GESTAO ASSISTENCIAL II HOSPITAL IPIRANGA SP;IPIRANGA;-23.584203;-46.6116295;24;HOSPITAL MILITAR DE AREA DE SAO PAULO;CAMBUCI;-23.5696701;-46.6134492;2360;2.36;280;4.67;ok;
17;UNIDADE DE GESTAO ASSISTENCIAL II HOSPITAL IPIRANGA SP;IPIRANGA;-23.584203;-46.6116295;25;CENTRO DE REFERENCIA DA SAUDE DA MULHER;CAMPOS ELISEOS;-23.5343002;-46.6437496;8250;8.25;871;14.53;ok;
17;UNIDADE DE GESTAO ASSISTENCIAL II HOSPITAL IPIRANGA SP;IPIRANGA;-23.584203;-46.6116295;26;HOSP MUN INFANTIL MENINO JESUS;BELA VISTA;-23.56022;-46.6469982;5810;5.81;710;11.84;ok;
17;UNIDADE DE GESTAO ASSISTENCIAL II HOSPITAL IPIRANGA SP;IPIRANGA;-23.584203;-46.6116295;28;HOSP MUN MAT ESC DR MARIO DE MORAES A SILVA;VILA NOVA CACHOEIRIN;-23.4802096;-46.6709709;16910;16.91;1717;28.63;ok;
17;UNIDADE DE GESTAO ASSISTENCIAL II HOSPITAL IPIRANGA SP;IPIRANGA;-23.584203;-46.6116295;29;HOSPITAL GERAL JESUS TEIXEIRA DA COSTA GUAIANASES SAO PAULO;JARDIM SAO PAULO;-23.5523813;-46.4053829;28090;28.09;2677;44.62;ok;
17;UNIDADE DE GESTAO ASSISTENCIAL II HOSPITAL IPIRANGA SP;IPIRANGA;-23.584203;-46.6116295;30;HOSP MUN DR CARMINO CARICCHIO;TATUAPE;-23.5329502;-46.5664411;10840;10.84;1183;19.73;ok;
17;UNIDADE DE GESTAO ASSISTENCIAL II HOSPITAL IPIRANGA SP;IPIRANGA;-23.584203;-46.6116295;31;HOSP MUN TIDE SETUBAL;SAO MIGUEL PAULISTA;-23.4973179;-46.439865;30330;30.33;2224;37.07;ok;
17;UNIDADE DE GESTAO ASSISTENCIAL II HOSPITAL IPIRANGA SP;IPIRANGA;-23.584203;-46.6116295;32;HOSP MUN V NHOCUNE ALEXANDRE ZAIO;VILA NHOCUNE;-23.5424212;-46.5015398;16460;16.46;1697;28.29;ok;
17;UNIDADE DE GESTAO ASSISTENCIAL II HOSPITAL IPIRANGA SP;IPIRANGA;-23.584203;-46.6116295;33;HOSP MUN JABAQUARA ARTUR RIBEIRO DE SABOYA;JABAQUARA;-23.6533422;-46.6456764;10080;10.08;1072;17.88;ok;
17;UNIDADE DE GESTAO ASSISTENCIAL II HOSPITAL IPIRANGA SP;IPIRANGA;-23.584203;-46.6116295;34;HOSPITAL KATIA DE SOUZA RODRIGUES TAIPASSP SAO PAULO;PARADA DE TAIPAS;-23.4436996;-46.7177512;25110;25.11;2111;35.2;ok;
17;UNIDADE DE GESTAO ASSISTENCIAL II HOSPITAL IPIRANGA SP;IPIRANGA;-23.584203;-46.6116295;35;HOSP MUN PROFESSOR DOUTOR ALIPIO CORREA NETTO;VILA PARANAGUA;-23.499644;-46.4729162;22870;22.87;2271;37.86;ok;
17;UNIDADE DE GESTAO ASSISTENCIAL II HOSPITAL IPIRANGA SP;IPIRANGA;-23.584203;-46.6116295;36;HOSPITAL MUNICIPAL DR BENEDITO MONTENEGRO;JARDIM IVA;-23.5875541;-46.5145716;12450;12.45;1265;21.09;ok;
17;UNIDADE DE GESTAO ASSISTENCIAL II HOSPITAL IPIRANGA SP;IPIRANGA;-23.584203;-46.6116295;37;HOSP MUN IGNACIO PROENCA DE GOUVEA;PARQUE DA MOOCA;-23.5717374;-46.590166;4900;4.9;502;8.38;ok;
17;UNIDADE DE GESTAO ASSISTENCIAL II HOSPITAL IPIRANGA SP;IPIRANGA;-23.584203;-46.6116295;38;HOSPITAL INFANTIL CANDIDO FONTOURA SAO PAULO;AGUA RASA;-23.551918;-46.5852143;8029;8.03;825;13.76;ok;
17;UNIDADE DE GESTAO ASSISTENCIAL II HOSPITAL IPIRANGA SP;IPIRANGA;-23.584203;-46.6116295;40;HOSPITAL REGIONAL SUL SAO PAULO;SANTO AMARO;-23.6555597;-46.7058596;15400;15.4;1684;28.08;ok;
17;UNIDADE DE GESTAO ASSISTENCIAL II HOSPITAL IPIRANGA SP;IPIRANGA;-23.584203;-46.6116295;42;HOSPITAL ESTADUAL DE SAPOPEMBA SAO PAULO;JARDIM SAPOPEMBA;-23.611336;-46.493671;15660;15.66;1553;25.9;ok;
17;UNIDADE DE GESTAO ASSISTENCIAL II HOSPITAL IPIRANGA SP;IPIRANGA;-23.584203;-46.6116295;43;HOSPITAL GERAL DE VILA PENTEADO DR JOSE PANGELLA SAO PAULO;JARDIM IRACEMA;-23.4934229;-46.7008274;18450;18.45;1574;26.24;ok;
17;UNIDADE DE GESTAO ASSISTENCIAL II HOSPITAL IPIRANGA SP;IPIRANGA;-23.584203;-46.6116295;46;HOSP DO SERV PUB MUNICIPAL HSPM;LIBERDADE;-23.5673424;-46.639071;3930;3.93;553;9.22;ok;
17;UNIDADE DE GESTAO ASSISTENCIAL II HOSPITAL IPIRANGA SP;IPIRANGA;-23.584203;-46.6116295;47;HOSP MUN FERNANDO MAURO PIRES DA ROCHA;CAMPO LIMPO;-23.6490957;-46.7490028;19650;19.65;1892;31.54;ok;
17;UNIDADE DE GESTAO ASSISTENCIAL II HOSPITAL IPIRANGA SP;IPIRANGA;-23.584203;-46.6116295;48;CENTRO HOSPITALAR DO SISTEMA PENITENCIARIO SAO PAULO;CARANDIRU;-23.5085713;-46.6201015;10500;10.5;1147;19.13;ok;
17;UNIDADE DE GESTAO ASSISTENCIAL II HOSPITAL IPIRANGA SP;IPIRANGA;-23.584203;-46.6116295;49;HOSP MUN VER JOSE STOROPOLLI;PARQUE NOVO MUNDO;-23.522085;-46.5617446;14590;14.59;1480;24.68;ok;
17;UNIDADE DE GESTAO ASSISTENCIAL II HOSPITAL IPIRANGA SP;IPIRANGA;-23.584203;-46.6116295;50;CENTRO MEDICO PMESP;TREMEMBE;-23.4690239;-46.6188727;15360;15.36;1732;28.87;ok;
17;UNIDADE DE GESTAO ASSISTENCIAL II HOSPITAL IPIRANGA SP;IPIRANGA;-23.584203;-46.6116295;51;HOSP MUN CARMEN PRUDENTE;CIDADE TIRADENTES;-23.5833632;-46.4092773;27050;27.05;2559;42.65;ok;
17;UNIDADE DE GESTAO ASSISTENCIAL II HOSPITAL IPIRANGA SP;IPIRANGA;-23.584203;-46.6116295;53;INSTITUTO DE REABILITACAO LUCY MONTORO;VILA ANDRADE;-23.6322694;-46.7351129;17470;17.47;1757;29.29;ok;
17;UNIDADE DE GESTAO ASSISTENCIAL II HOSPITAL IPIRANGA SP;IPIRANGA;-23.584203;-46.6116295;55;INSTITUTO DO CANCER DO ESTADO DE SAO PAULO;CERQUEIRA CESAR;-23.5561305;-46.6681716;9210;9.21;1057;17.63;ok;
17;UNIDADE DE GESTAO ASSISTENCIAL II HOSPITAL IPIRANGA SP;IPIRANGA;-23.584203;-46.6116295;56;HOSP MUN SOROCABANA;VILA ROMANA;-23.5238763;-46.7013591;14620;14.62;1555;25.93;ok;
17;UNIDADE DE GESTAO ASSISTENCIAL II HOSPITAL IPIRANGA SP;IPIRANGA;-23.584203;-46.6116295;57;HOSP MUN GILSON DE CASSIA MARQUES DE CARVALHO;VILA MASCOTE;-23.6470652;-46.662824;10990;10.99;1201;20.03;ok;
17;UNIDADE DE GESTAO ASSISTENCIAL II HOSPITAL IPIRANGA SP;IPIRANGA;-23.584203;-46.6116295;58;HOSP MUN CAPELA DO SOCORRO;JARDIM DAS IMBUIAS;-23.7296842;-46.7129995;22940;22.94;2499;41.66;ok;
17;UNIDADE DE GESTAO ASSISTENCIAL II HOSPITAL IPIRANGA SP;IPIRANGA;-23.584203;-46.6116295;59;HOSP MUN JOSANIAS CASTANHA BRAGA;JARDIM ROSCHEL;-23.8247733;-46.7266429;36000;36.0;3369;56.15;ok;
17;UNIDADE DE GESTAO ASSISTENCIAL II HOSPITAL IPIRANGA SP;IPIRANGA;-23.584203;-46.6116295;233;HOSP MUN SOROCABANA;ALTO DE PINHEIROS;-23.5375934;-46.7227993;15590;15.59;1732;28.88;ok;
18;CONJUNTO HOSPITALAR DO MANDAQUI SAO PAULO;SANTANA;-23.4849783;-46.6314355;1;HOSPITAL MUNICIPAL SANTA DULCE DOS POBRES;CONSOLACAO;-23.5573928;-46.6562429;10480;10.48;1294;21.57;ok;
18;CONJUNTO HOSPITALAR DO MANDAQUI SAO PAULO;SANTANA;-23.4849783;-46.6314355;2;HOSPITAL MUNICIPAL BRASILANDIA;JARDIM MARISTELA;-23.476544;-46.6980006;9620;9.62;1154;19.24;ok;
18;CONJUNTO HOSPITALAR DO MANDAQUI SAO PAULO;SANTANA;-23.4849783;-46.6314355;3;HOSPITAL MUNICIPAL GUARAPIRANGA;RIVIERA PAULISTA;-23.6911689;-46.7517858;41250;41.25;2754;45.9;ok;
18;CONJUNTO HOSPITALAR DO MANDAQUI SAO PAULO;SANTANA;-23.4849783;-46.6314355;4;INSTITUTO DE INFECTOLOGIA EMILIO RIBAS;SUMARE;-23.5470783;-46.6812257;11300;11.3;1193;19.88;ok;
18;CONJUNTO HOSPITALAR DO MANDAQUI SAO PAULO;SANTANA;-23.4849783;-46.6314355;5;HOSPITAL DO SERV PUB EST FCO MORATO DE OLIVEIRA SAO PAULO;IBIRAPUERA;-23.5966175;-46.6539691;14250;14.25;1543;25.72;ok;
18;CONJUNTO HOSPITALAR DO MANDAQUI SAO PAULO;SANTANA;-23.4849783;-46.6314355;6;HOSPITAL MATERNIDADE INTERLAGOS;JD LEBLON;-23.7069613;-46.7021968;42540;42.54;2889;48.16;ok;
18;CONJUNTO HOSPITALAR DO MANDAQUI SAO PAULO;SANTANA;-23.4849783;-46.6314355;7;HOSPITAL GERAL DE PEDREIRA;VILA CAMPO GRANDE;-23.6808407;-46.6783317;25990;25.99;2720;45.33;ok;
18;CONJUNTO HOSPITALAR DO MANDAQUI SAO PAULO;SANTANA;-23.4849783;-46.6314355;8;HOSPITAL HELIOPOLIS UNIDADE DE GESTAO ASSISTENCIAL I;V HELIOPOLIS;-23.607115;-46.595253;16450;16.45;1744;29.08;ok;
18;CONJUNTO HOSPITALAR DO MANDAQUI SAO PAULO;SANTANA;-23.4849783;-46.6314355;10;HOSPITAL INFANTIL DARCY VARGAS UGA III SAO PAULO;JARDIM GUEDALA;-23.5929419;-46.7109151;28220;28.22;1977;32.96;ok;
18;CONJUNTO HOSPITALAR DO MANDAQUI SAO PAULO;SANTANA;-23.4849783;-46.6314355;11;HOSP MUN MATERNIDADE PROFESSOR MARIO DEGNI;VILA ANTONIO;-23.5777487;-46.764842;24540;24.54;1890;31.51;ok;
18;CONJUNTO HOSPITALAR DO MANDAQUI SAO PAULO;SANTANA;-23.4849783;-46.6314355;12;HOSPITAL UNIVERSITARIO DA USP SAO PAULO;BUTANTA;-23.5649058;-46.7409515;22610;22.61;1790;29.84;ok;
18;CONJUNTO HOSPITALAR DO MANDAQUI SAO PAULO;SANTANA;-23.4849783;-46.6314355;13;CAISM PHILIPPE PINEL SAO PAULO;PIRITUBA;-23.4869816;-46.7239346;14130;14.13;1445;24.09;ok;
18;CONJUNTO HOSPITALAR DO MANDAQUI SAO PAULO;SANTANA;-23.4849783;-46.6314355;14;HOSPITAL GERAL HENRIQUE ALTIMEYER DE VILA ALPINA;VILA ALPINA;-23.5930526;-46.5607618;18950;18.95;1724;28.75;ok;
18;CONJUNTO HOSPITALAR DO MANDAQUI SAO PAULO;SANTANA;-23.4849783;-46.6314355;16;HOSPITAL GERAL DE SAO MATEUS SAO PAULO;SAO MATEUS;-23.5947358;-46.4867109;25340;25.34;2159;35.98;ok;
18;CONJUNTO HOSPITALAR DO MANDAQUI SAO PAULO;SANTANA;-23.4849783;-46.6314355;17;UNIDADE DE GESTAO ASSISTENCIAL II HOSPITAL IPIRANGA SP;IPIRANGA;-23.584203;-46.6116295;13210;13.21;1471;24.53;ok;
18;CONJUNTO HOSPITALAR DO MANDAQUI SAO PAULO;SANTANA;-23.4849783;-46.6314355;18;CONJUNTO HOSPITALAR DO MANDAQUI SAO PAULO;SANTANA;-23.4849783;-46.6314355;0;0.0;0;0.0;ok;
18;CONJUNTO HOSPITALAR DO MANDAQUI SAO PAULO;SANTANA;-23.4849783;-46.6314355;19;HOSPITAL GERAL SANTA MARCELINA DE ITAIM PAULISTA SAO PAULO;ITAIM PAULISTA;-23.4924231;-46.3889814;37970;37.97;2441;40.7;ok;
18;CONJUNTO HOSPITALAR DO MANDAQUI SAO PAULO;SANTANA;-23.4849783;-46.6314355;20;HOSP MUN PROF DR WALDOMIRO DE PAULA;ITAQUERA;-23.5321357;-46.4472128;35200;35.2;2384;39.74;ok;
18;CONJUNTO HOSPITALAR DO MANDAQUI SAO PAULO;SANTANA;-23.4849783;-46.6314355;21;HOSPITAL GERAL DO GRAJAU PROF LIBER JOHN ALPHONSE DI DIO SP;PARQUE DAS NACOES;-23.691152;-46.5848155;28460;28.46;2546;42.45;ok;
18;CONJUNTO HOSPITALAR DO MANDAQUI SAO PAULO;SANTANA;-23.4849783;-46.6314355;22;HOSPITAL E MATERNIDADE LEONOR MENDES DE BARROS SAO PAULO;BELENZINHO;-23.5359031;-46.5887061;11980;11.98;1129;18.83;ok;
18;CONJUNTO HOSPITALAR DO MANDAQUI SAO PAULO;SANTANA;-23.4849783;-46.6314355;23;CENTRO DE REFERENCIA E TREINAMENTO DST AIDS SAO PAULO;VILA MARIANA;-23.5966194;-46.6358133;13880;13.88;1622;27.04;ok;
18;CONJUNTO HOSPITALAR DO MANDAQUI SAO PAULO;SANTANA;-23.4849783;-46.6314355;24;HOSPITAL MILITAR DE AREA DE SAO PAULO;CAMBUCI;-23.5696701;-46.6134492;11810;11.81;1343;22.39;ok;
18;CONJUNTO HOSPITALAR DO MANDAQUI SAO PAULO;SANTANA;-23.4849783;-46.6314355;25;CENTRO DE REFERENCIA DA SAUDE DA MULHER;CAMPOS ELISEOS;-23.5343002;-46.6437496;8300;8.3;915;15.26;ok;
18;CONJUNTO HOSPITALAR DO MANDAQUI SAO PAULO;SANTANA;-23.4849783;-46.6314355;26;HOSP MUN INFANTIL MENINO JESUS;BELA VISTA;-23.56022;-46.6469982;10370;10.37;1295;21.58;ok;
18;CONJUNTO HOSPITALAR DO MANDAQUI SAO PAULO;SANTANA;-23.4849783;-46.6314355;28;HOSP MUN MAT ESC DR MARIO DE MORAES A SILVA;VILA NOVA CACHOEIRIN;-23.4802096;-46.6709709;6370;6.37;658;10.98;ok;
18;CONJUNTO HOSPITALAR DO MANDAQUI SAO PAULO;SANTANA;-23.4849783;-46.6314355;29;HOSPITAL GERAL JESUS TEIXEIRA DA COSTA GUAIANASES SAO PAULO;JARDIM SAO PAULO;-23.5523813;-46.4053829;43150;43.15;2962;49.38;ok;
18;CONJUNTO HOSPITALAR DO MANDAQUI SAO PAULO;SANTANA;-23.4849783;-46.6314355;30;HOSP MUN DR CARMINO CARICCHIO;TATUAPE;-23.5329502;-46.5664411;13160;13.16;1321;22.03;ok;
18;CONJUNTO HOSPITALAR DO MANDAQUI SAO PAULO;SANTANA;-23.4849783;-46.6314355;31;HOSP MUN TIDE SETUBAL;SAO MIGUEL PAULISTA;-23.4973179;-46.439865;31370;31.37;2127;35.47;ok;
18;CONJUNTO HOSPITALAR DO MANDAQUI SAO PAULO;SANTANA;-23.4849783;-46.6314355;32;HOSP MUN V NHOCUNE ALEXANDRE ZAIO;VILA NHOCUNE;-23.5424212;-46.5015398;22360;22.36;1968;32.81;ok;
18;CONJUNTO HOSPITALAR DO MANDAQUI SAO PAULO;SANTANA;-23.4849783;-46.6314355;33;HOSP MUN JABAQUARA ARTUR RIBEIRO DE SABOYA;JABAQUARA;-23.6533422;-46.6456764;21420;21.42;2308;38.47;ok;
18;CONJUNTO HOSPITALAR DO MANDAQUI SAO PAULO;SANTANA;-23.4849783;-46.6314355;34;HOSPITAL KATIA DE SOUZA RODRIGUES TAIPASSP SAO PAULO;PARADA DE TAIPAS;-23.4436996;-46.7177512;13630;13.63;1374;22.9;ok;
18;CONJUNTO HOSPITALAR DO MANDAQUI SAO PAULO;SANTANA;-23.4849783;-46.6314355;35;HOSP MUN PROFESSOR DOUTOR ALIPIO CORREA NETTO;VILA PARANAGUA;-23.499644;-46.4729162;23910;23.91;2175;36.25;ok;
18;CONJUNTO HOSPITALAR DO MANDAQUI SAO PAULO;SANTANA;-23.4849783;-46.6314355;36;HOSPITAL MUNICIPAL DR BENEDITO MONTENEGRO;JARDIM IVA;-23.5875541;-46.5145716;21550;21.55;2073;34.56;ok;
18;CONJUNTO HOSPITALAR DO MANDAQUI SAO PAULO;SANTANA;-23.4849783;-46.6314355;37;HOSP MUN IGNACIO PROENCA DE GOUVEA;PARQUE DA MOOCA;-23.5717374;-46.590166;13000;13.0;1512;25.21;ok;
18;CONJUNTO HOSPITALAR DO MANDAQUI SAO PAULO;SANTANA;-23.4849783;-46.6314355;38;HOSPITAL INFANTIL CANDIDO FONTOURA SAO PAULO;AGUA RASA;-23.551918;-46.5852143;11670;11.67;1345;22.42;ok;
18;CONJUNTO HOSPITALAR DO MANDAQUI SAO PAULO;SANTANA;-23.4849783;-46.6314355;40;HOSPITAL REGIONAL SUL SAO PAULO;SANTO AMARO;-23.6555597;-46.7058596;37120;37.12;2435;40.59;ok;
18;CONJUNTO HOSPITALAR DO MANDAQUI SAO PAULO;SANTANA;-23.4849783;-46.6314355;42;HOSPITAL ESTADUAL DE SAPOPEMBA SAO PAULO;JARDIM SAPOPEMBA;-23.611336;-46.493671;27480;27.48;2416;40.28;ok;
18;CONJUNTO HOSPITALAR DO MANDAQUI SAO PAULO;SANTANA;-23.4849783;-46.6314355;43;HOSPITAL GERAL DE VILA PENTEADO DR JOSE PANGELLA SAO PAULO;JARDIM IRACEMA;-23.4934229;-46.7008274;9830;9.83;1040;17.34;ok;
18;CONJUNTO HOSPITALAR DO MANDAQUI SAO PAULO;SANTANA;-23.4849783;-46.6314355;46;HOSP DO SERV PUB MUNICIPAL HSPM;LIBERDADE;-23.5673424;-46.639071;10930;10.93;1326;22.11;ok;
18;CONJUNTO HOSPITALAR DO MANDAQUI SAO PAULO;SANTANA;-23.4849783;-46.6314355;47;HOSP MUN FERNANDO MAURO PIRES DA ROCHA;CAMPO LIMPO;-23.6490957;-46.7490028;36230;36.23;2299;38.32;ok;
18;CONJUNTO HOSPITALAR DO MANDAQUI SAO PAULO;SANTANA;-23.4849783;-46.6314355;48;CENTRO HOSPITALAR DO SISTEMA PENITENCIARIO SAO PAULO;CARANDIRU;-23.5085713;-46.6201015;4800;4.8;569;9.5;ok;
18;CONJUNTO HOSPITALAR DO MANDAQUI SAO PAULO;SANTANA;-23.4849783;-46.6314355;49;HOSP MUN VER JOSE STOROPOLLI;PARQUE NOVO MUNDO;-23.522085;-46.5617446;15640;15.64;1384;23.07;ok;
18;CONJUNTO HOSPITALAR DO MANDAQUI SAO PAULO;SANTANA;-23.4849783;-46.6314355;50;CENTRO MEDICO PMESP;TREMEMBE;-23.4690239;-46.6188727;3800;3.8;455;7.6;ok;
18;CONJUNTO HOSPITALAR DO MANDAQUI SAO PAULO;SANTANA;-23.4849783;-46.6314355;51;HOSP MUN CARMEN PRUDENTE;CIDADE TIRADENTES;-23.5833632;-46.4092773;34360;34.36;3017;50.3;ok;
18;CONJUNTO HOSPITALAR DO MANDAQUI SAO PAULO;SANTANA;-23.4849783;-46.6314355;53;INSTITUTO DE REABILITACAO LUCY MONTORO;VILA ANDRADE;-23.6322694;-46.7351129;34050;34.05;2164;36.07;ok;
18;CONJUNTO HOSPITALAR DO MANDAQUI SAO PAULO;SANTANA;-23.4849783;-46.6314355;55;INSTITUTO DO CANCER DO ESTADO DE SAO PAULO;CERQUEIRA CESAR;-23.5561305;-46.6681716;11600;11.6;1277;21.29;ok;
18;CONJUNTO HOSPITALAR DO MANDAQUI SAO PAULO;SANTANA;-23.4849783;-46.6314355;56;HOSP MUN SOROCABANA;VILA ROMANA;-23.5238763;-46.7013591;12190;12.19;1202;20.04;ok;
18;CONJUNTO HOSPITALAR DO MANDAQUI SAO PAULO;SANTANA;-23.4849783;-46.6314355;57;HOSP MUN GILSON DE CASSIA MARQUES DE CARVALHO;VILA MASCOTE;-23.6470652;-46.662824;21270;21.27;2220;37.01;ok;
18;CONJUNTO HOSPITALAR DO MANDAQUI SAO PAULO;SANTANA;-23.4849783;-46.6314355;58;HOSP MUN CAPELA DO SOCORRO;JARDIM DAS IMBUIAS;-23.7296842;-46.7129995;45990;45.99;3308;55.14;ok;
18;CONJUNTO HOSPITALAR DO MANDAQUI SAO PAULO;SANTANA;-23.4849783;-46.6314355;59;HOSP MUN JOSANIAS CASTANHA BRAGA;JARDIM ROSCHEL;-23.8247733;-46.7266429;59060;59.06;4177;69.63;ok;
18;CONJUNTO HOSPITALAR DO MANDAQUI SAO PAULO;SANTANA;-23.4849783;-46.6314355;233;HOSP MUN SOROCABANA;ALTO DE PINHEIROS;-23.5375934;-46.7227993;14830;14.83;1558;25.97;ok;
19;HOSPITAL GERAL SANTA MARCELINA DE ITAIM PAULISTA SAO PAULO;ITAIM PAULISTA;-23.4924231;-46.3889814;1;HOSPITAL MUNICIPAL SANTA DULCE DOS POBRES;CONSOLACAO;-23.5573928;-46.6562429;38630;38.63;2578;42.97;ok;
19;HOSPITAL GERAL SANTA MARCELINA DE ITAIM PAULISTA SAO PAULO;ITAIM PAULISTA;-23.4924231;-46.3889814;2;HOSPITAL MUNICIPAL BRASILANDIA;JARDIM MARISTELA;-23.476544;-46.6980006;44290;44.29;2543;42.39;ok;
19;HOSPITAL GERAL SANTA MARCELINA DE ITAIM PAULISTA SAO PAULO;ITAIM PAULISTA;-23.4924231;-46.3889814;3;HOSPITAL MUNICIPAL GUARAPIRANGA;RIVIERA PAULISTA;-23.6911689;-46.7517858;70310;70.31;3868;64.48;ok;
19;HOSPITAL GERAL SANTA MARCELINA DE ITAIM PAULISTA SAO PAULO;ITAIM PAULISTA;-23.4924231;-46.3889814;4;INSTITUTO DE INFECTOLOGIA EMILIO RIBAS;SUMARE;-23.5470783;-46.6812257;40680;40.68;2463;41.05;ok;
19;HOSPITAL GERAL SANTA MARCELINA DE ITAIM PAULISTA SAO PAULO;ITAIM PAULISTA;-23.4924231;-46.3889814;5;HOSPITAL DO SERV PUB EST FCO MORATO DE OLIVEIRA SAO PAULO;IBIRAPUERA;-23.5966175;-46.6539691;42400;42.4;2827;47.13;ok;
19;HOSPITAL GERAL SANTA MARCELINA DE ITAIM PAULISTA SAO PAULO;ITAIM PAULISTA;-23.4924231;-46.3889814;6;HOSPITAL MATERNIDADE INTERLAGOS;JD LEBLON;-23.7069613;-46.7021968;71610;71.61;4004;66.73;ok;
19;HOSPITAL GERAL SANTA MARCELINA DE ITAIM PAULISTA SAO PAULO;ITAIM PAULISTA;-23.4924231;-46.3889814;7;HOSPITAL GERAL DE PEDREIRA;VILA CAMPO GRANDE;-23.6808407;-46.6783317;70600;70.6;3964;66.07;ok;
19;HOSPITAL GERAL SANTA MARCELINA DE ITAIM PAULISTA SAO PAULO;ITAIM PAULISTA;-23.4924231;-46.3889814;8;HOSPITAL HELIOPOLIS UNIDADE DE GESTAO ASSISTENCIAL I;V HELIOPOLIS;-23.607115;-46.595253;39130;39.13;2774;46.25;ok;
19;HOSPITAL GERAL SANTA MARCELINA DE ITAIM PAULISTA SAO PAULO;ITAIM PAULISTA;-23.4924231;-46.3889814;10;HOSPITAL INFANTIL DARCY VARGAS UGA III SAO PAULO;JARDIM GUEDALA;-23.5929419;-46.7109151;57290;57.29;3092;51.54;ok;
19;HOSPITAL GERAL SANTA MARCELINA DE ITAIM PAULISTA SAO PAULO;ITAIM PAULISTA;-23.4924231;-46.3889814;11;HOSP MUN MATERNIDADE PROFESSOR MARIO DEGNI;VILA ANTONIO;-23.5777487;-46.764842;53610;53.61;3005;50.08;ok;
19;HOSPITAL GERAL SANTA MARCELINA DE ITAIM PAULISTA SAO PAULO;ITAIM PAULISTA;-23.4924231;-46.3889814;12;HOSPITAL UNIVERSITARIO DA USP SAO PAULO;BUTANTA;-23.5649058;-46.7409515;51680;51.68;2905;48.42;ok;
19;HOSPITAL GERAL SANTA MARCELINA DE ITAIM PAULISTA SAO PAULO;ITAIM PAULISTA;-23.4924231;-46.3889814;13;CAISM PHILIPPE PINEL SAO PAULO;PIRITUBA;-23.4869816;-46.7239346;44480;44.48;2569;42.83;ok;
19;HOSPITAL GERAL SANTA MARCELINA DE ITAIM PAULISTA SAO PAULO;ITAIM PAULISTA;-23.4924231;-46.3889814;14;HOSPITAL GERAL HENRIQUE ALTIMEYER DE VILA ALPINA;VILA ALPINA;-23.5930526;-46.5607618;35890;35.89;2362;39.38;ok;
19;HOSPITAL GERAL SANTA MARCELINA DE ITAIM PAULISTA SAO PAULO;ITAIM PAULISTA;-23.4924231;-46.3889814;16;HOSPITAL GERAL DE SAO MATEUS SAO PAULO;SAO MATEUS;-23.5947358;-46.4867109;19510;19.51;1887;31.46;ok;
19;HOSPITAL GERAL SANTA MARCELINA DE ITAIM PAULISTA SAO PAULO;ITAIM PAULISTA;-23.4924231;-46.3889814;17;UNIDADE DE GESTAO ASSISTENCIAL II HOSPITAL IPIRANGA SP;IPIRANGA;-23.584203;-46.6116295;37160;37.16;2590;43.18;ok;
19;HOSPITAL GERAL SANTA MARCELINA DE ITAIM PAULISTA SAO PAULO;ITAIM PAULISTA;-23.4924231;-46.3889814;18;CONJUNTO HOSPITALAR DO MANDAQUI SAO PAULO;SANTANA;-23.4849783;-46.6314355;36170;36.17;2302;38.38;ok;
19;HOSPITAL GERAL SANTA MARCELINA DE ITAIM PAULISTA SAO PAULO;ITAIM PAULISTA;-23.4924231;-46.3889814;19;HOSPITAL GERAL SANTA MARCELINA DE ITAIM PAULISTA SAO PAULO;ITAIM PAULISTA;-23.4924231;-46.3889814;0;0.0;0;0.0;ok;
19;HOSPITAL GERAL SANTA MARCELINA DE ITAIM PAULISTA SAO PAULO;ITAIM PAULISTA;-23.4924231;-46.3889814;20;HOSP MUN PROF DR WALDOMIRO DE PAULA;ITAQUERA;-23.5321357;-46.4472128;9770;9.77;838;13.98;ok;
19;HOSPITAL GERAL SANTA MARCELINA DE ITAIM PAULISTA SAO PAULO;ITAIM PAULISTA;-23.4924231;-46.3889814;21;HOSPITAL GERAL DO GRAJAU PROF LIBER JOHN ALPHONSE DI DIO SP;PARQUE DAS NACOES;-23.691152;-46.5848155;59780;59.78;3308;55.14;ok;
19;HOSPITAL GERAL SANTA MARCELINA DE ITAIM PAULISTA SAO PAULO;ITAIM PAULISTA;-23.4924231;-46.3889814;22;HOSPITAL E MATERNIDADE LEONOR MENDES DE BARROS SAO PAULO;BELENZINHO;-23.5359031;-46.5887061;28920;28.92;1767;29.46;ok;
19;HOSPITAL GERAL SANTA MARCELINA DE ITAIM PAULISTA SAO PAULO;ITAIM PAULISTA;-23.4924231;-46.3889814;23;CENTRO DE REFERENCIA E TREINAMENTO DST AIDS SAO PAULO;VILA MARIANA;-23.5966194;-46.6358133;42030;42.03;2906;48.45;ok;
19;HOSPITAL GERAL SANTA MARCELINA DE ITAIM PAULISTA SAO PAULO;ITAIM PAULISTA;-23.4924231;-46.3889814;24;HOSPITAL MILITAR DE AREA DE SAO PAULO;CAMBUCI;-23.5696701;-46.6134492;39030;39.03;2537;42.28;ok;
19;HOSPITAL GERAL SANTA MARCELINA DE ITAIM PAULISTA SAO PAULO;ITAIM PAULISTA;-23.4924231;-46.3889814;25;CENTRO DE REFERENCIA DA SAUDE DA MULHER;CAMPOS ELISEOS;-23.5343002;-46.6437496;37610;37.61;2238;37.31;ok;
19;HOSPITAL GERAL SANTA MARCELINA DE ITAIM PAULISTA SAO PAULO;ITAIM PAULISTA;-23.4924231;-46.3889814;26;HOSP MUN INFANTIL MENINO JESUS;BELA VISTA;-23.56022;-46.6469982;38520;38.52;2579;42.99;ok;
19;HOSPITAL GERAL SANTA MARCELINA DE ITAIM PAULISTA SAO PAULO;ITAIM PAULISTA;-23.4924231;-46.3889814;28;HOSP MUN MAT ESC DR MARIO DE MORAES A SILVA;VILA NOVA CACHOEIRIN;-23.4802096;-46.6709709;42390;42.39;2447;40.79;ok;
19;HOSPITAL GERAL SANTA MARCELINA DE ITAIM PAULISTA SAO PAULO;ITAIM PAULISTA;-23.4924231;-46.3889814;29;HOSPITAL GERAL JESUS TEIXEIRA DA COSTA GUAIANASES SAO PAULO;JARDIM SAO PAULO;-23.5523813;-46.4053829;10000;10.0;935;15.6;ok;
19;HOSPITAL GERAL SANTA MARCELINA DE ITAIM PAULISTA SAO PAULO;ITAIM PAULISTA;-23.4924231;-46.3889814;30;HOSP MUN DR CARMINO CARICCHIO;TATUAPE;-23.5329502;-46.5664411;27020;27.02;1688;28.14;ok;
19;HOSPITAL GERAL SANTA MARCELINA DE ITAIM PAULISTA SAO PAULO;ITAIM PAULISTA;-23.4924231;-46.3889814;31;HOSP MUN TIDE SETUBAL;SAO MIGUEL PAULISTA;-23.4973179;-46.439865;6020;6.02;621;10.36;ok;
19;HOSPITAL GERAL SANTA MARCELINA DE ITAIM PAULISTA SAO PAULO;ITAIM PAULISTA;-23.4924231;-46.3889814;32;HOSP MUN V NHOCUNE ALEXANDRE ZAIO;VILA NHOCUNE;-23.5424212;-46.5015398;16450;16.45;1642;27.37;ok;
19;HOSPITAL GERAL SANTA MARCELINA DE ITAIM PAULISTA SAO PAULO;ITAIM PAULISTA;-23.4924231;-46.3889814;33;HOSP MUN JABAQUARA ARTUR RIBEIRO DE SABOYA;JABAQUARA;-23.6533422;-46.6456764;69430;69.43;3563;59.4;ok;
19;HOSPITAL GERAL SANTA MARCELINA DE ITAIM PAULISTA SAO PAULO;ITAIM PAULISTA;-23.4924231;-46.3889814;34;HOSPITAL KATIA DE SOUZA RODRIGUES TAIPASSP SAO PAULO;PARADA DE TAIPAS;-23.4436996;-46.7177512;48750;48.75;2836;47.27;ok;
19;HOSPITAL GERAL SANTA MARCELINA DE ITAIM PAULISTA SAO PAULO;ITAIM PAULISTA;-23.4924231;-46.3889814;35;HOSP MUN PROFESSOR DOUTOR ALIPIO CORREA NETTO;VILA PARANAGUA;-23.499644;-46.4729162;9840;9.84;1058;17.65;ok;
19;HOSPITAL GERAL SANTA MARCELINA DE ITAIM PAULISTA SAO PAULO;ITAIM PAULISTA;-23.4924231;-46.3889814;36;HOSPITAL MUNICIPAL DR BENEDITO MONTENEGRO;JARDIM IVA;-23.5875541;-46.5145716;21310;21.31;2076;34.61;ok;
19;HOSPITAL GERAL SANTA MARCELINA DE ITAIM PAULISTA SAO PAULO;ITAIM PAULISTA;-23.4924231;-46.3889814;37;HOSP MUN IGNACIO PROENCA DE GOUVEA;PARQUE DA MOOCA;-23.5717374;-46.590166;34100;34.1;2235;37.26;ok;
19;HOSPITAL GERAL SANTA MARCELINA DE ITAIM PAULISTA SAO PAULO;ITAIM PAULISTA;-23.4924231;-46.3889814;38;HOSPITAL INFANTIL CANDIDO FONTOURA SAO PAULO;AGUA RASA;-23.551918;-46.5852143;31600;31.6;1999;33.33;ok;
19;HOSPITAL GERAL SANTA MARCELINA DE ITAIM PAULISTA SAO PAULO;ITAIM PAULISTA;-23.4924231;-46.3889814;40;HOSPITAL REGIONAL SUL SAO PAULO;SANTO AMARO;-23.6555597;-46.7058596;66180;66.18;3549;59.16;ok;
19;HOSPITAL GERAL SANTA MARCELINA DE ITAIM PAULISTA SAO PAULO;ITAIM PAULISTA;-23.4924231;-46.3889814;42;HOSPITAL ESTADUAL DE SAPOPEMBA SAO PAULO;JARDIM SAPOPEMBA;-23.611336;-46.493671;21650;21.65;2145;35.75;ok;
19;HOSPITAL GERAL SANTA MARCELINA DE ITAIM PAULISTA SAO PAULO;ITAIM PAULISTA;-23.4924231;-46.3889814;43;HOSPITAL GERAL DE VILA PENTEADO DR JOSE PANGELLA SAO PAULO;JARDIM IRACEMA;-23.4934229;-46.7008274;42090;42.09;2298;38.31;ok;
19;HOSPITAL GERAL SANTA MARCELINA DE ITAIM PAULISTA SAO PAULO;ITAIM PAULISTA;-23.4924231;-46.3889814;46;HOSP DO SERV PUB MUNICIPAL HSPM;LIBERDADE;-23.5673424;-46.639071;36180;36.18;2509;41.82;ok;
19;HOSPITAL GERAL SANTA MARCELINA DE ITAIM PAULISTA SAO PAULO;ITAIM PAULISTA;-23.4924231;-46.3889814;47;HOSP MUN FERNANDO MAURO PIRES DA ROCHA;CAMPO LIMPO;-23.6490957;-46.7490028;65300;65.3;3414;56.9;ok;
19;HOSPITAL GERAL SANTA MARCELINA DE ITAIM PAULISTA SAO PAULO;ITAIM PAULISTA;-23.4924231;-46.3889814;48;CENTRO HOSPITALAR DO SISTEMA PENITENCIARIO SAO PAULO;CARANDIRU;-23.5085713;-46.6201015;32490;32.49;1882;31.37;ok;
19;HOSPITAL GERAL SANTA MARCELINA DE ITAIM PAULISTA SAO PAULO;ITAIM PAULISTA;-23.4924231;-46.3889814;49;HOSP MUN VER JOSE STOROPOLLI;PARQUE NOVO MUNDO;-23.522085;-46.5617446;25450;25.45;1521;25.35;ok;
19;HOSPITAL GERAL SANTA MARCELINA DE ITAIM PAULISTA SAO PAULO;ITAIM PAULISTA;-23.4924231;-46.3889814;50;CENTRO MEDICO PMESP;TREMEMBE;-23.4690239;-46.6188727;37730;37.73;2455;40.93;ok;
19;HOSPITAL GERAL SANTA MARCELINA DE ITAIM PAULISTA SAO PAULO;ITAIM PAULISTA;-23.4924231;-46.3889814;51;HOSP MUN CARMEN PRUDENTE;CIDADE TIRADENTES;-23.5833632;-46.4092773;14090;14.09;1262;21.04;ok;
19;HOSPITAL GERAL SANTA MARCELINA DE ITAIM PAULISTA SAO PAULO;ITAIM PAULISTA;-23.4924231;-46.3889814;53;INSTITUTO DE REABILITACAO LUCY MONTORO;VILA ANDRADE;-23.6322694;-46.7351129;63120;63.12;3279;54.65;ok;
19;HOSPITAL GERAL SANTA MARCELINA DE ITAIM PAULISTA SAO PAULO;ITAIM PAULISTA;-23.4924231;-46.3889814;55;INSTITUTO DO CANCER DO ESTADO DE SAO PAULO;CERQUEIRA CESAR;-23.5561305;-46.6681716;40910;40.91;2600;43.34;ok;
19;HOSPITAL GERAL SANTA MARCELINA DE ITAIM PAULISTA SAO PAULO;ITAIM PAULISTA;-23.4924231;-46.3889814;56;HOSP MUN SOROCABANA;VILA ROMANA;-23.5238763;-46.7013591;41570;41.57;2409;40.16;ok;
19;HOSPITAL GERAL SANTA MARCELINA DE ITAIM PAULISTA SAO PAULO;ITAIM PAULISTA;-23.4924231;-46.3889814;57;HOSP MUN GILSON DE CASSIA MARQUES DE CARVALHO;VILA MASCOTE;-23.6470652;-46.662824;49420;49.42;3505;58.42;ok;
19;HOSPITAL GERAL SANTA MARCELINA DE ITAIM PAULISTA SAO PAULO;ITAIM PAULISTA;-23.4924231;-46.3889814;58;HOSP MUN CAPELA DO SOCORRO;JARDIM DAS IMBUIAS;-23.7296842;-46.7129995;75060;75.06;4422;73.71;ok;
19;HOSPITAL GERAL SANTA MARCELINA DE ITAIM PAULISTA SAO PAULO;ITAIM PAULISTA;-23.4924231;-46.3889814;59;HOSP MUN JOSANIAS CASTANHA BRAGA;JARDIM ROSCHEL;-23.8247733;-46.7266429;88130;88.13;5292;88.21;ok;
19;HOSPITAL GERAL SANTA MARCELINA DE ITAIM PAULISTA SAO PAULO;ITAIM PAULISTA;-23.4924231;-46.3889814;233;HOSP MUN SOROCABANA;ALTO DE PINHEIROS;-23.5375934;-46.7227993;46510;46.51;2729;45.49;ok;
20;HOSP MUN PROF DR WALDOMIRO DE PAULA;ITAQUERA;-23.5321357;-46.4472128;1;HOSPITAL MUNICIPAL SANTA DULCE DOS POBRES;CONSOLACAO;-23.5573928;-46.6562429;24640;24.64;2472;41.2;ok;
20;HOSP MUN PROF DR WALDOMIRO DE PAULA;ITAQUERA;-23.5321357;-46.4472128;2;HOSPITAL MUNICIPAL BRASILANDIA;JARDIM MARISTELA;-23.476544;-46.6980006;41490;41.49;2525;42.09;ok;
20;HOSP MUN PROF DR WALDOMIRO DE PAULA;ITAQUERA;-23.5321357;-46.4472128;3;HOSPITAL MUNICIPAL GUARAPIRANGA;RIVIERA PAULISTA;-23.6911689;-46.7517858;67520;67.52;3850;64.18;ok;
20;HOSP MUN PROF DR WALDOMIRO DE PAULA;ITAQUERA;-23.5321357;-46.4472128;4;INSTITUTO DE INFECTOLOGIA EMILIO RIBAS;SUMARE;-23.5470783;-46.6812257;37880;37.88;2445;40.75;ok;
20;HOSP MUN PROF DR WALDOMIRO DE PAULA;ITAQUERA;-23.5321357;-46.4472128;5;HOSPITAL DO SERV PUB EST FCO MORATO DE OLIVEIRA SAO PAULO;IBIRAPUERA;-23.5966175;-46.6539691;27170;27.17;2620;43.67;ok;
20;HOSP MUN PROF DR WALDOMIRO DE PAULA;ITAQUERA;-23.5321357;-46.4472128;6;HOSPITAL MATERNIDADE INTERLAGOS;JD LEBLON;-23.7069613;-46.7021968;68810;68.81;3985;66.43;ok;
20;HOSP MUN PROF DR WALDOMIRO DE PAULA;ITAQUERA;-23.5321357;-46.4472128;7;HOSPITAL GERAL DE PEDREIRA;VILA CAMPO GRANDE;-23.6808407;-46.6783317;37520;37.52;3689;61.48;ok;
20;HOSP MUN PROF DR WALDOMIRO DE PAULA;ITAQUERA;-23.5321357;-46.4472128;8;HOSPITAL HELIOPOLIS UNIDADE DE GESTAO ASSISTENCIAL I;V HELIOPOLIS;-23.607115;-46.595253;23350;23.35;2289;38.15;ok;
20;HOSP MUN PROF DR WALDOMIRO DE PAULA;ITAQUERA;-23.5321357;-46.4472128;10;HOSPITAL INFANTIL DARCY VARGAS UGA III SAO PAULO;JARDIM GUEDALA;-23.5929419;-46.7109151;54490;54.49;3074;51.23;ok;
20;HOSP MUN PROF DR WALDOMIRO DE PAULA;ITAQUERA;-23.5321357;-46.4472128;11;HOSP MUN MATERNIDADE PROFESSOR MARIO DEGNI;VILA ANTONIO;-23.5777487;-46.764842;50810;50.81;2987;49.78;ok;
20;HOSP MUN PROF DR WALDOMIRO DE PAULA;ITAQUERA;-23.5321357;-46.4472128;12;HOSPITAL UNIVERSITARIO DA USP SAO PAULO;BUTANTA;-23.5649058;-46.7409515;48880;48.88;2887;48.12;ok;
20;HOSP MUN PROF DR WALDOMIRO DE PAULA;ITAQUERA;-23.5321357;-46.4472128;13;CAISM PHILIPPE PINEL SAO PAULO;PIRITUBA;-23.4869816;-46.7239346;41690;41.69;2551;42.53;ok;
20;HOSP MUN PROF DR WALDOMIRO DE PAULA;ITAQUERA;-23.5321357;-46.4472128;14;HOSPITAL GERAL HENRIQUE ALTIMEYER DE VILA ALPINA;VILA ALPINA;-23.5930526;-46.5607618;17850;17.85;1697;28.28;ok;
20;HOSP MUN PROF DR WALDOMIRO DE PAULA;ITAQUERA;-23.5321357;-46.4472128;16;HOSPITAL GERAL DE SAO MATEUS SAO PAULO;SAO MATEUS;-23.5947358;-46.4867109;9730;9.73;1048;17.48;ok;
20;HOSP MUN PROF DR WALDOMIRO DE PAULA;ITAQUERA;-23.5321357;-46.4472128;17;UNIDADE DE GESTAO ASSISTENCIAL II HOSPITAL IPIRANGA SP;IPIRANGA;-23.584203;-46.6116295;22260;22.26;2115;35.26;ok;
20;HOSP MUN PROF DR WALDOMIRO DE PAULA;ITAQUERA;-23.5321357;-46.4472128;18;CONJUNTO HOSPITALAR DO MANDAQUI SAO PAULO;SANTANA;-23.4849783;-46.6314355;33380;33.38;2284;38.08;ok;
20;HOSP MUN PROF DR WALDOMIRO DE PAULA;ITAQUERA;-23.5321357;-46.4472128;19;HOSPITAL GERAL SANTA MARCELINA DE ITAIM PAULISTA SAO PAULO;ITAIM PAULISTA;-23.4924231;-46.3889814;9690;9.69;867;14.46;ok;
20;HOSP MUN PROF DR WALDOMIRO DE PAULA;ITAQUERA;-23.5321357;-46.4472128;20;HOSP MUN PROF DR WALDOMIRO DE PAULA;ITAQUERA;-23.5321357;-46.4472128;0;0.0;0;0.0;ok;
20;HOSP MUN PROF DR WALDOMIRO DE PAULA;ITAQUERA;-23.5321357;-46.4472128;21;HOSPITAL GERAL DO GRAJAU PROF LIBER JOHN ALPHONSE DI DIO SP;PARQUE DAS NACOES;-23.691152;-46.5848155;28200;28.2;2635;43.92;ok;
20;HOSP MUN PROF DR WALDOMIRO DE PAULA;ITAQUERA;-23.5321357;-46.4472128;22;HOSPITAL E MATERNIDADE LEONOR MENDES DE BARROS SAO PAULO;BELENZINHO;-23.5359031;-46.5887061;16340;16.34;1590;26.51;ok;
20;HOSP MUN PROF DR WALDOMIRO DE PAULA;ITAQUERA;-23.5321357;-46.4472128;23;CENTRO DE REFERENCIA E TREINAMENTO DST AIDS SAO PAULO;VILA MARIANA;-23.5966194;-46.6358133;25810;25.81;2636;43.94;ok;
20;HOSP MUN PROF DR WALDOMIRO DE PAULA;ITAQUERA;-23.5321357;-46.4472128;24;HOSPITAL MILITAR DE AREA DE SAO PAULO;CAMBUCI;-23.5696701;-46.6134492;22160;22.16;2227;37.12;ok;
20;HOSP MUN PROF DR WALDOMIRO DE PAULA;ITAQUERA;-23.5321357;-46.4472128;25;CENTRO DE REFERENCIA DA SAUDE DA MULHER;CAMPOS ELISEOS;-23.5343002;-46.6437496;34810;34.81;2220;37.01;ok;
20;HOSP MUN PROF DR WALDOMIRO DE PAULA;ITAQUERA;-23.5321357;-46.4472128;26;HOSP MUN INFANTIL MENINO JESUS;BELA VISTA;-23.56022;-46.6469982;23310;23.31;2366;39.44;ok;
20;HOSP MUN PROF DR WALDOMIRO DE PAULA;ITAQUERA;-23.5321357;-46.4472128;28;HOSP MUN MAT ESC DR MARIO DE MORAES A SILVA;VILA NOVA CACHOEIRIN;-23.4802096;-46.6709709;39600;39.6;2429;40.49;ok;
20;HOSP MUN PROF DR WALDOMIRO DE PAULA;ITAQUERA;-23.5321357;-46.4472128;29;HOSPITAL GERAL JESUS TEIXEIRA DA COSTA GUAIANASES SAO PAULO;JARDIM SAO PAULO;-23.5523813;-46.4053829;6040;6.04;639;10.66;ok;
20;HOSP MUN PROF DR WALDOMIRO DE PAULA;ITAQUERA;-23.5321357;-46.4472128;30;HOSP MUN DR CARMINO CARICCHIO;TATUAPE;-23.5329502;-46.5664411;14440;14.44;1393;23.23;ok;
20;HOSP MUN PROF DR WALDOMIRO DE PAULA;ITAQUERA;-23.5321357;-46.4472128;31;HOSP MUN TIDE SETUBAL;SAO MIGUEL PAULISTA;-23.4973179;-46.439865;4800;4.8;450;7.51;ok;
20;HOSP MUN PROF DR WALDOMIRO DE PAULA;ITAQUERA;-23.5321357;-46.4472128;32;HOSP MUN V NHOCUNE ALEXANDRE ZAIO;VILA NHOCUNE;-23.5424212;-46.5015398;6670;6.67;803;13.39;ok;
20;HOSP MUN PROF DR WALDOMIRO DE PAULA;ITAQUERA;-23.5321357;-46.4472128;33;HOSP MUN JABAQUARA ARTUR RIBEIRO DE SABOYA;JABAQUARA;-23.6533422;-46.6456764;31570;31.57;3127;52.13;ok;
20;HOSP MUN PROF DR WALDOMIRO DE PAULA;ITAQUERA;-23.5321357;-46.4472128;34;HOSPITAL KATIA DE SOUZA RODRIGUES TAIPASSP SAO PAULO;PARADA DE TAIPAS;-23.4436996;-46.7177512;45950;45.95;2818;46.97;ok;
20;HOSP MUN PROF DR WALDOMIRO DE PAULA;ITAQUERA;-23.5321357;-46.4472128;35;HOSP MUN PROFESSOR DOUTOR ALIPIO CORREA NETTO;VILA PARANAGUA;-23.499644;-46.4729162;7200;7.2;794;13.24;ok;
20;HOSP MUN PROF DR WALDOMIRO DE PAULA;ITAQUERA;-23.5321357;-46.4472128;36;HOSPITAL MUNICIPAL DR BENEDITO MONTENEGRO;JARDIM IVA;-23.5875541;-46.5145716;11530;11.53;1237;20.63;ok;
20;HOSP MUN PROF DR WALDOMIRO DE PAULA;ITAQUERA;-23.5321357;-46.4472128;37;HOSP MUN IGNACIO PROENCA DE GOUVEA;PARQUE DA MOOCA;-23.5717374;-46.590166;20870;20.87;1963;32.73;ok;
20;HOSP MUN PROF DR WALDOMIRO DE PAULA;ITAQUERA;-23.5321357;-46.4472128;38;HOSPITAL INFANTIL CANDIDO FONTOURA SAO PAULO;AGUA RASA;-23.551918;-46.5852143;17640;17.64;1681;28.03;ok;
20;HOSP MUN PROF DR WALDOMIRO DE PAULA;ITAQUERA;-23.5321357;-46.4472128;40;HOSPITAL REGIONAL SUL SAO PAULO;SANTO AMARO;-23.6555597;-46.7058596;63390;63.39;3531;58.86;ok;
20;HOSP MUN PROF DR WALDOMIRO DE PAULA;ITAQUERA;-23.5321357;-46.4472128;42;HOSPITAL ESTADUAL DE SAPOPEMBA SAO PAULO;JARDIM SAPOPEMBA;-23.611336;-46.493671;11870;11.87;1306;21.77;ok;
20;HOSP MUN PROF DR WALDOMIRO DE PAULA;ITAQUERA;-23.5321357;-46.4472128;43;HOSPITAL GERAL DE VILA PENTEADO DR JOSE PANGELLA SAO PAULO;JARDIM IRACEMA;-23.4934229;-46.7008274;39300;39.3;2280;38.01;ok;
20;HOSP MUN PROF DR WALDOMIRO DE PAULA;ITAQUERA;-23.5321357;-46.4472128;46;HOSP DO SERV PUB MUNICIPAL HSPM;LIBERDADE;-23.5673424;-46.639071;22220;22.22;2191;36.52;ok;
20;HOSP MUN PROF DR WALDOMIRO DE PAULA;ITAQUERA;-23.5321357;-46.4472128;47;HOSP MUN FERNANDO MAURO PIRES DA ROCHA;CAMPO LIMPO;-23.6490957;-46.7490028;62500;62.5;3396;56.6;ok;
20;HOSP MUN PROF DR WALDOMIRO DE PAULA;ITAQUERA;-23.5321357;-46.4472128;48;CENTRO HOSPITALAR DO SISTEMA PENITENCIARIO SAO PAULO;CARANDIRU;-23.5085713;-46.6201015;29690;29.69;1863;31.07;ok;
20;HOSP MUN PROF DR WALDOMIRO DE PAULA;ITAQUERA;-23.5321357;-46.4472128;49;HOSP MUN VER JOSE STOROPOLLI;PARQUE NOVO MUNDO;-23.522085;-46.5617446;14930;14.93;1480;24.67;ok;
20;HOSP MUN PROF DR WALDOMIRO DE PAULA;ITAQUERA;-23.5321357;-46.4472128;50;CENTRO MEDICO PMESP;TREMEMBE;-23.4690239;-46.6188727;34940;34.94;2437;40.63;ok;
20;HOSP MUN PROF DR WALDOMIRO DE PAULA;ITAQUERA;-23.5321357;-46.4472128;51;HOSP MUN CARMEN PRUDENTE;CIDADE TIRADENTES;-23.5833632;-46.4092773;8640;8.64;818;13.63;ok;
20;HOSP MUN PROF DR WALDOMIRO DE PAULA;ITAQUERA;-23.5321357;-46.4472128;53;INSTITUTO DE REABILITACAO LUCY MONTORO;VILA ANDRADE;-23.6322694;-46.7351129;60320;60.32;3261;54.35;ok;
20;HOSP MUN PROF DR WALDOMIRO DE PAULA;ITAQUERA;-23.5321357;-46.4472128;55;INSTITUTO DO CANCER DO ESTADO DE SAO PAULO;CERQUEIRA CESAR;-23.5561305;-46.6681716;38110;38.11;2582;43.04;ok;
20;HOSP MUN PROF DR WALDOMIRO DE PAULA;ITAQUERA;-23.5321357;-46.4472128;56;HOSP MUN SOROCABANA;VILA ROMANA;-23.5238763;-46.7013591;38770;38.77;2391;39.86;ok;
20;HOSP MUN PROF DR WALDOMIRO DE PAULA;ITAQUERA;-23.5321357;-46.4472128;57;HOSP MUN GILSON DE CASSIA MARQUES DE CARVALHO;VILA MASCOTE;-23.6470652;-46.662824;32229;32.23;3230;53.84;ok;
20;HOSP MUN PROF DR WALDOMIRO DE PAULA;ITAQUERA;-23.5321357;-46.4472128;58;HOSP MUN CAPELA DO SOCORRO;JARDIM DAS IMBUIAS;-23.7296842;-46.7129995;43810;43.81;4343;72.39;ok;
20;HOSP MUN PROF DR WALDOMIRO DE PAULA;ITAQUERA;-23.5321357;-46.4472128;59;HOSP MUN JOSANIAS CASTANHA BRAGA;JARDIM ROSCHEL;-23.8247733;-46.7266429;56200;56.2;5146;85.78;ok;
20;HOSP MUN PROF DR WALDOMIRO DE PAULA;ITAQUERA;-23.5321357;-46.4472128;233;HOSP MUN SOROCABANA;ALTO DE PINHEIROS;-23.5375934;-46.7227993;43720;43.72;2711;45.19;ok;
21;HOSPITAL GERAL DO GRAJAU PROF LIBER JOHN ALPHONSE DI DIO SP;PARQUE DAS NACOES;-23.691152;-46.5848155;1;HOSPITAL MUNICIPAL SANTA DULCE DOS POBRES;CONSOLACAO;-23.5573928;-46.6562429;20450;20.45;1757;29.29;ok;
21;HOSPITAL GERAL DO GRAJAU PROF LIBER JOHN ALPHONSE DI DIO SP;PARQUE DAS NACOES;-23.691152;-46.5848155;2;HOSPITAL MUNICIPAL BRASILANDIA;JARDIM MARISTELA;-23.476544;-46.6980006;40000;40.0;2841;47.36;ok;
21;HOSPITAL GERAL DO GRAJAU PROF LIBER JOHN ALPHONSE DI DIO SP;PARQUE DAS NACOES;-23.691152;-46.5848155;3;HOSPITAL MUNICIPAL GUARAPIRANGA;RIVIERA PAULISTA;-23.6911689;-46.7517858;23360;23.36;2237;37.29;ok;
21;HOSPITAL GERAL DO GRAJAU PROF LIBER JOHN ALPHONSE DI DIO SP;PARQUE DAS NACOES;-23.691152;-46.5848155;4;INSTITUTO DE INFECTOLOGIA EMILIO RIBAS;SUMARE;-23.5470783;-46.6812257;23910;23.91;2096;34.93;ok;
21;HOSPITAL GERAL DO GRAJAU PROF LIBER JOHN ALPHONSE DI DIO SP;PARQUE DAS NACOES;-23.691152;-46.5848155;5;HOSPITAL DO SERV PUB EST FCO MORATO DE OLIVEIRA SAO PAULO;IBIRAPUERA;-23.5966175;-46.6539691;17260;17.26;1352;22.54;ok;
21;HOSPITAL GERAL DO GRAJAU PROF LIBER JOHN ALPHONSE DI DIO SP;PARQUE DAS NACOES;-23.691152;-46.5848155;6;HOSPITAL MATERNIDADE INTERLAGOS;JD LEBLON;-23.7069613;-46.7021968;16550;16.55;1615;26.92;ok;
21;HOSPITAL GERAL DO GRAJAU PROF LIBER JOHN ALPHONSE DI DIO SP;PARQUE DAS NACOES;-23.691152;-46.5848155;7;HOSPITAL GERAL DE PEDREIRA;VILA CAMPO GRANDE;-23.6808407;-46.6783317;12230;12.23;1215;20.26;ok;
21;HOSPITAL GERAL DO GRAJAU PROF LIBER JOHN ALPHONSE DI DIO SP;PARQUE DAS NACOES;-23.691152;-46.5848155;8;HOSPITAL HELIOPOLIS UNIDADE DE GESTAO ASSISTENCIAL I;V HELIOPOLIS;-23.607115;-46.595253;13660;13.66;957;15.95;ok;
21;HOSPITAL GERAL DO GRAJAU PROF LIBER JOHN ALPHONSE DI DIO SP;PARQUE DAS NACOES;-23.691152;-46.5848155;10;HOSPITAL INFANTIL DARCY VARGAS UGA III SAO PAULO;JARDIM GUEDALA;-23.5929419;-46.7109151;23380;23.38;2031;33.86;ok;
21;HOSPITAL GERAL DO GRAJAU PROF LIBER JOHN ALPHONSE DI DIO SP;PARQUE DAS NACOES;-23.691152;-46.5848155;11;HOSP MUN MATERNIDADE PROFESSOR MARIO DEGNI;VILA ANTONIO;-23.5777487;-46.764842;31590;31.59;2416;40.28;ok;
21;HOSPITAL GERAL DO GRAJAU PROF LIBER JOHN ALPHONSE DI DIO SP;PARQUE DAS NACOES;-23.691152;-46.5848155;12;HOSPITAL UNIVERSITARIO DA USP SAO PAULO;BUTANTA;-23.5649058;-46.7409515;29610;29.61;2507;41.8;ok;
21;HOSPITAL GERAL DO GRAJAU PROF LIBER JOHN ALPHONSE DI DIO SP;PARQUE DAS NACOES;-23.691152;-46.5848155;13;CAISM PHILIPPE PINEL SAO PAULO;PIRITUBA;-23.4869816;-46.7239346;40200;40.2;2868;47.8;ok;
21;HOSPITAL GERAL DO GRAJAU PROF LIBER JOHN ALPHONSE DI DIO SP;PARQUE DAS NACOES;-23.691152;-46.5848155;14;HOSPITAL GERAL HENRIQUE ALTIMEYER DE VILA ALPINA;VILA ALPINA;-23.5930526;-46.5607618;16120;16.12;1407;23.45;ok;
21;HOSPITAL GERAL DO GRAJAU PROF LIBER JOHN ALPHONSE DI DIO SP;PARQUE DAS NACOES;-23.691152;-46.5848155;16;HOSPITAL GERAL DE SAO MATEUS SAO PAULO;SAO MATEUS;-23.5947358;-46.4867109;20020;20.02;1881;31.35;ok;
21;HOSPITAL GERAL DO GRAJAU PROF LIBER JOHN ALPHONSE DI DIO SP;PARQUE DAS NACOES;-23.691152;-46.5848155;17;UNIDADE DE GESTAO ASSISTENCIAL II HOSPITAL IPIRANGA SP;IPIRANGA;-23.584203;-46.6116295;16420;16.42;1218;20.31;ok;
21;HOSPITAL GERAL DO GRAJAU PROF LIBER JOHN ALPHONSE DI DIO SP;PARQUE DAS NACOES;-23.691152;-46.5848155;18;CONJUNTO HOSPITALAR DO MANDAQUI SAO PAULO;SANTANA;-23.4849783;-46.6314355;28990;28.99;2581;43.02;ok;
21;HOSPITAL GERAL DO GRAJAU PROF LIBER JOHN ALPHONSE DI DIO SP;PARQUE DAS NACOES;-23.691152;-46.5848155;19;HOSPITAL GERAL SANTA MARCELINA DE ITAIM PAULISTA SAO PAULO;ITAIM PAULISTA;-23.4924231;-46.3889814;50690;50.69;3458;57.65;ok;
21;HOSPITAL GERAL DO GRAJAU PROF LIBER JOHN ALPHONSE DI DIO SP;PARQUE DAS NACOES;-23.691152;-46.5848155;20;HOSP MUN PROF DR WALDOMIRO DE PAULA;ITAQUERA;-23.5321357;-46.4472128;27630;27.63;2624;43.74;ok;
21;HOSPITAL GERAL DO GRAJAU PROF LIBER JOHN ALPHONSE DI DIO SP;PARQUE DAS NACOES;-23.691152;-46.5848155;21;HOSPITAL GERAL DO GRAJAU PROF LIBER JOHN ALPHONSE DI DIO SP;PARQUE DAS NACOES;-23.691152;-46.5848155;0;0.0;0;0.0;ok;
21;HOSPITAL GERAL DO GRAJAU PROF LIBER JOHN ALPHONSE DI DIO SP;PARQUE DAS NACOES;-23.691152;-46.5848155;22;HOSPITAL E MATERNIDADE LEONOR MENDES DE BARROS SAO PAULO;BELENZINHO;-23.5359031;-46.5887061;23490;23.49;1974;32.9;ok;
21;HOSPITAL GERAL DO GRAJAU PROF LIBER JOHN ALPHONSE DI DIO SP;PARQUE DAS NACOES;-23.691152;-46.5848155;23;CENTRO DE REFERENCIA E TREINAMENTO DST AIDS SAO PAULO;VILA MARIANA;-23.5966194;-46.6358133;15290;15.29;1161;19.36;ok;
21;HOSPITAL GERAL DO GRAJAU PROF LIBER JOHN ALPHONSE DI DIO SP;PARQUE DAS NACOES;-23.691152;-46.5848155;24;HOSPITAL MILITAR DE AREA DE SAO PAULO;CAMBUCI;-23.5696701;-46.6134492;18350;18.35;1433;23.89;ok;
21;HOSPITAL GERAL DO GRAJAU PROF LIBER JOHN ALPHONSE DI DIO SP;PARQUE DAS NACOES;-23.691152;-46.5848155;25;CENTRO DE REFERENCIA DA SAUDE DA MULHER;CAMPOS ELISEOS;-23.5343002;-46.6437496;23810;23.81;1989;33.17;ok;
21;HOSPITAL GERAL DO GRAJAU PROF LIBER JOHN ALPHONSE DI DIO SP;PARQUE DAS NACOES;-23.691152;-46.5848155;26;HOSP MUN INFANTIL MENINO JESUS;BELA VISTA;-23.56022;-46.6469982;19910;19.91;1744;29.07;ok;
21;HOSPITAL GERAL DO GRAJAU PROF LIBER JOHN ALPHONSE DI DIO SP;PARQUE DAS NACOES;-23.691152;-46.5848155;28;HOSP MUN MAT ESC DR MARIO DE MORAES A SILVA;VILA NOVA CACHOEIRIN;-23.4802096;-46.6709709;32470;32.47;2835;47.26;ok;
21;HOSPITAL GERAL DO GRAJAU PROF LIBER JOHN ALPHONSE DI DIO SP;PARQUE DAS NACOES;-23.691152;-46.5848155;29;HOSPITAL GERAL JESUS TEIXEIRA DA COSTA GUAIANASES SAO PAULO;JARDIM SAO PAULO;-23.5523813;-46.4053829;30940;30.94;2837;47.3;ok;
21;HOSPITAL GERAL DO GRAJAU PROF LIBER JOHN ALPHONSE DI DIO SP;PARQUE DAS NACOES;-23.691152;-46.5848155;30;HOSP MUN DR CARMINO CARICCHIO;TATUAPE;-23.5329502;-46.5664411;24600;24.6;2104;35.08;ok;
21;HOSPITAL GERAL DO GRAJAU PROF LIBER JOHN ALPHONSE DI DIO SP;PARQUE DAS NACOES;-23.691152;-46.5848155;31;HOSP MUN TIDE SETUBAL;SAO MIGUEL PAULISTA;-23.4973179;-46.439865;32259;32.26;3021;50.36;ok;
21;HOSPITAL GERAL DO GRAJAU PROF LIBER JOHN ALPHONSE DI DIO SP;PARQUE DAS NACOES;-23.691152;-46.5848155;32;HOSP MUN V NHOCUNE ALEXANDRE ZAIO;VILA NHOCUNE;-23.5424212;-46.5015398;24950;24.95;2388;39.81;ok;
21;HOSPITAL GERAL DO GRAJAU PROF LIBER JOHN ALPHONSE DI DIO SP;PARQUE DAS NACOES;-23.691152;-46.5848155;33;HOSP MUN JABAQUARA ARTUR RIBEIRO DE SABOYA;JABAQUARA;-23.6533422;-46.6456764;10520;10.52;824;13.73;ok;
21;HOSPITAL GERAL DO GRAJAU PROF LIBER JOHN ALPHONSE DI DIO SP;PARQUE DAS NACOES;-23.691152;-46.5848155;34;HOSPITAL KATIA DE SOUZA RODRIGUES TAIPASSP SAO PAULO;PARADA DE TAIPAS;-23.4436996;-46.7177512;44460;44.46;3134;52.24;ok;
21;HOSPITAL GERAL DO GRAJAU PROF LIBER JOHN ALPHONSE DI DIO SP;PARQUE DAS NACOES;-23.691152;-46.5848155;35;HOSP MUN PROFESSOR DOUTOR ALIPIO CORREA NETTO;VILA PARANAGUA;-23.499644;-46.4729162;36630;36.63;3192;53.21;ok;
21;HOSPITAL GERAL DO GRAJAU PROF LIBER JOHN ALPHONSE DI DIO SP;PARQUE DAS NACOES;-23.691152;-46.5848155;36;HOSPITAL MUNICIPAL DR BENEDITO MONTENEGRO;JARDIM IVA;-23.5875541;-46.5145716;18590;18.59;1708;28.47;ok;
21;HOSPITAL GERAL DO GRAJAU PROF LIBER JOHN ALPHONSE DI DIO SP;PARQUE DAS NACOES;-23.691152;-46.5848155;37;HOSP MUN IGNACIO PROENCA DE GOUVEA;PARQUE DA MOOCA;-23.5717374;-46.590166;18030;18.03;1402;23.38;ok;
21;HOSPITAL GERAL DO GRAJAU PROF LIBER JOHN ALPHONSE DI DIO SP;PARQUE DAS NACOES;-23.691152;-46.5848155;38;HOSPITAL INFANTIL CANDIDO FONTOURA SAO PAULO;AGUA RASA;-23.551918;-46.5852143;21790;21.79;1746;29.11;ok;
21;HOSPITAL GERAL DO GRAJAU PROF LIBER JOHN ALPHONSE DI DIO SP;PARQUE DAS NACOES;-23.691152;-46.5848155;40;HOSPITAL REGIONAL SUL SAO PAULO;SANTO AMARO;-23.6555597;-46.7058596;16470;16.47;1578;26.3;ok;
21;HOSPITAL GERAL DO GRAJAU PROF LIBER JOHN ALPHONSE DI DIO SP;PARQUE DAS NACOES;-23.691152;-46.5848155;42;HOSPITAL ESTADUAL DE SAPOPEMBA SAO PAULO;JARDIM SAPOPEMBA;-23.611336;-46.493671;16329;16.33;1535;25.6;ok;
21;HOSPITAL GERAL DO GRAJAU PROF LIBER JOHN ALPHONSE DI DIO SP;PARQUE DAS NACOES;-23.691152;-46.5848155;43;HOSPITAL GERAL DE VILA PENTEADO DR JOSE PANGELLA SAO PAULO;JARDIM IRACEMA;-23.4934229;-46.7008274;37810;37.81;2597;43.28;ok;
21;HOSPITAL GERAL DO GRAJAU PROF LIBER JOHN ALPHONSE DI DIO SP;PARQUE DAS NACOES;-23.691152;-46.5848155;46;HOSP DO SERV PUB MUNICIPAL HSPM;LIBERDADE;-23.5673424;-46.639071;19090;19.09;1651;27.53;ok;
21;HOSPITAL GERAL DO GRAJAU PROF LIBER JOHN ALPHONSE DI DIO SP;PARQUE DAS NACOES;-23.691152;-46.5848155;47;HOSP MUN FERNANDO MAURO PIRES DA ROCHA;CAMPO LIMPO;-23.6490957;-46.7490028;27450;27.45;2165;36.1;ok;
21;HOSPITAL GERAL DO GRAJAU PROF LIBER JOHN ALPHONSE DI DIO SP;PARQUE DAS NACOES;-23.691152;-46.5848155;48;CENTRO HOSPITALAR DO SISTEMA PENITENCIARIO SAO PAULO;CARANDIRU;-23.5085713;-46.6201015;26060;26.06;2265;37.77;ok;
21;HOSPITAL GERAL DO GRAJAU PROF LIBER JOHN ALPHONSE DI DIO SP;PARQUE DAS NACOES;-23.691152;-46.5848155;49;HOSP MUN VER JOSE STOROPOLLI;PARQUE NOVO MUNDO;-23.522085;-46.5617446;28350;28.35;2401;40.02;ok;
21;HOSPITAL GERAL DO GRAJAU PROF LIBER JOHN ALPHONSE DI DIO SP;PARQUE DAS NACOES;-23.691152;-46.5848155;50;CENTRO MEDICO PMESP;TREMEMBE;-23.4690239;-46.6188727;30910;30.91;2850;47.5;ok;
21;HOSPITAL GERAL DO GRAJAU PROF LIBER JOHN ALPHONSE DI DIO SP;PARQUE DAS NACOES;-23.691152;-46.5848155;51;HOSP MUN CARMEN PRUDENTE;CIDADE TIRADENTES;-23.5833632;-46.4092773;27680;27.68;2541;42.36;ok;
21;HOSPITAL GERAL DO GRAJAU PROF LIBER JOHN ALPHONSE DI DIO SP;PARQUE DAS NACOES;-23.691152;-46.5848155;53;INSTITUTO DE REABILITACAO LUCY MONTORO;VILA ANDRADE;-23.6322694;-46.7351129;25280;25.28;2030;33.85;ok;
21;HOSPITAL GERAL DO GRAJAU PROF LIBER JOHN ALPHONSE DI DIO SP;PARQUE DAS NACOES;-23.691152;-46.5848155;55;INSTITUTO DO CANCER DO ESTADO DE SAO PAULO;CERQUEIRA CESAR;-23.5561305;-46.6681716;23090;23.09;2023;33.73;ok;
21;HOSPITAL GERAL DO GRAJAU PROF LIBER JOHN ALPHONSE DI DIO SP;PARQUE DAS NACOES;-23.691152;-46.5848155;56;HOSP MUN SOROCABANA;VILA ROMANA;-23.5238763;-46.7013591;29110;29.11;2423;40.4;ok;
21;HOSPITAL GERAL DO GRAJAU PROF LIBER JOHN ALPHONSE DI DIO SP;PARQUE DAS NACOES;-23.691152;-46.5848155;57;HOSP MUN GILSON DE CASSIA MARQUES DE CARVALHO;VILA MASCOTE;-23.6470652;-46.662824;12610;12.61;1052;17.54;ok;
21;HOSPITAL GERAL DO GRAJAU PROF LIBER JOHN ALPHONSE DI DIO SP;PARQUE DAS NACOES;-23.691152;-46.5848155;58;HOSP MUN CAPELA DO SOCORRO;JARDIM DAS IMBUIAS;-23.7296842;-46.7129995;18530;18.53;1869;31.16;ok;
21;HOSPITAL GERAL DO GRAJAU PROF LIBER JOHN ALPHONSE DI DIO SP;PARQUE DAS NACOES;-23.691152;-46.5848155;59;HOSP MUN JOSANIAS CASTANHA BRAGA;JARDIM ROSCHEL;-23.8247733;-46.7266429;30920;30.92;2672;44.55;ok;
21;HOSPITAL GERAL DO GRAJAU PROF LIBER JOHN ALPHONSE DI DIO SP;PARQUE DAS NACOES;-23.691152;-46.5848155;233;HOSP MUN SOROCABANA;ALTO DE PINHEIROS;-23.5375934;-46.7227993;28480;28.48;2170;36.18;ok;
22;HOSPITAL E MATERNIDADE LEONOR MENDES DE BARROS SAO PAULO;BELENZINHO;-23.5359031;-46.5887061;1;HOSPITAL MUNICIPAL SANTA DULCE DOS POBRES;CONSOLACAO;-23.5573928;-46.6562429;9550;9.55;1164;19.41;ok;
22;HOSPITAL E MATERNIDADE LEONOR MENDES DE BARROS SAO PAULO;BELENZINHO;-23.5359031;-46.5887061;2;HOSPITAL MUNICIPAL BRASILANDIA;JARDIM MARISTELA;-23.476544;-46.6980006;18760;18.76;1362;22.7;ok;
22;HOSPITAL E MATERNIDADE LEONOR MENDES DE BARROS SAO PAULO;BELENZINHO;-23.5359031;-46.5887061;3;HOSPITAL MUNICIPAL GUARAPIRANGA;RIVIERA PAULISTA;-23.6911689;-46.7517858;44790;44.79;2687;44.8;ok;
22;HOSPITAL E MATERNIDADE LEONOR MENDES DE BARROS SAO PAULO;BELENZINHO;-23.5359031;-46.5887061;4;INSTITUTO DE INFECTOLOGIA EMILIO RIBAS;SUMARE;-23.5470783;-46.6812257;15150;15.15;1282;21.37;ok;
22;HOSPITAL E MATERNIDADE LEONOR MENDES DE BARROS SAO PAULO;BELENZINHO;-23.5359031;-46.5887061;5;HOSPITAL DO SERV PUB EST FCO MORATO DE OLIVEIRA SAO PAULO;IBIRAPUERA;-23.5966175;-46.6539691;12820;12.82;1322;22.04;ok;
22;HOSPITAL E MATERNIDADE LEONOR MENDES DE BARROS SAO PAULO;BELENZINHO;-23.5359031;-46.5887061;6;HOSPITAL MATERNIDADE INTERLAGOS;JD LEBLON;-23.7069613;-46.7021968;28050;28.05;2765;46.1;ok;
22;HOSPITAL E MATERNIDADE LEONOR MENDES DE BARROS SAO PAULO;BELENZINHO;-23.5359031;-46.5887061;7;HOSPITAL GERAL DE PEDREIRA;VILA CAMPO GRANDE;-23.6808407;-46.6783317;24560;24.56;2499;41.65;ok;
22;HOSPITAL E MATERNIDADE LEONOR MENDES DE BARROS SAO PAULO;BELENZINHO;-23.5359031;-46.5887061;8;HOSPITAL HELIOPOLIS UNIDADE DE GESTAO ASSISTENCIAL I;V HELIOPOLIS;-23.607115;-46.595253;11020;11.02;1151;19.19;ok;
22;HOSPITAL E MATERNIDADE LEONOR MENDES DE BARROS SAO PAULO;BELENZINHO;-23.5359031;-46.5887061;10;HOSPITAL INFANTIL DARCY VARGAS UGA III SAO PAULO;JARDIM GUEDALA;-23.5929419;-46.7109151;16820;16.82;1866;31.11;ok;
22;HOSPITAL E MATERNIDADE LEONOR MENDES DE BARROS SAO PAULO;BELENZINHO;-23.5359031;-46.5887061;11;HOSP MUN MATERNIDADE PROFESSOR MARIO DEGNI;VILA ANTONIO;-23.5777487;-46.764842;28080;28.08;1823;30.4;ok;
22;HOSPITAL E MATERNIDADE LEONOR MENDES DE BARROS SAO PAULO;BELENZINHO;-23.5359031;-46.5887061;12;HOSPITAL UNIVERSITARIO DA USP SAO PAULO;BUTANTA;-23.5649058;-46.7409515;26160;26.16;1724;28.74;ok;
22;HOSPITAL E MATERNIDADE LEONOR MENDES DE BARROS SAO PAULO;BELENZINHO;-23.5359031;-46.5887061;13;CAISM PHILIPPE PINEL SAO PAULO;PIRITUBA;-23.4869816;-46.7239346;18960;18.96;1388;23.14;ok;
22;HOSPITAL E MATERNIDADE LEONOR MENDES DE BARROS SAO PAULO;BELENZINHO;-23.5359031;-46.5887061;14;HOSPITAL GERAL HENRIQUE ALTIMEYER DE VILA ALPINA;VILA ALPINA;-23.5930526;-46.5607618;8150;8.15;775;12.93;ok;
22;HOSPITAL E MATERNIDADE LEONOR MENDES DE BARROS SAO PAULO;BELENZINHO;-23.5359031;-46.5887061;16;HOSPITAL GERAL DE SAO MATEUS SAO PAULO;SAO MATEUS;-23.5947358;-46.4867109;15730;15.73;1381;23.03;ok;
22;HOSPITAL E MATERNIDADE LEONOR MENDES DE BARROS SAO PAULO;BELENZINHO;-23.5359031;-46.5887061;17;UNIDADE DE GESTAO ASSISTENCIAL II HOSPITAL IPIRANGA SP;IPIRANGA;-23.584203;-46.6116295;9050;9.05;967;16.12;ok;
22;HOSPITAL E MATERNIDADE LEONOR MENDES DE BARROS SAO PAULO;BELENZINHO;-23.5359031;-46.5887061;18;CONJUNTO HOSPITALAR DO MANDAQUI SAO PAULO;SANTANA;-23.4849783;-46.6314355;10640;10.64;1092;18.21;ok;
22;HOSPITAL E MATERNIDADE LEONOR MENDES DE BARROS SAO PAULO;BELENZINHO;-23.5359031;-46.5887061;19;HOSPITAL GERAL SANTA MARCELINA DE ITAIM PAULISTA SAO PAULO;ITAIM PAULISTA;-23.4924231;-46.3889814;28360;28.36;1664;27.74;ok;
22;HOSPITAL E MATERNIDADE LEONOR MENDES DE BARROS SAO PAULO;BELENZINHO;-23.5359031;-46.5887061;20;HOSP MUN PROF DR WALDOMIRO DE PAULA;ITAQUERA;-23.5321357;-46.4472128;25590;25.59;1607;26.79;ok;
22;HOSPITAL E MATERNIDADE LEONOR MENDES DE BARROS SAO PAULO;BELENZINHO;-23.5359031;-46.5887061;21;HOSPITAL GERAL DO GRAJAU PROF LIBER JOHN ALPHONSE DI DIO SP;PARQUE DAS NACOES;-23.691152;-46.5848155;22800;22.8;1890;31.51;ok;
22;HOSPITAL E MATERNIDADE LEONOR MENDES DE BARROS SAO PAULO;BELENZINHO;-23.5359031;-46.5887061;22;HOSPITAL E MATERNIDADE LEONOR MENDES DE BARROS SAO PAULO;BELENZINHO;-23.5359031;-46.5887061;0;0.0;0;0.0;ok;
22;HOSPITAL E MATERNIDADE LEONOR MENDES DE BARROS SAO PAULO;BELENZINHO;-23.5359031;-46.5887061;23;CENTRO DE REFERENCIA E TREINAMENTO DST AIDS SAO PAULO;VILA MARIANA;-23.5966194;-46.6358133;11470;11.47;1338;22.31;ok;
22;HOSPITAL E MATERNIDADE LEONOR MENDES DE BARROS SAO PAULO;BELENZINHO;-23.5359031;-46.5887061;24;HOSPITAL MILITAR DE AREA DE SAO PAULO;CAMBUCI;-23.5696701;-46.6134492;8370;8.37;896;14.94;ok;
22;HOSPITAL E MATERNIDADE LEONOR MENDES DE BARROS SAO PAULO;BELENZINHO;-23.5359031;-46.5887061;25;CENTRO DE REFERENCIA DA SAUDE DA MULHER;CAMPOS ELISEOS;-23.5343002;-46.6437496;7210;7.21;856;14.28;ok;
22;HOSPITAL E MATERNIDADE LEONOR MENDES DE BARROS SAO PAULO;BELENZINHO;-23.5359031;-46.5887061;26;HOSP MUN INFANTIL MENINO JESUS;BELA VISTA;-23.56022;-46.6469982;8960;8.96;1069;17.82;ok;
22;HOSPITAL E MATERNIDADE LEONOR MENDES DE BARROS SAO PAULO;BELENZINHO;-23.5359031;-46.5887061;28;HOSP MUN MAT ESC DR MARIO DE MORAES A SILVA;VILA NOVA CACHOEIRIN;-23.4802096;-46.6709709;16870;16.87;1266;21.11;ok;
22;HOSPITAL E MATERNIDADE LEONOR MENDES DE BARROS SAO PAULO;BELENZINHO;-23.5359031;-46.5887061;29;HOSPITAL GERAL JESUS TEIXEIRA DA COSTA GUAIANASES SAO PAULO;JARDIM SAO PAULO;-23.5523813;-46.4053829;33540;33.54;2185;36.42;ok;
22;HOSPITAL E MATERNIDADE LEONOR MENDES DE BARROS SAO PAULO;BELENZINHO;-23.5359031;-46.5887061;30;HOSP MUN DR CARMINO CARICCHIO;TATUAPE;-23.5329502;-46.5664411;2430;2.43;399;6.66;ok;
22;HOSPITAL E MATERNIDADE LEONOR MENDES DE BARROS SAO PAULO;BELENZINHO;-23.5359031;-46.5887061;31;HOSP MUN TIDE SETUBAL;SAO MIGUEL PAULISTA;-23.4973179;-46.439865;21760;21.76;1350;22.51;ok;
22;HOSPITAL E MATERNIDADE LEONOR MENDES DE BARROS SAO PAULO;BELENZINHO;-23.5359031;-46.5887061;32;HOSP MUN V NHOCUNE ALEXANDRE ZAIO;VILA NHOCUNE;-23.5424212;-46.5015398;11210;11.21;1128;18.82;ok;
22;HOSPITAL E MATERNIDADE LEONOR MENDES DE BARROS SAO PAULO;BELENZINHO;-23.5359031;-46.5887061;33;HOSP MUN JABAQUARA ARTUR RIBEIRO DE SABOYA;JABAQUARA;-23.6533422;-46.6456764;19250;19.25;1987;33.13;ok;
22;HOSPITAL E MATERNIDADE LEONOR MENDES DE BARROS SAO PAULO;BELENZINHO;-23.5359031;-46.5887061;34;HOSPITAL KATIA DE SOUZA RODRIGUES TAIPASSP SAO PAULO;PARADA DE TAIPAS;-23.4436996;-46.7177512;23220;23.22;1654;27.58;ok;
22;HOSPITAL E MATERNIDADE LEONOR MENDES DE BARROS SAO PAULO;BELENZINHO;-23.5359031;-46.5887061;35;HOSP MUN PROFESSOR DOUTOR ALIPIO CORREA NETTO;VILA PARANAGUA;-23.499644;-46.4729162;14300;14.3;1397;23.3;ok;
22;HOSPITAL E MATERNIDADE LEONOR MENDES DE BARROS SAO PAULO;BELENZINHO;-23.5359031;-46.5887061;36;HOSPITAL MUNICIPAL DR BENEDITO MONTENEGRO;JARDIM IVA;-23.5875541;-46.5145716;10750;10.75;1124;18.74;ok;
22;HOSPITAL E MATERNIDADE LEONOR MENDES DE BARROS SAO PAULO;BELENZINHO;-23.5359031;-46.5887061;37;HOSP MUN IGNACIO PROENCA DE GOUVEA;PARQUE DA MOOCA;-23.5717374;-46.590166;5980;5.98;612;10.2;ok;
22;HOSPITAL E MATERNIDADE LEONOR MENDES DE BARROS SAO PAULO;BELENZINHO;-23.5359031;-46.5887061;38;HOSPITAL INFANTIL CANDIDO FONTOURA SAO PAULO;AGUA RASA;-23.551918;-46.5852143;2930;2.93;329;5.5;ok;
22;HOSPITAL E MATERNIDADE LEONOR MENDES DE BARROS SAO PAULO;BELENZINHO;-23.5359031;-46.5887061;40;HOSPITAL REGIONAL SUL SAO PAULO;SANTO AMARO;-23.6555597;-46.7058596;21940;21.94;2268;37.81;ok;
22;HOSPITAL E MATERNIDADE LEONOR MENDES DE BARROS SAO PAULO;BELENZINHO;-23.5359031;-46.5887061;42;HOSPITAL ESTADUAL DE SAPOPEMBA SAO PAULO;JARDIM SAPOPEMBA;-23.611336;-46.493671;15900;15.9;1480;24.67;ok;
22;HOSPITAL E MATERNIDADE LEONOR MENDES DE BARROS SAO PAULO;BELENZINHO;-23.5359031;-46.5887061;43;HOSPITAL GERAL DE VILA PENTEADO DR JOSE PANGELLA SAO PAULO;JARDIM IRACEMA;-23.4934229;-46.7008274;16570;16.57;1117;18.63;ok;
22;HOSPITAL E MATERNIDADE LEONOR MENDES DE BARROS SAO PAULO;BELENZINHO;-23.5359031;-46.5887061;46;HOSP DO SERV PUB MUNICIPAL HSPM;LIBERDADE;-23.5673424;-46.639071;7870;7.87;893;14.89;ok;
22;HOSPITAL E MATERNIDADE LEONOR MENDES DE BARROS SAO PAULO;BELENZINHO;-23.5359031;-46.5887061;47;HOSP MUN FERNANDO MAURO PIRES DA ROCHA;CAMPO LIMPO;-23.6490957;-46.7490028;39770;39.77;2232;37.22;ok;
22;HOSPITAL E MATERNIDADE LEONOR MENDES DE BARROS SAO PAULO;BELENZINHO;-23.5359031;-46.5887061;48;CENTRO HOSPITALAR DO SISTEMA PENITENCIARIO SAO PAULO;CARANDIRU;-23.5085713;-46.6201015;6950;6.95;671;11.19;ok;
22;HOSPITAL E MATERNIDADE LEONOR MENDES DE BARROS SAO PAULO;BELENZINHO;-23.5359031;-46.5887061;49;HOSP MUN VER JOSE STOROPOLLI;PARQUE NOVO MUNDO;-23.522085;-46.5617446;6030;6.03;607;10.12;ok;
22;HOSPITAL E MATERNIDADE LEONOR MENDES DE BARROS SAO PAULO;BELENZINHO;-23.5359031;-46.5887061;50;CENTRO MEDICO PMESP;TREMEMBE;-23.4690239;-46.6188727;12200;12.2;1245;20.76;ok;
22;HOSPITAL E MATERNIDADE LEONOR MENDES DE BARROS SAO PAULO;BELENZINHO;-23.5359031;-46.5887061;51;HOSP MUN CARMEN PRUDENTE;CIDADE TIRADENTES;-23.5833632;-46.4092773;24150;24.15;2238;37.31;ok;
22;HOSPITAL E MATERNIDADE LEONOR MENDES DE BARROS SAO PAULO;BELENZINHO;-23.5359031;-46.5887061;53;INSTITUTO DE REABILITACAO LUCY MONTORO;VILA ANDRADE;-23.6322694;-46.7351129;37590;37.59;2097;34.97;ok;
22;HOSPITAL E MATERNIDADE LEONOR MENDES DE BARROS SAO PAULO;BELENZINHO;-23.5359031;-46.5887061;55;INSTITUTO DO CANCER DO ESTADO DE SAO PAULO;CERQUEIRA CESAR;-23.5561305;-46.6681716;11300;11.3;1354;22.57;ok;
22;HOSPITAL E MATERNIDADE LEONOR MENDES DE BARROS SAO PAULO;BELENZINHO;-23.5359031;-46.5887061;56;HOSP MUN SOROCABANA;VILA ROMANA;-23.5238763;-46.7013591;16040;16.04;1228;20.48;ok;
22;HOSPITAL E MATERNIDADE LEONOR MENDES DE BARROS SAO PAULO;BELENZINHO;-23.5359031;-46.5887061;57;HOSP MUN GILSON DE CASSIA MARQUES DE CARVALHO;VILA MASCOTE;-23.6470652;-46.662824;19840;19.84;1999;33.33;ok;
22;HOSPITAL E MATERNIDADE LEONOR MENDES DE BARROS SAO PAULO;BELENZINHO;-23.5359031;-46.5887061;58;HOSP MUN CAPELA DO SOCORRO;JARDIM DAS IMBUIAS;-23.7296842;-46.7129995;31510;31.51;3184;53.08;ok;
22;HOSPITAL E MATERNIDADE LEONOR MENDES DE BARROS SAO PAULO;BELENZINHO;-23.5359031;-46.5887061;59;HOSP MUN JOSANIAS CASTANHA BRAGA;JARDIM ROSCHEL;-23.8247733;-46.7266429;44570;44.57;4054;67.57;ok;
22;HOSPITAL E MATERNIDADE LEONOR MENDES DE BARROS SAO PAULO;BELENZINHO;-23.5359031;-46.5887061;233;HOSP MUN SOROCABANA;ALTO DE PINHEIROS;-23.5375934;-46.7227993;20990;20.99;1548;25.8;ok;
23;CENTRO DE REFERENCIA E TREINAMENTO DST AIDS SAO PAULO;VILA MARIANA;-23.5966194;-46.6358133;1;HOSPITAL MUNICIPAL SANTA DULCE DOS POBRES;CONSOLACAO;-23.5573928;-46.6562429;5290;5.29;631;10.52;ok;
23;CENTRO DE REFERENCIA E TREINAMENTO DST AIDS SAO PAULO;VILA MARIANA;-23.5966194;-46.6358133;2;HOSPITAL MUNICIPAL BRASILANDIA;JARDIM MARISTELA;-23.476544;-46.6980006;21060;21.06;1936;32.28;ok;
23;CENTRO DE REFERENCIA E TREINAMENTO DST AIDS SAO PAULO;VILA MARIANA;-23.5966194;-46.6358133;3;HOSPITAL MUNICIPAL GUARAPIRANGA;RIVIERA PAULISTA;-23.6911689;-46.7517858;21270;21.27;1996;33.28;ok;
23;CENTRO DE REFERENCIA E TREINAMENTO DST AIDS SAO PAULO;VILA MARIANA;-23.5966194;-46.6358133;4;INSTITUTO DE INFECTOLOGIA EMILIO RIBAS;SUMARE;-23.5470783;-46.6812257;8430;8.43;981;16.36;ok;
23;CENTRO DE REFERENCIA E TREINAMENTO DST AIDS SAO PAULO;VILA MARIANA;-23.5966194;-46.6358133;5;HOSPITAL DO SERV PUB EST FCO MORATO DE OLIVEIRA SAO PAULO;IBIRAPUERA;-23.5966175;-46.6539691;3430;3.43;408;6.8;ok;
23;CENTRO DE REFERENCIA E TREINAMENTO DST AIDS SAO PAULO;VILA MARIANA;-23.5966194;-46.6358133;6;HOSPITAL MATERNIDADE INTERLAGOS;JD LEBLON;-23.7069613;-46.7021968;17680;17.68;1814;30.23;ok;
23;CENTRO DE REFERENCIA E TREINAMENTO DST AIDS SAO PAULO;VILA MARIANA;-23.5966194;-46.6358133;7;HOSPITAL GERAL DE PEDREIRA;VILA CAMPO GRANDE;-23.6808407;-46.6783317;14190;14.19;1547;25.79;ok;
23;CENTRO DE REFERENCIA E TREINAMENTO DST AIDS SAO PAULO;VILA MARIANA;-23.5966194;-46.6358133;8;HOSPITAL HELIOPOLIS UNIDADE DE GESTAO ASSISTENCIAL I;V HELIOPOLIS;-23.607115;-46.595253;7090;7.09;727;12.13;ok;
23;CENTRO DE REFERENCIA E TREINAMENTO DST AIDS SAO PAULO;VILA MARIANA;-23.5966194;-46.6358133;10;HOSPITAL INFANTIL DARCY VARGAS UGA III SAO PAULO;JARDIM GUEDALA;-23.5929419;-46.7109151;10670;10.67;1227;20.45;ok;
23;CENTRO DE REFERENCIA E TREINAMENTO DST AIDS SAO PAULO;VILA MARIANA;-23.5966194;-46.6358133;11;HOSP MUN MATERNIDADE PROFESSOR MARIO DEGNI;VILA ANTONIO;-23.5777487;-46.764842;18220;18.22;1679;28.0;ok;
23;CENTRO DE REFERENCIA E TREINAMENTO DST AIDS SAO PAULO;VILA MARIANA;-23.5966194;-46.6358133;12;HOSPITAL UNIVERSITARIO DA USP SAO PAULO;BUTANTA;-23.5649058;-46.7409515;15490;15.49;1732;28.88;ok;
23;CENTRO DE REFERENCIA E TREINAMENTO DST AIDS SAO PAULO;VILA MARIANA;-23.5966194;-46.6358133;13;CAISM PHILIPPE PINEL SAO PAULO;PIRITUBA;-23.4869816;-46.7239346;21260;21.26;1963;32.72;ok;
23;CENTRO DE REFERENCIA E TREINAMENTO DST AIDS SAO PAULO;VILA MARIANA;-23.5966194;-46.6358133;14;HOSPITAL GERAL HENRIQUE ALTIMEYER DE VILA ALPINA;VILA ALPINA;-23.5930526;-46.5607618;9520;9.52;999;16.66;ok;
23;CENTRO DE REFERENCIA E TREINAMENTO DST AIDS SAO PAULO;VILA MARIANA;-23.5966194;-46.6358133;16;HOSPITAL GERAL DE SAO MATEUS SAO PAULO;SAO MATEUS;-23.5947358;-46.4867109;18710;18.71;1920;32.0;ok;
23;CENTRO DE REFERENCIA E TREINAMENTO DST AIDS SAO PAULO;VILA MARIANA;-23.5966194;-46.6358133;17;UNIDADE DE GESTAO ASSISTENCIAL II HOSPITAL IPIRANGA SP;IPIRANGA;-23.584203;-46.6116295;4130;4.13;461;7.69;ok;
23;CENTRO DE REFERENCIA E TREINAMENTO DST AIDS SAO PAULO;VILA MARIANA;-23.5966194;-46.6358133;18;CONJUNTO HOSPITALAR DO MANDAQUI SAO PAULO;SANTANA;-23.4849783;-46.6314355;13890;13.89;1586;26.44;ok;
23;CENTRO DE REFERENCIA E TREINAMENTO DST AIDS SAO PAULO;VILA MARIANA;-23.5966194;-46.6358133;19;HOSPITAL GERAL SANTA MARCELINA DE ITAIM PAULISTA SAO PAULO;ITAIM PAULISTA;-23.4924231;-46.3889814;41420;41.42;2738;45.64;ok;
23;CENTRO DE REFERENCIA E TREINAMENTO DST AIDS SAO PAULO;VILA MARIANA;-23.5966194;-46.6358133;20;HOSP MUN PROF DR WALDOMIRO DE PAULA;ITAQUERA;-23.5321357;-46.4472128;25470;25.47;2517;41.96;ok;
23;CENTRO DE REFERENCIA E TREINAMENTO DST AIDS SAO PAULO;VILA MARIANA;-23.5966194;-46.6358133;21;HOSPITAL GERAL DO GRAJAU PROF LIBER JOHN ALPHONSE DI DIO SP;PARQUE DAS NACOES;-23.691152;-46.5848155;16320;16.32;1295;21.6;ok;
23;CENTRO DE REFERENCIA E TREINAMENTO DST AIDS SAO PAULO;VILA MARIANA;-23.5966194;-46.6358133;22;HOSPITAL E MATERNIDADE LEONOR MENDES DE BARROS SAO PAULO;BELENZINHO;-23.5359031;-46.5887061;12060;12.06;1324;22.07;ok;
23;CENTRO DE REFERENCIA E TREINAMENTO DST AIDS SAO PAULO;VILA MARIANA;-23.5966194;-46.6358133;23;CENTRO DE REFERENCIA E TREINAMENTO DST AIDS SAO PAULO;VILA MARIANA;-23.5966194;-46.6358133;0;0.0;0;0.0;ok;
23;CENTRO DE REFERENCIA E TREINAMENTO DST AIDS SAO PAULO;VILA MARIANA;-23.5966194;-46.6358133;24;HOSPITAL MILITAR DE AREA DE SAO PAULO;CAMBUCI;-23.5696701;-46.6134492;4880;4.88;572;9.54;ok;
23;CENTRO DE REFERENCIA E TREINAMENTO DST AIDS SAO PAULO;VILA MARIANA;-23.5966194;-46.6358133;25;CENTRO DE REFERENCIA DA SAUDE DA MULHER;CAMPOS ELISEOS;-23.5343002;-46.6437496;8490;8.49;987;16.46;ok;
23;CENTRO DE REFERENCIA E TREINAMENTO DST AIDS SAO PAULO;VILA MARIANA;-23.5966194;-46.6358133;26;HOSP MUN INFANTIL MENINO JESUS;BELA VISTA;-23.56022;-46.6469982;4750;4.75;617;10.3;ok;
23;CENTRO DE REFERENCIA E TREINAMENTO DST AIDS SAO PAULO;VILA MARIANA;-23.5966194;-46.6358133;28;HOSP MUN MAT ESC DR MARIO DE MORAES A SILVA;VILA NOVA CACHOEIRIN;-23.4802096;-46.6709709;17330;17.33;1835;30.59;ok;
23;CENTRO DE REFERENCIA E TREINAMENTO DST AIDS SAO PAULO;VILA MARIANA;-23.5966194;-46.6358133;29;HOSPITAL GERAL JESUS TEIXEIRA DA COSTA GUAIANASES SAO PAULO;JARDIM SAO PAULO;-23.5523813;-46.4053829;30920;30.92;2956;49.27;ok;
23;CENTRO DE REFERENCIA E TREINAMENTO DST AIDS SAO PAULO;VILA MARIANA;-23.5966194;-46.6358133;30;HOSP MUN DR CARMINO CARICCHIO;TATUAPE;-23.5329502;-46.5664411;13980;13.98;1527;25.47;ok;
23;CENTRO DE REFERENCIA E TREINAMENTO DST AIDS SAO PAULO;VILA MARIANA;-23.5966194;-46.6358133;31;HOSP MUN TIDE SETUBAL;SAO MIGUEL PAULISTA;-23.4973179;-46.439865;34830;34.83;2424;40.41;ok;
23;CENTRO DE REFERENCIA E TREINAMENTO DST AIDS SAO PAULO;VILA MARIANA;-23.5966194;-46.6358133;32;HOSP MUN V NHOCUNE ALEXANDRE ZAIO;VILA NHOCUNE;-23.5424212;-46.5015398;19290;19.29;1976;32.94;ok;
23;CENTRO DE REFERENCIA E TREINAMENTO DST AIDS SAO PAULO;VILA MARIANA;-23.5966194;-46.6358133;33;HOSP MUN JABAQUARA ARTUR RIBEIRO DE SABOYA;JABAQUARA;-23.6533422;-46.6456764;7140;7.14;901;15.02;ok;
23;CENTRO DE REFERENCIA E TREINAMENTO DST AIDS SAO PAULO;VILA MARIANA;-23.5966194;-46.6358133;34;HOSPITAL KATIA DE SOUZA RODRIGUES TAIPASSP SAO PAULO;PARADA DE TAIPAS;-23.4436996;-46.7177512;25520;25.52;2229;37.16;ok;
23;CENTRO DE REFERENCIA E TREINAMENTO DST AIDS SAO PAULO;VILA MARIANA;-23.5966194;-46.6358133;35;HOSP MUN PROFESSOR DOUTOR ALIPIO CORREA NETTO;VILA PARANAGUA;-23.499644;-46.4729162;27370;27.37;2471;41.2;ok;
23;CENTRO DE REFERENCIA E TREINAMENTO DST AIDS SAO PAULO;VILA MARIANA;-23.5966194;-46.6358133;36;HOSPITAL MUNICIPAL DR BENEDITO MONTENEGRO;JARDIM IVA;-23.5875541;-46.5145716;15280;15.28;1544;25.74;ok;
23;CENTRO DE REFERENCIA E TREINAMENTO DST AIDS SAO PAULO;VILA MARIANA;-23.5966194;-46.6358133;37;HOSP MUN IGNACIO PROENCA DE GOUVEA;PARQUE DA MOOCA;-23.5717374;-46.590166;7980;7.98;810;13.52;ok;
23;CENTRO DE REFERENCIA E TREINAMENTO DST AIDS SAO PAULO;VILA MARIANA;-23.5966194;-46.6358133;38;HOSPITAL INFANTIL CANDIDO FONTOURA SAO PAULO;AGUA RASA;-23.551918;-46.5852143;11270;11.27;1172;19.54;ok;
23;CENTRO DE REFERENCIA E TREINAMENTO DST AIDS SAO PAULO;VILA MARIANA;-23.5966194;-46.6358133;40;HOSPITAL REGIONAL SUL SAO PAULO;SANTO AMARO;-23.6555597;-46.7058596;12000;12.0;1334;22.23;ok;
23;CENTRO DE REFERENCIA E TREINAMENTO DST AIDS SAO PAULO;VILA MARIANA;-23.5966194;-46.6358133;42;HOSPITAL ESTADUAL DE SAPOPEMBA SAO PAULO;JARDIM SAPOPEMBA;-23.611336;-46.493671;18490;18.49;1832;30.55;ok;
23;CENTRO DE REFERENCIA E TREINAMENTO DST AIDS SAO PAULO;VILA MARIANA;-23.5966194;-46.6358133;43;HOSPITAL GERAL DE VILA PENTEADO DR JOSE PANGELLA SAO PAULO;JARDIM IRACEMA;-23.4934229;-46.7008274;18860;18.86;1691;28.2;ok;
23;CENTRO DE REFERENCIA E TREINAMENTO DST AIDS SAO PAULO;VILA MARIANA;-23.5966194;-46.6358133;46;HOSP DO SERV PUB MUNICIPAL HSPM;LIBERDADE;-23.5673424;-46.639071;3930;3.93;525;8.76;ok;
23;CENTRO DE REFERENCIA E TREINAMENTO DST AIDS SAO PAULO;VILA MARIANA;-23.5966194;-46.6358133;47;HOSP MUN FERNANDO MAURO PIRES DA ROCHA;CAMPO LIMPO;-23.6490957;-46.7490028;16250;16.25;1541;25.7;ok;
23;CENTRO DE REFERENCIA E TREINAMENTO DST AIDS SAO PAULO;VILA MARIANA;-23.5966194;-46.6358133;48;CENTRO HOSPITALAR DO SISTEMA PENITENCIARIO SAO PAULO;CARANDIRU;-23.5085713;-46.6201015;11420;11.42;1309;21.83;ok;
23;CENTRO DE REFERENCIA E TREINAMENTO DST AIDS SAO PAULO;VILA MARIANA;-23.5966194;-46.6358133;49;HOSP MUN VER JOSE STOROPOLLI;PARQUE NOVO MUNDO;-23.522085;-46.5617446;19090;19.09;1681;28.02;ok;
23;CENTRO DE REFERENCIA E TREINAMENTO DST AIDS SAO PAULO;VILA MARIANA;-23.5966194;-46.6358133;50;CENTRO MEDICO PMESP;TREMEMBE;-23.4690239;-46.6188727;16470;16.47;1873;31.22;ok;
23;CENTRO DE REFERENCIA E TREINAMENTO DST AIDS SAO PAULO;VILA MARIANA;-23.5966194;-46.6358133;51;HOSP MUN CARMEN PRUDENTE;CIDADE TIRADENTES;-23.5833632;-46.4092773;29880;29.88;2838;47.3;ok;
23;CENTRO DE REFERENCIA E TREINAMENTO DST AIDS SAO PAULO;VILA MARIANA;-23.5966194;-46.6358133;53;INSTITUTO DE REABILITACAO LUCY MONTORO;VILA ANDRADE;-23.6322694;-46.7351129;14070;14.07;1406;23.45;ok;
23;CENTRO DE REFERENCIA E TREINAMENTO DST AIDS SAO PAULO;VILA MARIANA;-23.5966194;-46.6358133;55;INSTITUTO DO CANCER DO ESTADO DE SAO PAULO;CERQUEIRA CESAR;-23.5561305;-46.6681716;8140;8.14;965;16.09;ok;
23;CENTRO DE REFERENCIA E TREINAMENTO DST AIDS SAO PAULO;VILA MARIANA;-23.5966194;-46.6358133;56;HOSP MUN SOROCABANA;VILA ROMANA;-23.5238763;-46.7013591;13400;13.4;1506;25.1;ok;
23;CENTRO DE REFERENCIA E TREINAMENTO DST AIDS SAO PAULO;VILA MARIANA;-23.5966194;-46.6358133;57;HOSP MUN GILSON DE CASSIA MARQUES DE CARVALHO;VILA MASCOTE;-23.6470652;-46.662824;7860;7.86;957;15.96;ok;
23;CENTRO DE REFERENCIA E TREINAMENTO DST AIDS SAO PAULO;VILA MARIANA;-23.5966194;-46.6358133;58;HOSP MUN CAPELA DO SOCORRO;JARDIM DAS IMBUIAS;-23.7296842;-46.7129995;21140;21.14;2232;37.21;ok;
23;CENTRO DE REFERENCIA E TREINAMENTO DST AIDS SAO PAULO;VILA MARIANA;-23.5966194;-46.6358133;59;HOSP MUN JOSANIAS CASTANHA BRAGA;JARDIM ROSCHEL;-23.8247733;-46.7266429;34200;34.2;3102;51.71;ok;
23;CENTRO DE REFERENCIA E TREINAMENTO DST AIDS SAO PAULO;VILA MARIANA;-23.5966194;-46.6358133;233;HOSP MUN SOROCABANA;ALTO DE PINHEIROS;-23.5375934;-46.7227993;13700;13.7;1534;25.57;ok;
24;HOSPITAL MILITAR DE AREA DE SAO PAULO;CAMBUCI;-23.5696701;-46.6134492;1;HOSPITAL MUNICIPAL SANTA DULCE DOS POBRES;CONSOLACAO;-23.5573928;-46.6562429;6610;6.61;713;11.89;ok;
24;HOSPITAL MILITAR DE AREA DE SAO PAULO;CAMBUCI;-23.5696701;-46.6134492;2;HOSPITAL MUNICIPAL BRASILANDIA;JARDIM MARISTELA;-23.476544;-46.6980006;18880;18.88;1663;27.72;ok;
24;HOSPITAL MILITAR DE AREA DE SAO PAULO;CAMBUCI;-23.5696701;-46.6134492;3;HOSPITAL MUNICIPAL GUARAPIRANGA;RIVIERA PAULISTA;-23.6911689;-46.7517858;26650;26.65;2414;40.25;ok;
24;HOSPITAL MILITAR DE AREA DE SAO PAULO;CAMBUCI;-23.5696701;-46.6134492;4;INSTITUTO DE INFECTOLOGIA EMILIO RIBAS;SUMARE;-23.5470783;-46.6812257;9750;9.75;1063;17.73;ok;
24;HOSPITAL MILITAR DE AREA DE SAO PAULO;CAMBUCI;-23.5696701;-46.6134492;5;HOSPITAL DO SERV PUB EST FCO MORATO DE OLIVEIRA SAO PAULO;IBIRAPUERA;-23.5966175;-46.6539691;7800;7.8;828;13.81;ok;
24;HOSPITAL MILITAR DE AREA DE SAO PAULO;CAMBUCI;-23.5696701;-46.6134492;6;HOSPITAL MATERNIDADE INTERLAGOS;JD LEBLON;-23.7069613;-46.7021968;20790;20.79;2216;36.93;ok;
24;HOSPITAL MILITAR DE AREA DE SAO PAULO;CAMBUCI;-23.5696701;-46.6134492;7;HOSPITAL GERAL DE PEDREIRA;VILA CAMPO GRANDE;-23.6808407;-46.6783317;17910;17.91;1946;32.44;ok;
24;HOSPITAL MILITAR DE AREA DE SAO PAULO;CAMBUCI;-23.5696701;-46.6134492;8;HOSPITAL HELIOPOLIS UNIDADE DE GESTAO ASSISTENCIAL I;V HELIOPOLIS;-23.607115;-46.595253;5340;5.34;529;8.83;ok;
24;HOSPITAL MILITAR DE AREA DE SAO PAULO;CAMBUCI;-23.5696701;-46.6134492;10;HOSPITAL INFANTIL DARCY VARGAS UGA III SAO PAULO;JARDIM GUEDALA;-23.5929419;-46.7109151;13470;13.47;1497;24.95;ok;
24;HOSPITAL MILITAR DE AREA DE SAO PAULO;CAMBUCI;-23.5696701;-46.6134492;11;HOSP MUN MATERNIDADE PROFESSOR MARIO DEGNI;VILA ANTONIO;-23.5777487;-46.764842;20800;20.8;1919;32.0;ok;
24;HOSPITAL MILITAR DE AREA DE SAO PAULO;CAMBUCI;-23.5696701;-46.6134492;12;HOSPITAL UNIVERSITARIO DA USP SAO PAULO;BUTANTA;-23.5649058;-46.7409515;18290;18.29;2002;33.38;ok;
24;HOSPITAL MILITAR DE AREA DE SAO PAULO;CAMBUCI;-23.5696701;-46.6134492;13;CAISM PHILIPPE PINEL SAO PAULO;PIRITUBA;-23.4869816;-46.7239346;19080;19.08;1689;28.16;ok;
24;HOSPITAL MILITAR DE AREA DE SAO PAULO;CAMBUCI;-23.5696701;-46.6134492;14;HOSPITAL GERAL HENRIQUE ALTIMEYER DE VILA ALPINA;VILA ALPINA;-23.5930526;-46.5607618;7450;7.45;786;13.11;ok;
24;HOSPITAL MILITAR DE AREA DE SAO PAULO;CAMBUCI;-23.5696701;-46.6134492;16;HOSPITAL GERAL DE SAO MATEUS SAO PAULO;SAO MATEUS;-23.5947358;-46.4867109;16590;16.59;1694;28.24;ok;
24;HOSPITAL MILITAR DE AREA DE SAO PAULO;CAMBUCI;-23.5696701;-46.6134492;17;UNIDADE DE GESTAO ASSISTENCIAL II HOSPITAL IPIRANGA SP;IPIRANGA;-23.584203;-46.6116295;1780;1.78;215;3.58;ok;
24;HOSPITAL MILITAR DE AREA DE SAO PAULO;CAMBUCI;-23.5696701;-46.6134492;18;CONJUNTO HOSPITALAR DO MANDAQUI SAO PAULO;SANTANA;-23.4849783;-46.6314355;11680;11.68;1307;21.78;ok;
24;HOSPITAL MILITAR DE AREA DE SAO PAULO;CAMBUCI;-23.5696701;-46.6134492;19;HOSPITAL GERAL SANTA MARCELINA DE ITAIM PAULISTA SAO PAULO;ITAIM PAULISTA;-23.4924231;-46.3889814;35140;35.14;2425;40.43;ok;
24;HOSPITAL MILITAR DE AREA DE SAO PAULO;CAMBUCI;-23.5696701;-46.6134492;20;HOSP MUN PROF DR WALDOMIRO DE PAULA;ITAQUERA;-23.5321357;-46.4472128;21360;21.36;2191;36.53;ok;
24;HOSPITAL MILITAR DE AREA DE SAO PAULO;CAMBUCI;-23.5696701;-46.6134492;21;HOSPITAL GERAL DO GRAJAU PROF LIBER JOHN ALPHONSE DI DIO SP;PARQUE DAS NACOES;-23.691152;-46.5848155;17740;17.74;1356;22.61;ok;
24;HOSPITAL MILITAR DE AREA DE SAO PAULO;CAMBUCI;-23.5696701;-46.6134492;22;HOSPITAL E MATERNIDADE LEONOR MENDES DE BARROS SAO PAULO;BELENZINHO;-23.5359031;-46.5887061;7140;7.14;861;14.36;ok;
24;HOSPITAL MILITAR DE AREA DE SAO PAULO;CAMBUCI;-23.5696701;-46.6134492;23;CENTRO DE REFERENCIA E TREINAMENTO DST AIDS SAO PAULO;VILA MARIANA;-23.5966194;-46.6358133;6020;6.02;668;11.15;ok;
24;HOSPITAL MILITAR DE AREA DE SAO PAULO;CAMBUCI;-23.5696701;-46.6134492;24;HOSPITAL MILITAR DE AREA DE SAO PAULO;CAMBUCI;-23.5696701;-46.6134492;0;0.0;0;0.0;ok;
24;HOSPITAL MILITAR DE AREA DE SAO PAULO;CAMBUCI;-23.5696701;-46.6134492;25;CENTRO DE REFERENCIA DA SAUDE DA MULHER;CAMPOS ELISEOS;-23.5343002;-46.6437496;6490;6.49;715;11.93;ok;
24;HOSPITAL MILITAR DE AREA DE SAO PAULO;CAMBUCI;-23.5696701;-46.6134492;26;HOSP MUN INFANTIL MENINO JESUS;BELA VISTA;-23.56022;-46.6469982;6070;6.07;700;11.67;ok;
24;HOSPITAL MILITAR DE AREA DE SAO PAULO;CAMBUCI;-23.5696701;-46.6134492;28;HOSP MUN MAT ESC DR MARIO DE MORAES A SILVA;VILA NOVA CACHOEIRIN;-23.4802096;-46.6709709;15150;15.15;1561;26.03;ok;
24;HOSPITAL MILITAR DE AREA DE SAO PAULO;CAMBUCI;-23.5696701;-46.6134492;29;HOSPITAL GERAL JESUS TEIXEIRA DA COSTA GUAIANASES SAO PAULO;JARDIM SAO PAULO;-23.5523813;-46.4053829;28080;28.08;2709;45.17;ok;
24;HOSPITAL MILITAR DE AREA DE SAO PAULO;CAMBUCI;-23.5696701;-46.6134492;30;HOSP MUN DR CARMINO CARICCHIO;TATUAPE;-23.5329502;-46.5664411;9050;9.05;1065;17.76;ok;
24;HOSPITAL MILITAR DE AREA DE SAO PAULO;CAMBUCI;-23.5696701;-46.6134492;31;HOSP MUN TIDE SETUBAL;SAO MIGUEL PAULISTA;-23.4973179;-46.439865;28540;28.54;2111;35.2;ok;
24;HOSPITAL MILITAR DE AREA DE SAO PAULO;CAMBUCI;-23.5696701;-46.6134492;32;HOSP MUN V NHOCUNE ALEXANDRE ZAIO;VILA NHOCUNE;-23.5424212;-46.5015398;15770;15.77;1670;27.84;ok;
24;HOSPITAL MILITAR DE AREA DE SAO PAULO;CAMBUCI;-23.5696701;-46.6134492;33;HOSP MUN JABAQUARA ARTUR RIBEIRO DE SABOYA;JABAQUARA;-23.6533422;-46.6456764;11390;11.39;1207;20.13;ok;
24;HOSPITAL MILITAR DE AREA DE SAO PAULO;CAMBUCI;-23.5696701;-46.6134492;34;HOSPITAL KATIA DE SOUZA RODRIGUES TAIPASSP SAO PAULO;PARADA DE TAIPAS;-23.4436996;-46.7177512;23340;23.34;1955;32.6;ok;
24;HOSPITAL MILITAR DE AREA DE SAO PAULO;CAMBUCI;-23.5696701;-46.6134492;35;HOSP MUN PROFESSOR DOUTOR ALIPIO CORREA NETTO;VILA PARANAGUA;-23.499644;-46.4729162;21080;21.08;2159;35.98;ok;
24;HOSPITAL MILITAR DE AREA DE SAO PAULO;CAMBUCI;-23.5696701;-46.6134492;36;HOSPITAL MUNICIPAL DR BENEDITO MONTENEGRO;JARDIM IVA;-23.5875541;-46.5145716;13170;13.17;1318;21.98;ok;
24;HOSPITAL MILITAR DE AREA DE SAO PAULO;CAMBUCI;-23.5696701;-46.6134492;37;HOSP MUN IGNACIO PROENCA DE GOUVEA;PARQUE DA MOOCA;-23.5717374;-46.590166;3740;3.74;412;6.87;ok;
24;HOSPITAL MILITAR DE AREA DE SAO PAULO;CAMBUCI;-23.5696701;-46.6134492;38;HOSPITAL INFANTIL CANDIDO FONTOURA SAO PAULO;AGUA RASA;-23.551918;-46.5852143;6870;6.87;735;12.26;ok;
24;HOSPITAL MILITAR DE AREA DE SAO PAULO;CAMBUCI;-23.5696701;-46.6134492;40;HOSPITAL REGIONAL SUL SAO PAULO;SANTO AMARO;-23.6555597;-46.7058596;16930;16.93;1774;29.58;ok;
24;HOSPITAL MILITAR DE AREA DE SAO PAULO;CAMBUCI;-23.5696701;-46.6134492;42;HOSPITAL ESTADUAL DE SAPOPEMBA SAO PAULO;JARDIM SAPOPEMBA;-23.611336;-46.493671;16379;16.38;1606;26.78;ok;
24;HOSPITAL MILITAR DE AREA DE SAO PAULO;CAMBUCI;-23.5696701;-46.6134492;43;HOSPITAL GERAL DE VILA PENTEADO DR JOSE PANGELLA SAO PAULO;JARDIM IRACEMA;-23.4934229;-46.7008274;16690;16.69;1418;23.64;ok;
24;HOSPITAL MILITAR DE AREA DE SAO PAULO;CAMBUCI;-23.5696701;-46.6134492;46;HOSP DO SERV PUB MUNICIPAL HSPM;LIBERDADE;-23.5673424;-46.639071;3950;3.95;530;8.85;ok;
24;HOSPITAL MILITAR DE AREA DE SAO PAULO;CAMBUCI;-23.5696701;-46.6134492;47;HOSP MUN FERNANDO MAURO PIRES DA ROCHA;CAMPO LIMPO;-23.6490957;-46.7490028;21640;21.64;1960;32.67;ok;
24;HOSPITAL MILITAR DE AREA DE SAO PAULO;CAMBUCI;-23.5696701;-46.6134492;48;CENTRO HOSPITALAR DO SISTEMA PENITENCIARIO SAO PAULO;CARANDIRU;-23.5085713;-46.6201015;8740;8.74;991;16.53;ok;
24;HOSPITAL MILITAR DE AREA DE SAO PAULO;CAMBUCI;-23.5696701;-46.6134492;49;HOSP MUN VER JOSE STOROPOLLI;PARQUE NOVO MUNDO;-23.522085;-46.5617446;12810;12.81;1368;22.8;ok;
24;HOSPITAL MILITAR DE AREA DE SAO PAULO;CAMBUCI;-23.5696701;-46.6134492;50;CENTRO MEDICO PMESP;TREMEMBE;-23.4690239;-46.6188727;13590;13.59;1576;26.27;ok;
24;HOSPITAL MILITAR DE AREA DE SAO PAULO;CAMBUCI;-23.5696701;-46.6134492;51;HOSP MUN CARMEN PRUDENTE;CIDADE TIRADENTES;-23.5833632;-46.4092773;27760;27.76;2612;43.54;ok;
24;HOSPITAL MILITAR DE AREA DE SAO PAULO;CAMBUCI;-23.5696701;-46.6134492;53;INSTITUTO DE REABILITACAO LUCY MONTORO;VILA ANDRADE;-23.6322694;-46.7351129;19460;19.46;1825;30.42;ok;
24;HOSPITAL MILITAR DE AREA DE SAO PAULO;CAMBUCI;-23.5696701;-46.6134492;55;INSTITUTO DO CANCER DO ESTADO DE SAO PAULO;CERQUEIRA CESAR;-23.5561305;-46.6681716;9470;9.47;1047;17.46;ok;
24;HOSPITAL MILITAR DE AREA DE SAO PAULO;CAMBUCI;-23.5696701;-46.6134492;56;HOSP MUN SOROCABANA;VILA ROMANA;-23.5238763;-46.7013591;12590;12.59;1347;22.45;ok;
24;HOSPITAL MILITAR DE AREA DE SAO PAULO;CAMBUCI;-23.5696701;-46.6134492;57;HOSP MUN GILSON DE CASSIA MARQUES DE CARVALHO;VILA MASCOTE;-23.6470652;-46.662824;12300;12.3;1336;22.28;ok;
24;HOSPITAL MILITAR DE AREA DE SAO PAULO;CAMBUCI;-23.5696701;-46.6134492;58;HOSP MUN CAPELA DO SOCORRO;JARDIM DAS IMBUIAS;-23.7296842;-46.7129995;24240;24.24;2634;43.91;ok;
24;HOSPITAL MILITAR DE AREA DE SAO PAULO;CAMBUCI;-23.5696701;-46.6134492;59;HOSP MUN JOSANIAS CASTANHA BRAGA;JARDIM ROSCHEL;-23.8247733;-46.7266429;37310;37.31;3504;58.41;ok;
24;HOSPITAL MILITAR DE AREA DE SAO PAULO;CAMBUCI;-23.5696701;-46.6134492;233;HOSP MUN SOROCABANA;ALTO DE PINHEIROS;-23.5375934;-46.7227993;15470;15.47;1705;28.43;ok;
25;CENTRO DE REFERENCIA DA SAUDE DA MULHER;CAMPOS ELISEOS;-23.5343002;-46.6437496;1;HOSPITAL MUNICIPAL SANTA DULCE DOS POBRES;CONSOLACAO;-23.5573928;-46.6562429;4190;4.19;610;10.17;ok;
25;CENTRO DE REFERENCIA DA SAUDE DA MULHER;CAMPOS ELISEOS;-23.5343002;-46.6437496;2;HOSPITAL MUNICIPAL BRASILANDIA;JARDIM MARISTELA;-23.476544;-46.6980006;12400;12.4;1136;18.94;ok;
25;CENTRO DE REFERENCIA DA SAUDE DA MULHER;CAMPOS ELISEOS;-23.5343002;-46.6437496;3;HOSPITAL MUNICIPAL GUARAPIRANGA;RIVIERA PAULISTA;-23.6911689;-46.7517858;25350;25.35;2268;37.82;ok;
25;CENTRO DE REFERENCIA DA SAUDE DA MULHER;CAMPOS ELISEOS;-23.5343002;-46.6437496;4;INSTITUTO DE INFECTOLOGIA EMILIO RIBAS;SUMARE;-23.5470783;-46.6812257;6210;6.21;714;11.9;ok;
25;CENTRO DE REFERENCIA DA SAUDE DA MULHER;CAMPOS ELISEOS;-23.5343002;-46.6437496;5;HOSPITAL DO SERV PUB EST FCO MORATO DE OLIVEIRA SAO PAULO;IBIRAPUERA;-23.5966175;-46.6539691;8460;8.46;951;15.86;ok;
25;CENTRO DE REFERENCIA DA SAUDE DA MULHER;CAMPOS ELISEOS;-23.5343002;-46.6437496;6;HOSPITAL MATERNIDADE INTERLAGOS;JD LEBLON;-23.7069613;-46.7021968;23690;23.69;2394;39.91;ok;
25;CENTRO DE REFERENCIA DA SAUDE DA MULHER;CAMPOS ELISEOS;-23.5343002;-46.6437496;7;HOSPITAL GERAL DE PEDREIRA;VILA CAMPO GRANDE;-23.6808407;-46.6783317;20200;20.2;2128;35.47;ok;
25;CENTRO DE REFERENCIA DA SAUDE DA MULHER;CAMPOS ELISEOS;-23.5343002;-46.6437496;8;HOSPITAL HELIOPOLIS UNIDADE DE GESTAO ASSISTENCIAL I;V HELIOPOLIS;-23.607115;-46.595253;11890;11.89;1250;20.85;ok;
25;CENTRO DE REFERENCIA DA SAUDE DA MULHER;CAMPOS ELISEOS;-23.5343002;-46.6437496;10;HOSPITAL INFANTIL DARCY VARGAS UGA III SAO PAULO;JARDIM GUEDALA;-23.5929419;-46.7109151;12080;12.08;1367;22.8;ok;
25;CENTRO DE REFERENCIA DA SAUDE DA MULHER;CAMPOS ELISEOS;-23.5343002;-46.6437496;11;HOSP MUN MATERNIDADE PROFESSOR MARIO DEGNI;VILA ANTONIO;-23.5777487;-46.764842;21720;21.72;1598;26.63;ok;
25;CENTRO DE REFERENCIA DA SAUDE DA MULHER;CAMPOS ELISEOS;-23.5343002;-46.6437496;12;HOSPITAL UNIVERSITARIO DA USP SAO PAULO;BUTANTA;-23.5649058;-46.7409515;19790;19.79;1498;24.97;ok;
25;CENTRO DE REFERENCIA DA SAUDE DA MULHER;CAMPOS ELISEOS;-23.5343002;-46.6437496;13;CAISM PHILIPPE PINEL SAO PAULO;PIRITUBA;-23.4869816;-46.7239346;12600;12.6;1162;19.38;ok;
25;CENTRO DE REFERENCIA DA SAUDE DA MULHER;CAMPOS ELISEOS;-23.5343002;-46.6437496;14;HOSPITAL GERAL HENRIQUE ALTIMEYER DE VILA ALPINA;VILA ALPINA;-23.5930526;-46.5607618;16570;16.57;1427;23.8;ok;
25;CENTRO DE REFERENCIA DA SAUDE DA MULHER;CAMPOS ELISEOS;-23.5343002;-46.6437496;16;HOSPITAL GERAL DE SAO MATEUS SAO PAULO;SAO MATEUS;-23.5947358;-46.4867109;22950;22.95;1862;31.03;ok;
25;CENTRO DE REFERENCIA DA SAUDE DA MULHER;CAMPOS ELISEOS;-23.5343002;-46.6437496;17;UNIDADE DE GESTAO ASSISTENCIAL II HOSPITAL IPIRANGA SP;IPIRANGA;-23.584203;-46.6116295;8660;8.66;977;16.3;ok;
25;CENTRO DE REFERENCIA DA SAUDE DA MULHER;CAMPOS ELISEOS;-23.5343002;-46.6437496;18;CONJUNTO HOSPITALAR DO MANDAQUI SAO PAULO;SANTANA;-23.4849783;-46.6314355;8020;8.02;851;14.2;ok;
25;CENTRO DE REFERENCIA DA SAUDE DA MULHER;CAMPOS ELISEOS;-23.5343002;-46.6437496;19;HOSPITAL GERAL SANTA MARCELINA DE ITAIM PAULISTA SAO PAULO;ITAIM PAULISTA;-23.4924231;-46.3889814;35580;35.58;2144;35.75;ok;
25;CENTRO DE REFERENCIA DA SAUDE DA MULHER;CAMPOS ELISEOS;-23.5343002;-46.6437496;20;HOSP MUN PROF DR WALDOMIRO DE PAULA;ITAQUERA;-23.5321357;-46.4472128;32810;32.81;2087;34.79;ok;
25;CENTRO DE REFERENCIA DA SAUDE DA MULHER;CAMPOS ELISEOS;-23.5343002;-46.6437496;21;HOSPITAL GERAL DO GRAJAU PROF LIBER JOHN ALPHONSE DI DIO SP;PARQUE DAS NACOES;-23.691152;-46.5848155;23910;23.91;2053;34.22;ok;
25;CENTRO DE REFERENCIA DA SAUDE DA MULHER;CAMPOS ELISEOS;-23.5343002;-46.6437496;22;HOSPITAL E MATERNIDADE LEONOR MENDES DE BARROS SAO PAULO;BELENZINHO;-23.5359031;-46.5887061;9590;9.59;832;13.88;ok;
25;CENTRO DE REFERENCIA DA SAUDE DA MULHER;CAMPOS ELISEOS;-23.5343002;-46.6437496;23;CENTRO DE REFERENCIA E TREINAMENTO DST AIDS SAO PAULO;VILA MARIANA;-23.5966194;-46.6358133;8090;8.09;1030;17.17;ok;
25;CENTRO DE REFERENCIA DA SAUDE DA MULHER;CAMPOS ELISEOS;-23.5343002;-46.6437496;24;HOSPITAL MILITAR DE AREA DE SAO PAULO;CAMBUCI;-23.5696701;-46.6134492;7260;7.26;849;14.16;ok;
25;CENTRO DE REFERENCIA DA SAUDE DA MULHER;CAMPOS ELISEOS;-23.5343002;-46.6437496;25;CENTRO DE REFERENCIA DA SAUDE DA MULHER;CAMPOS ELISEOS;-23.5343002;-46.6437496;0;0.0;0;0.0;ok;
25;CENTRO DE REFERENCIA DA SAUDE DA MULHER;CAMPOS ELISEOS;-23.5343002;-46.6437496;26;HOSP MUN INFANTIL MENINO JESUS;BELA VISTA;-23.56022;-46.6469982;4460;4.46;623;10.39;ok;
25;CENTRO DE REFERENCIA DA SAUDE DA MULHER;CAMPOS ELISEOS;-23.5343002;-46.6437496;28;HOSP MUN MAT ESC DR MARIO DE MORAES A SILVA;VILA NOVA CACHOEIRIN;-23.4802096;-46.6709709;8450;8.45;870;14.51;ok;
25;CENTRO DE REFERENCIA DA SAUDE DA MULHER;CAMPOS ELISEOS;-23.5343002;-46.6437496;29;HOSPITAL GERAL JESUS TEIXEIRA DA COSTA GUAIANASES SAO PAULO;JARDIM SAO PAULO;-23.5523813;-46.4053829;40760;40.76;2665;44.43;ok;
25;CENTRO DE REFERENCIA DA SAUDE DA MULHER;CAMPOS ELISEOS;-23.5343002;-46.6437496;30;HOSP MUN DR CARMINO CARICCHIO;TATUAPE;-23.5329502;-46.5664411;10770;10.77;1024;17.08;ok;
25;CENTRO DE REFERENCIA DA SAUDE DA MULHER;CAMPOS ELISEOS;-23.5343002;-46.6437496;31;HOSP MUN TIDE SETUBAL;SAO MIGUEL PAULISTA;-23.4973179;-46.439865;28980;28.98;1831;30.52;ok;
25;CENTRO DE REFERENCIA DA SAUDE DA MULHER;CAMPOS ELISEOS;-23.5343002;-46.6437496;32;HOSP MUN V NHOCUNE ALEXANDRE ZAIO;VILA NHOCUNE;-23.5424212;-46.5015398;19970;19.97;1671;27.86;ok;
25;CENTRO DE REFERENCIA DA SAUDE DA MULHER;CAMPOS ELISEOS;-23.5343002;-46.6437496;33;HOSP MUN JABAQUARA ARTUR RIBEIRO DE SABOYA;JABAQUARA;-23.6533422;-46.6456764;15630;15.63;1716;28.61;ok;
25;CENTRO DE REFERENCIA DA SAUDE DA MULHER;CAMPOS ELISEOS;-23.5343002;-46.6437496;34;HOSPITAL KATIA DE SOUZA RODRIGUES TAIPASSP SAO PAULO;PARADA DE TAIPAS;-23.4436996;-46.7177512;16860;16.86;1429;23.82;ok;
25;CENTRO DE REFERENCIA DA SAUDE DA MULHER;CAMPOS ELISEOS;-23.5343002;-46.6437496;35;HOSP MUN PROFESSOR DOUTOR ALIPIO CORREA NETTO;VILA PARANAGUA;-23.499644;-46.4729162;21520;21.52;1878;31.31;ok;
25;CENTRO DE REFERENCIA DA SAUDE DA MULHER;CAMPOS ELISEOS;-23.5343002;-46.6437496;36;HOSPITAL MUNICIPAL DR BENEDITO MONTENEGRO;JARDIM IVA;-23.5875541;-46.5145716;19160;19.16;1776;29.61;ok;
25;CENTRO DE REFERENCIA DA SAUDE DA MULHER;CAMPOS ELISEOS;-23.5343002;-46.6437496;37;HOSP MUN IGNACIO PROENCA DE GOUVEA;PARQUE DA MOOCA;-23.5717374;-46.590166;9770;9.77;1063;17.72;ok;
25;CENTRO DE REFERENCIA DA SAUDE DA MULHER;CAMPOS ELISEOS;-23.5343002;-46.6437496;38;HOSPITAL INFANTIL CANDIDO FONTOURA SAO PAULO;AGUA RASA;-23.551918;-46.5852143;8530;8.53;969;16.15;ok;
25;CENTRO DE REFERENCIA DA SAUDE DA MULHER;CAMPOS ELISEOS;-23.5343002;-46.6437496;40;HOSPITAL REGIONAL SUL SAO PAULO;SANTO AMARO;-23.6555597;-46.7058596;17330;17.33;1876;31.28;ok;
25;CENTRO DE REFERENCIA DA SAUDE DA MULHER;CAMPOS ELISEOS;-23.5343002;-46.6437496;42;HOSPITAL ESTADUAL DE SAPOPEMBA SAO PAULO;JARDIM SAPOPEMBA;-23.611336;-46.493671;25090;25.09;2119;35.33;ok;
25;CENTRO DE REFERENCIA DA SAUDE DA MULHER;CAMPOS ELISEOS;-23.5343002;-46.6437496;43;HOSPITAL GERAL DE VILA PENTEADO DR JOSE PANGELLA SAO PAULO;JARDIM IRACEMA;-23.4934229;-46.7008274;10210;10.21;891;14.86;ok;
25;CENTRO DE REFERENCIA DA SAUDE DA MULHER;CAMPOS ELISEOS;-23.5343002;-46.6437496;46;HOSP DO SERV PUB MUNICIPAL HSPM;LIBERDADE;-23.5673424;-46.639071;5280;5.28;748;12.48;ok;
25;CENTRO DE REFERENCIA DA SAUDE DA MULHER;CAMPOS ELISEOS;-23.5343002;-46.6437496;47;HOSP MUN FERNANDO MAURO PIRES DA ROCHA;CAMPO LIMPO;-23.6490957;-46.7490028;20340;20.34;1814;30.24;ok;
25;CENTRO DE REFERENCIA DA SAUDE DA MULHER;CAMPOS ELISEOS;-23.5343002;-46.6437496;48;CENTRO HOSPITALAR DO SISTEMA PENITENCIARIO SAO PAULO;CARANDIRU;-23.5085713;-46.6201015;5580;5.58;716;11.94;ok;
25;CENTRO DE REFERENCIA DA SAUDE DA MULHER;CAMPOS ELISEOS;-23.5343002;-46.6437496;49;HOSP MUN VER JOSE STOROPOLLI;PARQUE NOVO MUNDO;-23.522085;-46.5617446;13250;13.25;1087;18.12;ok;
25;CENTRO DE REFERENCIA DA SAUDE DA MULHER;CAMPOS ELISEOS;-23.5343002;-46.6437496;50;CENTRO MEDICO PMESP;TREMEMBE;-23.4690239;-46.6188727;11280;11.28;1208;20.14;ok;
25;CENTRO DE REFERENCIA DA SAUDE DA MULHER;CAMPOS ELISEOS;-23.5343002;-46.6437496;51;HOSP MUN CARMEN PRUDENTE;CIDADE TIRADENTES;-23.5833632;-46.4092773;31980;31.98;2720;45.35;ok;
25;CENTRO DE REFERENCIA DA SAUDE DA MULHER;CAMPOS ELISEOS;-23.5343002;-46.6437496;53;INSTITUTO DE REABILITACAO LUCY MONTORO;VILA ANDRADE;-23.6322694;-46.7351129;18160;18.16;1679;27.99;ok;
25;CENTRO DE REFERENCIA DA SAUDE DA MULHER;CAMPOS ELISEOS;-23.5343002;-46.6437496;55;INSTITUTO DO CANCER DO ESTADO DE SAO PAULO;CERQUEIRA CESAR;-23.5561305;-46.6681716;6140;6.14;725;12.08;ok;
25;CENTRO DE REFERENCIA DA SAUDE DA MULHER;CAMPOS ELISEOS;-23.5343002;-46.6437496;56;HOSP MUN SOROCABANA;VILA ROMANA;-23.5238763;-46.7013591;7620;7.62;797;13.29;ok;
25;CENTRO DE REFERENCIA DA SAUDE DA MULHER;CAMPOS ELISEOS;-23.5343002;-46.6437496;57;HOSP MUN GILSON DE CASSIA MARQUES DE CARVALHO;VILA MASCOTE;-23.6470652;-46.662824;15480;15.48;1628;27.14;ok;
25;CENTRO DE REFERENCIA DA SAUDE DA MULHER;CAMPOS ELISEOS;-23.5343002;-46.6437496;58;HOSP MUN CAPELA DO SOCORRO;JARDIM DAS IMBUIAS;-23.7296842;-46.7129995;27140;27.14;2813;46.89;ok;
25;CENTRO DE REFERENCIA DA SAUDE DA MULHER;CAMPOS ELISEOS;-23.5343002;-46.6437496;59;HOSP MUN JOSANIAS CASTANHA BRAGA;JARDIM ROSCHEL;-23.8247733;-46.7266429;40210;40.21;3683;61.39;ok;
25;CENTRO DE REFERENCIA DA SAUDE DA MULHER;CAMPOS ELISEOS;-23.5343002;-46.6437496;233;HOSP MUN SOROCABANA;ALTO DE PINHEIROS;-23.5375934;-46.7227993;10500;10.5;1155;19.26;ok;
26;HOSP MUN INFANTIL MENINO JESUS;BELA VISTA;-23.56022;-46.6469982;1;HOSPITAL MUNICIPAL SANTA DULCE DOS POBRES;CONSOLACAO;-23.5573928;-46.6562429;2350;2.35;356;5.94;ok;
26;HOSP MUN INFANTIL MENINO JESUS;BELA VISTA;-23.56022;-46.6469982;2;HOSPITAL MUNICIPAL BRASILANDIA;JARDIM MARISTELA;-23.476544;-46.6980006;14250;14.25;1585;26.42;ok;
26;HOSP MUN INFANTIL MENINO JESUS;BELA VISTA;-23.56022;-46.6469982;3;HOSPITAL MUNICIPAL GUARAPIRANGA;RIVIERA PAULISTA;-23.6911689;-46.7517858;22590;22.59;2024;33.74;ok;
26;HOSP MUN INFANTIL MENINO JESUS;BELA VISTA;-23.56022;-46.6469982;4;INSTITUTO DE INFECTOLOGIA EMILIO RIBAS;SUMARE;-23.5470783;-46.6812257;5490;5.49;706;11.77;ok;
26;HOSP MUN INFANTIL MENINO JESUS;BELA VISTA;-23.56022;-46.6469982;5;HOSPITAL DO SERV PUB EST FCO MORATO DE OLIVEIRA SAO PAULO;IBIRAPUERA;-23.5966175;-46.6539691;7020;7.02;749;12.49;ok;
26;HOSP MUN INFANTIL MENINO JESUS;BELA VISTA;-23.56022;-46.6469982;6;HOSPITAL MATERNIDADE INTERLAGOS;JD LEBLON;-23.7069613;-46.7021968;23880;23.88;2159;35.99;ok;
26;HOSP MUN INFANTIL MENINO JESUS;BELA VISTA;-23.56022;-46.6469982;7;HOSPITAL GERAL DE PEDREIRA;VILA CAMPO GRANDE;-23.6808407;-46.6783317;18760;18.76;1926;32.1;ok;
26;HOSP MUN INFANTIL MENINO JESUS;BELA VISTA;-23.56022;-46.6469982;8;HOSPITAL HELIOPOLIS UNIDADE DE GESTAO ASSISTENCIAL I;V HELIOPOLIS;-23.607115;-46.595253;10500;10.5;1126;18.78;ok;
26;HOSP MUN INFANTIL MENINO JESUS;BELA VISTA;-23.56022;-46.6469982;10;HOSPITAL INFANTIL DARCY VARGAS UGA III SAO PAULO;JARDIM GUEDALA;-23.5929419;-46.7109151;9310;9.31;1123;18.72;ok;
26;HOSP MUN INFANTIL MENINO JESUS;BELA VISTA;-23.56022;-46.6469982;11;HOSP MUN MATERNIDADE PROFESSOR MARIO DEGNI;VILA ANTONIO;-23.5777487;-46.764842;16730;16.73;1529;25.49;ok;
26;HOSP MUN INFANTIL MENINO JESUS;BELA VISTA;-23.56022;-46.6469982;12;HOSPITAL UNIVERSITARIO DA USP SAO PAULO;BUTANTA;-23.5649058;-46.7409515;14120;14.12;1627;27.12;ok;
26;HOSP MUN INFANTIL MENINO JESUS;BELA VISTA;-23.56022;-46.6469982;13;CAISM PHILIPPE PINEL SAO PAULO;PIRITUBA;-23.4869816;-46.7239346;17530;17.53;1619;26.98;ok;
26;HOSP MUN INFANTIL MENINO JESUS;BELA VISTA;-23.56022;-46.6469982;14;HOSPITAL GERAL HENRIQUE ALTIMEYER DE VILA ALPINA;VILA ALPINA;-23.5930526;-46.5607618;12080;12.08;1313;21.89;ok;
26;HOSP MUN INFANTIL MENINO JESUS;BELA VISTA;-23.56022;-46.6469982;16;HOSPITAL GERAL DE SAO MATEUS SAO PAULO;SAO MATEUS;-23.5947358;-46.4867109;21200;21.2;2070;34.51;ok;
26;HOSP MUN INFANTIL MENINO JESUS;BELA VISTA;-23.56022;-46.6469982;17;UNIDADE DE GESTAO ASSISTENCIAL II HOSPITAL IPIRANGA SP;IPIRANGA;-23.584203;-46.6116295;7200;7.2;838;13.97;ok;
26;HOSP MUN INFANTIL MENINO JESUS;BELA VISTA;-23.56022;-46.6469982;18;CONJUNTO HOSPITALAR DO MANDAQUI SAO PAULO;SANTANA;-23.4849783;-46.6314355;10160;10.16;1242;20.71;ok;
26;HOSP MUN INFANTIL MENINO JESUS;BELA VISTA;-23.56022;-46.6469982;19;HOSPITAL GERAL SANTA MARCELINA DE ITAIM PAULISTA SAO PAULO;ITAIM PAULISTA;-23.4924231;-46.3889814;37690;37.69;2394;39.91;ok;
26;HOSP MUN INFANTIL MENINO JESUS;BELA VISTA;-23.56022;-46.6469982;20;HOSP MUN PROF DR WALDOMIRO DE PAULA;ITAQUERA;-23.5321357;-46.4472128;23220;23.22;2333;38.89;ok;
26;HOSP MUN INFANTIL MENINO JESUS;BELA VISTA;-23.56022;-46.6469982;21;HOSPITAL GERAL DO GRAJAU PROF LIBER JOHN ALPHONSE DI DIO SP;PARQUE DAS NACOES;-23.691152;-46.5848155;22520;22.52;1928;32.15;ok;
26;HOSP MUN INFANTIL MENINO JESUS;BELA VISTA;-23.56022;-46.6469982;22;HOSPITAL E MATERNIDADE LEONOR MENDES DE BARROS SAO PAULO;BELENZINHO;-23.5359031;-46.5887061;9000;9.0;1003;16.72;ok;
26;HOSP MUN INFANTIL MENINO JESUS;BELA VISTA;-23.56022;-46.6469982;23;CENTRO DE REFERENCIA E TREINAMENTO DST AIDS SAO PAULO;VILA MARIANA;-23.5966194;-46.6358133;5820;5.82;762;12.72;ok;
26;HOSP MUN INFANTIL MENINO JESUS;BELA VISTA;-23.56022;-46.6469982;24;HOSPITAL MILITAR DE AREA DE SAO PAULO;CAMBUCI;-23.5696701;-46.6134492;5430;5.43;674;11.25;ok;
26;HOSP MUN INFANTIL MENINO JESUS;BELA VISTA;-23.56022;-46.6469982;25;CENTRO DE REFERENCIA DA SAUDE DA MULHER;CAMPOS ELISEOS;-23.5343002;-46.6437496;3720;3.72;545;9.1;ok;
26;HOSP MUN INFANTIL MENINO JESUS;BELA VISTA;-23.56022;-46.6469982;26;HOSP MUN INFANTIL MENINO JESUS;BELA VISTA;-23.56022;-46.6469982;0;0.0;0;0.0;ok;
26;HOSP MUN INFANTIL MENINO JESUS;BELA VISTA;-23.56022;-46.6469982;28;HOSP MUN MAT ESC DR MARIO DE MORAES A SILVA;VILA NOVA CACHOEIRIN;-23.4802096;-46.6709709;12160;12.16;1406;23.44;ok;
26;HOSP MUN INFANTIL MENINO JESUS;BELA VISTA;-23.56022;-46.6469982;29;HOSPITAL GERAL JESUS TEIXEIRA DA COSTA GUAIANASES SAO PAULO;JARDIM SAO PAULO;-23.5523813;-46.4053829;30070;30.07;2899;48.33;ok;
26;HOSP MUN INFANTIL MENINO JESUS;BELA VISTA;-23.56022;-46.6469982;30;HOSP MUN DR CARMINO CARICCHIO;TATUAPE;-23.5329502;-46.5664411;10910;10.91;1207;20.12;ok;
26;HOSP MUN INFANTIL MENINO JESUS;BELA VISTA;-23.56022;-46.6469982;31;HOSP MUN TIDE SETUBAL;SAO MIGUEL PAULISTA;-23.4973179;-46.439865;31100;31.1;2080;34.68;ok;
26;HOSP MUN INFANTIL MENINO JESUS;BELA VISTA;-23.56022;-46.6469982;32;HOSP MUN V NHOCUNE ALEXANDRE ZAIO;VILA NHOCUNE;-23.5424212;-46.5015398;17630;17.63;1812;30.2;ok;
26;HOSP MUN INFANTIL MENINO JESUS;BELA VISTA;-23.56022;-46.6469982;33;HOSP MUN JABAQUARA ARTUR RIBEIRO DE SABOYA;JABAQUARA;-23.6533422;-46.6456764;14200;14.2;1514;25.24;ok;
26;HOSP MUN INFANTIL MENINO JESUS;BELA VISTA;-23.56022;-46.6469982;34;HOSPITAL KATIA DE SOUZA RODRIGUES TAIPASSP SAO PAULO;PARADA DE TAIPAS;-23.4436996;-46.7177512;18710;18.71;1878;31.3;ok;
26;HOSP MUN INFANTIL MENINO JESUS;BELA VISTA;-23.56022;-46.6469982;35;HOSP MUN PROFESSOR DOUTOR ALIPIO CORREA NETTO;VILA PARANAGUA;-23.499644;-46.4729162;23640;23.64;2127;35.47;ok;
26;HOSP MUN INFANTIL MENINO JESUS;BELA VISTA;-23.56022;-46.6469982;36;HOSPITAL MUNICIPAL DR BENEDITO MONTENEGRO;JARDIM IVA;-23.5875541;-46.5145716;16830;16.83;1774;29.57;ok;
26;HOSP MUN INFANTIL MENINO JESUS;BELA VISTA;-23.56022;-46.6469982;37;HOSP MUN IGNACIO PROENCA DE GOUVEA;PARQUE DA MOOCA;-23.5717374;-46.590166;8380;8.38;939;15.65;ok;
26;HOSP MUN INFANTIL MENINO JESUS;BELA VISTA;-23.56022;-46.6469982;38;HOSPITAL INFANTIL CANDIDO FONTOURA SAO PAULO;AGUA RASA;-23.551918;-46.5852143;7980;7.98;894;14.9;ok;
26;HOSP MUN INFANTIL MENINO JESUS;BELA VISTA;-23.56022;-46.6469982;40;HOSPITAL REGIONAL SUL SAO PAULO;SANTO AMARO;-23.6555597;-46.7058596;14560;14.56;1632;27.21;ok;
26;HOSP MUN INFANTIL MENINO JESUS;BELA VISTA;-23.56022;-46.6469982;42;HOSPITAL ESTADUAL DE SAPOPEMBA SAO PAULO;JARDIM SAPOPEMBA;-23.611336;-46.493671;21030;21.03;2064;34.41;ok;
26;HOSP MUN INFANTIL MENINO JESUS;BELA VISTA;-23.56022;-46.6469982;43;HOSPITAL GERAL DE VILA PENTEADO DR JOSE PANGELLA SAO PAULO;JARDIM IRACEMA;-23.4934229;-46.7008274;15140;15.14;1347;22.46;ok;
26;HOSP MUN INFANTIL MENINO JESUS;BELA VISTA;-23.56022;-46.6469982;46;HOSP DO SERV PUB MUNICIPAL HSPM;LIBERDADE;-23.5673424;-46.639071;3700;3.7;514;8.58;ok;
26;HOSP MUN INFANTIL MENINO JESUS;BELA VISTA;-23.56022;-46.6469982;47;HOSP MUN FERNANDO MAURO PIRES DA ROCHA;CAMPO LIMPO;-23.6490957;-46.7490028;17570;17.57;1569;26.16;ok;
26;HOSP MUN INFANTIL MENINO JESUS;BELA VISTA;-23.56022;-46.6469982;48;CENTRO HOSPITALAR DO SISTEMA PENITENCIARIO SAO PAULO;CARANDIRU;-23.5085713;-46.6201015;7690;7.69;965;16.1;ok;
26;HOSP MUN INFANTIL MENINO JESUS;BELA VISTA;-23.56022;-46.6469982;49;HOSP MUN VER JOSE STOROPOLLI;PARQUE NOVO MUNDO;-23.522085;-46.5617446;15360;15.36;1337;22.28;ok;
26;HOSP MUN INFANTIL MENINO JESUS;BELA VISTA;-23.56022;-46.6469982;50;CENTRO MEDICO PMESP;TREMEMBE;-23.4690239;-46.6188727;12740;12.74;1529;25.49;ok;
26;HOSP MUN INFANTIL MENINO JESUS;BELA VISTA;-23.56022;-46.6469982;51;HOSP MUN CARMEN PRUDENTE;CIDADE TIRADENTES;-23.5833632;-46.4092773;30560;30.56;2921;48.7;ok;
26;HOSP MUN INFANTIL MENINO JESUS;BELA VISTA;-23.56022;-46.6469982;53;INSTITUTO DE REABILITACAO LUCY MONTORO;VILA ANDRADE;-23.6322694;-46.7351129;15390;15.39;1434;23.91;ok;
26;HOSP MUN INFANTIL MENINO JESUS;BELA VISTA;-23.56022;-46.6469982;55;INSTITUTO DO CANCER DO ESTADO DE SAO PAULO;CERQUEIRA CESAR;-23.5561305;-46.6681716;5210;5.21;690;11.51;ok;
26;HOSP MUN INFANTIL MENINO JESUS;BELA VISTA;-23.56022;-46.6469982;56;HOSP MUN SOROCABANA;VILA ROMANA;-23.5238763;-46.7013591;9070;9.07;1045;17.42;ok;
26;HOSP MUN INFANTIL MENINO JESUS;BELA VISTA;-23.56022;-46.6469982;57;HOSP MUN GILSON DE CASSIA MARQUES DE CARVALHO;VILA MASCOTE;-23.6470652;-46.662824;14040;14.04;1426;23.78;ok;
26;HOSP MUN INFANTIL MENINO JESUS;BELA VISTA;-23.56022;-46.6469982;58;HOSP MUN CAPELA DO SOCORRO;JARDIM DAS IMBUIAS;-23.7296842;-46.7129995;27330;27.33;2578;42.97;ok;
26;HOSP MUN INFANTIL MENINO JESUS;BELA VISTA;-23.56022;-46.6469982;59;HOSP MUN JOSANIAS CASTANHA BRAGA;JARDIM ROSCHEL;-23.8247733;-46.7266429;40400;40.4;3447;57.46;ok;
26;HOSP MUN INFANTIL MENINO JESUS;BELA VISTA;-23.56022;-46.6469982;233;HOSP MUN SOROCABANA;ALTO DE PINHEIROS;-23.5375934;-46.7227993;11590;11.59;1365;22.76;ok;
28;HOSP MUN MAT ESC DR MARIO DE MORAES A SILVA;VILA NOVA CACHOEIRIN;-23.4802096;-46.6709709;1;HOSPITAL MUNICIPAL SANTA DULCE DOS POBRES;CONSOLACAO;-23.5573928;-46.6562429;12630;12.63;1351;22.53;ok;
28;HOSP MUN MAT ESC DR MARIO DE MORAES A SILVA;VILA NOVA CACHOEIRIN;-23.4802096;-46.6709709;2;HOSPITAL MUNICIPAL BRASILANDIA;JARDIM MARISTELA;-23.476544;-46.6980006;4310;4.31;592;9.88;ok;
28;HOSP MUN MAT ESC DR MARIO DE MORAES A SILVA;VILA NOVA CACHOEIRIN;-23.4802096;-46.6709709;3;HOSPITAL MUNICIPAL GUARAPIRANGA;RIVIERA PAULISTA;-23.6911689;-46.7517858;36040;36.04;2441;40.7;ok;
28;HOSP MUN MAT ESC DR MARIO DE MORAES A SILVA;VILA NOVA CACHOEIRIN;-23.4802096;-46.6709709;4;INSTITUTO DE INFECTOLOGIA EMILIO RIBAS;SUMARE;-23.5470783;-46.6812257;9850;9.85;1020;17.01;ok;
28;HOSP MUN MAT ESC DR MARIO DE MORAES A SILVA;VILA NOVA CACHOEIRIN;-23.4802096;-46.6709709;5;HOSPITAL DO SERV PUB EST FCO MORATO DE OLIVEIRA SAO PAULO;IBIRAPUERA;-23.5966175;-46.6539691;16960;16.96;1749;29.17;ok;
28;HOSP MUN MAT ESC DR MARIO DE MORAES A SILVA;VILA NOVA CACHOEIRIN;-23.4802096;-46.6709709;6;HOSPITAL MATERNIDADE INTERLAGOS;JD LEBLON;-23.7069613;-46.7021968;37340;37.34;2576;42.95;ok;
28;HOSP MUN MAT ESC DR MARIO DE MORAES A SILVA;VILA NOVA CACHOEIRIN;-23.4802096;-46.6709709;7;HOSPITAL GERAL DE PEDREIRA;VILA CAMPO GRANDE;-23.6808407;-46.6783317;36330;36.33;2537;42.29;ok;
28;HOSP MUN MAT ESC DR MARIO DE MORAES A SILVA;VILA NOVA CACHOEIRIN;-23.4802096;-46.6709709;8;HOSPITAL HELIOPOLIS UNIDADE DE GESTAO ASSISTENCIAL I;V HELIOPOLIS;-23.607115;-46.595253;20630;20.63;2015;33.59;ok;
28;HOSP MUN MAT ESC DR MARIO DE MORAES A SILVA;VILA NOVA CACHOEIRIN;-23.4802096;-46.6709709;10;HOSPITAL INFANTIL DARCY VARGAS UGA III SAO PAULO;JARDIM GUEDALA;-23.5929419;-46.7109151;23020;23.02;1665;27.75;ok;
28;HOSP MUN MAT ESC DR MARIO DE MORAES A SILVA;VILA NOVA CACHOEIRIN;-23.4802096;-46.6709709;11;HOSP MUN MATERNIDADE PROFESSOR MARIO DEGNI;VILA ANTONIO;-23.5777487;-46.764842;19340;19.34;1577;26.3;ok;
28;HOSP MUN MAT ESC DR MARIO DE MORAES A SILVA;VILA NOVA CACHOEIRIN;-23.4802096;-46.6709709;12;HOSPITAL UNIVERSITARIO DA USP SAO PAULO;BUTANTA;-23.5649058;-46.7409515;17410;17.41;1478;24.63;ok;
28;HOSP MUN MAT ESC DR MARIO DE MORAES A SILVA;VILA NOVA CACHOEIRIN;-23.4802096;-46.6709709;13;CAISM PHILIPPE PINEL SAO PAULO;PIRITUBA;-23.4869816;-46.7239346;8820;8.82;883;14.72;ok;
28;HOSP MUN MAT ESC DR MARIO DE MORAES A SILVA;VILA NOVA CACHOEIRIN;-23.4802096;-46.6709709;14;HOSPITAL GERAL HENRIQUE ALTIMEYER DE VILA ALPINA;VILA ALPINA;-23.5930526;-46.5607618;24170;24.17;1836;30.6;ok;
28;HOSP MUN MAT ESC DR MARIO DE MORAES A SILVA;VILA NOVA CACHOEIRIN;-23.4802096;-46.6709709;16;HOSPITAL GERAL DE SAO MATEUS SAO PAULO;SAO MATEUS;-23.5947358;-46.4867109;30560;30.56;2270;37.84;ok;
28;HOSP MUN MAT ESC DR MARIO DE MORAES A SILVA;VILA NOVA CACHOEIRIN;-23.4802096;-46.6709709;17;UNIDADE DE GESTAO ASSISTENCIAL II HOSPITAL IPIRANGA SP;IPIRANGA;-23.584203;-46.6116295;17400;17.4;1742;29.04;ok;
28;HOSP MUN MAT ESC DR MARIO DE MORAES A SILVA;VILA NOVA CACHOEIRIN;-23.4802096;-46.6709709;18;CONJUNTO HOSPITALAR DO MANDAQUI SAO PAULO;SANTANA;-23.4849783;-46.6314355;5860;5.86;633;10.57;ok;
28;HOSP MUN MAT ESC DR MARIO DE MORAES A SILVA;VILA NOVA CACHOEIRIN;-23.4802096;-46.6709709;19;HOSPITAL GERAL SANTA MARCELINA DE ITAIM PAULISTA SAO PAULO;ITAIM PAULISTA;-23.4924231;-46.3889814;43190;43.19;2553;42.55;ok;
28;HOSP MUN MAT ESC DR MARIO DE MORAES A SILVA;VILA NOVA CACHOEIRIN;-23.4802096;-46.6709709;20;HOSP MUN PROF DR WALDOMIRO DE PAULA;ITAQUERA;-23.5321357;-46.4472128;40420;40.42;2495;41.6;ok;
28;HOSP MUN MAT ESC DR MARIO DE MORAES A SILVA;VILA NOVA CACHOEIRIN;-23.4802096;-46.6709709;21;HOSPITAL GERAL DO GRAJAU PROF LIBER JOHN ALPHONSE DI DIO SP;PARQUE DAS NACOES;-23.691152;-46.5848155;32650;32.65;2817;46.95;ok;
28;HOSP MUN MAT ESC DR MARIO DE MORAES A SILVA;VILA NOVA CACHOEIRIN;-23.4802096;-46.6709709;22;HOSPITAL E MATERNIDADE LEONOR MENDES DE BARROS SAO PAULO;BELENZINHO;-23.5359031;-46.5887061;17200;17.2;1240;20.68;ok;
28;HOSP MUN MAT ESC DR MARIO DE MORAES A SILVA;VILA NOVA CACHOEIRIN;-23.4802096;-46.6709709;23;CENTRO DE REFERENCIA E TREINAMENTO DST AIDS SAO PAULO;VILA MARIANA;-23.5966194;-46.6358133;16710;16.71;1809;30.15;ok;
28;HOSP MUN MAT ESC DR MARIO DE MORAES A SILVA;VILA NOVA CACHOEIRIN;-23.4802096;-46.6709709;24;HOSPITAL MILITAR DE AREA DE SAO PAULO;CAMBUCI;-23.5696701;-46.6134492;16000;16.0;1613;26.9;ok;
28;HOSP MUN MAT ESC DR MARIO DE MORAES A SILVA;VILA NOVA CACHOEIRIN;-23.4802096;-46.6709709;25;CENTRO DE REFERENCIA DA SAUDE DA MULHER;CAMPOS ELISEOS;-23.5343002;-46.6437496;9000;9.0;934;15.57;ok;
28;HOSP MUN MAT ESC DR MARIO DE MORAES A SILVA;VILA NOVA CACHOEIRIN;-23.4802096;-46.6709709;26;HOSP MUN INFANTIL MENINO JESUS;BELA VISTA;-23.56022;-46.6469982;12570;12.57;1383;23.06;ok;
28;HOSP MUN MAT ESC DR MARIO DE MORAES A SILVA;VILA NOVA CACHOEIRIN;-23.4802096;-46.6709709;28;HOSP MUN MAT ESC DR MARIO DE MORAES A SILVA;VILA NOVA CACHOEIRIN;-23.4802096;-46.6709709;0;0.0;0;0.0;ok;
28;HOSP MUN MAT ESC DR MARIO DE MORAES A SILVA;VILA NOVA CACHOEIRIN;-23.4802096;-46.6709709;29;HOSPITAL GERAL JESUS TEIXEIRA DA COSTA GUAIANASES SAO PAULO;JARDIM SAO PAULO;-23.5523813;-46.4053829;48370;48.37;3074;51.24;ok;
28;HOSP MUN MAT ESC DR MARIO DE MORAES A SILVA;VILA NOVA CACHOEIRIN;-23.4802096;-46.6709709;30;HOSP MUN DR CARMINO CARICCHIO;TATUAPE;-23.5329502;-46.5664411;18380;18.38;1432;23.88;ok;
28;HOSP MUN MAT ESC DR MARIO DE MORAES A SILVA;VILA NOVA CACHOEIRIN;-23.4802096;-46.6709709;31;HOSP MUN TIDE SETUBAL;SAO MIGUEL PAULISTA;-23.4973179;-46.439865;36590;36.59;2239;37.32;ok;
28;HOSP MUN MAT ESC DR MARIO DE MORAES A SILVA;VILA NOVA CACHOEIRIN;-23.4802096;-46.6709709;32;HOSP MUN V NHOCUNE ALEXANDRE ZAIO;VILA NHOCUNE;-23.5424212;-46.5015398;27580;27.58;2079;34.66;ok;
28;HOSP MUN MAT ESC DR MARIO DE MORAES A SILVA;VILA NOVA CACHOEIRIN;-23.4802096;-46.6709709;33;HOSP MUN JABAQUARA ARTUR RIBEIRO DE SABOYA;JABAQUARA;-23.6533422;-46.6456764;32619;32.62;2362;39.37;ok;
28;HOSP MUN MAT ESC DR MARIO DE MORAES A SILVA;VILA NOVA CACHOEIRIN;-23.4802096;-46.6709709;34;HOSPITAL KATIA DE SOUZA RODRIGUES TAIPASSP SAO PAULO;PARADA DE TAIPAS;-23.4436996;-46.7177512;9660;9.66;910;15.17;ok;
28;HOSP MUN MAT ESC DR MARIO DE MORAES A SILVA;VILA NOVA CACHOEIRIN;-23.4802096;-46.6709709;35;HOSP MUN PROFESSOR DOUTOR ALIPIO CORREA NETTO;VILA PARANAGUA;-23.499644;-46.4729162;29130;29.13;2286;38.11;ok;
28;HOSP MUN MAT ESC DR MARIO DE MORAES A SILVA;VILA NOVA CACHOEIRIN;-23.4802096;-46.6709709;36;HOSPITAL MUNICIPAL DR BENEDITO MONTENEGRO;JARDIM IVA;-23.5875541;-46.5145716;26770;26.77;2184;36.41;ok;
28;HOSP MUN MAT ESC DR MARIO DE MORAES A SILVA;VILA NOVA CACHOEIRIN;-23.4802096;-46.6709709;37;HOSP MUN IGNACIO PROENCA DE GOUVEA;PARQUE DA MOOCA;-23.5717374;-46.590166;22380;22.38;1709;28.48;ok;
28;HOSP MUN MAT ESC DR MARIO DE MORAES A SILVA;VILA NOVA CACHOEIRIN;-23.4802096;-46.6709709;38;HOSPITAL INFANTIL CANDIDO FONTOURA SAO PAULO;AGUA RASA;-23.551918;-46.5852143;19890;19.89;1472;24.55;ok;
28;HOSP MUN MAT ESC DR MARIO DE MORAES A SILVA;VILA NOVA CACHOEIRIN;-23.4802096;-46.6709709;40;HOSPITAL REGIONAL SUL SAO PAULO;SANTO AMARO;-23.6555597;-46.7058596;31910;31.91;2122;35.38;ok;
28;HOSP MUN MAT ESC DR MARIO DE MORAES A SILVA;VILA NOVA CACHOEIRIN;-23.4802096;-46.6709709;42;HOSPITAL ESTADUAL DE SAPOPEMBA SAO PAULO;JARDIM SAPOPEMBA;-23.611336;-46.493671;32700;32.7;2527;42.13;ok;
28;HOSP MUN MAT ESC DR MARIO DE MORAES A SILVA;VILA NOVA CACHOEIRIN;-23.4802096;-46.6709709;43;HOSPITAL GERAL DE VILA PENTEADO DR JOSE PANGELLA SAO PAULO;JARDIM IRACEMA;-23.4934229;-46.7008274;4520;4.52;478;7.98;ok;
28;HOSP MUN MAT ESC DR MARIO DE MORAES A SILVA;VILA NOVA CACHOEIRIN;-23.4802096;-46.6709709;46;HOSP DO SERV PUB MUNICIPAL HSPM;LIBERDADE;-23.5673424;-46.639071;13770;13.77;1551;25.86;ok;
28;HOSP MUN MAT ESC DR MARIO DE MORAES A SILVA;VILA NOVA CACHOEIRIN;-23.4802096;-46.6709709;47;HOSP MUN FERNANDO MAURO PIRES DA ROCHA;CAMPO LIMPO;-23.6490957;-46.7490028;31030;31.03;1986;33.11;ok;
28;HOSP MUN MAT ESC DR MARIO DE MORAES A SILVA;VILA NOVA CACHOEIRIN;-23.4802096;-46.6709709;48;CENTRO HOSPITALAR DO SISTEMA PENITENCIARIO SAO PAULO;CARANDIRU;-23.5085713;-46.6201015;9820;9.82;969;16.16;ok;
28;HOSP MUN MAT ESC DR MARIO DE MORAES A SILVA;VILA NOVA CACHOEIRIN;-23.4802096;-46.6709709;49;HOSP MUN VER JOSE STOROPOLLI;PARQUE NOVO MUNDO;-23.522085;-46.5617446;20850;20.85;1495;24.93;ok;
28;HOSP MUN MAT ESC DR MARIO DE MORAES A SILVA;VILA NOVA CACHOEIRIN;-23.4802096;-46.6709709;50;CENTRO MEDICO PMESP;TREMEMBE;-23.4690239;-46.6188727;9440;9.44;848;14.13;ok;
28;HOSP MUN MAT ESC DR MARIO DE MORAES A SILVA;VILA NOVA CACHOEIRIN;-23.4802096;-46.6709709;51;HOSP MUN CARMEN PRUDENTE;CIDADE TIRADENTES;-23.5833632;-46.4092773;39580;39.58;3129;52.15;ok;
28;HOSP MUN MAT ESC DR MARIO DE MORAES A SILVA;VILA NOVA CACHOEIRIN;-23.4802096;-46.6709709;53;INSTITUTO DE REABILITACAO LUCY MONTORO;VILA ANDRADE;-23.6322694;-46.7351129;28850;28.85;1851;30.87;ok;
28;HOSP MUN MAT ESC DR MARIO DE MORAES A SILVA;VILA NOVA CACHOEIRIN;-23.4802096;-46.6709709;55;INSTITUTO DO CANCER DO ESTADO DE SAO PAULO;CERQUEIRA CESAR;-23.5561305;-46.6681716;12190;12.19;1252;20.88;ok;
28;HOSP MUN MAT ESC DR MARIO DE MORAES A SILVA;VILA NOVA CACHOEIRIN;-23.4802096;-46.6709709;56;HOSP MUN SOROCABANA;VILA ROMANA;-23.5238763;-46.7013591;7060;7.06;738;12.3;ok;
28;HOSP MUN MAT ESC DR MARIO DE MORAES A SILVA;VILA NOVA CACHOEIRIN;-23.4802096;-46.6709709;57;HOSP MUN GILSON DE CASSIA MARQUES DE CARVALHO;VILA MASCOTE;-23.6470652;-46.662824;29830;29.83;2097;34.96;ok;
28;HOSP MUN MAT ESC DR MARIO DE MORAES A SILVA;VILA NOVA CACHOEIRIN;-23.4802096;-46.6709709;58;HOSP MUN CAPELA DO SOCORRO;JARDIM DAS IMBUIAS;-23.7296842;-46.7129995;40790;40.79;2995;49.93;ok;
28;HOSP MUN MAT ESC DR MARIO DE MORAES A SILVA;VILA NOVA CACHOEIRIN;-23.4802096;-46.6709709;59;HOSP MUN JOSANIAS CASTANHA BRAGA;JARDIM ROSCHEL;-23.8247733;-46.7266429;53860;53.86;3865;64.42;ok;
28;HOSP MUN MAT ESC DR MARIO DE MORAES A SILVA;VILA NOVA CACHOEIRIN;-23.4802096;-46.6709709;233;HOSP MUN SOROCABANA;ALTO DE PINHEIROS;-23.5375934;-46.7227993;9700;9.7;1093;18.23;ok;
29;HOSPITAL GERAL JESUS TEIXEIRA DA COSTA GUAIANASES SAO PAULO;JARDIM SAO PAULO;-23.5523813;-46.4053829;1;HOSPITAL MUNICIPAL SANTA DULCE DOS POBRES;CONSOLACAO;-23.5573928;-46.6562429;30700;30.7;3101;51.69;ok;
29;HOSPITAL GERAL JESUS TEIXEIRA DA COSTA GUAIANASES SAO PAULO;JARDIM SAO PAULO;-23.5523813;-46.4053829;2;HOSPITAL MUNICIPAL BRASILANDIA;JARDIM MARISTELA;-23.476544;-46.6980006;46770;46.77;3094;51.58;ok;
29;HOSPITAL GERAL JESUS TEIXEIRA DA COSTA GUAIANASES SAO PAULO;JARDIM SAO PAULO;-23.5523813;-46.4053829;3;HOSPITAL MUNICIPAL GUARAPIRANGA;RIVIERA PAULISTA;-23.6911689;-46.7517858;72790;72.79;4420;73.67;ok;
29;HOSPITAL GERAL JESUS TEIXEIRA DA COSTA GUAIANASES SAO PAULO;JARDIM SAO PAULO;-23.5523813;-46.4053829;4;INSTITUTO DE INFECTOLOGIA EMILIO RIBAS;SUMARE;-23.5470783;-46.6812257;43160;43.16;3014;50.24;ok;
29;HOSPITAL GERAL JESUS TEIXEIRA DA COSTA GUAIANASES SAO PAULO;JARDIM SAO PAULO;-23.5523813;-46.4053829;5;HOSPITAL DO SERV PUB EST FCO MORATO DE OLIVEIRA SAO PAULO;IBIRAPUERA;-23.5966175;-46.6539691;33570;33.57;3205;53.42;ok;
29;HOSPITAL GERAL JESUS TEIXEIRA DA COSTA GUAIANASES SAO PAULO;JARDIM SAO PAULO;-23.5523813;-46.4053829;6;HOSPITAL MATERNIDADE INTERLAGOS;JD LEBLON;-23.7069613;-46.7021968;46680;46.68;4331;72.19;ok;
29;HOSPITAL GERAL JESUS TEIXEIRA DA COSTA GUAIANASES SAO PAULO;JARDIM SAO PAULO;-23.5523813;-46.4053829;7;HOSPITAL GERAL DE PEDREIRA;VILA CAMPO GRANDE;-23.6808407;-46.6783317;42360;42.36;3931;65.52;ok;
29;HOSPITAL GERAL JESUS TEIXEIRA DA COSTA GUAIANASES SAO PAULO;JARDIM SAO PAULO;-23.5523813;-46.4053829;8;HOSPITAL HELIOPOLIS UNIDADE DE GESTAO ASSISTENCIAL I;V HELIOPOLIS;-23.607115;-46.595253;28390;28.39;2640;44.0;ok;
29;HOSPITAL GERAL JESUS TEIXEIRA DA COSTA GUAIANASES SAO PAULO;JARDIM SAO PAULO;-23.5523813;-46.4053829;10;HOSPITAL INFANTIL DARCY VARGAS UGA III SAO PAULO;JARDIM GUEDALA;-23.5929419;-46.7109151;59770;59.77;3643;60.72;ok;
29;HOSPITAL GERAL JESUS TEIXEIRA DA COSTA GUAIANASES SAO PAULO;JARDIM SAO PAULO;-23.5523813;-46.4053829;11;HOSP MUN MATERNIDADE PROFESSOR MARIO DEGNI;VILA ANTONIO;-23.5777487;-46.764842;56090;56.09;3556;59.27;ok;
29;HOSPITAL GERAL JESUS TEIXEIRA DA COSTA GUAIANASES SAO PAULO;JARDIM SAO PAULO;-23.5523813;-46.4053829;12;HOSPITAL UNIVERSITARIO DA USP SAO PAULO;BUTANTA;-23.5649058;-46.7409515;54160;54.16;3456;57.61;ok;
29;HOSPITAL GERAL JESUS TEIXEIRA DA COSTA GUAIANASES SAO PAULO;JARDIM SAO PAULO;-23.5523813;-46.4053829;13;CAISM PHILIPPE PINEL SAO PAULO;PIRITUBA;-23.4869816;-46.7239346;46960;46.96;3121;52.02;ok;
29;HOSPITAL GERAL JESUS TEIXEIRA DA COSTA GUAIANASES SAO PAULO;JARDIM SAO PAULO;-23.5523813;-46.4053829;14;HOSPITAL GERAL HENRIQUE ALTIMEYER DE VILA ALPINA;VILA ALPINA;-23.5930526;-46.5607618;22890;22.89;2048;34.14;ok;
29;HOSPITAL GERAL JESUS TEIXEIRA DA COSTA GUAIANASES SAO PAULO;JARDIM SAO PAULO;-23.5523813;-46.4053829;16;HOSPITAL GERAL DE SAO MATEUS SAO PAULO;SAO MATEUS;-23.5947358;-46.4867109;14510;14.51;1334;22.24;ok;
29;HOSPITAL GERAL JESUS TEIXEIRA DA COSTA GUAIANASES SAO PAULO;JARDIM SAO PAULO;-23.5523813;-46.4053829;17;UNIDADE DE GESTAO ASSISTENCIAL II HOSPITAL IPIRANGA SP;IPIRANGA;-23.584203;-46.6116295;27290;27.29;2466;41.11;ok;
29;HOSPITAL GERAL JESUS TEIXEIRA DA COSTA GUAIANASES SAO PAULO;JARDIM SAO PAULO;-23.5523813;-46.4053829;18;CONJUNTO HOSPITALAR DO MANDAQUI SAO PAULO;SANTANA;-23.4849783;-46.6314355;38650;38.65;2854;47.57;ok;
29;HOSPITAL GERAL JESUS TEIXEIRA DA COSTA GUAIANASES SAO PAULO;JARDIM SAO PAULO;-23.5523813;-46.4053829;19;HOSPITAL GERAL SANTA MARCELINA DE ITAIM PAULISTA SAO PAULO;ITAIM PAULISTA;-23.4924231;-46.3889814;9960;9.96;972;16.21;ok;
29;HOSPITAL GERAL JESUS TEIXEIRA DA COSTA GUAIANASES SAO PAULO;JARDIM SAO PAULO;-23.5523813;-46.4053829;20;HOSP MUN PROF DR WALDOMIRO DE PAULA;ITAQUERA;-23.5321357;-46.4472128;6060;6.06;629;10.48;ok;
29;HOSPITAL GERAL JESUS TEIXEIRA DA COSTA GUAIANASES SAO PAULO;JARDIM SAO PAULO;-23.5523813;-46.4053829;21;HOSPITAL GERAL DO GRAJAU PROF LIBER JOHN ALPHONSE DI DIO SP;PARQUE DAS NACOES;-23.691152;-46.5848155;33050;33.05;2877;47.96;ok;
29;HOSPITAL GERAL JESUS TEIXEIRA DA COSTA GUAIANASES SAO PAULO;JARDIM SAO PAULO;-23.5523813;-46.4053829;22;HOSPITAL E MATERNIDADE LEONOR MENDES DE BARROS SAO PAULO;BELENZINHO;-23.5359031;-46.5887061;22390;22.39;2219;37.0;ok;
29;HOSPITAL GERAL JESUS TEIXEIRA DA COSTA GUAIANASES SAO PAULO;JARDIM SAO PAULO;-23.5523813;-46.4053829;23;CENTRO DE REFERENCIA E TREINAMENTO DST AIDS SAO PAULO;VILA MARIANA;-23.5966194;-46.6358133;31840;31.84;3019;50.33;ok;
29;HOSPITAL GERAL JESUS TEIXEIRA DA COSTA GUAIANASES SAO PAULO;JARDIM SAO PAULO;-23.5523813;-46.4053829;24;HOSPITAL MILITAR DE AREA DE SAO PAULO;CAMBUCI;-23.5696701;-46.6134492;29390;29.39;2668;44.47;ok;
29;HOSPITAL GERAL JESUS TEIXEIRA DA COSTA GUAIANASES SAO PAULO;JARDIM SAO PAULO;-23.5523813;-46.4053829;25;CENTRO DE REFERENCIA DA SAUDE DA MULHER;CAMPOS ELISEOS;-23.5343002;-46.6437496;40090;40.09;2789;46.5;ok;
29;HOSPITAL GERAL JESUS TEIXEIRA DA COSTA GUAIANASES SAO PAULO;JARDIM SAO PAULO;-23.5523813;-46.4053829;26;HOSP MUN INFANTIL MENINO JESUS;BELA VISTA;-23.56022;-46.6469982;29370;29.37;2995;49.93;ok;
29;HOSPITAL GERAL JESUS TEIXEIRA DA COSTA GUAIANASES SAO PAULO;JARDIM SAO PAULO;-23.5523813;-46.4053829;28;HOSP MUN MAT ESC DR MARIO DE MORAES A SILVA;VILA NOVA CACHOEIRIN;-23.4802096;-46.6709709;44870;44.87;2998;49.98;ok;
29;HOSPITAL GERAL JESUS TEIXEIRA DA COSTA GUAIANASES SAO PAULO;JARDIM SAO PAULO;-23.5523813;-46.4053829;29;HOSPITAL GERAL JESUS TEIXEIRA DA COSTA GUAIANASES SAO PAULO;JARDIM SAO PAULO;-23.5523813;-46.4053829;0;0.0;0;0.0;ok;
29;HOSPITAL GERAL JESUS TEIXEIRA DA COSTA GUAIANASES SAO PAULO;JARDIM SAO PAULO;-23.5523813;-46.4053829;30;HOSP MUN DR CARMINO CARICCHIO;TATUAPE;-23.5329502;-46.5664411;20500;20.5;2023;33.72;ok;
29;HOSPITAL GERAL JESUS TEIXEIRA DA COSTA GUAIANASES SAO PAULO;JARDIM SAO PAULO;-23.5523813;-46.4053829;31;HOSP MUN TIDE SETUBAL;SAO MIGUEL PAULISTA;-23.4973179;-46.439865;8760;8.76;991;16.53;ok;
29;HOSPITAL GERAL JESUS TEIXEIRA DA COSTA GUAIANASES SAO PAULO;JARDIM SAO PAULO;-23.5523813;-46.4053829;32;HOSP MUN V NHOCUNE ALEXANDRE ZAIO;VILA NHOCUNE;-23.5424212;-46.5015398;13740;13.74;1383;23.06;ok;
29;HOSPITAL GERAL JESUS TEIXEIRA DA COSTA GUAIANASES SAO PAULO;JARDIM SAO PAULO;-23.5523813;-46.4053829;33;HOSP MUN JABAQUARA ARTUR RIBEIRO DE SABOYA;JABAQUARA;-23.6533422;-46.6456764;39540;39.54;3442;57.37;ok;
29;HOSPITAL GERAL JESUS TEIXEIRA DA COSTA GUAIANASES SAO PAULO;JARDIM SAO PAULO;-23.5523813;-46.4053829;34;HOSPITAL KATIA DE SOUZA RODRIGUES TAIPASSP SAO PAULO;PARADA DE TAIPAS;-23.4436996;-46.7177512;51230;51.23;3387;56.46;ok;
29;HOSPITAL GERAL JESUS TEIXEIRA DA COSTA GUAIANASES SAO PAULO;JARDIM SAO PAULO;-23.5523813;-46.4053829;35;HOSP MUN PROFESSOR DOUTOR ALIPIO CORREA NETTO;VILA PARANAGUA;-23.499644;-46.4729162;12480;12.48;1363;22.73;ok;
29;HOSPITAL GERAL JESUS TEIXEIRA DA COSTA GUAIANASES SAO PAULO;JARDIM SAO PAULO;-23.5523813;-46.4053829;36;HOSPITAL MUNICIPAL DR BENEDITO MONTENEGRO;JARDIM IVA;-23.5875541;-46.5145716;16570;16.57;1588;26.48;ok;
29;HOSPITAL GERAL JESUS TEIXEIRA DA COSTA GUAIANASES SAO PAULO;JARDIM SAO PAULO;-23.5523813;-46.4053829;37;HOSP MUN IGNACIO PROENCA DE GOUVEA;PARQUE DA MOOCA;-23.5717374;-46.590166;25900;25.9;2314;38.58;ok;
29;HOSPITAL GERAL JESUS TEIXEIRA DA COSTA GUAIANASES SAO PAULO;JARDIM SAO PAULO;-23.5523813;-46.4053829;38;HOSPITAL INFANTIL CANDIDO FONTOURA SAO PAULO;AGUA RASA;-23.551918;-46.5852143;24780;24.78;2288;38.14;ok;
29;HOSPITAL GERAL JESUS TEIXEIRA DA COSTA GUAIANASES SAO PAULO;JARDIM SAO PAULO;-23.5523813;-46.4053829;40;HOSPITAL REGIONAL SUL SAO PAULO;SANTO AMARO;-23.6555597;-46.7058596;68660;68.66;4101;68.35;ok;
29;HOSPITAL GERAL JESUS TEIXEIRA DA COSTA GUAIANASES SAO PAULO;JARDIM SAO PAULO;-23.5523813;-46.4053829;42;HOSPITAL ESTADUAL DE SAPOPEMBA SAO PAULO;JARDIM SAPOPEMBA;-23.611336;-46.493671;16219;16.22;1504;25.08;ok;
29;HOSPITAL GERAL JESUS TEIXEIRA DA COSTA GUAIANASES SAO PAULO;JARDIM SAO PAULO;-23.5523813;-46.4053829;43;HOSPITAL GERAL DE VILA PENTEADO DR JOSE PANGELLA SAO PAULO;JARDIM IRACEMA;-23.4934229;-46.7008274;44570;44.57;2849;47.5;ok;
29;HOSPITAL GERAL JESUS TEIXEIRA DA COSTA GUAIANASES SAO PAULO;JARDIM SAO PAULO;-23.5523813;-46.4053829;46;HOSP DO SERV PUB MUNICIPAL HSPM;LIBERDADE;-23.5673424;-46.639071;28280;28.28;2820;47.0;ok;
29;HOSPITAL GERAL JESUS TEIXEIRA DA COSTA GUAIANASES SAO PAULO;JARDIM SAO PAULO;-23.5523813;-46.4053829;47;HOSP MUN FERNANDO MAURO PIRES DA ROCHA;CAMPO LIMPO;-23.6490957;-46.7490028;67780;67.78;3965;66.09;ok;
29;HOSPITAL GERAL JESUS TEIXEIRA DA COSTA GUAIANASES SAO PAULO;JARDIM SAO PAULO;-23.5523813;-46.4053829;48;CENTRO HOSPITALAR DO SISTEMA PENITENCIARIO SAO PAULO;CARANDIRU;-23.5085713;-46.6201015;34970;34.97;2433;40.55;ok;
29;HOSPITAL GERAL JESUS TEIXEIRA DA COSTA GUAIANASES SAO PAULO;JARDIM SAO PAULO;-23.5523813;-46.4053829;49;HOSP MUN VER JOSE STOROPOLLI;PARQUE NOVO MUNDO;-23.522085;-46.5617446;27930;27.93;2072;34.54;ok;
29;HOSPITAL GERAL JESUS TEIXEIRA DA COSTA GUAIANASES SAO PAULO;JARDIM SAO PAULO;-23.5523813;-46.4053829;50;CENTRO MEDICO PMESP;TREMEMBE;-23.4690239;-46.6188727;40210;40.21;3007;50.12;ok;
29;HOSPITAL GERAL JESUS TEIXEIRA DA COSTA GUAIANASES SAO PAULO;JARDIM SAO PAULO;-23.5523813;-46.4053829;51;HOSP MUN CARMEN PRUDENTE;CIDADE TIRADENTES;-23.5833632;-46.4092773;5470;5.47;542;9.04;ok;
29;HOSPITAL GERAL JESUS TEIXEIRA DA COSTA GUAIANASES SAO PAULO;JARDIM SAO PAULO;-23.5523813;-46.4053829;53;INSTITUTO DE REABILITACAO LUCY MONTORO;VILA ANDRADE;-23.6322694;-46.7351129;65600;65.6;3830;63.84;ok;
29;HOSPITAL GERAL JESUS TEIXEIRA DA COSTA GUAIANASES SAO PAULO;JARDIM SAO PAULO;-23.5523813;-46.4053829;55;INSTITUTO DO CANCER DO ESTADO DE SAO PAULO;CERQUEIRA CESAR;-23.5561305;-46.6681716;43390;43.39;3151;52.52;ok;
29;HOSPITAL GERAL JESUS TEIXEIRA DA COSTA GUAIANASES SAO PAULO;JARDIM SAO PAULO;-23.5523813;-46.4053829;56;HOSP MUN SOROCABANA;VILA ROMANA;-23.5238763;-46.7013591;44050;44.05;2961;49.35;ok;
29;HOSPITAL GERAL JESUS TEIXEIRA DA COSTA GUAIANASES SAO PAULO;JARDIM SAO PAULO;-23.5523813;-46.4053829;57;HOSP MUN GILSON DE CASSIA MARQUES DE CARVALHO;VILA MASCOTE;-23.6470652;-46.662824;37270;37.27;3581;59.69;ok;
29;HOSPITAL GERAL JESUS TEIXEIRA DA COSTA GUAIANASES SAO PAULO;JARDIM SAO PAULO;-23.5523813;-46.4053829;58;HOSP MUN CAPELA DO SOCORRO;JARDIM DAS IMBUIAS;-23.7296842;-46.7129995;48660;48.66;4586;76.43;ok;
29;HOSPITAL GERAL JESUS TEIXEIRA DA COSTA GUAIANASES SAO PAULO;JARDIM SAO PAULO;-23.5523813;-46.4053829;59;HOSP MUN JOSANIAS CASTANHA BRAGA;JARDIM ROSCHEL;-23.8247733;-46.7266429;61050;61.05;5389;89.82;ok;
29;HOSPITAL GERAL JESUS TEIXEIRA DA COSTA GUAIANASES SAO PAULO;JARDIM SAO PAULO;-23.5523813;-46.4053829;233;HOSP MUN SOROCABANA;ALTO DE PINHEIROS;-23.5375934;-46.7227993;48990;48.99;3280;54.68;ok;
30;HOSP MUN DR CARMINO CARICCHIO;TATUAPE;-23.5329502;-46.5664411;1;HOSPITAL MUNICIPAL SANTA DULCE DOS POBRES;CONSOLACAO;-23.5573928;-46.6562429;12370;12.37;1372;22.87;ok;
30;HOSP MUN DR CARMINO CARICCHIO;TATUAPE;-23.5329502;-46.5664411;2;HOSPITAL MUNICIPAL BRASILANDIA;JARDIM MARISTELA;-23.476544;-46.6980006;20200;20.2;1499;25.0;ok;
30;HOSP MUN DR CARMINO CARICCHIO;TATUAPE;-23.5329502;-46.5664411;3;HOSPITAL MUNICIPAL GUARAPIRANGA;RIVIERA PAULISTA;-23.6911689;-46.7517858;46230;46.23;2825;47.09;ok;
30;HOSP MUN DR CARMINO CARICCHIO;TATUAPE;-23.5329502;-46.5664411;4;INSTITUTO DE INFECTOLOGIA EMILIO RIBAS;SUMARE;-23.5470783;-46.6812257;16590;16.59;1419;23.66;ok;
30;HOSP MUN DR CARMINO CARICCHIO;TATUAPE;-23.5329502;-46.5664411;5;HOSPITAL DO SERV PUB EST FCO MORATO DE OLIVEIRA SAO PAULO;IBIRAPUERA;-23.5966175;-46.6539691;14900;14.9;1520;25.34;ok;
30;HOSP MUN DR CARMINO CARICCHIO;TATUAPE;-23.5329502;-46.5664411;6;HOSPITAL MATERNIDADE INTERLAGOS;JD LEBLON;-23.7069613;-46.7021968;47520;47.52;2960;49.34;ok;
30;HOSP MUN DR CARMINO CARICCHIO;TATUAPE;-23.5329502;-46.5664411;7;HOSPITAL GERAL DE PEDREIRA;VILA CAMPO GRANDE;-23.6808407;-46.6783317;26640;26.64;2696;44.95;ok;
30;HOSP MUN DR CARMINO CARICCHIO;TATUAPE;-23.5329502;-46.5664411;8;HOSPITAL HELIOPOLIS UNIDADE DE GESTAO ASSISTENCIAL I;V HELIOPOLIS;-23.607115;-46.595253;12850;12.85;1345;22.43;ok;
30;HOSP MUN DR CARMINO CARICCHIO;TATUAPE;-23.5329502;-46.5664411;10;HOSPITAL INFANTIL DARCY VARGAS UGA III SAO PAULO;JARDIM GUEDALA;-23.5929419;-46.7109151;33200;33.2;2048;34.14;ok;
30;HOSP MUN DR CARMINO CARICCHIO;TATUAPE;-23.5329502;-46.5664411;11;HOSP MUN MATERNIDADE PROFESSOR MARIO DEGNI;VILA ANTONIO;-23.5777487;-46.764842;29520;29.52;1961;32.69;ok;
30;HOSP MUN DR CARMINO CARICCHIO;TATUAPE;-23.5329502;-46.5664411;12;HOSPITAL UNIVERSITARIO DA USP SAO PAULO;BUTANTA;-23.5649058;-46.7409515;27600;27.6;1861;31.03;ok;
30;HOSP MUN DR CARMINO CARICCHIO;TATUAPE;-23.5329502;-46.5664411;13;CAISM PHILIPPE PINEL SAO PAULO;PIRITUBA;-23.4869816;-46.7239346;20400;20.4;1526;25.44;ok;
30;HOSP MUN DR CARMINO CARICCHIO;TATUAPE;-23.5329502;-46.5664411;14;HOSPITAL GERAL HENRIQUE ALTIMEYER DE VILA ALPINA;VILA ALPINA;-23.5930526;-46.5607618;9740;9.74;974;16.24;ok;
30;HOSP MUN DR CARMINO CARICCHIO;TATUAPE;-23.5329502;-46.5664411;16;HOSPITAL GERAL DE SAO MATEUS SAO PAULO;SAO MATEUS;-23.5947358;-46.4867109;12070;12.07;1248;20.8;ok;
30;HOSP MUN DR CARMINO CARICCHIO;TATUAPE;-23.5329502;-46.5664411;17;UNIDADE DE GESTAO ASSISTENCIAL II HOSPITAL IPIRANGA SP;IPIRANGA;-23.584203;-46.6116295;10870;10.87;1161;19.36;ok;
30;HOSP MUN DR CARMINO CARICCHIO;TATUAPE;-23.5329502;-46.5664411;18;CONJUNTO HOSPITALAR DO MANDAQUI SAO PAULO;SANTANA;-23.4849783;-46.6314355;12080;12.08;1230;20.5;ok;
30;HOSP MUN DR CARMINO CARICCHIO;TATUAPE;-23.5329502;-46.5664411;19;HOSPITAL GERAL SANTA MARCELINA DE ITAIM PAULISTA SAO PAULO;ITAIM PAULISTA;-23.4924231;-46.3889814;26200;26.2;1645;27.42;ok;
30;HOSP MUN DR CARMINO CARICCHIO;TATUAPE;-23.5329502;-46.5664411;20;HOSP MUN PROF DR WALDOMIRO DE PAULA;ITAQUERA;-23.5321357;-46.4472128;14770;14.77;1519;25.33;ok;
30;HOSP MUN DR CARMINO CARICCHIO;TATUAPE;-23.5329502;-46.5664411;21;HOSPITAL GERAL DO GRAJAU PROF LIBER JOHN ALPHONSE DI DIO SP;PARQUE DAS NACOES;-23.691152;-46.5848155;24630;24.63;2085;34.75;ok;
30;HOSP MUN DR CARMINO CARICCHIO;TATUAPE;-23.5329502;-46.5664411;22;HOSPITAL E MATERNIDADE LEONOR MENDES DE BARROS SAO PAULO;BELENZINHO;-23.5359031;-46.5887061;2780;2.78;381;6.35;ok;
30;HOSP MUN DR CARMINO CARICCHIO;TATUAPE;-23.5329502;-46.5664411;23;CENTRO DE REFERENCIA E TREINAMENTO DST AIDS SAO PAULO;VILA MARIANA;-23.5966194;-46.6358133;13540;13.54;1536;25.61;ok;
30;HOSP MUN DR CARMINO CARICCHIO;TATUAPE;-23.5329502;-46.5664411;24;HOSPITAL MILITAR DE AREA DE SAO PAULO;CAMBUCI;-23.5696701;-46.6134492;10190;10.19;1091;18.19;ok;
30;HOSP MUN DR CARMINO CARICCHIO;TATUAPE;-23.5329502;-46.5664411;25;CENTRO DE REFERENCIA DA SAUDE DA MULHER;CAMPOS ELISEOS;-23.5343002;-46.6437496;10140;10.14;1185;19.76;ok;
30;HOSP MUN DR CARMINO CARICCHIO;TATUAPE;-23.5329502;-46.5664411;26;HOSP MUN INFANTIL MENINO JESUS;BELA VISTA;-23.56022;-46.6469982;11040;11.04;1266;21.11;ok;
30;HOSP MUN DR CARMINO CARICCHIO;TATUAPE;-23.5329502;-46.5664411;28;HOSP MUN MAT ESC DR MARIO DE MORAES A SILVA;VILA NOVA CACHOEIRIN;-23.4802096;-46.6709709;18310;18.31;1403;23.4;ok;
30;HOSP MUN DR CARMINO CARICCHIO;TATUAPE;-23.5329502;-46.5664411;29;HOSPITAL GERAL JESUS TEIXEIRA DA COSTA GUAIANASES SAO PAULO;JARDIM SAO PAULO;-23.5523813;-46.4053829;21630;21.63;2086;34.77;ok;
30;HOSP MUN DR CARMINO CARICCHIO;TATUAPE;-23.5329502;-46.5664411;30;HOSP MUN DR CARMINO CARICCHIO;TATUAPE;-23.5329502;-46.5664411;0;0.0;0;0.0;ok;
30;HOSP MUN DR CARMINO CARICCHIO;TATUAPE;-23.5329502;-46.5664411;31;HOSP MUN TIDE SETUBAL;SAO MIGUEL PAULISTA;-23.4973179;-46.439865;19600;19.6;1331;22.19;ok;
30;HOSP MUN DR CARMINO CARICCHIO;TATUAPE;-23.5329502;-46.5664411;32;HOSP MUN V NHOCUNE ALEXANDRE ZAIO;VILA NHOCUNE;-23.5424212;-46.5015398;9180;9.18;998;16.64;ok;
30;HOSP MUN DR CARMINO CARICCHIO;TATUAPE;-23.5329502;-46.5664411;33;HOSP MUN JABAQUARA ARTUR RIBEIRO DE SABOYA;JABAQUARA;-23.6533422;-46.6456764;21080;21.08;2182;36.37;ok;
30;HOSP MUN DR CARMINO CARICCHIO;TATUAPE;-23.5329502;-46.5664411;34;HOSPITAL KATIA DE SOUZA RODRIGUES TAIPASSP SAO PAULO;PARADA DE TAIPAS;-23.4436996;-46.7177512;24660;24.66;1792;29.88;ok;
30;HOSP MUN DR CARMINO CARICCHIO;TATUAPE;-23.5329502;-46.5664411;35;HOSP MUN PROFESSOR DOUTOR ALIPIO CORREA NETTO;VILA PARANAGUA;-23.499644;-46.4729162;12120;12.12;1343;22.4;ok;
30;HOSP MUN DR CARMINO CARICCHIO;TATUAPE;-23.5329502;-46.5664411;36;HOSPITAL MUNICIPAL DR BENEDITO MONTENEGRO;JARDIM IVA;-23.5875541;-46.5145716;11010;11.01;1163;19.4;ok;
30;HOSP MUN DR CARMINO CARICCHIO;TATUAPE;-23.5329502;-46.5664411;37;HOSP MUN IGNACIO PROENCA DE GOUVEA;PARQUE DA MOOCA;-23.5717374;-46.590166;7810;7.81;806;13.45;ok;
30;HOSP MUN DR CARMINO CARICCHIO;TATUAPE;-23.5329502;-46.5664411;38;HOSPITAL INFANTIL CANDIDO FONTOURA SAO PAULO;AGUA RASA;-23.551918;-46.5852143;4760;4.76;524;8.74;ok;
30;HOSP MUN DR CARMINO CARICCHIO;TATUAPE;-23.5329502;-46.5664411;40;HOSPITAL REGIONAL SUL SAO PAULO;SANTO AMARO;-23.6555597;-46.7058596;24020;24.02;2466;41.11;ok;
30;HOSP MUN DR CARMINO CARICCHIO;TATUAPE;-23.5329502;-46.5664411;42;HOSPITAL ESTADUAL DE SAPOPEMBA SAO PAULO;JARDIM SAPOPEMBA;-23.611336;-46.493671;14210;14.21;1505;25.1;ok;
30;HOSP MUN DR CARMINO CARICCHIO;TATUAPE;-23.5329502;-46.5664411;43;HOSPITAL GERAL DE VILA PENTEADO DR JOSE PANGELLA SAO PAULO;JARDIM IRACEMA;-23.4934229;-46.7008274;18010;18.01;1255;20.92;ok;
30;HOSP MUN DR CARMINO CARICCHIO;TATUAPE;-23.5329502;-46.5664411;46;HOSP DO SERV PUB MUNICIPAL HSPM;LIBERDADE;-23.5673424;-46.639071;9950;9.95;1091;18.19;ok;
30;HOSP MUN DR CARMINO CARICCHIO;TATUAPE;-23.5329502;-46.5664411;47;HOSP MUN FERNANDO MAURO PIRES DA ROCHA;CAMPO LIMPO;-23.6490957;-46.7490028;41210;41.21;2370;39.51;ok;
30;HOSP MUN DR CARMINO CARICCHIO;TATUAPE;-23.5329502;-46.5664411;48;CENTRO HOSPITALAR DO SISTEMA PENITENCIARIO SAO PAULO;CARANDIRU;-23.5085713;-46.6201015;8390;8.39;809;13.49;ok;
30;HOSP MUN DR CARMINO CARICCHIO;TATUAPE;-23.5329502;-46.5664411;49;HOSP MUN VER JOSE STOROPOLLI;PARQUE NOVO MUNDO;-23.522085;-46.5617446;3830;3.83;527;8.79;ok;
30;HOSP MUN DR CARMINO CARICCHIO;TATUAPE;-23.5329502;-46.5664411;50;CENTRO MEDICO PMESP;TREMEMBE;-23.4690239;-46.6188727;13640;13.64;1383;23.05;ok;
30;HOSP MUN DR CARMINO CARICCHIO;TATUAPE;-23.5329502;-46.5664411;51;HOSP MUN CARMEN PRUDENTE;CIDADE TIRADENTES;-23.5833632;-46.4092773;22110;22.11;2107;35.13;ok;
30;HOSP MUN DR CARMINO CARICCHIO;TATUAPE;-23.5329502;-46.5664411;53;INSTITUTO DE REABILITACAO LUCY MONTORO;VILA ANDRADE;-23.6322694;-46.7351129;39030;39.03;2235;37.26;ok;
30;HOSP MUN DR CARMINO CARICCHIO;TATUAPE;-23.5329502;-46.5664411;55;INSTITUTO DO CANCER DO ESTADO DE SAO PAULO;CERQUEIRA CESAR;-23.5561305;-46.6681716;16820;16.82;1556;25.94;ok;
30;HOSP MUN DR CARMINO CARICCHIO;TATUAPE;-23.5329502;-46.5664411;56;HOSP MUN SOROCABANA;VILA ROMANA;-23.5238763;-46.7013591;17480;17.48;1366;22.77;ok;
30;HOSP MUN DR CARMINO CARICCHIO;TATUAPE;-23.5329502;-46.5664411;57;HOSP MUN GILSON DE CASSIA MARQUES DE CARVALHO;VILA MASCOTE;-23.6470652;-46.662824;21920;21.92;2197;36.62;ok;
30;HOSP MUN DR CARMINO CARICCHIO;TATUAPE;-23.5329502;-46.5664411;58;HOSP MUN CAPELA DO SOCORRO;JARDIM DAS IMBUIAS;-23.7296842;-46.7129995;50980;50.98;3379;56.32;ok;
30;HOSP MUN DR CARMINO CARICCHIO;TATUAPE;-23.5329502;-46.5664411;59;HOSP MUN JOSANIAS CASTANHA BRAGA;JARDIM ROSCHEL;-23.8247733;-46.7266429;64040;64.04;4248;70.81;ok;
30;HOSP MUN DR CARMINO CARICCHIO;TATUAPE;-23.5329502;-46.5664411;233;HOSP MUN SOROCABANA;ALTO DE PINHEIROS;-23.5375934;-46.7227993;22430;22.43;1685;28.1;ok;
31;HOSP MUN TIDE SETUBAL;SAO MIGUEL PAULISTA;-23.4973179;-46.439865;1;HOSPITAL MUNICIPAL SANTA DULCE DOS POBRES;CONSOLACAO;-23.5573928;-46.6562429;32610;32.61;2309;38.49;ok;
31;HOSP MUN TIDE SETUBAL;SAO MIGUEL PAULISTA;-23.4973179;-46.439865;2;HOSPITAL MUNICIPAL BRASILANDIA;JARDIM MARISTELA;-23.476544;-46.6980006;38260;38.26;2274;37.9;ok;
31;HOSP MUN TIDE SETUBAL;SAO MIGUEL PAULISTA;-23.4973179;-46.439865;3;HOSPITAL MUNICIPAL GUARAPIRANGA;RIVIERA PAULISTA;-23.6911689;-46.7517858;64290;64.29;3599;60.0;ok;
31;HOSP MUN TIDE SETUBAL;SAO MIGUEL PAULISTA;-23.4973179;-46.439865;4;INSTITUTO DE INFECTOLOGIA EMILIO RIBAS;SUMARE;-23.5470783;-46.6812257;34650;34.65;2193;36.57;ok;
31;HOSP MUN TIDE SETUBAL;SAO MIGUEL PAULISTA;-23.4973179;-46.439865;5;HOSPITAL DO SERV PUB EST FCO MORATO DE OLIVEIRA SAO PAULO;IBIRAPUERA;-23.5966175;-46.6539691;36380;36.38;2558;42.65;ok;
31;HOSP MUN TIDE SETUBAL;SAO MIGUEL PAULISTA;-23.4973179;-46.439865;6;HOSPITAL MATERNIDADE INTERLAGOS;JD LEBLON;-23.7069613;-46.7021968;65580;65.58;3734;62.25;ok;
31;HOSP MUN TIDE SETUBAL;SAO MIGUEL PAULISTA;-23.4973179;-46.439865;7;HOSPITAL GERAL DE PEDREIRA;VILA CAMPO GRANDE;-23.6808407;-46.6783317;64569;64.57;3695;61.59;ok;
31;HOSP MUN TIDE SETUBAL;SAO MIGUEL PAULISTA;-23.4973179;-46.439865;8;HOSPITAL HELIOPOLIS UNIDADE DE GESTAO ASSISTENCIAL I;V HELIOPOLIS;-23.607115;-46.595253;33110;33.11;2505;41.76;ok;
31;HOSP MUN TIDE SETUBAL;SAO MIGUEL PAULISTA;-23.4973179;-46.439865;10;HOSPITAL INFANTIL DARCY VARGAS UGA III SAO PAULO;JARDIM GUEDALA;-23.5929419;-46.7109151;51260;51.26;2823;47.05;ok;
31;HOSP MUN TIDE SETUBAL;SAO MIGUEL PAULISTA;-23.4973179;-46.439865;11;HOSP MUN MATERNIDADE PROFESSOR MARIO DEGNI;VILA ANTONIO;-23.5777487;-46.764842;47580;47.58;2735;45.6;ok;
31;HOSP MUN TIDE SETUBAL;SAO MIGUEL PAULISTA;-23.4973179;-46.439865;12;HOSPITAL UNIVERSITARIO DA USP SAO PAULO;BUTANTA;-23.5649058;-46.7409515;45650;45.65;2636;43.93;ok;
31;HOSP MUN TIDE SETUBAL;SAO MIGUEL PAULISTA;-23.4973179;-46.439865;13;CAISM PHILIPPE PINEL SAO PAULO;PIRITUBA;-23.4869816;-46.7239346;38460;38.46;2300;38.34;ok;
31;HOSP MUN TIDE SETUBAL;SAO MIGUEL PAULISTA;-23.4973179;-46.439865;14;HOSPITAL GERAL HENRIQUE ALTIMEYER DE VILA ALPINA;VILA ALPINA;-23.5930526;-46.5607618;29860;29.86;2093;34.89;ok;
31;HOSP MUN TIDE SETUBAL;SAO MIGUEL PAULISTA;-23.4973179;-46.439865;16;HOSPITAL GERAL DE SAO MATEUS SAO PAULO;SAO MATEUS;-23.5947358;-46.4867109;14280;14.28;1464;24.41;ok;
31;HOSP MUN TIDE SETUBAL;SAO MIGUEL PAULISTA;-23.4973179;-46.439865;17;UNIDADE DE GESTAO ASSISTENCIAL II HOSPITAL IPIRANGA SP;IPIRANGA;-23.584203;-46.6116295;31140;31.14;2321;38.69;ok;
31;HOSP MUN TIDE SETUBAL;SAO MIGUEL PAULISTA;-23.4973179;-46.439865;18;CONJUNTO HOSPITALAR DO MANDAQUI SAO PAULO;SANTANA;-23.4849783;-46.6314355;30150;30.15;2033;33.89;ok;
31;HOSP MUN TIDE SETUBAL;SAO MIGUEL PAULISTA;-23.4973179;-46.439865;19;HOSPITAL GERAL SANTA MARCELINA DE ITAIM PAULISTA SAO PAULO;ITAIM PAULISTA;-23.4924231;-46.3889814;5850;5.85;658;10.98;ok;
31;HOSP MUN TIDE SETUBAL;SAO MIGUEL PAULISTA;-23.4973179;-46.439865;20;HOSP MUN PROF DR WALDOMIRO DE PAULA;ITAQUERA;-23.5321357;-46.4472128;5020;5.02;484;8.07;ok;
31;HOSP MUN TIDE SETUBAL;SAO MIGUEL PAULISTA;-23.4973179;-46.439865;21;HOSPITAL GERAL DO GRAJAU PROF LIBER JOHN ALPHONSE DI DIO SP;PARQUE DAS NACOES;-23.691152;-46.5848155;32750;32.75;3051;50.85;ok;
31;HOSP MUN TIDE SETUBAL;SAO MIGUEL PAULISTA;-23.4973179;-46.439865;22;HOSPITAL E MATERNIDADE LEONOR MENDES DE BARROS SAO PAULO;BELENZINHO;-23.5359031;-46.5887061;22890;22.89;1498;24.98;ok;
31;HOSP MUN TIDE SETUBAL;SAO MIGUEL PAULISTA;-23.4973179;-46.439865;23;CENTRO DE REFERENCIA E TREINAMENTO DST AIDS SAO PAULO;VILA MARIANA;-23.5966194;-46.6358133;36010;36.01;2637;43.96;ok;
31;HOSP MUN TIDE SETUBAL;SAO MIGUEL PAULISTA;-23.4973179;-46.439865;24;HOSPITAL MILITAR DE AREA DE SAO PAULO;CAMBUCI;-23.5696701;-46.6134492;33010;33.01;2267;37.8;ok;
31;HOSP MUN TIDE SETUBAL;SAO MIGUEL PAULISTA;-23.4973179;-46.439865;25;CENTRO DE REFERENCIA DA SAUDE DA MULHER;CAMPOS ELISEOS;-23.5343002;-46.6437496;31580;31.58;1969;32.83;ok;
31;HOSP MUN TIDE SETUBAL;SAO MIGUEL PAULISTA;-23.4973179;-46.439865;26;HOSP MUN INFANTIL MENINO JESUS;BELA VISTA;-23.56022;-46.6469982;32490;32.49;2310;38.51;ok;
31;HOSP MUN TIDE SETUBAL;SAO MIGUEL PAULISTA;-23.4973179;-46.439865;28;HOSP MUN MAT ESC DR MARIO DE MORAES A SILVA;VILA NOVA CACHOEIRIN;-23.4802096;-46.6709709;36370;36.37;2178;36.3;ok;
31;HOSP MUN TIDE SETUBAL;SAO MIGUEL PAULISTA;-23.4973179;-46.439865;29;HOSPITAL GERAL JESUS TEIXEIRA DA COSTA GUAIANASES SAO PAULO;JARDIM SAO PAULO;-23.5523813;-46.4053829;9190;9.19;986;16.45;ok;
31;HOSP MUN TIDE SETUBAL;SAO MIGUEL PAULISTA;-23.4973179;-46.439865;30;HOSP MUN DR CARMINO CARICCHIO;TATUAPE;-23.5329502;-46.5664411;21000;21.0;1419;23.65;ok;
31;HOSP MUN TIDE SETUBAL;SAO MIGUEL PAULISTA;-23.4973179;-46.439865;31;HOSP MUN TIDE SETUBAL;SAO MIGUEL PAULISTA;-23.4973179;-46.439865;0;0.0;0;0.0;ok;
31;HOSP MUN TIDE SETUBAL;SAO MIGUEL PAULISTA;-23.4973179;-46.439865;32;HOSP MUN V NHOCUNE ALEXANDRE ZAIO;VILA NHOCUNE;-23.5424212;-46.5015398;11230;11.23;1219;20.33;ok;
31;HOSP MUN TIDE SETUBAL;SAO MIGUEL PAULISTA;-23.4973179;-46.439865;33;HOSP MUN JABAQUARA ARTUR RIBEIRO DE SABOYA;JABAQUARA;-23.6533422;-46.6456764;43550;43.55;3323;55.4;ok;
31;HOSP MUN TIDE SETUBAL;SAO MIGUEL PAULISTA;-23.4973179;-46.439865;34;HOSPITAL KATIA DE SOUZA RODRIGUES TAIPASSP SAO PAULO;PARADA DE TAIPAS;-23.4436996;-46.7177512;42720;42.72;2566;42.78;ok;
31;HOSP MUN TIDE SETUBAL;SAO MIGUEL PAULISTA;-23.4973179;-46.439865;35;HOSP MUN PROFESSOR DOUTOR ALIPIO CORREA NETTO;VILA PARANAGUA;-23.499644;-46.4729162;4820;4.82;592;9.87;ok;
31;HOSP MUN TIDE SETUBAL;SAO MIGUEL PAULISTA;-23.4973179;-46.439865;36;HOSPITAL MUNICIPAL DR BENEDITO MONTENEGRO;JARDIM IVA;-23.5875541;-46.5145716;16079;16.08;1653;27.56;ok;
31;HOSP MUN TIDE SETUBAL;SAO MIGUEL PAULISTA;-23.4973179;-46.439865;37;HOSP MUN IGNACIO PROENCA DE GOUVEA;PARQUE DA MOOCA;-23.5717374;-46.590166;28070;28.07;1966;32.78;ok;
31;HOSP MUN TIDE SETUBAL;SAO MIGUEL PAULISTA;-23.4973179;-46.439865;38;HOSPITAL INFANTIL CANDIDO FONTOURA SAO PAULO;AGUA RASA;-23.551918;-46.5852143;25570;25.57;1730;28.84;ok;
31;HOSP MUN TIDE SETUBAL;SAO MIGUEL PAULISTA;-23.4973179;-46.439865;40;HOSPITAL REGIONAL SUL SAO PAULO;SANTO AMARO;-23.6555597;-46.7058596;60160;60.16;3280;54.68;ok;
31;HOSP MUN TIDE SETUBAL;SAO MIGUEL PAULISTA;-23.4973179;-46.439865;42;HOSPITAL ESTADUAL DE SAPOPEMBA SAO PAULO;JARDIM SAPOPEMBA;-23.611336;-46.493671;16420;16.42;1722;28.7;ok;
31;HOSP MUN TIDE SETUBAL;SAO MIGUEL PAULISTA;-23.4973179;-46.439865;43;HOSPITAL GERAL DE VILA PENTEADO DR JOSE PANGELLA SAO PAULO;JARDIM IRACEMA;-23.4934229;-46.7008274;36060;36.06;2029;33.82;ok;
31;HOSP MUN TIDE SETUBAL;SAO MIGUEL PAULISTA;-23.4973179;-46.439865;46;HOSP DO SERV PUB MUNICIPAL HSPM;LIBERDADE;-23.5673424;-46.639071;30150;30.15;2240;37.34;ok;
31;HOSP MUN TIDE SETUBAL;SAO MIGUEL PAULISTA;-23.4973179;-46.439865;47;HOSP MUN FERNANDO MAURO PIRES DA ROCHA;CAMPO LIMPO;-23.6490957;-46.7490028;59270;59.27;3144;52.42;ok;
31;HOSP MUN TIDE SETUBAL;SAO MIGUEL PAULISTA;-23.4973179;-46.439865;48;CENTRO HOSPITALAR DO SISTEMA PENITENCIARIO SAO PAULO;CARANDIRU;-23.5085713;-46.6201015;26460;26.46;1612;26.88;ok;
31;HOSP MUN TIDE SETUBAL;SAO MIGUEL PAULISTA;-23.4973179;-46.439865;49;HOSP MUN VER JOSE STOROPOLLI;PARQUE NOVO MUNDO;-23.522085;-46.5617446;19430;19.43;1252;20.87;ok;
31;HOSP MUN TIDE SETUBAL;SAO MIGUEL PAULISTA;-23.4973179;-46.439865;50;CENTRO MEDICO PMESP;TREMEMBE;-23.4690239;-46.6188727;31710;31.71;2186;36.44;ok;
31;HOSP MUN TIDE SETUBAL;SAO MIGUEL PAULISTA;-23.4973179;-46.439865;51;HOSP MUN CARMEN PRUDENTE;CIDADE TIRADENTES;-23.5833632;-46.4092773;11570;11.57;1225;20.42;ok;
31;HOSP MUN TIDE SETUBAL;SAO MIGUEL PAULISTA;-23.4973179;-46.439865;53;INSTITUTO DE REABILITACAO LUCY MONTORO;VILA ANDRADE;-23.6322694;-46.7351129;57090;57.09;3009;50.17;ok;
31;HOSP MUN TIDE SETUBAL;SAO MIGUEL PAULISTA;-23.4973179;-46.439865;55;INSTITUTO DO CANCER DO ESTADO DE SAO PAULO;CERQUEIRA CESAR;-23.5561305;-46.6681716;34880;34.88;2331;38.85;ok;
31;HOSP MUN TIDE SETUBAL;SAO MIGUEL PAULISTA;-23.4973179;-46.439865;56;HOSP MUN SOROCABANA;VILA ROMANA;-23.5238763;-46.7013591;35540;35.54;2140;35.68;ok;
31;HOSP MUN TIDE SETUBAL;SAO MIGUEL PAULISTA;-23.4973179;-46.439865;57;HOSP MUN GILSON DE CASSIA MARQUES DE CARVALHO;VILA MASCOTE;-23.6470652;-46.662824;43400;43.4;3235;53.93;ok;
31;HOSP MUN TIDE SETUBAL;SAO MIGUEL PAULISTA;-23.4973179;-46.439865;58;HOSP MUN CAPELA DO SOCORRO;JARDIM DAS IMBUIAS;-23.7296842;-46.7129995;69030;69.03;4153;69.23;ok;
31;HOSP MUN TIDE SETUBAL;SAO MIGUEL PAULISTA;-23.4973179;-46.439865;59;HOSP MUN JOSANIAS CASTANHA BRAGA;JARDIM ROSCHEL;-23.8247733;-46.7266429;82100;82.1;5023;83.72;ok;
31;HOSP MUN TIDE SETUBAL;SAO MIGUEL PAULISTA;-23.4973179;-46.439865;233;HOSP MUN SOROCABANA;ALTO DE PINHEIROS;-23.5375934;-46.7227993;40480;40.48;2460;41.0;ok;
32;HOSP MUN V NHOCUNE ALEXANDRE ZAIO;VILA NHOCUNE;-23.5424212;-46.5015398;1;HOSPITAL MUNICIPAL SANTA DULCE DOS POBRES;CONSOLACAO;-23.5573928;-46.6562429;18960;18.96;1958;32.64;ok;
32;HOSP MUN V NHOCUNE ALEXANDRE ZAIO;VILA NHOCUNE;-23.5424212;-46.5015398;2;HOSPITAL MUNICIPAL BRASILANDIA;JARDIM MARISTELA;-23.476544;-46.6980006;28030;28.03;2098;34.98;ok;
32;HOSP MUN V NHOCUNE ALEXANDRE ZAIO;VILA NHOCUNE;-23.5424212;-46.5015398;3;HOSPITAL MUNICIPAL GUARAPIRANGA;RIVIERA PAULISTA;-23.6911689;-46.7517858;54060;54.06;3424;57.08;ok;
32;HOSP MUN V NHOCUNE ALEXANDRE ZAIO;VILA NHOCUNE;-23.5424212;-46.5015398;4;INSTITUTO DE INFECTOLOGIA EMILIO RIBAS;SUMARE;-23.5470783;-46.6812257;24420;24.42;2018;33.65;ok;
32;HOSP MUN V NHOCUNE ALEXANDRE ZAIO;VILA NHOCUNE;-23.5424212;-46.5015398;5;HOSPITAL DO SERV PUB EST FCO MORATO DE OLIVEIRA SAO PAULO;IBIRAPUERA;-23.5966175;-46.6539691;21490;21.49;2106;35.1;ok;
32;HOSP MUN V NHOCUNE ALEXANDRE ZAIO;VILA NHOCUNE;-23.5424212;-46.5015398;6;HOSPITAL MATERNIDADE INTERLAGOS;JD LEBLON;-23.7069613;-46.7021968;36720;36.72;3549;59.16;ok;
32;HOSP MUN V NHOCUNE ALEXANDRE ZAIO;VILA NHOCUNE;-23.5424212;-46.5015398;7;HOSPITAL GERAL DE PEDREIRA;VILA CAMPO GRANDE;-23.6808407;-46.6783317;33230;33.23;3282;54.71;ok;
32;HOSP MUN V NHOCUNE ALEXANDRE ZAIO;VILA NHOCUNE;-23.5424212;-46.5015398;8;HOSPITAL HELIOPOLIS UNIDADE DE GESTAO ASSISTENCIAL I;V HELIOPOLIS;-23.607115;-46.595253;16350;16.35;1745;29.09;ok;
32;HOSP MUN V NHOCUNE ALEXANDRE ZAIO;VILA NHOCUNE;-23.5424212;-46.5015398;10;HOSPITAL INFANTIL DARCY VARGAS UGA III SAO PAULO;JARDIM GUEDALA;-23.5929419;-46.7109151;41040;41.04;2647;44.13;ok;
32;HOSP MUN V NHOCUNE ALEXANDRE ZAIO;VILA NHOCUNE;-23.5424212;-46.5015398;11;HOSP MUN MATERNIDADE PROFESSOR MARIO DEGNI;VILA ANTONIO;-23.5777487;-46.764842;37360;37.36;2560;42.68;ok;
32;HOSP MUN V NHOCUNE ALEXANDRE ZAIO;VILA NHOCUNE;-23.5424212;-46.5015398;12;HOSPITAL UNIVERSITARIO DA USP SAO PAULO;BUTANTA;-23.5649058;-46.7409515;35430;35.43;2460;41.01;ok;
32;HOSP MUN V NHOCUNE ALEXANDRE ZAIO;VILA NHOCUNE;-23.5424212;-46.5015398;13;CAISM PHILIPPE PINEL SAO PAULO;PIRITUBA;-23.4869816;-46.7239346;28230;28.23;2125;35.42;ok;
32;HOSP MUN V NHOCUNE ALEXANDRE ZAIO;VILA NHOCUNE;-23.5424212;-46.5015398;14;HOSPITAL GERAL HENRIQUE ALTIMEYER DE VILA ALPINA;VILA ALPINA;-23.5930526;-46.5607618;11680;11.68;1202;20.04;ok;
32;HOSP MUN V NHOCUNE ALEXANDRE ZAIO;VILA NHOCUNE;-23.5424212;-46.5015398;16;HOSPITAL GERAL DE SAO MATEUS SAO PAULO;SAO MATEUS;-23.5947358;-46.4867109;8540;8.54;881;14.69;ok;
32;HOSP MUN V NHOCUNE ALEXANDRE ZAIO;VILA NHOCUNE;-23.5424212;-46.5015398;17;UNIDADE DE GESTAO ASSISTENCIAL II HOSPITAL IPIRANGA SP;IPIRANGA;-23.584203;-46.6116295;14370;14.37;1561;26.02;ok;
32;HOSP MUN V NHOCUNE ALEXANDRE ZAIO;VILA NHOCUNE;-23.5424212;-46.5015398;18;CONJUNTO HOSPITALAR DO MANDAQUI SAO PAULO;SANTANA;-23.4849783;-46.6314355;19920;19.92;1858;30.97;ok;
32;HOSP MUN V NHOCUNE ALEXANDRE ZAIO;VILA NHOCUNE;-23.5424212;-46.5015398;19;HOSPITAL GERAL SANTA MARCELINA DE ITAIM PAULISTA SAO PAULO;ITAIM PAULISTA;-23.4924231;-46.3889814;16520;16.52;1679;27.98;ok;
32;HOSP MUN V NHOCUNE ALEXANDRE ZAIO;VILA NHOCUNE;-23.5424212;-46.5015398;20;HOSP MUN PROF DR WALDOMIRO DE PAULA;ITAQUERA;-23.5321357;-46.4472128;7410;7.41;827;13.79;ok;
32;HOSP MUN V NHOCUNE ALEXANDRE ZAIO;VILA NHOCUNE;-23.5424212;-46.5015398;21;HOSPITAL GERAL DO GRAJAU PROF LIBER JOHN ALPHONSE DI DIO SP;PARQUE DAS NACOES;-23.691152;-46.5848155;24930;24.93;2232;37.2;ok;
32;HOSP MUN V NHOCUNE ALEXANDRE ZAIO;VILA NHOCUNE;-23.5424212;-46.5015398;22;HOSPITAL E MATERNIDADE LEONOR MENDES DE BARROS SAO PAULO;BELENZINHO;-23.5359031;-46.5887061;10660;10.66;1076;17.95;ok;
32;HOSP MUN V NHOCUNE ALEXANDRE ZAIO;VILA NHOCUNE;-23.5424212;-46.5015398;23;CENTRO DE REFERENCIA E TREINAMENTO DST AIDS SAO PAULO;VILA MARIANA;-23.5966194;-46.6358133;18920;18.92;2114;35.24;ok;
32;HOSP MUN V NHOCUNE ALEXANDRE ZAIO;VILA NHOCUNE;-23.5424212;-46.5015398;24;HOSPITAL MILITAR DE AREA DE SAO PAULO;CAMBUCI;-23.5696701;-46.6134492;16480;16.48;1713;28.55;ok;
32;HOSP MUN V NHOCUNE ALEXANDRE ZAIO;VILA NHOCUNE;-23.5424212;-46.5015398;25;CENTRO DE REFERENCIA DA SAUDE DA MULHER;CAMPOS ELISEOS;-23.5343002;-46.6437496;21350;21.35;1794;29.91;ok;
32;HOSP MUN V NHOCUNE ALEXANDRE ZAIO;VILA NHOCUNE;-23.5424212;-46.5015398;26;HOSP MUN INFANTIL MENINO JESUS;BELA VISTA;-23.56022;-46.6469982;17630;17.63;1852;30.88;ok;
32;HOSP MUN V NHOCUNE ALEXANDRE ZAIO;VILA NHOCUNE;-23.5424212;-46.5015398;28;HOSP MUN MAT ESC DR MARIO DE MORAES A SILVA;VILA NOVA CACHOEIRIN;-23.4802096;-46.6709709;26140;26.14;2003;33.38;ok;
32;HOSP MUN V NHOCUNE ALEXANDRE ZAIO;VILA NHOCUNE;-23.5424212;-46.5015398;29;HOSPITAL GERAL JESUS TEIXEIRA DA COSTA GUAIANASES SAO PAULO;JARDIM SAO PAULO;-23.5523813;-46.4053829;13650;13.65;1340;22.35;ok;
32;HOSP MUN V NHOCUNE ALEXANDRE ZAIO;VILA NHOCUNE;-23.5424212;-46.5015398;30;HOSP MUN DR CARMINO CARICCHIO;TATUAPE;-23.5329502;-46.5664411;8760;8.76;879;14.67;ok;
32;HOSP MUN V NHOCUNE ALEXANDRE ZAIO;VILA NHOCUNE;-23.5424212;-46.5015398;31;HOSP MUN TIDE SETUBAL;SAO MIGUEL PAULISTA;-23.4973179;-46.439865;11000;11.0;1211;20.2;ok;
32;HOSP MUN V NHOCUNE ALEXANDRE ZAIO;VILA NHOCUNE;-23.5424212;-46.5015398;32;HOSP MUN V NHOCUNE ALEXANDRE ZAIO;VILA NHOCUNE;-23.5424212;-46.5015398;0;0.0;0;0.0;ok;
32;HOSP MUN V NHOCUNE ALEXANDRE ZAIO;VILA NHOCUNE;-23.5424212;-46.5015398;33;HOSP MUN JABAQUARA ARTUR RIBEIRO DE SABOYA;JABAQUARA;-23.6533422;-46.6456764;24280;24.28;2580;43.01;ok;
32;HOSP MUN V NHOCUNE ALEXANDRE ZAIO;VILA NHOCUNE;-23.5424212;-46.5015398;34;HOSPITAL KATIA DE SOUZA RODRIGUES TAIPASSP SAO PAULO;PARADA DE TAIPAS;-23.4436996;-46.7177512;32490;32.49;2391;39.86;ok;
32;HOSP MUN V NHOCUNE ALEXANDRE ZAIO;VILA NHOCUNE;-23.5424212;-46.5015398;35;HOSP MUN PROFESSOR DOUTOR ALIPIO CORREA NETTO;VILA PARANAGUA;-23.499644;-46.4729162;9000;9.0;1073;17.89;ok;
32;HOSP MUN V NHOCUNE ALEXANDRE ZAIO;VILA NHOCUNE;-23.5424212;-46.5015398;36;HOSPITAL MUNICIPAL DR BENEDITO MONTENEGRO;JARDIM IVA;-23.5875541;-46.5145716;7490;7.49;796;13.28;ok;
32;HOSP MUN V NHOCUNE ALEXANDRE ZAIO;VILA NHOCUNE;-23.5424212;-46.5015398;37;HOSP MUN IGNACIO PROENCA DE GOUVEA;PARQUE DA MOOCA;-23.5717374;-46.590166;12980;12.98;1409;23.49;ok;
32;HOSP MUN V NHOCUNE ALEXANDRE ZAIO;VILA NHOCUNE;-23.5424212;-46.5015398;38;HOSPITAL INFANTIL CANDIDO FONTOURA SAO PAULO;AGUA RASA;-23.551918;-46.5852143;11960;11.96;1167;19.46;ok;
32;HOSP MUN V NHOCUNE ALEXANDRE ZAIO;VILA NHOCUNE;-23.5424212;-46.5015398;40;HOSPITAL REGIONAL SUL SAO PAULO;SANTO AMARO;-23.6555597;-46.7058596;30610;30.61;3052;50.87;ok;
32;HOSP MUN V NHOCUNE ALEXANDRE ZAIO;VILA NHOCUNE;-23.5424212;-46.5015398;42;HOSPITAL ESTADUAL DE SAPOPEMBA SAO PAULO;JARDIM SAPOPEMBA;-23.611336;-46.493671;10680;10.68;1138;18.98;ok;
32;HOSP MUN V NHOCUNE ALEXANDRE ZAIO;VILA NHOCUNE;-23.5424212;-46.5015398;43;HOSPITAL GERAL DE VILA PENTEADO DR JOSE PANGELLA SAO PAULO;JARDIM IRACEMA;-23.4934229;-46.7008274;25840;25.84;1854;30.9;ok;
32;HOSP MUN V NHOCUNE ALEXANDRE ZAIO;VILA NHOCUNE;-23.5424212;-46.5015398;46;HOSP DO SERV PUB MUNICIPAL HSPM;LIBERDADE;-23.5673424;-46.639071;16540;16.54;1677;27.95;ok;
32;HOSP MUN V NHOCUNE ALEXANDRE ZAIO;VILA NHOCUNE;-23.5424212;-46.5015398;47;HOSP MUN FERNANDO MAURO PIRES DA ROCHA;CAMPO LIMPO;-23.6490957;-46.7490028;49050;49.05;2969;49.5;ok;
32;HOSP MUN V NHOCUNE ALEXANDRE ZAIO;VILA NHOCUNE;-23.5424212;-46.5015398;48;CENTRO HOSPITALAR DO SISTEMA PENITENCIARIO SAO PAULO;CARANDIRU;-23.5085713;-46.6201015;16230;16.23;1437;23.96;ok;
32;HOSP MUN V NHOCUNE ALEXANDRE ZAIO;VILA NHOCUNE;-23.5424212;-46.5015398;49;HOSP MUN VER JOSE STOROPOLLI;PARQUE NOVO MUNDO;-23.522085;-46.5617446;9250;9.25;966;16.1;ok;
32;HOSP MUN V NHOCUNE ALEXANDRE ZAIO;VILA NHOCUNE;-23.5424212;-46.5015398;50;CENTRO MEDICO PMESP;TREMEMBE;-23.4690239;-46.6188727;23670;23.67;1949;32.5;ok;
32;HOSP MUN V NHOCUNE ALEXANDRE ZAIO;VILA NHOCUNE;-23.5424212;-46.5015398;51;HOSP MUN CARMEN PRUDENTE;CIDADE TIRADENTES;-23.5833632;-46.4092773;14140;14.14;1362;22.71;ok;
32;HOSP MUN V NHOCUNE ALEXANDRE ZAIO;VILA NHOCUNE;-23.5424212;-46.5015398;53;INSTITUTO DE REABILITACAO LUCY MONTORO;VILA ANDRADE;-23.6322694;-46.7351129;46870;46.87;2834;47.25;ok;
32;HOSP MUN V NHOCUNE ALEXANDRE ZAIO;VILA NHOCUNE;-23.5424212;-46.5015398;55;INSTITUTO DO CANCER DO ESTADO DE SAO PAULO;CERQUEIRA CESAR;-23.5561305;-46.6681716;24650;24.65;2155;35.93;ok;
32;HOSP MUN V NHOCUNE ALEXANDRE ZAIO;VILA NHOCUNE;-23.5424212;-46.5015398;56;HOSP MUN SOROCABANA;VILA ROMANA;-23.5238763;-46.7013591;25310;25.31;1965;32.76;ok;
32;HOSP MUN V NHOCUNE ALEXANDRE ZAIO;VILA NHOCUNE;-23.5424212;-46.5015398;57;HOSP MUN GILSON DE CASSIA MARQUES DE CARVALHO;VILA MASCOTE;-23.6470652;-46.662824;24950;24.95;2683;44.72;ok;
32;HOSP MUN V NHOCUNE ALEXANDRE ZAIO;VILA NHOCUNE;-23.5424212;-46.5015398;58;HOSP MUN CAPELA DO SOCORRO;JARDIM DAS IMBUIAS;-23.7296842;-46.7129995;40540;40.54;3940;65.67;ok;
32;HOSP MUN V NHOCUNE ALEXANDRE ZAIO;VILA NHOCUNE;-23.5424212;-46.5015398;59;HOSP MUN JOSANIAS CASTANHA BRAGA;JARDIM ROSCHEL;-23.8247733;-46.7266429;52930;52.93;4743;79.06;ok;
32;HOSP MUN V NHOCUNE ALEXANDRE ZAIO;VILA NHOCUNE;-23.5424212;-46.5015398;233;HOSP MUN SOROCABANA;ALTO DE PINHEIROS;-23.5375934;-46.7227993;30260;30.26;2285;38.08;ok;
33;HOSP MUN JABAQUARA ARTUR RIBEIRO DE SABOYA;JABAQUARA;-23.6533422;-46.6456764;1;HOSPITAL MUNICIPAL SANTA DULCE DOS POBRES;CONSOLACAO;-23.5573928;-46.6562429;12700;12.7;1381;23.03;ok;
33;HOSP MUN JABAQUARA ARTUR RIBEIRO DE SABOYA;JABAQUARA;-23.6533422;-46.6456764;2;HOSPITAL MUNICIPAL BRASILANDIA;JARDIM MARISTELA;-23.476544;-46.6980006;29940;29.94;2337;38.96;ok;
33;HOSP MUN JABAQUARA ARTUR RIBEIRO DE SABOYA;JABAQUARA;-23.6533422;-46.6456764;3;HOSPITAL MUNICIPAL GUARAPIRANGA;RIVIERA PAULISTA;-23.6911689;-46.7517858;16000;16.0;1531;25.53;ok;
33;HOSP MUN JABAQUARA ARTUR RIBEIRO DE SABOYA;JABAQUARA;-23.6533422;-46.6456764;4;INSTITUTO DE INFECTOLOGIA EMILIO RIBAS;SUMARE;-23.5470783;-46.6812257;14970;14.97;1640;27.35;ok;
33;HOSP MUN JABAQUARA ARTUR RIBEIRO DE SABOYA;JABAQUARA;-23.6533422;-46.6456764;5;HOSPITAL DO SERV PUB EST FCO MORATO DE OLIVEIRA SAO PAULO;IBIRAPUERA;-23.5966175;-46.6539691;7650;7.65;872;14.54;ok;
33;HOSP MUN JABAQUARA ARTUR RIBEIRO DE SABOYA;JABAQUARA;-23.6533422;-46.6456764;6;HOSPITAL MATERNIDADE INTERLAGOS;JD LEBLON;-23.7069613;-46.7021968;10810;10.81;1165;19.42;ok;
33;HOSP MUN JABAQUARA ARTUR RIBEIRO DE SABOYA;JABAQUARA;-23.6533422;-46.6456764;7;HOSPITAL GERAL DE PEDREIRA;VILA CAMPO GRANDE;-23.6808407;-46.6783317;7930;7.93;895;14.92;ok;
33;HOSP MUN JABAQUARA ARTUR RIBEIRO DE SABOYA;JABAQUARA;-23.6533422;-46.6456764;8;HOSPITAL HELIOPOLIS UNIDADE DE GESTAO ASSISTENCIAL I;V HELIOPOLIS;-23.607115;-46.595253;9550;9.55;1089;18.15;ok;
33;HOSP MUN JABAQUARA ARTUR RIBEIRO DE SABOYA;JABAQUARA;-23.6533422;-46.6456764;10;HOSPITAL INFANTIL DARCY VARGAS UGA III SAO PAULO;JARDIM GUEDALA;-23.5929419;-46.7109151;13500;13.5;1449;24.16;ok;
33;HOSP MUN JABAQUARA ARTUR RIBEIRO DE SABOYA;JABAQUARA;-23.6533422;-46.6456764;11;HOSP MUN MATERNIDADE PROFESSOR MARIO DEGNI;VILA ANTONIO;-23.5777487;-46.764842;21530;21.53;1912;31.88;ok;
33;HOSP MUN JABAQUARA ARTUR RIBEIRO DE SABOYA;JABAQUARA;-23.6533422;-46.6456764;12;HOSPITAL UNIVERSITARIO DA USP SAO PAULO;BUTANTA;-23.5649058;-46.7409515;19550;19.55;2003;33.39;ok;
33;HOSP MUN JABAQUARA ARTUR RIBEIRO DE SABOYA;JABAQUARA;-23.6533422;-46.6456764;13;CAISM PHILIPPE PINEL SAO PAULO;PIRITUBA;-23.4869816;-46.7239346;30130;30.13;2363;39.4;ok;
33;HOSP MUN JABAQUARA ARTUR RIBEIRO DE SABOYA;JABAQUARA;-23.6533422;-46.6456764;14;HOSPITAL GERAL HENRIQUE ALTIMEYER DE VILA ALPINA;VILA ALPINA;-23.5930526;-46.5607618;14560;14.56;1596;26.61;ok;
33;HOSP MUN JABAQUARA ARTUR RIBEIRO DE SABOYA;JABAQUARA;-23.6533422;-46.6456764;16;HOSPITAL GERAL DE SAO MATEUS SAO PAULO;SAO MATEUS;-23.5947358;-46.4867109;27070;27.07;2447;40.79;ok;
33;HOSP MUN JABAQUARA ARTUR RIBEIRO DE SABOYA;JABAQUARA;-23.6533422;-46.6456764;17;UNIDADE DE GESTAO ASSISTENCIAL II HOSPITAL IPIRANGA SP;IPIRANGA;-23.584203;-46.6116295;10360;10.36;1158;19.3;ok;
33;HOSP MUN JABAQUARA ARTUR RIBEIRO DE SABOYA;JABAQUARA;-23.6533422;-46.6456764;18;CONJUNTO HOSPITALAR DO MANDAQUI SAO PAULO;SANTANA;-23.4849783;-46.6314355;21290;21.29;2248;37.48;ok;
33;HOSP MUN JABAQUARA ARTUR RIBEIRO DE SABOYA;JABAQUARA;-23.6533422;-46.6456764;19;HOSPITAL GERAL SANTA MARCELINA DE ITAIM PAULISTA SAO PAULO;ITAIM PAULISTA;-23.4924231;-46.3889814;48830;48.83;3400;56.67;ok;
33;HOSP MUN JABAQUARA ARTUR RIBEIRO DE SABOYA;JABAQUARA;-23.6533422;-46.6456764;20;HOSP MUN PROF DR WALDOMIRO DE PAULA;ITAQUERA;-23.5321357;-46.4472128;30520;30.52;3114;51.9;ok;
33;HOSP MUN JABAQUARA ARTUR RIBEIRO DE SABOYA;JABAQUARA;-23.6533422;-46.6456764;21;HOSPITAL GERAL DO GRAJAU PROF LIBER JOHN ALPHONSE DI DIO SP;PARQUE DAS NACOES;-23.691152;-46.5848155;11380;11.38;981;16.36;ok;
33;HOSP MUN JABAQUARA ARTUR RIBEIRO DE SABOYA;JABAQUARA;-23.6533422;-46.6456764;22;HOSPITAL E MATERNIDADE LEONOR MENDES DE BARROS SAO PAULO;BELENZINHO;-23.5359031;-46.5887061;19470;19.47;1986;33.1;ok;
33;HOSP MUN JABAQUARA ARTUR RIBEIRO DE SABOYA;JABAQUARA;-23.6533422;-46.6456764;23;CENTRO DE REFERENCIA E TREINAMENTO DST AIDS SAO PAULO;VILA MARIANA;-23.5966194;-46.6358133;6670;6.67;801;13.36;ok;
33;HOSP MUN JABAQUARA ARTUR RIBEIRO DE SABOYA;JABAQUARA;-23.6533422;-46.6456764;24;HOSPITAL MILITAR DE AREA DE SAO PAULO;CAMBUCI;-23.5696701;-46.6134492;11840;11.84;1323;22.05;ok;
33;HOSP MUN JABAQUARA ARTUR RIBEIRO DE SABOYA;JABAQUARA;-23.6533422;-46.6456764;25;CENTRO DE REFERENCIA DA SAUDE DA MULHER;CAMPOS ELISEOS;-23.5343002;-46.6437496;15900;15.9;1649;27.49;ok;
33;HOSP MUN JABAQUARA ARTUR RIBEIRO DE SABOYA;JABAQUARA;-23.6533422;-46.6456764;26;HOSP MUN INFANTIL MENINO JESUS;BELA VISTA;-23.56022;-46.6469982;12160;12.16;1368;22.81;ok;
33;HOSP MUN JABAQUARA ARTUR RIBEIRO DE SABOYA;JABAQUARA;-23.6533422;-46.6456764;28;HOSP MUN MAT ESC DR MARIO DE MORAES A SILVA;VILA NOVA CACHOEIRIN;-23.4802096;-46.6709709;31320;31.32;2436;40.61;ok;
33;HOSP MUN JABAQUARA ARTUR RIBEIRO DE SABOYA;JABAQUARA;-23.6533422;-46.6456764;29;HOSPITAL GERAL JESUS TEIXEIRA DA COSTA GUAIANASES SAO PAULO;JARDIM SAO PAULO;-23.5523813;-46.4053829;37990;37.99;3404;56.74;ok;
33;HOSP MUN JABAQUARA ARTUR RIBEIRO DE SABOYA;JABAQUARA;-23.6533422;-46.6456764;30;HOSP MUN DR CARMINO CARICCHIO;TATUAPE;-23.5329502;-46.5664411;19760;19.76;2154;35.9;ok;
33;HOSP MUN JABAQUARA ARTUR RIBEIRO DE SABOYA;JABAQUARA;-23.6533422;-46.6456764;31;HOSP MUN TIDE SETUBAL;SAO MIGUEL PAULISTA;-23.4973179;-46.439865;42230;42.23;3086;51.44;ok;
33;HOSP MUN JABAQUARA ARTUR RIBEIRO DE SABOYA;JABAQUARA;-23.6533422;-46.6456764;32;HOSP MUN V NHOCUNE ALEXANDRE ZAIO;VILA NHOCUNE;-23.5424212;-46.5015398;24340;24.34;2573;42.89;ok;
33;HOSP MUN JABAQUARA ARTUR RIBEIRO DE SABOYA;JABAQUARA;-23.6533422;-46.6456764;33;HOSP MUN JABAQUARA ARTUR RIBEIRO DE SABOYA;JABAQUARA;-23.6533422;-46.6456764;0;0.0;0;0.0;ok;
33;HOSP MUN JABAQUARA ARTUR RIBEIRO DE SABOYA;JABAQUARA;-23.6533422;-46.6456764;34;HOSPITAL KATIA DE SOUZA RODRIGUES TAIPASSP SAO PAULO;PARADA DE TAIPAS;-23.4436996;-46.7177512;34400;34.4;2630;43.84;ok;
33;HOSP MUN JABAQUARA ARTUR RIBEIRO DE SABOYA;JABAQUARA;-23.6533422;-46.6456764;35;HOSP MUN PROFESSOR DOUTOR ALIPIO CORREA NETTO;VILA PARANAGUA;-23.499644;-46.4729162;34770;34.77;3133;52.23;ok;
33;HOSP MUN JABAQUARA ARTUR RIBEIRO DE SABOYA;JABAQUARA;-23.6533422;-46.6456764;36;HOSPITAL MUNICIPAL DR BENEDITO MONTENEGRO;JARDIM IVA;-23.5875541;-46.5145716;20330;20.33;2141;35.69;ok;
33;HOSP MUN JABAQUARA ARTUR RIBEIRO DE SABOYA;JABAQUARA;-23.6533422;-46.6456764;37;HOSP MUN IGNACIO PROENCA DE GOUVEA;PARQUE DA MOOCA;-23.5717374;-46.590166;13190;13.19;1452;24.2;ok;
33;HOSP MUN JABAQUARA ARTUR RIBEIRO DE SABOYA;JABAQUARA;-23.6533422;-46.6456764;38;HOSPITAL INFANTIL CANDIDO FONTOURA SAO PAULO;AGUA RASA;-23.551918;-46.5852143;16950;16.95;1795;29.93;ok;
33;HOSP MUN JABAQUARA ARTUR RIBEIRO DE SABOYA;JABAQUARA;-23.6533422;-46.6456764;40;HOSPITAL REGIONAL SUL SAO PAULO;SANTO AMARO;-23.6555597;-46.7058596;9110;9.11;872;14.55;ok;
33;HOSP MUN JABAQUARA ARTUR RIBEIRO DE SABOYA;JABAQUARA;-23.6533422;-46.6456764;42;HOSPITAL ESTADUAL DE SAPOPEMBA SAO PAULO;JARDIM SAPOPEMBA;-23.611336;-46.493671;23380;23.38;2102;35.04;ok;
33;HOSP MUN JABAQUARA ARTUR RIBEIRO DE SABOYA;JABAQUARA;-23.6533422;-46.6456764;43;HOSPITAL GERAL DE VILA PENTEADO DR JOSE PANGELLA SAO PAULO;JARDIM IRACEMA;-23.4934229;-46.7008274;27740;27.74;2092;34.88;ok;
33;HOSP MUN JABAQUARA ARTUR RIBEIRO DE SABOYA;JABAQUARA;-23.6533422;-46.6456764;46;HOSP DO SERV PUB MUNICIPAL HSPM;LIBERDADE;-23.5673424;-46.639071;10470;10.47;1291;21.53;ok;
33;HOSP MUN JABAQUARA ARTUR RIBEIRO DE SABOYA;JABAQUARA;-23.6533422;-46.6456764;47;HOSP MUN FERNANDO MAURO PIRES DA ROCHA;CAMPO LIMPO;-23.6490957;-46.7490028;15360;15.36;1488;24.81;ok;
33;HOSP MUN JABAQUARA ARTUR RIBEIRO DE SABOYA;JABAQUARA;-23.6533422;-46.6456764;48;CENTRO HOSPITALAR DO SISTEMA PENITENCIARIO SAO PAULO;CARANDIRU;-23.5085713;-46.6201015;18830;18.83;1971;32.86;ok;
33;HOSP MUN JABAQUARA ARTUR RIBEIRO DE SABOYA;JABAQUARA;-23.6533422;-46.6456764;49;HOSP MUN VER JOSE STOROPOLLI;PARQUE NOVO MUNDO;-23.522085;-46.5617446;26500;26.5;2343;39.05;ok;
33;HOSP MUN JABAQUARA ARTUR RIBEIRO DE SABOYA;JABAQUARA;-23.6533422;-46.6456764;50;CENTRO MEDICO PMESP;TREMEMBE;-23.4690239;-46.6188727;23870;23.87;2535;42.26;ok;
33;HOSP MUN JABAQUARA ARTUR RIBEIRO DE SABOYA;JABAQUARA;-23.6533422;-46.6456764;51;HOSP MUN CARMEN PRUDENTE;CIDADE TIRADENTES;-23.5833632;-46.4092773;34730;34.73;3108;51.8;ok;
33;HOSP MUN JABAQUARA ARTUR RIBEIRO DE SABOYA;JABAQUARA;-23.6533422;-46.6456764;53;INSTITUTO DE REABILITACAO LUCY MONTORO;VILA ANDRADE;-23.6322694;-46.7351129;14230;14.23;1365;22.75;ok;
33;HOSP MUN JABAQUARA ARTUR RIBEIRO DE SABOYA;JABAQUARA;-23.6533422;-46.6456764;55;INSTITUTO DO CANCER DO ESTADO DE SAO PAULO;CERQUEIRA CESAR;-23.5561305;-46.6681716;14150;14.15;1568;26.14;ok;
33;HOSP MUN JABAQUARA ARTUR RIBEIRO DE SABOYA;JABAQUARA;-23.6533422;-46.6456764;56;HOSP MUN SOROCABANA;VILA ROMANA;-23.5238763;-46.7013591;19050;19.05;1919;31.99;ok;
33;HOSP MUN JABAQUARA ARTUR RIBEIRO DE SABOYA;JABAQUARA;-23.6533422;-46.6456764;57;HOSP MUN GILSON DE CASSIA MARQUES DE CARVALHO;VILA MASCOTE;-23.6470652;-46.662824;2700;2.7;299;4.99;ok;
33;HOSP MUN JABAQUARA ARTUR RIBEIRO DE SABOYA;JABAQUARA;-23.6533422;-46.6456764;58;HOSP MUN CAPELA DO SOCORRO;JARDIM DAS IMBUIAS;-23.7296842;-46.7129995;14260;14.26;1583;26.4;ok;
33;HOSP MUN JABAQUARA ARTUR RIBEIRO DE SABOYA;JABAQUARA;-23.6533422;-46.6456764;59;HOSP MUN JOSANIAS CASTANHA BRAGA;JARDIM ROSCHEL;-23.8247733;-46.7266429;27330;27.33;2453;40.89;ok;
33;HOSP MUN JABAQUARA ARTUR RIBEIRO DE SABOYA;JABAQUARA;-23.6533422;-46.6456764;233;HOSP MUN SOROCABANA;ALTO DE PINHEIROS;-23.5375934;-46.7227993;18420;18.42;1666;27.78;ok;
34;HOSPITAL KATIA DE SOUZA RODRIGUES TAIPASSP SAO PAULO;PARADA DE TAIPAS;-23.4436996;-46.7177512;1;HOSPITAL MUNICIPAL SANTA DULCE DOS POBRES;CONSOLACAO;-23.5573928;-46.6562429;18620;18.62;1794;29.9;ok;
34;HOSPITAL KATIA DE SOUZA RODRIGUES TAIPASSP SAO PAULO;PARADA DE TAIPAS;-23.4436996;-46.7177512;2;HOSPITAL MUNICIPAL BRASILANDIA;JARDIM MARISTELA;-23.476544;-46.6980006;6250;6.25;567;9.45;ok;
34;HOSPITAL KATIA DE SOUZA RODRIGUES TAIPASSP SAO PAULO;PARADA DE TAIPAS;-23.4436996;-46.7177512;3;HOSPITAL MUNICIPAL GUARAPIRANGA;RIVIERA PAULISTA;-23.6911689;-46.7517858;40130;40.13;2704;45.08;ok;
34;HOSPITAL KATIA DE SOUZA RODRIGUES TAIPASSP SAO PAULO;PARADA DE TAIPAS;-23.4436996;-46.7177512;4;INSTITUTO DE INFECTOLOGIA EMILIO RIBAS;SUMARE;-23.5470783;-46.6812257;15310;15.31;1376;22.94;ok;
34;HOSPITAL KATIA DE SOUZA RODRIGUES TAIPASSP SAO PAULO;PARADA DE TAIPAS;-23.4436996;-46.7177512;5;HOSPITAL DO SERV PUB EST FCO MORATO DE OLIVEIRA SAO PAULO;IBIRAPUERA;-23.5966175;-46.6539691;22420;22.42;2105;35.09;ok;
34;HOSPITAL KATIA DE SOUZA RODRIGUES TAIPASSP SAO PAULO;PARADA DE TAIPAS;-23.4436996;-46.7177512;6;HOSPITAL MATERNIDADE INTERLAGOS;JD LEBLON;-23.7069613;-46.7021968;41420;41.42;2839;47.33;ok;
34;HOSPITAL KATIA DE SOUZA RODRIGUES TAIPASSP SAO PAULO;PARADA DE TAIPAS;-23.4436996;-46.7177512;7;HOSPITAL GERAL DE PEDREIRA;VILA CAMPO GRANDE;-23.6808407;-46.6783317;40410;40.41;2800;46.67;ok;
34;HOSPITAL KATIA DE SOUZA RODRIGUES TAIPASSP SAO PAULO;PARADA DE TAIPAS;-23.4436996;-46.7177512;8;HOSPITAL HELIOPOLIS UNIDADE DE GESTAO ASSISTENCIAL I;V HELIOPOLIS;-23.607115;-46.595253;27660;27.66;2383;39.72;ok;
34;HOSPITAL KATIA DE SOUZA RODRIGUES TAIPASSP SAO PAULO;PARADA DE TAIPAS;-23.4436996;-46.7177512;10;HOSPITAL INFANTIL DARCY VARGAS UGA III SAO PAULO;JARDIM GUEDALA;-23.5929419;-46.7109151;27100;27.1;1928;32.13;ok;
34;HOSPITAL KATIA DE SOUZA RODRIGUES TAIPASSP SAO PAULO;PARADA DE TAIPAS;-23.4436996;-46.7177512;11;HOSP MUN MATERNIDADE PROFESSOR MARIO DEGNI;VILA ANTONIO;-23.5777487;-46.764842;23420;23.42;1840;30.68;ok;
34;HOSPITAL KATIA DE SOUZA RODRIGUES TAIPASSP SAO PAULO;PARADA DE TAIPAS;-23.4436996;-46.7177512;12;HOSPITAL UNIVERSITARIO DA USP SAO PAULO;BUTANTA;-23.5649058;-46.7409515;21490;21.49;1741;29.02;ok;
34;HOSPITAL KATIA DE SOUZA RODRIGUES TAIPASSP SAO PAULO;PARADA DE TAIPAS;-23.4436996;-46.7177512;13;CAISM PHILIPPE PINEL SAO PAULO;PIRITUBA;-23.4869816;-46.7239346;6480;6.48;605;10.1;ok;
34;HOSPITAL KATIA DE SOUZA RODRIGUES TAIPASSP SAO PAULO;PARADA DE TAIPAS;-23.4436996;-46.7177512;14;HOSPITAL GERAL HENRIQUE ALTIMEYER DE VILA ALPINA;VILA ALPINA;-23.5930526;-46.5607618;29150;29.15;2160;36.01;ok;
34;HOSPITAL KATIA DE SOUZA RODRIGUES TAIPASSP SAO PAULO;PARADA DE TAIPAS;-23.4436996;-46.7177512;16;HOSPITAL GERAL DE SAO MATEUS SAO PAULO;SAO MATEUS;-23.5947358;-46.4867109;35540;35.54;2594;43.25;ok;
34;HOSPITAL KATIA DE SOUZA RODRIGUES TAIPASSP SAO PAULO;PARADA DE TAIPAS;-23.4436996;-46.7177512;17;UNIDADE DE GESTAO ASSISTENCIAL II HOSPITAL IPIRANGA SP;IPIRANGA;-23.584203;-46.6116295;24430;24.43;2110;35.17;ok;
34;HOSPITAL KATIA DE SOUZA RODRIGUES TAIPASSP SAO PAULO;PARADA DE TAIPAS;-23.4436996;-46.7177512;18;CONJUNTO HOSPITALAR DO MANDAQUI SAO PAULO;SANTANA;-23.4849783;-46.6314355;13880;13.88;1389;23.16;ok;
34;HOSPITAL KATIA DE SOUZA RODRIGUES TAIPASSP SAO PAULO;PARADA DE TAIPAS;-23.4436996;-46.7177512;19;HOSPITAL GERAL SANTA MARCELINA DE ITAIM PAULISTA SAO PAULO;ITAIM PAULISTA;-23.4924231;-46.3889814;48160;48.16;2877;47.96;ok;
34;HOSPITAL KATIA DE SOUZA RODRIGUES TAIPASSP SAO PAULO;PARADA DE TAIPAS;-23.4436996;-46.7177512;20;HOSP MUN PROF DR WALDOMIRO DE PAULA;ITAQUERA;-23.5321357;-46.4472128;45400;45.4;2820;47.01;ok;
34;HOSPITAL KATIA DE SOUZA RODRIGUES TAIPASSP SAO PAULO;PARADA DE TAIPAS;-23.4436996;-46.7177512;21;HOSPITAL GERAL DO GRAJAU PROF LIBER JOHN ALPHONSE DI DIO SP;PARQUE DAS NACOES;-23.691152;-46.5848155;39680;39.68;3185;53.09;ok;
34;HOSPITAL KATIA DE SOUZA RODRIGUES TAIPASSP SAO PAULO;PARADA DE TAIPAS;-23.4436996;-46.7177512;22;HOSPITAL E MATERNIDADE LEONOR MENDES DE BARROS SAO PAULO;BELENZINHO;-23.5359031;-46.5887061;22180;22.18;1565;26.09;ok;
34;HOSPITAL KATIA DE SOUZA RODRIGUES TAIPASSP SAO PAULO;PARADA DE TAIPAS;-23.4436996;-46.7177512;23;CENTRO DE REFERENCIA E TREINAMENTO DST AIDS SAO PAULO;VILA MARIANA;-23.5966194;-46.6358133;23840;23.84;2236;37.27;ok;
34;HOSPITAL KATIA DE SOUZA RODRIGUES TAIPASSP SAO PAULO;PARADA DE TAIPAS;-23.4436996;-46.7177512;24;HOSPITAL MILITAR DE AREA DE SAO PAULO;CAMBUCI;-23.5696701;-46.6134492;23030;23.03;1981;33.03;ok;
34;HOSPITAL KATIA DE SOUZA RODRIGUES TAIPASSP SAO PAULO;PARADA DE TAIPAS;-23.4436996;-46.7177512;25;CENTRO DE REFERENCIA DA SAUDE DA MULHER;CAMPOS ELISEOS;-23.5343002;-46.6437496;16630;16.63;1457;24.29;ok;
34;HOSPITAL KATIA DE SOUZA RODRIGUES TAIPASSP SAO PAULO;PARADA DE TAIPAS;-23.4436996;-46.7177512;26;HOSP MUN INFANTIL MENINO JESUS;BELA VISTA;-23.56022;-46.6469982;18750;18.75;1854;30.91;ok;
34;HOSPITAL KATIA DE SOUZA RODRIGUES TAIPASSP SAO PAULO;PARADA DE TAIPAS;-23.4436996;-46.7177512;28;HOSP MUN MAT ESC DR MARIO DE MORAES A SILVA;VILA NOVA CACHOEIRIN;-23.4802096;-46.6709709;9430;9.43;926;15.45;ok;
34;HOSPITAL KATIA DE SOUZA RODRIGUES TAIPASSP SAO PAULO;PARADA DE TAIPAS;-23.4436996;-46.7177512;29;HOSPITAL GERAL JESUS TEIXEIRA DA COSTA GUAIANASES SAO PAULO;JARDIM SAO PAULO;-23.5523813;-46.4053829;53350;53.35;3398;56.64;ok;
34;HOSPITAL KATIA DE SOUZA RODRIGUES TAIPASSP SAO PAULO;PARADA DE TAIPAS;-23.4436996;-46.7177512;30;HOSP MUN DR CARMINO CARICCHIO;TATUAPE;-23.5329502;-46.5664411;23360;23.36;1757;29.29;ok;
34;HOSPITAL KATIA DE SOUZA RODRIGUES TAIPASSP SAO PAULO;PARADA DE TAIPAS;-23.4436996;-46.7177512;31;HOSP MUN TIDE SETUBAL;SAO MIGUEL PAULISTA;-23.4973179;-46.439865;41570;41.57;2563;42.73;ok;
34;HOSPITAL KATIA DE SOUZA RODRIGUES TAIPASSP SAO PAULO;PARADA DE TAIPAS;-23.4436996;-46.7177512;32;HOSP MUN V NHOCUNE ALEXANDRE ZAIO;VILA NHOCUNE;-23.5424212;-46.5015398;32549;32.55;2404;40.07;ok;
34;HOSPITAL KATIA DE SOUZA RODRIGUES TAIPASSP SAO PAULO;PARADA DE TAIPAS;-23.4436996;-46.7177512;33;HOSP MUN JABAQUARA ARTUR RIBEIRO DE SABOYA;JABAQUARA;-23.6533422;-46.6456764;36700;36.7;2625;43.75;ok;
34;HOSPITAL KATIA DE SOUZA RODRIGUES TAIPASSP SAO PAULO;PARADA DE TAIPAS;-23.4436996;-46.7177512;34;HOSPITAL KATIA DE SOUZA RODRIGUES TAIPASSP SAO PAULO;PARADA DE TAIPAS;-23.4436996;-46.7177512;0;0.0;0;0.0;ok;
34;HOSPITAL KATIA DE SOUZA RODRIGUES TAIPASSP SAO PAULO;PARADA DE TAIPAS;-23.4436996;-46.7177512;35;HOSP MUN PROFESSOR DOUTOR ALIPIO CORREA NETTO;VILA PARANAGUA;-23.499644;-46.4729162;34110;34.11;2611;43.52;ok;
34;HOSPITAL KATIA DE SOUZA RODRIGUES TAIPASSP SAO PAULO;PARADA DE TAIPAS;-23.4436996;-46.7177512;36;HOSPITAL MUNICIPAL DR BENEDITO MONTENEGRO;JARDIM IVA;-23.5875541;-46.5145716;31740;31.74;2509;41.82;ok;
34;HOSPITAL KATIA DE SOUZA RODRIGUES TAIPASSP SAO PAULO;PARADA DE TAIPAS;-23.4436996;-46.7177512;37;HOSP MUN IGNACIO PROENCA DE GOUVEA;PARQUE DA MOOCA;-23.5717374;-46.590166;27360;27.36;2033;33.89;ok;
34;HOSPITAL KATIA DE SOUZA RODRIGUES TAIPASSP SAO PAULO;PARADA DE TAIPAS;-23.4436996;-46.7177512;38;HOSPITAL INFANTIL CANDIDO FONTOURA SAO PAULO;AGUA RASA;-23.551918;-46.5852143;24860;24.86;1797;29.96;ok;
34;HOSPITAL KATIA DE SOUZA RODRIGUES TAIPASSP SAO PAULO;PARADA DE TAIPAS;-23.4436996;-46.7177512;40;HOSPITAL REGIONAL SUL SAO PAULO;SANTO AMARO;-23.6555597;-46.7058596;35990;35.99;2385;39.76;ok;
34;HOSPITAL KATIA DE SOUZA RODRIGUES TAIPASSP SAO PAULO;PARADA DE TAIPAS;-23.4436996;-46.7177512;42;HOSPITAL ESTADUAL DE SAPOPEMBA SAO PAULO;JARDIM SAPOPEMBA;-23.611336;-46.493671;37680;37.68;2852;47.54;ok;
34;HOSPITAL KATIA DE SOUZA RODRIGUES TAIPASSP SAO PAULO;PARADA DE TAIPAS;-23.4436996;-46.7177512;43;HOSPITAL GERAL DE VILA PENTEADO DR JOSE PANGELLA SAO PAULO;JARDIM IRACEMA;-23.4934229;-46.7008274;6900;6.9;540;9.01;ok;
34;HOSPITAL KATIA DE SOUZA RODRIGUES TAIPASSP SAO PAULO;PARADA DE TAIPAS;-23.4436996;-46.7177512;46;HOSP DO SERV PUB MUNICIPAL HSPM;LIBERDADE;-23.5673424;-46.639071;22140;22.14;1965;32.75;ok;
34;HOSPITAL KATIA DE SOUZA RODRIGUES TAIPASSP SAO PAULO;PARADA DE TAIPAS;-23.4436996;-46.7177512;47;HOSP MUN FERNANDO MAURO PIRES DA ROCHA;CAMPO LIMPO;-23.6490957;-46.7490028;35110;35.11;2249;37.5;ok;
34;HOSPITAL KATIA DE SOUZA RODRIGUES TAIPASSP SAO PAULO;PARADA DE TAIPAS;-23.4436996;-46.7177512;48;CENTRO HOSPITALAR DO SISTEMA PENITENCIARIO SAO PAULO;CARANDIRU;-23.5085713;-46.6201015;18340;18.34;1552;25.88;ok;
34;HOSPITAL KATIA DE SOUZA RODRIGUES TAIPASSP SAO PAULO;PARADA DE TAIPAS;-23.4436996;-46.7177512;49;HOSP MUN VER JOSE STOROPOLLI;PARQUE NOVO MUNDO;-23.522085;-46.5617446;25830;25.83;1820;30.34;ok;
34;HOSPITAL KATIA DE SOUZA RODRIGUES TAIPASSP SAO PAULO;PARADA DE TAIPAS;-23.4436996;-46.7177512;50;CENTRO MEDICO PMESP;TREMEMBE;-23.4690239;-46.6188727;16900;16.9;1579;26.32;ok;
34;HOSPITAL KATIA DE SOUZA RODRIGUES TAIPASSP SAO PAULO;PARADA DE TAIPAS;-23.4436996;-46.7177512;51;HOSP MUN CARMEN PRUDENTE;CIDADE TIRADENTES;-23.5833632;-46.4092773;44560;44.56;3453;57.56;ok;
34;HOSPITAL KATIA DE SOUZA RODRIGUES TAIPASSP SAO PAULO;PARADA DE TAIPAS;-23.4436996;-46.7177512;53;INSTITUTO DE REABILITACAO LUCY MONTORO;VILA ANDRADE;-23.6322694;-46.7351129;32930;32.93;2114;35.25;ok;
34;HOSPITAL KATIA DE SOUZA RODRIGUES TAIPASSP SAO PAULO;PARADA DE TAIPAS;-23.4436996;-46.7177512;55;INSTITUTO DO CANCER DO ESTADO DE SAO PAULO;CERQUEIRA CESAR;-23.5561305;-46.6681716;17110;17.11;1611;26.87;ok;
34;HOSPITAL KATIA DE SOUZA RODRIGUES TAIPASSP SAO PAULO;PARADA DE TAIPAS;-23.4436996;-46.7177512;56;HOSP MUN SOROCABANA;VILA ROMANA;-23.5238763;-46.7013591;10810;10.81;962;16.05;ok;
34;HOSPITAL KATIA DE SOUZA RODRIGUES TAIPASSP SAO PAULO;PARADA DE TAIPAS;-23.4436996;-46.7177512;57;HOSP MUN GILSON DE CASSIA MARQUES DE CARVALHO;VILA MASCOTE;-23.6470652;-46.662824;33910;33.91;2360;39.34;ok;
34;HOSPITAL KATIA DE SOUZA RODRIGUES TAIPASSP SAO PAULO;PARADA DE TAIPAS;-23.4436996;-46.7177512;58;HOSP MUN CAPELA DO SOCORRO;JARDIM DAS IMBUIAS;-23.7296842;-46.7129995;44870;44.87;3258;54.31;ok;
34;HOSPITAL KATIA DE SOUZA RODRIGUES TAIPASSP SAO PAULO;PARADA DE TAIPAS;-23.4436996;-46.7177512;59;HOSP MUN JOSANIAS CASTANHA BRAGA;JARDIM ROSCHEL;-23.8247733;-46.7266429;57940;57.94;4128;68.8;ok;
34;HOSPITAL KATIA DE SOUZA RODRIGUES TAIPASSP SAO PAULO;PARADA DE TAIPAS;-23.4436996;-46.7177512;233;HOSP MUN SOROCABANA;ALTO DE PINHEIROS;-23.5375934;-46.7227993;13450;13.45;1318;21.98;ok;
35;HOSP MUN PROFESSOR DOUTOR ALIPIO CORREA NETTO;VILA PARANAGUA;-23.499644;-46.4729162;1;HOSPITAL MUNICIPAL SANTA DULCE DOS POBRES;CONSOLACAO;-23.5573928;-46.6562429;31230;31.23;2324;38.74;ok;
35;HOSP MUN PROFESSOR DOUTOR ALIPIO CORREA NETTO;VILA PARANAGUA;-23.499644;-46.4729162;2;HOSPITAL MUNICIPAL BRASILANDIA;JARDIM MARISTELA;-23.476544;-46.6980006;36880;36.88;2288;38.15;ok;
35;HOSP MUN PROFESSOR DOUTOR ALIPIO CORREA NETTO;VILA PARANAGUA;-23.499644;-46.4729162;3;HOSPITAL MUNICIPAL GUARAPIRANGA;RIVIERA PAULISTA;-23.6911689;-46.7517858;62910;62.91;3614;60.24;ok;
35;HOSP MUN PROFESSOR DOUTOR ALIPIO CORREA NETTO;VILA PARANAGUA;-23.499644;-46.4729162;4;INSTITUTO DE INFECTOLOGIA EMILIO RIBAS;SUMARE;-23.5470783;-46.6812257;33270;33.27;2208;36.81;ok;
35;HOSP MUN PROFESSOR DOUTOR ALIPIO CORREA NETTO;VILA PARANAGUA;-23.499644;-46.4729162;5;HOSPITAL DO SERV PUB EST FCO MORATO DE OLIVEIRA SAO PAULO;IBIRAPUERA;-23.5966175;-46.6539691;35000;35.0;2573;42.89;ok;
35;HOSP MUN PROFESSOR DOUTOR ALIPIO CORREA NETTO;VILA PARANAGUA;-23.499644;-46.4729162;6;HOSPITAL MATERNIDADE INTERLAGOS;JD LEBLON;-23.7069613;-46.7021968;64209;64.21;3749;62.49;ok;
35;HOSP MUN PROFESSOR DOUTOR ALIPIO CORREA NETTO;VILA PARANAGUA;-23.499644;-46.4729162;7;HOSPITAL GERAL DE PEDREIRA;VILA CAMPO GRANDE;-23.6808407;-46.6783317;63200;63.2;3710;61.83;ok;
35;HOSP MUN PROFESSOR DOUTOR ALIPIO CORREA NETTO;VILA PARANAGUA;-23.499644;-46.4729162;8;HOSPITAL HELIOPOLIS UNIDADE DE GESTAO ASSISTENCIAL I;V HELIOPOLIS;-23.607115;-46.595253;24640;24.64;2518;41.97;ok;
35;HOSP MUN PROFESSOR DOUTOR ALIPIO CORREA NETTO;VILA PARANAGUA;-23.499644;-46.4729162;10;HOSPITAL INFANTIL DARCY VARGAS UGA III SAO PAULO;JARDIM GUEDALA;-23.5929419;-46.7109151;49890;49.89;2837;47.3;ok;
35;HOSP MUN PROFESSOR DOUTOR ALIPIO CORREA NETTO;VILA PARANAGUA;-23.499644;-46.4729162;11;HOSP MUN MATERNIDADE PROFESSOR MARIO DEGNI;VILA ANTONIO;-23.5777487;-46.764842;46210;46.21;2750;45.85;ok;
35;HOSP MUN PROFESSOR DOUTOR ALIPIO CORREA NETTO;VILA PARANAGUA;-23.499644;-46.4729162;12;HOSPITAL UNIVERSITARIO DA USP SAO PAULO;BUTANTA;-23.5649058;-46.7409515;44280;44.28;2650;44.18;ok;
35;HOSP MUN PROFESSOR DOUTOR ALIPIO CORREA NETTO;VILA PARANAGUA;-23.499644;-46.4729162;13;CAISM PHILIPPE PINEL SAO PAULO;PIRITUBA;-23.4869816;-46.7239346;37080;37.08;2315;38.59;ok;
35;HOSP MUN PROFESSOR DOUTOR ALIPIO CORREA NETTO;VILA PARANAGUA;-23.499644;-46.4729162;14;HOSPITAL GERAL HENRIQUE ALTIMEYER DE VILA ALPINA;VILA ALPINA;-23.5930526;-46.5607618;19610;19.61;2063;34.39;ok;
35;HOSP MUN PROFESSOR DOUTOR ALIPIO CORREA NETTO;VILA PARANAGUA;-23.499644;-46.4729162;16;HOSPITAL GERAL DE SAO MATEUS SAO PAULO;SAO MATEUS;-23.5947358;-46.4867109;15830;15.83;1566;26.11;ok;
35;HOSP MUN PROFESSOR DOUTOR ALIPIO CORREA NETTO;VILA PARANAGUA;-23.499644;-46.4729162;17;UNIDADE DE GESTAO ASSISTENCIAL II HOSPITAL IPIRANGA SP;IPIRANGA;-23.584203;-46.6116295;22670;22.67;2334;38.91;ok;
35;HOSP MUN PROFESSOR DOUTOR ALIPIO CORREA NETTO;VILA PARANAGUA;-23.499644;-46.4729162;18;CONJUNTO HOSPITALAR DO MANDAQUI SAO PAULO;SANTANA;-23.4849783;-46.6314355;28770;28.77;2048;34.14;ok;
35;HOSP MUN PROFESSOR DOUTOR ALIPIO CORREA NETTO;VILA PARANAGUA;-23.499644;-46.4729162;19;HOSPITAL GERAL SANTA MARCELINA DE ITAIM PAULISTA SAO PAULO;ITAIM PAULISTA;-23.4924231;-46.3889814;9960;9.96;1125;18.76;ok;
35;HOSP MUN PROFESSOR DOUTOR ALIPIO CORREA NETTO;VILA PARANAGUA;-23.499644;-46.4729162;20;HOSP MUN PROF DR WALDOMIRO DE PAULA;ITAQUERA;-23.5321357;-46.4472128;7240;7.24;752;12.54;ok;
35;HOSP MUN PROFESSOR DOUTOR ALIPIO CORREA NETTO;VILA PARANAGUA;-23.499644;-46.4729162;21;HOSPITAL GERAL DO GRAJAU PROF LIBER JOHN ALPHONSE DI DIO SP;PARQUE DAS NACOES;-23.691152;-46.5848155;32860;32.86;3093;51.56;ok;
35;HOSP MUN PROFESSOR DOUTOR ALIPIO CORREA NETTO;VILA PARANAGUA;-23.499644;-46.4729162;22;HOSPITAL E MATERNIDADE LEONOR MENDES DE BARROS SAO PAULO;BELENZINHO;-23.5359031;-46.5887061;21510;21.51;1513;25.22;ok;
35;HOSP MUN PROFESSOR DOUTOR ALIPIO CORREA NETTO;VILA PARANAGUA;-23.499644;-46.4729162;23;CENTRO DE REFERENCIA E TREINAMENTO DST AIDS SAO PAULO;VILA MARIANA;-23.5966194;-46.6358133;24730;24.73;2651;44.19;ok;
35;HOSP MUN PROFESSOR DOUTOR ALIPIO CORREA NETTO;VILA PARANAGUA;-23.499644;-46.4729162;24;HOSPITAL MILITAR DE AREA DE SAO PAULO;CAMBUCI;-23.5696701;-46.6134492;21080;21.08;2242;37.38;ok;
35;HOSP MUN PROFESSOR DOUTOR ALIPIO CORREA NETTO;VILA PARANAGUA;-23.499644;-46.4729162;25;CENTRO DE REFERENCIA DA SAUDE DA MULHER;CAMPOS ELISEOS;-23.5343002;-46.6437496;30200;30.2;1984;33.07;ok;
35;HOSP MUN PROFESSOR DOUTOR ALIPIO CORREA NETTO;VILA PARANAGUA;-23.499644;-46.4729162;26;HOSP MUN INFANTIL MENINO JESUS;BELA VISTA;-23.56022;-46.6469982;31120;31.12;2325;38.75;ok;
35;HOSP MUN PROFESSOR DOUTOR ALIPIO CORREA NETTO;VILA PARANAGUA;-23.499644;-46.4729162;28;HOSP MUN MAT ESC DR MARIO DE MORAES A SILVA;VILA NOVA CACHOEIRIN;-23.4802096;-46.6709709;34990;34.99;2193;36.55;ok;
35;HOSP MUN PROFESSOR DOUTOR ALIPIO CORREA NETTO;VILA PARANAGUA;-23.499644;-46.4729162;29;HOSPITAL GERAL JESUS TEIXEIRA DA COSTA GUAIANASES SAO PAULO;JARDIM SAO PAULO;-23.5523813;-46.4053829;12590;12.59;1334;22.24;ok;
35;HOSP MUN PROFESSOR DOUTOR ALIPIO CORREA NETTO;VILA PARANAGUA;-23.499644;-46.4729162;30;HOSP MUN DR CARMINO CARICCHIO;TATUAPE;-23.5329502;-46.5664411;12320;12.32;1330;22.18;ok;
35;HOSP MUN PROFESSOR DOUTOR ALIPIO CORREA NETTO;VILA PARANAGUA;-23.499644;-46.4729162;31;HOSP MUN TIDE SETUBAL;SAO MIGUEL PAULISTA;-23.4973179;-46.439865;4570;4.57;553;9.22;ok;
35;HOSP MUN PROFESSOR DOUTOR ALIPIO CORREA NETTO;VILA PARANAGUA;-23.499644;-46.4729162;32;HOSP MUN V NHOCUNE ALEXANDRE ZAIO;VILA NHOCUNE;-23.5424212;-46.5015398;8580;8.58;1034;17.24;ok;
35;HOSP MUN PROFESSOR DOUTOR ALIPIO CORREA NETTO;VILA PARANAGUA;-23.499644;-46.4729162;33;HOSP MUN JABAQUARA ARTUR RIBEIRO DE SABOYA;JABAQUARA;-23.6533422;-46.6456764;42170;42.17;3338;55.64;ok;
35;HOSP MUN PROFESSOR DOUTOR ALIPIO CORREA NETTO;VILA PARANAGUA;-23.499644;-46.4729162;34;HOSPITAL KATIA DE SOUZA RODRIGUES TAIPASSP SAO PAULO;PARADA DE TAIPAS;-23.4436996;-46.7177512;41340;41.34;2581;43.03;ok;
35;HOSP MUN PROFESSOR DOUTOR ALIPIO CORREA NETTO;VILA PARANAGUA;-23.499644;-46.4729162;35;HOSP MUN PROFESSOR DOUTOR ALIPIO CORREA NETTO;VILA PARANAGUA;-23.499644;-46.4729162;0;0.0;0;0.0;ok;
35;HOSP MUN PROFESSOR DOUTOR ALIPIO CORREA NETTO;VILA PARANAGUA;-23.499644;-46.4729162;36;HOSPITAL MUNICIPAL DR BENEDITO MONTENEGRO;JARDIM IVA;-23.5875541;-46.5145716;15410;15.41;1658;27.64;ok;
35;HOSP MUN PROFESSOR DOUTOR ALIPIO CORREA NETTO;VILA PARANAGUA;-23.499644;-46.4729162;37;HOSP MUN IGNACIO PROENCA DE GOUVEA;PARQUE DA MOOCA;-23.5717374;-46.590166;19610;19.61;1979;32.99;ok;
35;HOSP MUN PROFESSOR DOUTOR ALIPIO CORREA NETTO;VILA PARANAGUA;-23.499644;-46.4729162;38;HOSPITAL INFANTIL CANDIDO FONTOURA SAO PAULO;AGUA RASA;-23.551918;-46.5852143;16560;16.56;1696;28.28;ok;
35;HOSP MUN PROFESSOR DOUTOR ALIPIO CORREA NETTO;VILA PARANAGUA;-23.499644;-46.4729162;40;HOSPITAL REGIONAL SUL SAO PAULO;SANTO AMARO;-23.6555597;-46.7058596;58780;58.78;3295;54.93;ok;
35;HOSP MUN PROFESSOR DOUTOR ALIPIO CORREA NETTO;VILA PARANAGUA;-23.499644;-46.4729162;42;HOSPITAL ESTADUAL DE SAPOPEMBA SAO PAULO;JARDIM SAPOPEMBA;-23.611336;-46.493671;17970;17.97;1824;30.4;ok;
35;HOSP MUN PROFESSOR DOUTOR ALIPIO CORREA NETTO;VILA PARANAGUA;-23.499644;-46.4729162;43;HOSPITAL GERAL DE VILA PENTEADO DR JOSE PANGELLA SAO PAULO;JARDIM IRACEMA;-23.4934229;-46.7008274;34690;34.69;2044;34.07;ok;
35;HOSP MUN PROFESSOR DOUTOR ALIPIO CORREA NETTO;VILA PARANAGUA;-23.499644;-46.4729162;46;HOSP DO SERV PUB MUNICIPAL HSPM;LIBERDADE;-23.5673424;-46.639071;21140;21.14;2206;36.77;ok;
35;HOSP MUN PROFESSOR DOUTOR ALIPIO CORREA NETTO;VILA PARANAGUA;-23.499644;-46.4729162;47;HOSP MUN FERNANDO MAURO PIRES DA ROCHA;CAMPO LIMPO;-23.6490957;-46.7490028;57900;57.9;3159;52.66;ok;
35;HOSP MUN PROFESSOR DOUTOR ALIPIO CORREA NETTO;VILA PARANAGUA;-23.499644;-46.4729162;48;CENTRO HOSPITALAR DO SISTEMA PENITENCIARIO SAO PAULO;CARANDIRU;-23.5085713;-46.6201015;25080;25.08;1627;27.13;ok;
35;HOSP MUN PROFESSOR DOUTOR ALIPIO CORREA NETTO;VILA PARANAGUA;-23.499644;-46.4729162;49;HOSP MUN VER JOSE STOROPOLLI;PARQUE NOVO MUNDO;-23.522085;-46.5617446;18050;18.05;1266;21.11;ok;
35;HOSP MUN PROFESSOR DOUTOR ALIPIO CORREA NETTO;VILA PARANAGUA;-23.499644;-46.4729162;50;CENTRO MEDICO PMESP;TREMEMBE;-23.4690239;-46.6188727;25420;25.42;2149;35.82;ok;
35;HOSP MUN PROFESSOR DOUTOR ALIPIO CORREA NETTO;VILA PARANAGUA;-23.499644;-46.4729162;51;HOSP MUN CARMEN PRUDENTE;CIDADE TIRADENTES;-23.5833632;-46.4092773;15330;15.33;1449;24.16;ok;
35;HOSP MUN PROFESSOR DOUTOR ALIPIO CORREA NETTO;VILA PARANAGUA;-23.499644;-46.4729162;53;INSTITUTO DE REABILITACAO LUCY MONTORO;VILA ANDRADE;-23.6322694;-46.7351129;55720;55.72;3024;50.41;ok;
35;HOSP MUN PROFESSOR DOUTOR ALIPIO CORREA NETTO;VILA PARANAGUA;-23.499644;-46.4729162;55;INSTITUTO DO CANCER DO ESTADO DE SAO PAULO;CERQUEIRA CESAR;-23.5561305;-46.6681716;33500;33.5;2345;39.1;ok;
35;HOSP MUN PROFESSOR DOUTOR ALIPIO CORREA NETTO;VILA PARANAGUA;-23.499644;-46.4729162;56;HOSP MUN SOROCABANA;VILA ROMANA;-23.5238763;-46.7013591;34160;34.16;2155;35.92;ok;
35;HOSP MUN PROFESSOR DOUTOR ALIPIO CORREA NETTO;VILA PARANAGUA;-23.499644;-46.4729162;57;HOSP MUN GILSON DE CASSIA MARQUES DE CARVALHO;VILA MASCOTE;-23.6470652;-46.662824;42020;42.02;3250;54.18;ok;
35;HOSP MUN PROFESSOR DOUTOR ALIPIO CORREA NETTO;VILA PARANAGUA;-23.499644;-46.4729162;58;HOSP MUN CAPELA DO SOCORRO;JARDIM DAS IMBUIAS;-23.7296842;-46.7129995;67660;67.66;4168;69.48;ok;
35;HOSP MUN PROFESSOR DOUTOR ALIPIO CORREA NETTO;VILA PARANAGUA;-23.499644;-46.4729162;59;HOSP MUN JOSANIAS CASTANHA BRAGA;JARDIM ROSCHEL;-23.8247733;-46.7266429;80730;80.73;5038;83.97;ok;
35;HOSP MUN PROFESSOR DOUTOR ALIPIO CORREA NETTO;VILA PARANAGUA;-23.499644;-46.4729162;233;HOSP MUN SOROCABANA;ALTO DE PINHEIROS;-23.5375934;-46.7227993;39110;39.11;2475;41.25;ok;
36;HOSPITAL MUNICIPAL DR BENEDITO MONTENEGRO;JARDIM IVA;-23.5875541;-46.5145716;1;HOSPITAL MUNICIPAL SANTA DULCE DOS POBRES;CONSOLACAO;-23.5573928;-46.6562429;17310;17.31;1775;29.6;ok;
36;HOSPITAL MUNICIPAL DR BENEDITO MONTENEGRO;JARDIM IVA;-23.5875541;-46.5145716;2;HOSPITAL MUNICIPAL BRASILANDIA;JARDIM MARISTELA;-23.476544;-46.6980006;28440;28.44;2292;38.21;ok;
36;HOSPITAL MUNICIPAL DR BENEDITO MONTENEGRO;JARDIM IVA;-23.5875541;-46.5145716;3;HOSPITAL MUNICIPAL GUARAPIRANGA;RIVIERA PAULISTA;-23.6911689;-46.7517858;33660;33.66;3390;56.5;ok;
36;HOSPITAL MUNICIPAL DR BENEDITO MONTENEGRO;JARDIM IVA;-23.5875541;-46.5145716;4;INSTITUTO DE INFECTOLOGIA EMILIO RIBAS;SUMARE;-23.5470783;-46.6812257;21150;21.15;2091;34.85;ok;
36;HOSPITAL MUNICIPAL DR BENEDITO MONTENEGRO;JARDIM IVA;-23.5875541;-46.5145716;5;HOSPITAL DO SERV PUB EST FCO MORATO DE OLIVEIRA SAO PAULO;IBIRAPUERA;-23.5966175;-46.6539691;17230;17.23;1791;29.86;ok;
36;HOSPITAL MUNICIPAL DR BENEDITO MONTENEGRO;JARDIM IVA;-23.5875541;-46.5145716;6;HOSPITAL MATERNIDADE INTERLAGOS;JD LEBLON;-23.7069613;-46.7021968;29430;29.43;3046;50.78;ok;
36;HOSPITAL MUNICIPAL DR BENEDITO MONTENEGRO;JARDIM IVA;-23.5875541;-46.5145716;7;HOSPITAL GERAL DE PEDREIRA;VILA CAMPO GRANDE;-23.6808407;-46.6783317;28210;28.21;2661;44.36;ok;
36;HOSPITAL MUNICIPAL DR BENEDITO MONTENEGRO;JARDIM IVA;-23.5875541;-46.5145716;8;HOSPITAL HELIOPOLIS UNIDADE DE GESTAO ASSISTENCIAL I;V HELIOPOLIS;-23.607115;-46.595253;12050;12.05;1226;20.44;ok;
36;HOSPITAL MUNICIPAL DR BENEDITO MONTENEGRO;JARDIM IVA;-23.5875541;-46.5145716;10;HOSPITAL INFANTIL DARCY VARGAS UGA III SAO PAULO;JARDIM GUEDALA;-23.5929419;-46.7109151;24170;24.17;2559;42.66;ok;
36;HOSPITAL MUNICIPAL DR BENEDITO MONTENEGRO;JARDIM IVA;-23.5875541;-46.5145716;11;HOSP MUN MATERNIDADE PROFESSOR MARIO DEGNI;VILA ANTONIO;-23.5777487;-46.764842;37760;37.76;2754;45.9;ok;
36;HOSPITAL MUNICIPAL DR BENEDITO MONTENEGRO;JARDIM IVA;-23.5875541;-46.5145716;12;HOSPITAL UNIVERSITARIO DA USP SAO PAULO;BUTANTA;-23.5649058;-46.7409515;35830;35.83;2654;44.24;ok;
36;HOSPITAL MUNICIPAL DR BENEDITO MONTENEGRO;JARDIM IVA;-23.5875541;-46.5145716;13;CAISM PHILIPPE PINEL SAO PAULO;PIRITUBA;-23.4869816;-46.7239346;28630;28.63;2319;38.65;ok;
36;HOSPITAL MUNICIPAL DR BENEDITO MONTENEGRO;JARDIM IVA;-23.5875541;-46.5145716;14;HOSPITAL GERAL HENRIQUE ALTIMEYER DE VILA ALPINA;VILA ALPINA;-23.5930526;-46.5607618;6550;6.55;634;10.57;ok;
36;HOSPITAL MUNICIPAL DR BENEDITO MONTENEGRO;JARDIM IVA;-23.5875541;-46.5145716;16;HOSPITAL GERAL DE SAO MATEUS SAO PAULO;SAO MATEUS;-23.5947358;-46.4867109;3520;3.52;435;7.26;ok;
36;HOSPITAL MUNICIPAL DR BENEDITO MONTENEGRO;JARDIM IVA;-23.5875541;-46.5145716;17;UNIDADE DE GESTAO ASSISTENCIAL II HOSPITAL IPIRANGA SP;IPIRANGA;-23.584203;-46.6116295;10960;10.96;1052;17.54;ok;
36;HOSPITAL MUNICIPAL DR BENEDITO MONTENEGRO;JARDIM IVA;-23.5875541;-46.5145716;18;CONJUNTO HOSPITALAR DO MANDAQUI SAO PAULO;SANTANA;-23.4849783;-46.6314355;20310;20.31;2022;33.71;ok;
36;HOSPITAL MUNICIPAL DR BENEDITO MONTENEGRO;JARDIM IVA;-23.5875541;-46.5145716;19;HOSPITAL GERAL SANTA MARCELINA DE ITAIM PAULISTA SAO PAULO;ITAIM PAULISTA;-23.4924231;-46.3889814;21560;21.56;1989;33.16;ok;
36;HOSPITAL MUNICIPAL DR BENEDITO MONTENEGRO;JARDIM IVA;-23.5875541;-46.5145716;20;HOSP MUN PROF DR WALDOMIRO DE PAULA;ITAQUERA;-23.5321357;-46.4472128;11410;11.41;1124;18.75;ok;
36;HOSPITAL MUNICIPAL DR BENEDITO MONTENEGRO;JARDIM IVA;-23.5875541;-46.5145716;21;HOSPITAL GERAL DO GRAJAU PROF LIBER JOHN ALPHONSE DI DIO SP;PARQUE DAS NACOES;-23.691152;-46.5848155;18900;18.9;1607;26.8;ok;
36;HOSPITAL MUNICIPAL DR BENEDITO MONTENEGRO;JARDIM IVA;-23.5875541;-46.5145716;22;HOSPITAL E MATERNIDADE LEONOR MENDES DE BARROS SAO PAULO;BELENZINHO;-23.5359031;-46.5887061;10840;10.84;1115;18.6;ok;
36;HOSPITAL MUNICIPAL DR BENEDITO MONTENEGRO;JARDIM IVA;-23.5875541;-46.5145716;23;CENTRO DE REFERENCIA E TREINAMENTO DST AIDS SAO PAULO;VILA MARIANA;-23.5966194;-46.6358133;15510;15.51;1605;26.77;ok;
36;HOSPITAL MUNICIPAL DR BENEDITO MONTENEGRO;JARDIM IVA;-23.5875541;-46.5145716;24;HOSPITAL MILITAR DE AREA DE SAO PAULO;CAMBUCI;-23.5696701;-46.6134492;13050;13.05;1254;20.91;ok;
36;HOSPITAL MUNICIPAL DR BENEDITO MONTENEGRO;JARDIM IVA;-23.5875541;-46.5145716;25;CENTRO DE REFERENCIA DA SAUDE DA MULHER;CAMPOS ELISEOS;-23.5343002;-46.6437496;17430;17.43;1695;28.26;ok;
36;HOSPITAL MUNICIPAL DR BENEDITO MONTENEGRO;JARDIM IVA;-23.5875541;-46.5145716;26;HOSP MUN INFANTIL MENINO JESUS;BELA VISTA;-23.56022;-46.6469982;17560;17.56;1759;29.32;ok;
36;HOSPITAL MUNICIPAL DR BENEDITO MONTENEGRO;JARDIM IVA;-23.5875541;-46.5145716;28;HOSP MUN MAT ESC DR MARIO DE MORAES A SILVA;VILA NOVA CACHOEIRIN;-23.4802096;-46.6709709;26550;26.55;2196;36.61;ok;
36;HOSPITAL MUNICIPAL DR BENEDITO MONTENEGRO;JARDIM IVA;-23.5875541;-46.5145716;29;HOSPITAL GERAL JESUS TEIXEIRA DA COSTA GUAIANASES SAO PAULO;JARDIM SAO PAULO;-23.5523813;-46.4053829;15820;15.82;1505;25.1;ok;
36;HOSPITAL MUNICIPAL DR BENEDITO MONTENEGRO;JARDIM IVA;-23.5875541;-46.5145716;30;HOSP MUN DR CARMINO CARICCHIO;TATUAPE;-23.5329502;-46.5664411;10980;10.98;1122;18.71;ok;
36;HOSPITAL MUNICIPAL DR BENEDITO MONTENEGRO;JARDIM IVA;-23.5875541;-46.5145716;31;HOSP MUN TIDE SETUBAL;SAO MIGUEL PAULISTA;-23.4973179;-46.439865;16040;16.04;1522;25.38;ok;
36;HOSPITAL MUNICIPAL DR BENEDITO MONTENEGRO;JARDIM IVA;-23.5875541;-46.5145716;32;HOSP MUN V NHOCUNE ALEXANDRE ZAIO;VILA NHOCUNE;-23.5424212;-46.5015398;8020;8.02;850;14.18;ok;
36;HOSPITAL MUNICIPAL DR BENEDITO MONTENEGRO;JARDIM IVA;-23.5875541;-46.5145716;33;HOSP MUN JABAQUARA ARTUR RIBEIRO DE SABOYA;JABAQUARA;-23.6533422;-46.6456764;20260;20.26;2064;34.41;ok;
36;HOSPITAL MUNICIPAL DR BENEDITO MONTENEGRO;JARDIM IVA;-23.5875541;-46.5145716;34;HOSPITAL KATIA DE SOUZA RODRIGUES TAIPASSP SAO PAULO;PARADA DE TAIPAS;-23.4436996;-46.7177512;32900;32.9;2585;43.09;ok;
36;HOSPITAL MUNICIPAL DR BENEDITO MONTENEGRO;JARDIM IVA;-23.5875541;-46.5145716;35;HOSP MUN PROFESSOR DOUTOR ALIPIO CORREA NETTO;VILA PARANAGUA;-23.499644;-46.4729162;16390;16.39;1747;29.12;ok;
36;HOSPITAL MUNICIPAL DR BENEDITO MONTENEGRO;JARDIM IVA;-23.5875541;-46.5145716;36;HOSPITAL MUNICIPAL DR BENEDITO MONTENEGRO;JARDIM IVA;-23.5875541;-46.5145716;0;0.0;0;0.0;ok;
36;HOSPITAL MUNICIPAL DR BENEDITO MONTENEGRO;JARDIM IVA;-23.5875541;-46.5145716;37;HOSP MUN IGNACIO PROENCA DE GOUVEA;PARQUE DA MOOCA;-23.5717374;-46.590166;9570;9.57;900;15.01;ok;
36;HOSPITAL MUNICIPAL DR BENEDITO MONTENEGRO;JARDIM IVA;-23.5875541;-46.5145716;38;HOSPITAL INFANTIL CANDIDO FONTOURA SAO PAULO;AGUA RASA;-23.551918;-46.5852143;9280;9.28;1016;16.95;ok;
36;HOSPITAL MUNICIPAL DR BENEDITO MONTENEGRO;JARDIM IVA;-23.5875541;-46.5145716;40;HOSPITAL REGIONAL SUL SAO PAULO;SANTO AMARO;-23.6555597;-46.7058596;26770;26.77;2731;45.52;ok;
36;HOSPITAL MUNICIPAL DR BENEDITO MONTENEGRO;JARDIM IVA;-23.5875541;-46.5145716;42;HOSPITAL ESTADUAL DE SAPOPEMBA SAO PAULO;JARDIM SAPOPEMBA;-23.611336;-46.493671;5540;5.54;638;10.64;ok;
36;HOSPITAL MUNICIPAL DR BENEDITO MONTENEGRO;JARDIM IVA;-23.5875541;-46.5145716;43;HOSPITAL GERAL DE VILA PENTEADO DR JOSE PANGELLA SAO PAULO;JARDIM IRACEMA;-23.4934229;-46.7008274;26240;26.24;2047;34.13;ok;
36;HOSPITAL MUNICIPAL DR BENEDITO MONTENEGRO;JARDIM IVA;-23.5875541;-46.5145716;46;HOSP DO SERV PUB MUNICIPAL HSPM;LIBERDADE;-23.5673424;-46.639071;16140;16.14;1586;26.44;ok;
36;HOSPITAL MUNICIPAL DR BENEDITO MONTENEGRO;JARDIM IVA;-23.5875541;-46.5145716;47;HOSP MUN FERNANDO MAURO PIRES DA ROCHA;CAMPO LIMPO;-23.6490957;-46.7490028;30610;30.61;2945;49.09;ok;
36;HOSPITAL MUNICIPAL DR BENEDITO MONTENEGRO;JARDIM IVA;-23.5875541;-46.5145716;48;CENTRO HOSPITALAR DO SISTEMA PENITENCIARIO SAO PAULO;CARANDIRU;-23.5085713;-46.6201015;16630;16.63;1601;26.7;ok;
36;HOSPITAL MUNICIPAL DR BENEDITO MONTENEGRO;JARDIM IVA;-23.5875541;-46.5145716;49;HOSP MUN VER JOSE STOROPOLLI;PARQUE NOVO MUNDO;-23.522085;-46.5617446;12670;12.67;1236;20.61;ok;
36;HOSPITAL MUNICIPAL DR BENEDITO MONTENEGRO;JARDIM IVA;-23.5875541;-46.5145716;50;CENTRO MEDICO PMESP;TREMEMBE;-23.4690239;-46.6188727;21870;21.87;2175;36.26;ok;
36;HOSPITAL MUNICIPAL DR BENEDITO MONTENEGRO;JARDIM IVA;-23.5875541;-46.5145716;51;HOSP MUN CARMEN PRUDENTE;CIDADE TIRADENTES;-23.5833632;-46.4092773;13910;13.91;1385;23.08;ok;
36;HOSPITAL MUNICIPAL DR BENEDITO MONTENEGRO;JARDIM IVA;-23.5875541;-46.5145716;53;INSTITUTO DE REABILITACAO LUCY MONTORO;VILA ANDRADE;-23.6322694;-46.7351129;28430;28.43;2810;46.84;ok;
36;HOSPITAL MUNICIPAL DR BENEDITO MONTENEGRO;JARDIM IVA;-23.5875541;-46.5145716;55;INSTITUTO DO CANCER DO ESTADO DE SAO PAULO;CERQUEIRA CESAR;-23.5561305;-46.6681716;20860;20.86;2075;34.58;ok;
36;HOSPITAL MUNICIPAL DR BENEDITO MONTENEGRO;JARDIM IVA;-23.5875541;-46.5145716;56;HOSP MUN SOROCABANA;VILA ROMANA;-23.5238763;-46.7013591;25720;25.72;2159;35.98;ok;
36;HOSPITAL MUNICIPAL DR BENEDITO MONTENEGRO;JARDIM IVA;-23.5875541;-46.5145716;57;HOSP MUN GILSON DE CASSIA MARQUES DE CARVALHO;VILA MASCOTE;-23.6470652;-46.662824;20930;20.93;2167;36.13;ok;
36;HOSPITAL MUNICIPAL DR BENEDITO MONTENEGRO;JARDIM IVA;-23.5875541;-46.5145716;58;HOSP MUN CAPELA DO SOCORRO;JARDIM DAS IMBUIAS;-23.7296842;-46.7129995;34510;34.51;3316;55.27;ok;
36;HOSPITAL MUNICIPAL DR BENEDITO MONTENEGRO;JARDIM IVA;-23.5875541;-46.5145716;59;HOSP MUN JOSANIAS CASTANHA BRAGA;JARDIM ROSCHEL;-23.8247733;-46.7266429;46900;46.9;4119;68.65;ok;
36;HOSPITAL MUNICIPAL DR BENEDITO MONTENEGRO;JARDIM IVA;-23.5875541;-46.5145716;233;HOSP MUN SOROCABANA;ALTO DE PINHEIROS;-23.5375934;-46.7227993;30660;30.66;2478;41.31;ok;
37;HOSP MUN IGNACIO PROENCA DE GOUVEA;PARQUE DA MOOCA;-23.5717374;-46.590166;1;HOSPITAL MUNICIPAL SANTA DULCE DOS POBRES;CONSOLACAO;-23.5573928;-46.6562429;9850;9.85;1084;18.08;ok;
37;HOSP MUN IGNACIO PROENCA DE GOUVEA;PARQUE DA MOOCA;-23.5717374;-46.590166;2;HOSPITAL MUNICIPAL BRASILANDIA;JARDIM MARISTELA;-23.476544;-46.6980006;23570;23.57;1786;29.78;ok;
37;HOSP MUN IGNACIO PROENCA DE GOUVEA;PARQUE DA MOOCA;-23.5717374;-46.590166;3;HOSPITAL MUNICIPAL GUARAPIRANGA;RIVIERA PAULISTA;-23.6911689;-46.7517858;27090;27.09;2706;45.12;ok;
37;HOSP MUN IGNACIO PROENCA DE GOUVEA;PARQUE DA MOOCA;-23.5717374;-46.590166;4;INSTITUTO DE INFECTOLOGIA EMILIO RIBAS;SUMARE;-23.5470783;-46.6812257;12320;12.32;1357;22.62;ok;
37;HOSP MUN IGNACIO PROENCA DE GOUVEA;PARQUE DA MOOCA;-23.5717374;-46.590166;5;HOSPITAL DO SERV PUB EST FCO MORATO DE OLIVEIRA SAO PAULO;IBIRAPUERA;-23.5966175;-46.6539691;9770;9.77;1100;18.33;ok;
37;HOSP MUN IGNACIO PROENCA DE GOUVEA;PARQUE DA MOOCA;-23.5717374;-46.590166;6;HOSPITAL MATERNIDADE INTERLAGOS;JD LEBLON;-23.7069613;-46.7021968;22860;22.86;2363;39.39;ok;
37;HOSP MUN IGNACIO PROENCA DE GOUVEA;PARQUE DA MOOCA;-23.5717374;-46.590166;7;HOSPITAL GERAL DE PEDREIRA;VILA CAMPO GRANDE;-23.6808407;-46.6783317;19980;19.98;2093;34.9;ok;
37;HOSP MUN IGNACIO PROENCA DE GOUVEA;PARQUE DA MOOCA;-23.5717374;-46.590166;8;HOSPITAL HELIOPOLIS UNIDADE DE GESTAO ASSISTENCIAL I;V HELIOPOLIS;-23.607115;-46.595253;5470;5.47;545;9.09;ok;
37;HOSP MUN IGNACIO PROENCA DE GOUVEA;PARQUE DA MOOCA;-23.5717374;-46.590166;10;HOSPITAL INFANTIL DARCY VARGAS UGA III SAO PAULO;JARDIM GUEDALA;-23.5929419;-46.7109151;17700;17.7;1828;30.47;ok;
37;HOSP MUN IGNACIO PROENCA DE GOUVEA;PARQUE DA MOOCA;-23.5717374;-46.590166;11;HOSP MUN MATERNIDADE PROFESSOR MARIO DEGNI;VILA ANTONIO;-23.5777487;-46.764842;23350;23.35;2214;36.91;ok;
37;HOSP MUN IGNACIO PROENCA DE GOUVEA;PARQUE DA MOOCA;-23.5717374;-46.590166;12;HOSPITAL UNIVERSITARIO DA USP SAO PAULO;BUTANTA;-23.5649058;-46.7409515;30970;30.97;2148;35.81;ok;
37;HOSP MUN IGNACIO PROENCA DE GOUVEA;PARQUE DA MOOCA;-23.5717374;-46.590166;13;CAISM PHILIPPE PINEL SAO PAULO;PIRITUBA;-23.4869816;-46.7239346;23770;23.77;1813;30.22;ok;
37;HOSP MUN IGNACIO PROENCA DE GOUVEA;PARQUE DA MOOCA;-23.5717374;-46.590166;14;HOSPITAL GERAL HENRIQUE ALTIMEYER DE VILA ALPINA;VILA ALPINA;-23.5930526;-46.5607618;5090;5.09;503;8.4;ok;
37;HOSP MUN IGNACIO PROENCA DE GOUVEA;PARQUE DA MOOCA;-23.5717374;-46.590166;16;HOSPITAL GERAL DE SAO MATEUS SAO PAULO;SAO MATEUS;-23.5947358;-46.4867109;13520;13.52;1377;22.96;ok;
37;HOSP MUN IGNACIO PROENCA DE GOUVEA;PARQUE DA MOOCA;-23.5717374;-46.590166;17;UNIDADE DE GESTAO ASSISTENCIAL II HOSPITAL IPIRANGA SP;IPIRANGA;-23.584203;-46.6116295;3500;3.5;361;6.02;ok;
37;HOSP MUN IGNACIO PROENCA DE GOUVEA;PARQUE DA MOOCA;-23.5717374;-46.590166;18;CONJUNTO HOSPITALAR DO MANDAQUI SAO PAULO;SANTANA;-23.4849783;-46.6314355;13670;13.67;1483;24.73;ok;
37;HOSP MUN IGNACIO PROENCA DE GOUVEA;PARQUE DA MOOCA;-23.5717374;-46.590166;19;HOSPITAL GERAL SANTA MARCELINA DE ITAIM PAULISTA SAO PAULO;ITAIM PAULISTA;-23.4924231;-46.3889814;33170;33.17;2089;34.82;ok;
37;HOSP MUN IGNACIO PROENCA DE GOUVEA;PARQUE DA MOOCA;-23.5717374;-46.590166;20;HOSP MUN PROF DR WALDOMIRO DE PAULA;ITAQUERA;-23.5321357;-46.4472128;19530;19.53;1853;30.89;ok;
37;HOSP MUN IGNACIO PROENCA DE GOUVEA;PARQUE DA MOOCA;-23.5717374;-46.590166;21;HOSPITAL GERAL DO GRAJAU PROF LIBER JOHN ALPHONSE DI DIO SP;PARQUE DAS NACOES;-23.691152;-46.5848155;17250;17.25;1284;21.41;ok;
37;HOSP MUN IGNACIO PROENCA DE GOUVEA;PARQUE DA MOOCA;-23.5717374;-46.590166;22;HOSPITAL E MATERNIDADE LEONOR MENDES DE BARROS SAO PAULO;BELENZINHO;-23.5359031;-46.5887061;5970;5.97;604;10.07;ok;
37;HOSP MUN IGNACIO PROENCA DE GOUVEA;PARQUE DA MOOCA;-23.5717374;-46.590166;23;CENTRO DE REFERENCIA E TREINAMENTO DST AIDS SAO PAULO;VILA MARIANA;-23.5966194;-46.6358133;8050;8.05;914;15.25;ok;
37;HOSP MUN IGNACIO PROENCA DE GOUVEA;PARQUE DA MOOCA;-23.5717374;-46.590166;24;HOSPITAL MILITAR DE AREA DE SAO PAULO;CAMBUCI;-23.5696701;-46.6134492;4059;4.06;453;7.55;ok;
37;HOSP MUN IGNACIO PROENCA DE GOUVEA;PARQUE DA MOOCA;-23.5717374;-46.590166;25;CENTRO DE REFERENCIA DA SAUDE DA MULHER;CAMPOS ELISEOS;-23.5343002;-46.6437496;8670;8.67;902;15.04;ok;
37;HOSP MUN IGNACIO PROENCA DE GOUVEA;PARQUE DA MOOCA;-23.5717374;-46.590166;26;HOSP MUN INFANTIL MENINO JESUS;BELA VISTA;-23.56022;-46.6469982;8840;8.84;1008;16.81;ok;
37;HOSP MUN IGNACIO PROENCA DE GOUVEA;PARQUE DA MOOCA;-23.5717374;-46.590166;28;HOSP MUN MAT ESC DR MARIO DE MORAES A SILVA;VILA NOVA CACHOEIRIN;-23.4802096;-46.6709709;21680;21.68;1690;28.18;ok;
37;HOSP MUN IGNACIO PROENCA DE GOUVEA;PARQUE DA MOOCA;-23.5717374;-46.590166;29;HOSPITAL GERAL JESUS TEIXEIRA DA COSTA GUAIANASES SAO PAULO;JARDIM SAO PAULO;-23.5523813;-46.4053829;25480;25.48;2351;39.19;ok;
37;HOSP MUN IGNACIO PROENCA DE GOUVEA;PARQUE DA MOOCA;-23.5717374;-46.590166;30;HOSP MUN DR CARMINO CARICCHIO;TATUAPE;-23.5329502;-46.5664411;7090;7.09;734;12.25;ok;
37;HOSP MUN IGNACIO PROENCA DE GOUVEA;PARQUE DA MOOCA;-23.5717374;-46.590166;31;HOSP MUN TIDE SETUBAL;SAO MIGUEL PAULISTA;-23.4973179;-46.439865;26570;26.57;1775;29.59;ok;
37;HOSP MUN IGNACIO PROENCA DE GOUVEA;PARQUE DA MOOCA;-23.5717374;-46.590166;32;HOSP MUN V NHOCUNE ALEXANDRE ZAIO;VILA NHOCUNE;-23.5424212;-46.5015398;13940;13.94;1331;22.2;ok;
37;HOSP MUN IGNACIO PROENCA DE GOUVEA;PARQUE DA MOOCA;-23.5717374;-46.590166;33;HOSP MUN JABAQUARA ARTUR RIBEIRO DE SABOYA;JABAQUARA;-23.6533422;-46.6456764;13700;13.7;1381;23.03;ok;
37;HOSP MUN IGNACIO PROENCA DE GOUVEA;PARQUE DA MOOCA;-23.5717374;-46.590166;34;HOSPITAL KATIA DE SOUZA RODRIGUES TAIPASSP SAO PAULO;PARADA DE TAIPAS;-23.4436996;-46.7177512;28030;28.03;2079;34.66;ok;
37;HOSP MUN IGNACIO PROENCA DE GOUVEA;PARQUE DA MOOCA;-23.5717374;-46.590166;35;HOSP MUN PROFESSOR DOUTOR ALIPIO CORREA NETTO;VILA PARANAGUA;-23.499644;-46.4729162;19110;19.11;1822;30.38;ok;
37;HOSP MUN IGNACIO PROENCA DE GOUVEA;PARQUE DA MOOCA;-23.5717374;-46.590166;36;HOSPITAL MUNICIPAL DR BENEDITO MONTENEGRO;JARDIM IVA;-23.5875541;-46.5145716;10090;10.09;1001;16.7;ok;
37;HOSP MUN IGNACIO PROENCA DE GOUVEA;PARQUE DA MOOCA;-23.5717374;-46.590166;37;HOSP MUN IGNACIO PROENCA DE GOUVEA;PARQUE DA MOOCA;-23.5717374;-46.590166;0;0.0;0;0.0;ok;
37;HOSP MUN IGNACIO PROENCA DE GOUVEA;PARQUE DA MOOCA;-23.5717374;-46.590166;38;HOSPITAL INFANTIL CANDIDO FONTOURA SAO PAULO;AGUA RASA;-23.551918;-46.5852143;4280;4.28;376;6.28;ok;
37;HOSP MUN IGNACIO PROENCA DE GOUVEA;PARQUE DA MOOCA;-23.5717374;-46.590166;40;HOSPITAL REGIONAL SUL SAO PAULO;SANTO AMARO;-23.6555597;-46.7058596;18900;18.9;2046;34.1;ok;
37;HOSP MUN IGNACIO PROENCA DE GOUVEA;PARQUE DA MOOCA;-23.5717374;-46.590166;42;HOSPITAL ESTADUAL DE SAPOPEMBA SAO PAULO;JARDIM SAPOPEMBA;-23.611336;-46.493671;13300;13.3;1290;21.5;ok;
37;HOSP MUN IGNACIO PROENCA DE GOUVEA;PARQUE DA MOOCA;-23.5717374;-46.590166;43;HOSPITAL GERAL DE VILA PENTEADO DR JOSE PANGELLA SAO PAULO;JARDIM IRACEMA;-23.4934229;-46.7008274;21380;21.38;1542;25.7;ok;
37;HOSP MUN IGNACIO PROENCA DE GOUVEA;PARQUE DA MOOCA;-23.5717374;-46.590166;46;HOSP DO SERV PUB MUNICIPAL HSPM;LIBERDADE;-23.5673424;-46.639071;7740;7.74;833;13.89;ok;
37;HOSP MUN IGNACIO PROENCA DE GOUVEA;PARQUE DA MOOCA;-23.5717374;-46.590166;47;HOSP MUN FERNANDO MAURO PIRES DA ROCHA;CAMPO LIMPO;-23.6490957;-46.7490028;23150;23.15;2253;37.57;ok;
37;HOSP MUN IGNACIO PROENCA DE GOUVEA;PARQUE DA MOOCA;-23.5717374;-46.590166;48;CENTRO HOSPITALAR DO SISTEMA PENITENCIARIO SAO PAULO;CARANDIRU;-23.5085713;-46.6201015;9990;9.99;1063;17.72;ok;
37;HOSP MUN IGNACIO PROENCA DE GOUVEA;PARQUE DA MOOCA;-23.5717374;-46.590166;49;HOSP MUN VER JOSE STOROPOLLI;PARQUE NOVO MUNDO;-23.522085;-46.5617446;10840;10.84;1031;17.19;ok;
37;HOSP MUN IGNACIO PROENCA DE GOUVEA;PARQUE DA MOOCA;-23.5717374;-46.590166;50;CENTRO MEDICO PMESP;TREMEMBE;-23.4690239;-46.6188727;15230;15.23;1636;27.28;ok;
37;HOSP MUN IGNACIO PROENCA DE GOUVEA;PARQUE DA MOOCA;-23.5717374;-46.590166;51;HOSP MUN CARMEN PRUDENTE;CIDADE TIRADENTES;-23.5833632;-46.4092773;24690;24.69;2295;38.26;ok;
37;HOSP MUN IGNACIO PROENCA DE GOUVEA;PARQUE DA MOOCA;-23.5717374;-46.590166;53;INSTITUTO DE REABILITACAO LUCY MONTORO;VILA ANDRADE;-23.6322694;-46.7351129;20970;20.97;2118;35.32;ok;
37;HOSP MUN IGNACIO PROENCA DE GOUVEA;PARQUE DA MOOCA;-23.5717374;-46.590166;55;INSTITUTO DO CANCER DO ESTADO DE SAO PAULO;CERQUEIRA CESAR;-23.5561305;-46.6681716;12040;12.04;1341;22.36;ok;
37;HOSP MUN IGNACIO PROENCA DE GOUVEA;PARQUE DA MOOCA;-23.5717374;-46.590166;56;HOSP MUN SOROCABANA;VILA ROMANA;-23.5238763;-46.7013591;15330;15.33;1621;27.03;ok;
37;HOSP MUN IGNACIO PROENCA DE GOUVEA;PARQUE DA MOOCA;-23.5717374;-46.590166;57;HOSP MUN GILSON DE CASSIA MARQUES DE CARVALHO;VILA MASCOTE;-23.6470652;-46.662824;14370;14.37;1484;24.74;ok;
37;HOSP MUN IGNACIO PROENCA DE GOUVEA;PARQUE DA MOOCA;-23.5717374;-46.590166;58;HOSP MUN CAPELA DO SOCORRO;JARDIM DAS IMBUIAS;-23.7296842;-46.7129995;26320;26.32;2782;46.38;ok;
37;HOSP MUN IGNACIO PROENCA DE GOUVEA;PARQUE DA MOOCA;-23.5717374;-46.590166;59;HOSP MUN JOSANIAS CASTANHA BRAGA;JARDIM ROSCHEL;-23.8247733;-46.7266429;39380;39.38;3652;60.87;ok;
37;HOSP MUN IGNACIO PROENCA DE GOUVEA;PARQUE DA MOOCA;-23.5717374;-46.590166;233;HOSP MUN SOROCABANA;ALTO DE PINHEIROS;-23.5375934;-46.7227993;25800;25.8;1972;32.88;ok;
38;HOSPITAL INFANTIL CANDIDO FONTOURA SAO PAULO;AGUA RASA;-23.551918;-46.5852143;1;HOSPITAL MUNICIPAL SANTA DULCE DOS POBRES;CONSOLACAO;-23.5573928;-46.6562429;9500;9.5;1095;18.26;ok;
38;HOSPITAL INFANTIL CANDIDO FONTOURA SAO PAULO;AGUA RASA;-23.551918;-46.5852143;2;HOSPITAL MUNICIPAL BRASILANDIA;JARDIM MARISTELA;-23.476544;-46.6980006;21320;21.32;1605;26.76;ok;
38;HOSPITAL INFANTIL CANDIDO FONTOURA SAO PAULO;AGUA RASA;-23.551918;-46.5852143;3;HOSPITAL MUNICIPAL GUARAPIRANGA;RIVIERA PAULISTA;-23.6911689;-46.7517858;29880;29.88;2729;45.49;ok;
38;HOSPITAL INFANTIL CANDIDO FONTOURA SAO PAULO;AGUA RASA;-23.551918;-46.5852143;4;INSTITUTO DE INFECTOLOGIA EMILIO RIBAS;SUMARE;-23.5470783;-46.6812257;12330;12.33;1327;22.13;ok;
38;HOSPITAL INFANTIL CANDIDO FONTOURA SAO PAULO;AGUA RASA;-23.551918;-46.5852143;5;HOSPITAL DO SERV PUB EST FCO MORATO DE OLIVEIRA SAO PAULO;IBIRAPUERA;-23.5966175;-46.6539691;12230;12.23;1229;20.48;ok;
38;HOSPITAL INFANTIL CANDIDO FONTOURA SAO PAULO;AGUA RASA;-23.551918;-46.5852143;6;HOSPITAL MATERNIDADE INTERLAGOS;JD LEBLON;-23.7069613;-46.7021968;27460;27.46;2672;44.54;ok;
38;HOSPITAL INFANTIL CANDIDO FONTOURA SAO PAULO;AGUA RASA;-23.551918;-46.5852143;7;HOSPITAL GERAL DE PEDREIRA;VILA CAMPO GRANDE;-23.6808407;-46.6783317;23970;23.97;2405;40.09;ok;
38;HOSPITAL INFANTIL CANDIDO FONTOURA SAO PAULO;AGUA RASA;-23.551918;-46.5852143;8;HOSPITAL HELIOPOLIS UNIDADE DE GESTAO ASSISTENCIAL I;V HELIOPOLIS;-23.607115;-46.595253;8280;8.28;881;14.69;ok;
38;HOSPITAL INFANTIL CANDIDO FONTOURA SAO PAULO;AGUA RASA;-23.551918;-46.5852143;10;HOSPITAL INFANTIL DARCY VARGAS UGA III SAO PAULO;JARDIM GUEDALA;-23.5929419;-46.7109151;17710;17.71;1798;29.98;ok;
38;HOSPITAL INFANTIL CANDIDO FONTOURA SAO PAULO;AGUA RASA;-23.551918;-46.5852143;11;HOSP MUN MATERNIDADE PROFESSOR MARIO DEGNI;VILA ANTONIO;-23.5777487;-46.764842;30640;30.64;2067;34.46;ok;
38;HOSPITAL INFANTIL CANDIDO FONTOURA SAO PAULO;AGUA RASA;-23.551918;-46.5852143;12;HOSPITAL UNIVERSITARIO DA USP SAO PAULO;BUTANTA;-23.5649058;-46.7409515;28710;28.71;1967;32.79;ok;
38;HOSPITAL INFANTIL CANDIDO FONTOURA SAO PAULO;AGUA RASA;-23.551918;-46.5852143;13;CAISM PHILIPPE PINEL SAO PAULO;PIRITUBA;-23.4869816;-46.7239346;21510;21.51;1632;27.2;ok;
38;HOSPITAL INFANTIL CANDIDO FONTOURA SAO PAULO;AGUA RASA;-23.551918;-46.5852143;14;HOSPITAL GERAL HENRIQUE ALTIMEYER DE VILA ALPINA;VILA ALPINA;-23.5930526;-46.5607618;6630;6.63;628;10.47;ok;
38;HOSPITAL INFANTIL CANDIDO FONTOURA SAO PAULO;AGUA RASA;-23.551918;-46.5852143;16;HOSPITAL GERAL DE SAO MATEUS SAO PAULO;SAO MATEUS;-23.5947358;-46.4867109;12590;12.59;1270;21.17;ok;
38;HOSPITAL INFANTIL CANDIDO FONTOURA SAO PAULO;AGUA RASA;-23.551918;-46.5852143;17;UNIDADE DE GESTAO ASSISTENCIAL II HOSPITAL IPIRANGA SP;IPIRANGA;-23.584203;-46.6116295;6300;6.3;697;11.62;ok;
38;HOSPITAL INFANTIL CANDIDO FONTOURA SAO PAULO;AGUA RASA;-23.551918;-46.5852143;18;CONJUNTO HOSPITALAR DO MANDAQUI SAO PAULO;SANTANA;-23.4849783;-46.6314355;13190;13.19;1335;22.27;ok;
38;HOSPITAL INFANTIL CANDIDO FONTOURA SAO PAULO;AGUA RASA;-23.551918;-46.5852143;19;HOSPITAL GERAL SANTA MARCELINA DE ITAIM PAULISTA SAO PAULO;ITAIM PAULISTA;-23.4924231;-46.3889814;30910;30.91;1908;31.8;ok;
38;HOSPITAL INFANTIL CANDIDO FONTOURA SAO PAULO;AGUA RASA;-23.551918;-46.5852143;20;HOSP MUN PROF DR WALDOMIRO DE PAULA;ITAQUERA;-23.5321357;-46.4472128;17130;17.13;1674;27.91;ok;
38;HOSPITAL INFANTIL CANDIDO FONTOURA SAO PAULO;AGUA RASA;-23.551918;-46.5852143;21;HOSPITAL GERAL DO GRAJAU PROF LIBER JOHN ALPHONSE DI DIO SP;PARQUE DAS NACOES;-23.691152;-46.5848155;20060;20.06;1620;27.01;ok;
38;HOSPITAL INFANTIL CANDIDO FONTOURA SAO PAULO;AGUA RASA;-23.551918;-46.5852143;22;HOSPITAL E MATERNIDADE LEONOR MENDES DE BARROS SAO PAULO;BELENZINHO;-23.5359031;-46.5887061;3030;3.03;407;6.79;ok;
38;HOSPITAL INFANTIL CANDIDO FONTOURA SAO PAULO;AGUA RASA;-23.551918;-46.5852143;23;CENTRO DE REFERENCIA E TREINAMENTO DST AIDS SAO PAULO;VILA MARIANA;-23.5966194;-46.6358133;10850;10.85;1250;20.84;ok;
38;HOSPITAL INFANTIL CANDIDO FONTOURA SAO PAULO;AGUA RASA;-23.551918;-46.5852143;24;HOSPITAL MILITAR DE AREA DE SAO PAULO;CAMBUCI;-23.5696701;-46.6134492;5530;5.53;687;11.46;ok;
38;HOSPITAL INFANTIL CANDIDO FONTOURA SAO PAULO;AGUA RASA;-23.551918;-46.5852143;25;CENTRO DE REFERENCIA DA SAUDE DA MULHER;CAMPOS ELISEOS;-23.5343002;-46.6437496;8610;8.61;932;15.54;ok;
38;HOSPITAL INFANTIL CANDIDO FONTOURA SAO PAULO;AGUA RASA;-23.551918;-46.5852143;26;HOSP MUN INFANTIL MENINO JESUS;BELA VISTA;-23.56022;-46.6469982;8740;8.74;996;16.61;ok;
38;HOSPITAL INFANTIL CANDIDO FONTOURA SAO PAULO;AGUA RASA;-23.551918;-46.5852143;28;HOSP MUN MAT ESC DR MARIO DE MORAES A SILVA;VILA NOVA CACHOEIRIN;-23.4802096;-46.6709709;19430;19.43;1509;25.16;ok;
38;HOSPITAL INFANTIL CANDIDO FONTOURA SAO PAULO;AGUA RASA;-23.551918;-46.5852143;29;HOSPITAL GERAL JESUS TEIXEIRA DA COSTA GUAIANASES SAO PAULO;JARDIM SAO PAULO;-23.5523813;-46.4053829;23470;23.47;2183;36.38;ok;
38;HOSPITAL INFANTIL CANDIDO FONTOURA SAO PAULO;AGUA RASA;-23.551918;-46.5852143;30;HOSP MUN DR CARMINO CARICCHIO;TATUAPE;-23.5329502;-46.5664411;4830;4.83;547;9.13;ok;
38;HOSPITAL INFANTIL CANDIDO FONTOURA SAO PAULO;AGUA RASA;-23.551918;-46.5852143;31;HOSP MUN TIDE SETUBAL;SAO MIGUEL PAULISTA;-23.4973179;-46.439865;24320;24.32;1594;26.57;ok;
38;HOSPITAL INFANTIL CANDIDO FONTOURA SAO PAULO;AGUA RASA;-23.551918;-46.5852143;32;HOSP MUN V NHOCUNE ALEXANDRE ZAIO;VILA NHOCUNE;-23.5424212;-46.5015398;11540;11.54;1153;19.22;ok;
38;HOSPITAL INFANTIL CANDIDO FONTOURA SAO PAULO;AGUA RASA;-23.551918;-46.5852143;33;HOSP MUN JABAQUARA ARTUR RIBEIRO DE SABOYA;JABAQUARA;-23.6533422;-46.6456764;16510;16.51;1717;28.62;ok;
38;HOSPITAL INFANTIL CANDIDO FONTOURA SAO PAULO;AGUA RASA;-23.551918;-46.5852143;34;HOSPITAL KATIA DE SOUZA RODRIGUES TAIPASSP SAO PAULO;PARADA DE TAIPAS;-23.4436996;-46.7177512;25780;25.78;1898;31.64;ok;
38;HOSPITAL INFANTIL CANDIDO FONTOURA SAO PAULO;AGUA RASA;-23.551918;-46.5852143;35;HOSP MUN PROFESSOR DOUTOR ALIPIO CORREA NETTO;VILA PARANAGUA;-23.499644;-46.4729162;16860;16.86;1641;27.36;ok;
38;HOSPITAL INFANTIL CANDIDO FONTOURA SAO PAULO;AGUA RASA;-23.551918;-46.5852143;36;HOSPITAL MUNICIPAL DR BENEDITO MONTENEGRO;JARDIM IVA;-23.5875541;-46.5145716;9150;9.15;1000;16.67;ok;
38;HOSPITAL INFANTIL CANDIDO FONTOURA SAO PAULO;AGUA RASA;-23.551918;-46.5852143;37;HOSP MUN IGNACIO PROENCA DE GOUVEA;PARQUE DA MOOCA;-23.5717374;-46.590166;3240;3.24;342;5.7;ok;
38;HOSPITAL INFANTIL CANDIDO FONTOURA SAO PAULO;AGUA RASA;-23.551918;-46.5852143;38;HOSPITAL INFANTIL CANDIDO FONTOURA SAO PAULO;AGUA RASA;-23.551918;-46.5852143;0;0.0;0;0.0;ok;
38;HOSPITAL INFANTIL CANDIDO FONTOURA SAO PAULO;AGUA RASA;-23.551918;-46.5852143;40;HOSPITAL REGIONAL SUL SAO PAULO;SANTO AMARO;-23.6555597;-46.7058596;21350;21.35;2175;36.25;ok;
38;HOSPITAL INFANTIL CANDIDO FONTOURA SAO PAULO;AGUA RASA;-23.551918;-46.5852143;42;HOSPITAL ESTADUAL DE SAPOPEMBA SAO PAULO;JARDIM SAPOPEMBA;-23.611336;-46.493671;14380;14.38;1332;22.21;ok;
38;HOSPITAL INFANTIL CANDIDO FONTOURA SAO PAULO;AGUA RASA;-23.551918;-46.5852143;43;HOSPITAL GERAL DE VILA PENTEADO DR JOSE PANGELLA SAO PAULO;JARDIM IRACEMA;-23.4934229;-46.7008274;19120;19.12;1361;22.68;ok;
38;HOSPITAL INFANTIL CANDIDO FONTOURA SAO PAULO;AGUA RASA;-23.551918;-46.5852143;46;HOSP DO SERV PUB MUNICIPAL HSPM;LIBERDADE;-23.5673424;-46.639071;7320;7.32;823;13.72;ok;
38;HOSPITAL INFANTIL CANDIDO FONTOURA SAO PAULO;AGUA RASA;-23.551918;-46.5852143;47;HOSP MUN FERNANDO MAURO PIRES DA ROCHA;CAMPO LIMPO;-23.6490957;-46.7490028;24860;24.86;2274;37.91;ok;
38;HOSPITAL INFANTIL CANDIDO FONTOURA SAO PAULO;AGUA RASA;-23.551918;-46.5852143;48;CENTRO HOSPITALAR DO SISTEMA PENITENCIARIO SAO PAULO;CARANDIRU;-23.5085713;-46.6201015;9510;9.51;915;15.25;ok;
38;HOSPITAL INFANTIL CANDIDO FONTOURA SAO PAULO;AGUA RASA;-23.551918;-46.5852143;49;HOSP MUN VER JOSE STOROPOLLI;PARQUE NOVO MUNDO;-23.522085;-46.5617446;8580;8.58;850;14.18;ok;
38;HOSPITAL INFANTIL CANDIDO FONTOURA SAO PAULO;AGUA RASA;-23.551918;-46.5852143;50;CENTRO MEDICO PMESP;TREMEMBE;-23.4690239;-46.6188727;14750;14.75;1489;24.82;ok;
38;HOSPITAL INFANTIL CANDIDO FONTOURA SAO PAULO;AGUA RASA;-23.551918;-46.5852143;51;HOSP MUN CARMEN PRUDENTE;CIDADE TIRADENTES;-23.5833632;-46.4092773;22670;22.67;2170;36.18;ok;
38;HOSPITAL INFANTIL CANDIDO FONTOURA SAO PAULO;AGUA RASA;-23.551918;-46.5852143;53;INSTITUTO DE REABILITACAO LUCY MONTORO;VILA ANDRADE;-23.6322694;-46.7351129;22680;22.68;2139;35.66;ok;
38;HOSPITAL INFANTIL CANDIDO FONTOURA SAO PAULO;AGUA RASA;-23.551918;-46.5852143;55;INSTITUTO DO CANCER DO ESTADO DE SAO PAULO;CERQUEIRA CESAR;-23.5561305;-46.6681716;12040;12.04;1311;21.87;ok;
38;HOSPITAL INFANTIL CANDIDO FONTOURA SAO PAULO;AGUA RASA;-23.551918;-46.5852143;56;HOSP MUN SOROCABANA;VILA ROMANA;-23.5238763;-46.7013591;18600;18.6;1472;24.54;ok;
38;HOSPITAL INFANTIL CANDIDO FONTOURA SAO PAULO;AGUA RASA;-23.551918;-46.5852143;57;HOSP MUN GILSON DE CASSIA MARQUES DE CARVALHO;VILA MASCOTE;-23.6470652;-46.662824;17180;17.18;1820;30.34;ok;
38;HOSPITAL INFANTIL CANDIDO FONTOURA SAO PAULO;AGUA RASA;-23.551918;-46.5852143;58;HOSP MUN CAPELA DO SOCORRO;JARDIM DAS IMBUIAS;-23.7296842;-46.7129995;30910;30.91;3091;51.52;ok;
38;HOSPITAL INFANTIL CANDIDO FONTOURA SAO PAULO;AGUA RASA;-23.551918;-46.5852143;59;HOSP MUN JOSANIAS CASTANHA BRAGA;JARDIM ROSCHEL;-23.8247733;-46.7266429;43980;43.98;3960;66.01;ok;
38;HOSPITAL INFANTIL CANDIDO FONTOURA SAO PAULO;AGUA RASA;-23.551918;-46.5852143;233;HOSP MUN SOROCABANA;ALTO DE PINHEIROS;-23.5375934;-46.7227993;23540;23.54;1791;29.86;ok;
40;HOSPITAL REGIONAL SUL SAO PAULO;SANTO AMARO;-23.6555597;-46.7058596;1;HOSPITAL MUNICIPAL SANTA DULCE DOS POBRES;CONSOLACAO;-23.5573928;-46.6562429;16340;16.34;1414;23.58;ok;
40;HOSPITAL REGIONAL SUL SAO PAULO;SANTO AMARO;-23.6555597;-46.7058596;2;HOSPITAL MUNICIPAL BRASILANDIA;JARDIM MARISTELA;-23.476544;-46.6980006;30760;30.76;2016;33.61;ok;
40;HOSPITAL REGIONAL SUL SAO PAULO;SANTO AMARO;-23.6555597;-46.7058596;3;HOSPITAL MUNICIPAL GUARAPIRANGA;RIVIERA PAULISTA;-23.6911689;-46.7517858;8590;8.59;914;15.24;ok;
40;HOSPITAL REGIONAL SUL SAO PAULO;SANTO AMARO;-23.6555597;-46.7058596;4;INSTITUTO DE INFECTOLOGIA EMILIO RIBAS;SUMARE;-23.5470783;-46.6812257;18450;18.45;1483;24.72;ok;
40;HOSPITAL REGIONAL SUL SAO PAULO;SANTO AMARO;-23.6555597;-46.7058596;5;HOSPITAL DO SERV PUB EST FCO MORATO DE OLIVEIRA SAO PAULO;IBIRAPUERA;-23.5966175;-46.6539691;9250;9.25;976;16.27;ok;
40;HOSPITAL REGIONAL SUL SAO PAULO;SANTO AMARO;-23.6555597;-46.7058596;6;HOSPITAL MATERNIDADE INTERLAGOS;JD LEBLON;-23.7069613;-46.7021968;7320;7.32;908;15.14;ok;
40;HOSPITAL REGIONAL SUL SAO PAULO;SANTO AMARO;-23.6555597;-46.7058596;7;HOSPITAL GERAL DE PEDREIRA;VILA CAMPO GRANDE;-23.6808407;-46.6783317;5120;5.12;707;11.79;ok;
40;HOSPITAL REGIONAL SUL SAO PAULO;SANTO AMARO;-23.6555597;-46.7058596;8;HOSPITAL HELIOPOLIS UNIDADE DE GESTAO ASSISTENCIAL I;V HELIOPOLIS;-23.607115;-46.595253;17330;17.33;1734;28.9;ok;
40;HOSPITAL REGIONAL SUL SAO PAULO;SANTO AMARO;-23.6555597;-46.7058596;10;HOSPITAL INFANTIL DARCY VARGAS UGA III SAO PAULO;JARDIM GUEDALA;-23.5929419;-46.7109151;10670;10.67;1239;20.66;ok;
40;HOSPITAL REGIONAL SUL SAO PAULO;SANTO AMARO;-23.6555597;-46.7058596;11;HOSP MUN MATERNIDADE PROFESSOR MARIO DEGNI;VILA ANTONIO;-23.5777487;-46.764842;22340;22.34;1591;26.53;ok;
40;HOSPITAL REGIONAL SUL SAO PAULO;SANTO AMARO;-23.6555597;-46.7058596;12;HOSPITAL UNIVERSITARIO DA USP SAO PAULO;BUTANTA;-23.5649058;-46.7409515;20370;20.37;1682;28.05;ok;
40;HOSPITAL REGIONAL SUL SAO PAULO;SANTO AMARO;-23.6555597;-46.7058596;13;CAISM PHILIPPE PINEL SAO PAULO;PIRITUBA;-23.4869816;-46.7239346;30950;30.95;2043;34.05;ok;
40;HOSPITAL REGIONAL SUL SAO PAULO;SANTO AMARO;-23.6555597;-46.7058596;14;HOSPITAL GERAL HENRIQUE ALTIMEYER DE VILA ALPINA;VILA ALPINA;-23.5930526;-46.5607618;20610;20.61;2180;36.34;ok;
40;HOSPITAL REGIONAL SUL SAO PAULO;SANTO AMARO;-23.6555597;-46.7058596;16;HOSPITAL GERAL DE SAO MATEUS SAO PAULO;SAO MATEUS;-23.5947358;-46.4867109;29810;29.81;3101;51.68;ok;
40;HOSPITAL REGIONAL SUL SAO PAULO;SANTO AMARO;-23.6555597;-46.7058596;17;UNIDADE DE GESTAO ASSISTENCIAL II HOSPITAL IPIRANGA SP;IPIRANGA;-23.584203;-46.6116295;15230;15.23;1642;27.38;ok;
40;HOSPITAL REGIONAL SUL SAO PAULO;SANTO AMARO;-23.6555597;-46.7058596;18;CONJUNTO HOSPITALAR DO MANDAQUI SAO PAULO;SANTANA;-23.4849783;-46.6314355;38060;38.06;2457;40.96;ok;
40;HOSPITAL REGIONAL SUL SAO PAULO;SANTO AMARO;-23.6555597;-46.7058596;19;HOSPITAL GERAL SANTA MARCELINA DE ITAIM PAULISTA SAO PAULO;ITAIM PAULISTA;-23.4924231;-46.3889814;66060;66.06;3526;58.77;ok;
40;HOSPITAL REGIONAL SUL SAO PAULO;SANTO AMARO;-23.6555597;-46.7058596;20;HOSP MUN PROF DR WALDOMIRO DE PAULA;ITAQUERA;-23.5321357;-46.4472128;63290;63.29;3468;57.81;ok;
40;HOSPITAL REGIONAL SUL SAO PAULO;SANTO AMARO;-23.6555597;-46.7058596;21;HOSPITAL GERAL DO GRAJAU PROF LIBER JOHN ALPHONSE DI DIO SP;PARQUE DAS NACOES;-23.691152;-46.5848155;16640;16.64;1767;29.46;ok;
40;HOSPITAL REGIONAL SUL SAO PAULO;SANTO AMARO;-23.6555597;-46.7058596;22;HOSPITAL E MATERNIDADE LEONOR MENDES DE BARROS SAO PAULO;BELENZINHO;-23.5359031;-46.5887061;21590;21.59;2202;36.72;ok;
40;HOSPITAL REGIONAL SUL SAO PAULO;SANTO AMARO;-23.6555597;-46.7058596;23;CENTRO DE REFERENCIA E TREINAMENTO DST AIDS SAO PAULO;VILA MARIANA;-23.5966194;-46.6358133;11100;11.1;1180;19.68;ok;
40;HOSPITAL REGIONAL SUL SAO PAULO;SANTO AMARO;-23.6555597;-46.7058596;24;HOSPITAL MILITAR DE AREA DE SAO PAULO;CAMBUCI;-23.5696701;-46.6134492;15620;15.62;1698;28.3;ok;
40;HOSPITAL REGIONAL SUL SAO PAULO;SANTO AMARO;-23.6555597;-46.7058596;25;CENTRO DE REFERENCIA DA SAUDE DA MULHER;CAMPOS ELISEOS;-23.5343002;-46.6437496;20800;20.8;1789;29.83;ok;
40;HOSPITAL REGIONAL SUL SAO PAULO;SANTO AMARO;-23.6555597;-46.7058596;26;HOSP MUN INFANTIL MENINO JESUS;BELA VISTA;-23.56022;-46.6469982;13670;13.67;1514;25.24;ok;
40;HOSPITAL REGIONAL SUL SAO PAULO;SANTO AMARO;-23.6555597;-46.7058596;28;HOSP MUN MAT ESC DR MARIO DE MORAES A SILVA;VILA NOVA CACHOEIRIN;-23.4802096;-46.6709709;32140;32.14;2116;35.27;ok;
40;HOSPITAL REGIONAL SUL SAO PAULO;SANTO AMARO;-23.6555597;-46.7058596;29;HOSPITAL GERAL JESUS TEIXEIRA DA COSTA GUAIANASES SAO PAULO;JARDIM SAO PAULO;-23.5523813;-46.4053829;71240;71.24;4047;67.45;ok;
40;HOSPITAL REGIONAL SUL SAO PAULO;SANTO AMARO;-23.6555597;-46.7058596;30;HOSP MUN DR CARMINO CARICCHIO;TATUAPE;-23.5329502;-46.5664411;41250;41.25;2405;40.1;ok;
40;HOSPITAL REGIONAL SUL SAO PAULO;SANTO AMARO;-23.6555597;-46.7058596;31;HOSP MUN TIDE SETUBAL;SAO MIGUEL PAULISTA;-23.4973179;-46.439865;59470;59.47;3212;53.54;ok;
40;HOSPITAL REGIONAL SUL SAO PAULO;SANTO AMARO;-23.6555597;-46.7058596;32;HOSP MUN V NHOCUNE ALEXANDRE ZAIO;VILA NHOCUNE;-23.5424212;-46.5015398;30220;30.22;3011;50.2;ok;
40;HOSPITAL REGIONAL SUL SAO PAULO;SANTO AMARO;-23.6555597;-46.7058596;33;HOSP MUN JABAQUARA ARTUR RIBEIRO DE SABOYA;JABAQUARA;-23.6533422;-46.6456764;8960;8.96;985;16.43;ok;
40;HOSPITAL REGIONAL SUL SAO PAULO;SANTO AMARO;-23.6555597;-46.7058596;34;HOSPITAL KATIA DE SOUZA RODRIGUES TAIPASSP SAO PAULO;PARADA DE TAIPAS;-23.4436996;-46.7177512;35220;35.22;2309;38.49;ok;
40;HOSPITAL REGIONAL SUL SAO PAULO;SANTO AMARO;-23.6555597;-46.7058596;35;HOSP MUN PROFESSOR DOUTOR ALIPIO CORREA NETTO;VILA PARANAGUA;-23.499644;-46.4729162;52010;52.01;3259;54.33;ok;
40;HOSPITAL REGIONAL SUL SAO PAULO;SANTO AMARO;-23.6555597;-46.7058596;36;HOSPITAL MUNICIPAL DR BENEDITO MONTENEGRO;JARDIM IVA;-23.5875541;-46.5145716;26380;26.38;2725;45.42;ok;
40;HOSPITAL REGIONAL SUL SAO PAULO;SANTO AMARO;-23.6555597;-46.7058596;37;HOSP MUN IGNACIO PROENCA DE GOUVEA;PARQUE DA MOOCA;-23.5717374;-46.590166;19080;19.08;1991;33.2;ok;
40;HOSPITAL REGIONAL SUL SAO PAULO;SANTO AMARO;-23.6555597;-46.7058596;38;HOSPITAL INFANTIL CANDIDO FONTOURA SAO PAULO;AGUA RASA;-23.551918;-46.5852143;20580;20.58;2093;34.9;ok;
40;HOSPITAL REGIONAL SUL SAO PAULO;SANTO AMARO;-23.6555597;-46.7058596;40;HOSPITAL REGIONAL SUL SAO PAULO;SANTO AMARO;-23.6555597;-46.7058596;0;0.0;0;0.0;ok;
40;HOSPITAL REGIONAL SUL SAO PAULO;SANTO AMARO;-23.6555597;-46.7058596;42;HOSPITAL ESTADUAL DE SAPOPEMBA SAO PAULO;JARDIM SAPOPEMBA;-23.611336;-46.493671;28640;28.64;2888;48.14;ok;
40;HOSPITAL REGIONAL SUL SAO PAULO;SANTO AMARO;-23.6555597;-46.7058596;43;HOSPITAL GERAL DE VILA PENTEADO DR JOSE PANGELLA SAO PAULO;JARDIM IRACEMA;-23.4934229;-46.7008274;28560;28.56;1772;29.53;ok;
40;HOSPITAL REGIONAL SUL SAO PAULO;SANTO AMARO;-23.6555597;-46.7058596;46;HOSP DO SERV PUB MUNICIPAL HSPM;LIBERDADE;-23.5673424;-46.639071;14410;14.41;1561;26.03;ok;
40;HOSPITAL REGIONAL SUL SAO PAULO;SANTO AMARO;-23.6555597;-46.7058596;47;HOSP MUN FERNANDO MAURO PIRES DA ROCHA;CAMPO LIMPO;-23.6490957;-46.7490028;6880;6.88;745;12.42;ok;
40;HOSPITAL REGIONAL SUL SAO PAULO;SANTO AMARO;-23.6555597;-46.7058596;48;CENTRO HOSPITALAR DO SISTEMA PENITENCIARIO SAO PAULO;CARANDIRU;-23.5085713;-46.6201015;20950;20.95;2188;36.48;ok;
40;HOSPITAL REGIONAL SUL SAO PAULO;SANTO AMARO;-23.6555597;-46.7058596;49;HOSP MUN VER JOSE STOROPOLLI;PARQUE NOVO MUNDO;-23.522085;-46.5617446;43730;43.73;2468;41.14;ok;
40;HOSPITAL REGIONAL SUL SAO PAULO;SANTO AMARO;-23.6555597;-46.7058596;50;CENTRO MEDICO PMESP;TREMEMBE;-23.4690239;-46.6188727;25990;25.99;2752;45.87;ok;
40;HOSPITAL REGIONAL SUL SAO PAULO;SANTO AMARO;-23.6555597;-46.7058596;51;HOSP MUN CARMEN PRUDENTE;CIDADE TIRADENTES;-23.5833632;-46.4092773;40000;40.0;3893;64.9;ok;
40;HOSPITAL REGIONAL SUL SAO PAULO;SANTO AMARO;-23.6555597;-46.7058596;53;INSTITUTO DE REABILITACAO LUCY MONTORO;VILA ANDRADE;-23.6322694;-46.7351129;6550;6.55;740;12.34;ok;
40;HOSPITAL REGIONAL SUL SAO PAULO;SANTO AMARO;-23.6555597;-46.7058596;55;INSTITUTO DO CANCER DO ESTADO DE SAO PAULO;CERQUEIRA CESAR;-23.5561305;-46.6681716;17630;17.63;1410;23.51;ok;
40;HOSPITAL REGIONAL SUL SAO PAULO;SANTO AMARO;-23.6555597;-46.7058596;56;HOSP MUN SOROCABANA;VILA ROMANA;-23.5238763;-46.7013591;19870;19.87;1598;26.65;ok;
40;HOSPITAL REGIONAL SUL SAO PAULO;SANTO AMARO;-23.6555597;-46.7058596;57;HOSP MUN GILSON DE CASSIA MARQUES DE CARVALHO;VILA MASCOTE;-23.6470652;-46.662824;6600;6.6;749;12.5;ok;
40;HOSPITAL REGIONAL SUL SAO PAULO;SANTO AMARO;-23.6555597;-46.7058596;58;HOSP MUN CAPELA DO SOCORRO;JARDIM DAS IMBUIAS;-23.7296842;-46.7129995;10240;10.24;1217;20.29;ok;
40;HOSPITAL REGIONAL SUL SAO PAULO;SANTO AMARO;-23.6555597;-46.7058596;59;HOSP MUN JOSANIAS CASTANHA BRAGA;JARDIM ROSCHEL;-23.8247733;-46.7266429;23590;23.59;2118;35.31;ok;
40;HOSPITAL REGIONAL SUL SAO PAULO;SANTO AMARO;-23.6555597;-46.7058596;233;HOSP MUN SOROCABANA;ALTO DE PINHEIROS;-23.5375934;-46.7227993;19240;19.24;1345;22.43;ok;
42;HOSPITAL ESTADUAL DE SAPOPEMBA SAO PAULO;JARDIM SAPOPEMBA;-23.611336;-46.493671;1;HOSPITAL MUNICIPAL SANTA DULCE DOS POBRES;CONSOLACAO;-23.5573928;-46.6562429;20840;20.84;2170;36.17;ok;
42;HOSPITAL ESTADUAL DE SAPOPEMBA SAO PAULO;JARDIM SAPOPEMBA;-23.611336;-46.493671;2;HOSPITAL MUNICIPAL BRASILANDIA;JARDIM MARISTELA;-23.476544;-46.6980006;34640;34.64;2651;44.19;ok;
42;HOSPITAL ESTADUAL DE SAPOPEMBA SAO PAULO;JARDIM SAPOPEMBA;-23.611336;-46.493671;3;HOSPITAL MUNICIPAL GUARAPIRANGA;RIVIERA PAULISTA;-23.6911689;-46.7517858;36390;36.39;3460;57.68;ok;
42;HOSPITAL ESTADUAL DE SAPOPEMBA SAO PAULO;JARDIM SAPOPEMBA;-23.611336;-46.493671;4;INSTITUTO DE INFECTOLOGIA EMILIO RIBAS;SUMARE;-23.5470783;-46.6812257;24680;24.68;2485;41.42;ok;
42;HOSPITAL ESTADUAL DE SAPOPEMBA SAO PAULO;JARDIM SAPOPEMBA;-23.611336;-46.493671;5;HOSPITAL DO SERV PUB EST FCO MORATO DE OLIVEIRA SAO PAULO;IBIRAPUERA;-23.5966175;-46.6539691;20760;20.76;2185;36.43;ok;
42;HOSPITAL ESTADUAL DE SAPOPEMBA SAO PAULO;JARDIM SAPOPEMBA;-23.611336;-46.493671;6;HOSPITAL MATERNIDADE INTERLAGOS;JD LEBLON;-23.7069613;-46.7021968;30690;30.69;2937;48.95;ok;
42;HOSPITAL ESTADUAL DE SAPOPEMBA SAO PAULO;JARDIM SAPOPEMBA;-23.611336;-46.493671;7;HOSPITAL GERAL DE PEDREIRA;VILA CAMPO GRANDE;-23.6808407;-46.6783317;26370;26.37;2536;42.28;ok;
42;HOSPITAL ESTADUAL DE SAPOPEMBA SAO PAULO;JARDIM SAPOPEMBA;-23.611336;-46.493671;8;HOSPITAL HELIOPOLIS UNIDADE DE GESTAO ASSISTENCIAL I;V HELIOPOLIS;-23.607115;-46.595253;14000;14.0;1430;23.85;ok;
42;HOSPITAL ESTADUAL DE SAPOPEMBA SAO PAULO;JARDIM SAPOPEMBA;-23.611336;-46.493671;10;HOSPITAL INFANTIL DARCY VARGAS UGA III SAO PAULO;JARDIM GUEDALA;-23.5929419;-46.7109151;27700;27.7;2953;49.23;ok;
42;HOSPITAL ESTADUAL DE SAPOPEMBA SAO PAULO;JARDIM SAPOPEMBA;-23.611336;-46.493671;11;HOSP MUN MATERNIDADE PROFESSOR MARIO DEGNI;VILA ANTONIO;-23.5777487;-46.764842;43960;43.96;3113;51.89;ok;
42;HOSPITAL ESTADUAL DE SAPOPEMBA SAO PAULO;JARDIM SAPOPEMBA;-23.611336;-46.493671;12;HOSPITAL UNIVERSITARIO DA USP SAO PAULO;BUTANTA;-23.5649058;-46.7409515;42030;42.03;3013;50.23;ok;
42;HOSPITAL ESTADUAL DE SAPOPEMBA SAO PAULO;JARDIM SAPOPEMBA;-23.611336;-46.493671;13;CAISM PHILIPPE PINEL SAO PAULO;PIRITUBA;-23.4869816;-46.7239346;34840;34.84;2678;44.64;ok;
42;HOSPITAL ESTADUAL DE SAPOPEMBA SAO PAULO;JARDIM SAPOPEMBA;-23.611336;-46.493671;14;HOSPITAL GERAL HENRIQUE ALTIMEYER DE VILA ALPINA;VILA ALPINA;-23.5930526;-46.5607618;9040;9.04;974;16.24;ok;
42;HOSPITAL ESTADUAL DE SAPOPEMBA SAO PAULO;JARDIM SAPOPEMBA;-23.611336;-46.493671;16;HOSPITAL GERAL DE SAO MATEUS SAO PAULO;SAO MATEUS;-23.5947358;-46.4867109;2810;2.81;367;6.13;ok;
42;HOSPITAL ESTADUAL DE SAPOPEMBA SAO PAULO;JARDIM SAPOPEMBA;-23.611336;-46.493671;17;UNIDADE DE GESTAO ASSISTENCIAL II HOSPITAL IPIRANGA SP;IPIRANGA;-23.584203;-46.6116295;14480;14.48;1446;24.11;ok;
42;HOSPITAL ESTADUAL DE SAPOPEMBA SAO PAULO;JARDIM SAPOPEMBA;-23.611336;-46.493671;18;CONJUNTO HOSPITALAR DO MANDAQUI SAO PAULO;SANTANA;-23.4849783;-46.6314355;26530;26.53;2411;40.19;ok;
42;HOSPITAL ESTADUAL DE SAPOPEMBA SAO PAULO;JARDIM SAPOPEMBA;-23.611336;-46.493671;19;HOSPITAL GERAL SANTA MARCELINA DE ITAIM PAULISTA SAO PAULO;ITAIM PAULISTA;-23.4924231;-46.3889814;22040;22.04;1995;33.25;ok;
42;HOSPITAL ESTADUAL DE SAPOPEMBA SAO PAULO;JARDIM SAPOPEMBA;-23.611336;-46.493671;20;HOSP MUN PROF DR WALDOMIRO DE PAULA;ITAQUERA;-23.5321357;-46.4472128;11900;11.9;1130;18.84;ok;
42;HOSPITAL ESTADUAL DE SAPOPEMBA SAO PAULO;JARDIM SAPOPEMBA;-23.611336;-46.493671;21;HOSPITAL GERAL DO GRAJAU PROF LIBER JOHN ALPHONSE DI DIO SP;PARQUE DAS NACOES;-23.691152;-46.5848155;17060;17.06;1483;24.72;ok;
42;HOSPITAL ESTADUAL DE SAPOPEMBA SAO PAULO;JARDIM SAPOPEMBA;-23.611336;-46.493671;22;HOSPITAL E MATERNIDADE LEONOR MENDES DE BARROS SAO PAULO;BELENZINHO;-23.5359031;-46.5887061;15850;15.85;1545;25.75;ok;
42;HOSPITAL ESTADUAL DE SAPOPEMBA SAO PAULO;JARDIM SAPOPEMBA;-23.611336;-46.493671;23;CENTRO DE REFERENCIA E TREINAMENTO DST AIDS SAO PAULO;VILA MARIANA;-23.5966194;-46.6358133;19030;19.03;2000;33.34;ok;
42;HOSPITAL ESTADUAL DE SAPOPEMBA SAO PAULO;JARDIM SAPOPEMBA;-23.611336;-46.493671;24;HOSPITAL MILITAR DE AREA DE SAO PAULO;CAMBUCI;-23.5696701;-46.6134492;16580;16.58;1648;27.48;ok;
42;HOSPITAL ESTADUAL DE SAPOPEMBA SAO PAULO;JARDIM SAPOPEMBA;-23.611336;-46.493671;25;CENTRO DE REFERENCIA DA SAUDE DA MULHER;CAMPOS ELISEOS;-23.5343002;-46.6437496;20960;20.96;2089;34.83;ok;
42;HOSPITAL ESTADUAL DE SAPOPEMBA SAO PAULO;JARDIM SAPOPEMBA;-23.611336;-46.493671;26;HOSP MUN INFANTIL MENINO JESUS;BELA VISTA;-23.56022;-46.6469982;21080;21.08;2153;35.9;ok;
42;HOSPITAL ESTADUAL DE SAPOPEMBA SAO PAULO;JARDIM SAPOPEMBA;-23.611336;-46.493671;28;HOSP MUN MAT ESC DR MARIO DE MORAES A SILVA;VILA NOVA CACHOEIRIN;-23.4802096;-46.6709709;32750;32.75;2555;42.6;ok;
42;HOSPITAL ESTADUAL DE SAPOPEMBA SAO PAULO;JARDIM SAPOPEMBA;-23.611336;-46.493671;29;HOSPITAL GERAL JESUS TEIXEIRA DA COSTA GUAIANASES SAO PAULO;JARDIM SAO PAULO;-23.5523813;-46.4053829;15620;15.62;1505;25.09;ok;
42;HOSPITAL ESTADUAL DE SAPOPEMBA SAO PAULO;JARDIM SAPOPEMBA;-23.611336;-46.493671;30;HOSP MUN DR CARMINO CARICCHIO;TATUAPE;-23.5329502;-46.5664411;14510;14.51;1416;23.61;ok;
42;HOSPITAL ESTADUAL DE SAPOPEMBA SAO PAULO;JARDIM SAPOPEMBA;-23.611336;-46.493671;31;HOSP MUN TIDE SETUBAL;SAO MIGUEL PAULISTA;-23.4973179;-46.439865;16520;16.52;1527;25.46;ok;
42;HOSPITAL ESTADUAL DE SAPOPEMBA SAO PAULO;JARDIM SAPOPEMBA;-23.611336;-46.493671;32;HOSP MUN V NHOCUNE ALEXANDRE ZAIO;VILA NHOCUNE;-23.5424212;-46.5015398;10980;10.98;1121;18.7;ok;
42;HOSPITAL ESTADUAL DE SAPOPEMBA SAO PAULO;JARDIM SAPOPEMBA;-23.611336;-46.493671;33;HOSP MUN JABAQUARA ARTUR RIBEIRO DE SABOYA;JABAQUARA;-23.6533422;-46.6456764;23540;23.54;2047;34.13;ok;
42;HOSPITAL ESTADUAL DE SAPOPEMBA SAO PAULO;JARDIM SAPOPEMBA;-23.611336;-46.493671;34;HOSPITAL KATIA DE SOUZA RODRIGUES TAIPASSP SAO PAULO;PARADA DE TAIPAS;-23.4436996;-46.7177512;39100;39.1;2944;49.07;ok;
42;HOSPITAL ESTADUAL DE SAPOPEMBA SAO PAULO;JARDIM SAPOPEMBA;-23.611336;-46.493671;35;HOSP MUN PROFESSOR DOUTOR ALIPIO CORREA NETTO;VILA PARANAGUA;-23.499644;-46.4729162;16440;16.44;1757;29.29;ok;
42;HOSPITAL ESTADUAL DE SAPOPEMBA SAO PAULO;JARDIM SAPOPEMBA;-23.611336;-46.493671;36;HOSPITAL MUNICIPAL DR BENEDITO MONTENEGRO;JARDIM IVA;-23.5875541;-46.5145716;5490;5.49;581;9.69;ok;
42;HOSPITAL ESTADUAL DE SAPOPEMBA SAO PAULO;JARDIM SAPOPEMBA;-23.611336;-46.493671;37;HOSP MUN IGNACIO PROENCA DE GOUVEA;PARQUE DA MOOCA;-23.5717374;-46.590166;13090;13.09;1295;21.59;ok;
42;HOSPITAL ESTADUAL DE SAPOPEMBA SAO PAULO;JARDIM SAPOPEMBA;-23.611336;-46.493671;38;HOSPITAL INFANTIL CANDIDO FONTOURA SAO PAULO;AGUA RASA;-23.551918;-46.5852143;14220;14.22;1433;23.89;ok;
42;HOSPITAL ESTADUAL DE SAPOPEMBA SAO PAULO;JARDIM SAPOPEMBA;-23.611336;-46.493671;40;HOSPITAL REGIONAL SUL SAO PAULO;SANTO AMARO;-23.6555597;-46.7058596;29500;29.5;2802;46.7;ok;
42;HOSPITAL ESTADUAL DE SAPOPEMBA SAO PAULO;JARDIM SAPOPEMBA;-23.611336;-46.493671;42;HOSPITAL ESTADUAL DE SAPOPEMBA SAO PAULO;JARDIM SAPOPEMBA;-23.611336;-46.493671;0;0.0;0;0.0;ok;
42;HOSPITAL ESTADUAL DE SAPOPEMBA SAO PAULO;JARDIM SAPOPEMBA;-23.611336;-46.493671;43;HOSPITAL GERAL DE VILA PENTEADO DR JOSE PANGELLA SAO PAULO;JARDIM IRACEMA;-23.4934229;-46.7008274;32439;32.44;2406;40.12;ok;
42;HOSPITAL ESTADUAL DE SAPOPEMBA SAO PAULO;JARDIM SAPOPEMBA;-23.611336;-46.493671;46;HOSP DO SERV PUB MUNICIPAL HSPM;LIBERDADE;-23.5673424;-46.639071;19670;19.67;1980;33.01;ok;
42;HOSPITAL ESTADUAL DE SAPOPEMBA SAO PAULO;JARDIM SAPOPEMBA;-23.611336;-46.493671;47;HOSP MUN FERNANDO MAURO PIRES DA ROCHA;CAMPO LIMPO;-23.6490957;-46.7490028;34380;34.38;3281;54.7;ok;
42;HOSPITAL ESTADUAL DE SAPOPEMBA SAO PAULO;JARDIM SAPOPEMBA;-23.611336;-46.493671;48;CENTRO HOSPITALAR DO SISTEMA PENITENCIARIO SAO PAULO;CARANDIRU;-23.5085713;-46.6201015;22840;22.84;1990;33.17;ok;
42;HOSPITAL ESTADUAL DE SAPOPEMBA SAO PAULO;JARDIM SAPOPEMBA;-23.611336;-46.493671;49;HOSP MUN VER JOSE STOROPOLLI;PARQUE NOVO MUNDO;-23.522085;-46.5617446;15860;15.86;1518;25.31;ok;
42;HOSPITAL ESTADUAL DE SAPOPEMBA SAO PAULO;JARDIM SAPOPEMBA;-23.611336;-46.493671;50;CENTRO MEDICO PMESP;TREMEMBE;-23.4690239;-46.6188727;30280;30.28;2502;41.71;ok;
42;HOSPITAL ESTADUAL DE SAPOPEMBA SAO PAULO;JARDIM SAPOPEMBA;-23.611336;-46.493671;51;HOSP MUN CARMEN PRUDENTE;CIDADE TIRADENTES;-23.5833632;-46.4092773;12370;12.37;1209;20.16;ok;
42;HOSPITAL ESTADUAL DE SAPOPEMBA SAO PAULO;JARDIM SAPOPEMBA;-23.611336;-46.493671;53;INSTITUTO DE REABILITACAO LUCY MONTORO;VILA ANDRADE;-23.6322694;-46.7351129;32210;32.21;3146;52.45;ok;
42;HOSPITAL ESTADUAL DE SAPOPEMBA SAO PAULO;JARDIM SAPOPEMBA;-23.611336;-46.493671;55;INSTITUTO DO CANCER DO ESTADO DE SAO PAULO;CERQUEIRA CESAR;-23.5561305;-46.6681716;24390;24.39;2469;41.16;ok;
42;HOSPITAL ESTADUAL DE SAPOPEMBA SAO PAULO;JARDIM SAPOPEMBA;-23.611336;-46.493671;56;HOSP MUN SOROCABANA;VILA ROMANA;-23.5238763;-46.7013591;31920;31.92;2518;41.97;ok;
42;HOSPITAL ESTADUAL DE SAPOPEMBA SAO PAULO;JARDIM SAPOPEMBA;-23.611336;-46.493671;57;HOSP MUN GILSON DE CASSIA MARQUES DE CARVALHO;VILA MASCOTE;-23.6470652;-46.662824;25640;25.64;2276;37.94;ok;
42;HOSPITAL ESTADUAL DE SAPOPEMBA SAO PAULO;JARDIM SAPOPEMBA;-23.611336;-46.493671;58;HOSP MUN CAPELA DO SOCORRO;JARDIM DAS IMBUIAS;-23.7296842;-46.7129995;32659;32.66;3191;53.19;ok;
42;HOSPITAL ESTADUAL DE SAPOPEMBA SAO PAULO;JARDIM SAPOPEMBA;-23.611336;-46.493671;59;HOSP MUN JOSANIAS CASTANHA BRAGA;JARDIM ROSCHEL;-23.8247733;-46.7266429;45060;45.06;3994;66.58;ok;
42;HOSPITAL ESTADUAL DE SAPOPEMBA SAO PAULO;JARDIM SAPOPEMBA;-23.611336;-46.493671;233;HOSP MUN SOROCABANA;ALTO DE PINHEIROS;-23.5375934;-46.7227993;36870;36.87;2837;47.3;ok;
43;HOSPITAL GERAL DE VILA PENTEADO DR JOSE PANGELLA SAO PAULO;JARDIM IRACEMA;-23.4934229;-46.7008274;1;HOSPITAL MUNICIPAL SANTA DULCE DOS POBRES;CONSOLACAO;-23.5573928;-46.6562429;12310;12.31;1283;21.39;ok;
43;HOSPITAL GERAL DE VILA PENTEADO DR JOSE PANGELLA SAO PAULO;JARDIM IRACEMA;-23.4934229;-46.7008274;2;HOSPITAL MUNICIPAL BRASILANDIA;JARDIM MARISTELA;-23.476544;-46.6980006;2760;2.76;284;4.74;ok;
43;HOSPITAL GERAL DE VILA PENTEADO DR JOSE PANGELLA SAO PAULO;JARDIM IRACEMA;-23.4934229;-46.7008274;3;HOSPITAL MUNICIPAL GUARAPIRANGA;RIVIERA PAULISTA;-23.6911689;-46.7517858;32119;32.12;2232;37.22;ok;
43;HOSPITAL GERAL DE VILA PENTEADO DR JOSE PANGELLA SAO PAULO;JARDIM IRACEMA;-23.4934229;-46.7008274;4;INSTITUTO DE INFECTOLOGIA EMILIO RIBAS;SUMARE;-23.5470783;-46.6812257;9000;9.0;865;14.42;ok;
43;HOSPITAL GERAL DE VILA PENTEADO DR JOSE PANGELLA SAO PAULO;JARDIM IRACEMA;-23.4934229;-46.7008274;5;HOSPITAL DO SERV PUB EST FCO MORATO DE OLIVEIRA SAO PAULO;IBIRAPUERA;-23.5966175;-46.6539691;16110;16.11;1594;26.58;ok;
43;HOSPITAL GERAL DE VILA PENTEADO DR JOSE PANGELLA SAO PAULO;JARDIM IRACEMA;-23.4934229;-46.7008274;6;HOSPITAL MATERNIDADE INTERLAGOS;JD LEBLON;-23.7069613;-46.7021968;33410;33.41;2368;39.47;ok;
43;HOSPITAL GERAL DE VILA PENTEADO DR JOSE PANGELLA SAO PAULO;JARDIM IRACEMA;-23.4934229;-46.7008274;7;HOSPITAL GERAL DE PEDREIRA;VILA CAMPO GRANDE;-23.6808407;-46.6783317;32400;32.4;2328;38.81;ok;
43;HOSPITAL GERAL DE VILA PENTEADO DR JOSE PANGELLA SAO PAULO;JARDIM IRACEMA;-23.4934229;-46.7008274;8;HOSPITAL HELIOPOLIS UNIDADE DE GESTAO ASSISTENCIAL I;V HELIOPOLIS;-23.607115;-46.595253;22080;22.08;1887;31.46;ok;
43;HOSPITAL GERAL DE VILA PENTEADO DR JOSE PANGELLA SAO PAULO;JARDIM IRACEMA;-23.4934229;-46.7008274;10;HOSPITAL INFANTIL DARCY VARGAS UGA III SAO PAULO;JARDIM GUEDALA;-23.5929419;-46.7109151;19090;19.09;1456;24.27;ok;
43;HOSPITAL GERAL DE VILA PENTEADO DR JOSE PANGELLA SAO PAULO;JARDIM IRACEMA;-23.4934229;-46.7008274;11;HOSP MUN MATERNIDADE PROFESSOR MARIO DEGNI;VILA ANTONIO;-23.5777487;-46.764842;15410;15.41;1369;22.82;ok;
43;HOSPITAL GERAL DE VILA PENTEADO DR JOSE PANGELLA SAO PAULO;JARDIM IRACEMA;-23.4934229;-46.7008274;12;HOSPITAL UNIVERSITARIO DA USP SAO PAULO;BUTANTA;-23.5649058;-46.7409515;13480;13.48;1269;21.16;ok;
43;HOSPITAL GERAL DE VILA PENTEADO DR JOSE PANGELLA SAO PAULO;JARDIM IRACEMA;-23.4934229;-46.7008274;13;CAISM PHILIPPE PINEL SAO PAULO;PIRITUBA;-23.4869816;-46.7239346;4490;4.49;412;6.87;ok;
43;HOSPITAL GERAL DE VILA PENTEADO DR JOSE PANGELLA SAO PAULO;JARDIM IRACEMA;-23.4934229;-46.7008274;14;HOSPITAL GERAL HENRIQUE ALTIMEYER DE VILA ALPINA;VILA ALPINA;-23.5930526;-46.5607618;23570;23.57;1665;27.75;ok;
43;HOSPITAL GERAL DE VILA PENTEADO DR JOSE PANGELLA SAO PAULO;JARDIM IRACEMA;-23.4934229;-46.7008274;16;HOSPITAL GERAL DE SAO MATEUS SAO PAULO;SAO MATEUS;-23.5947358;-46.4867109;29960;29.96;2099;34.99;ok;
43;HOSPITAL GERAL DE VILA PENTEADO DR JOSE PANGELLA SAO PAULO;JARDIM IRACEMA;-23.4934229;-46.7008274;17;UNIDADE DE GESTAO ASSISTENCIAL II HOSPITAL IPIRANGA SP;IPIRANGA;-23.584203;-46.6116295;18840;18.84;1614;26.91;ok;
43;HOSPITAL GERAL DE VILA PENTEADO DR JOSE PANGELLA SAO PAULO;JARDIM IRACEMA;-23.4934229;-46.7008274;18;CONJUNTO HOSPITALAR DO MANDAQUI SAO PAULO;SANTANA;-23.4849783;-46.6314355;11560;11.56;1079;18.0;ok;
43;HOSPITAL GERAL DE VILA PENTEADO DR JOSE PANGELLA SAO PAULO;JARDIM IRACEMA;-23.4934229;-46.7008274;19;HOSPITAL GERAL SANTA MARCELINA DE ITAIM PAULISTA SAO PAULO;ITAIM PAULISTA;-23.4924231;-46.3889814;42580;42.58;2382;39.7;ok;
43;HOSPITAL GERAL DE VILA PENTEADO DR JOSE PANGELLA SAO PAULO;JARDIM IRACEMA;-23.4934229;-46.7008274;20;HOSP MUN PROF DR WALDOMIRO DE PAULA;ITAQUERA;-23.5321357;-46.4472128;39820;39.82;2324;38.75;ok;
43;HOSPITAL GERAL DE VILA PENTEADO DR JOSE PANGELLA SAO PAULO;JARDIM IRACEMA;-23.4934229;-46.7008274;21;HOSPITAL GERAL DO GRAJAU PROF LIBER JOHN ALPHONSE DI DIO SP;PARQUE DAS NACOES;-23.691152;-46.5848155;34100;34.1;2689;44.83;ok;
43;HOSPITAL GERAL DE VILA PENTEADO DR JOSE PANGELLA SAO PAULO;JARDIM IRACEMA;-23.4934229;-46.7008274;22;HOSPITAL E MATERNIDADE LEONOR MENDES DE BARROS SAO PAULO;BELENZINHO;-23.5359031;-46.5887061;16600;16.6;1069;17.83;ok;
43;HOSPITAL GERAL DE VILA PENTEADO DR JOSE PANGELLA SAO PAULO;JARDIM IRACEMA;-23.4934229;-46.7008274;23;CENTRO DE REFERENCIA E TREINAMENTO DST AIDS SAO PAULO;VILA MARIANA;-23.5966194;-46.6358133;17530;17.53;1725;28.75;ok;
43;HOSPITAL GERAL DE VILA PENTEADO DR JOSE PANGELLA SAO PAULO;JARDIM IRACEMA;-23.4934229;-46.7008274;24;HOSPITAL MILITAR DE AREA DE SAO PAULO;CAMBUCI;-23.5696701;-46.6134492;17450;17.45;1486;24.77;ok;
43;HOSPITAL GERAL DE VILA PENTEADO DR JOSE PANGELLA SAO PAULO;JARDIM IRACEMA;-23.4934229;-46.7008274;25;CENTRO DE REFERENCIA DA SAUDE DA MULHER;CAMPOS ELISEOS;-23.5343002;-46.6437496;11050;11.05;961;16.03;ok;
43;HOSPITAL GERAL DE VILA PENTEADO DR JOSE PANGELLA SAO PAULO;JARDIM IRACEMA;-23.4934229;-46.7008274;26;HOSP MUN INFANTIL MENINO JESUS;BELA VISTA;-23.56022;-46.6469982;13180;13.18;1378;22.97;ok;
43;HOSPITAL GERAL DE VILA PENTEADO DR JOSE PANGELLA SAO PAULO;JARDIM IRACEMA;-23.4934229;-46.7008274;28;HOSP MUN MAT ESC DR MARIO DE MORAES A SILVA;VILA NOVA CACHOEIRIN;-23.4802096;-46.6709709;5760;5.76;537;8.96;ok;
43;HOSPITAL GERAL DE VILA PENTEADO DR JOSE PANGELLA SAO PAULO;JARDIM IRACEMA;-23.4934229;-46.7008274;29;HOSPITAL GERAL JESUS TEIXEIRA DA COSTA GUAIANASES SAO PAULO;JARDIM SAO PAULO;-23.5523813;-46.4053829;47760;47.76;2903;48.39;ok;
43;HOSPITAL GERAL DE VILA PENTEADO DR JOSE PANGELLA SAO PAULO;JARDIM IRACEMA;-23.4934229;-46.7008274;30;HOSP MUN DR CARMINO CARICCHIO;TATUAPE;-23.5329502;-46.5664411;17770;17.77;1261;21.03;ok;
43;HOSPITAL GERAL DE VILA PENTEADO DR JOSE PANGELLA SAO PAULO;JARDIM IRACEMA;-23.4934229;-46.7008274;31;HOSP MUN TIDE SETUBAL;SAO MIGUEL PAULISTA;-23.4973179;-46.439865;35990;35.99;2068;34.47;ok;
43;HOSPITAL GERAL DE VILA PENTEADO DR JOSE PANGELLA SAO PAULO;JARDIM IRACEMA;-23.4934229;-46.7008274;32;HOSP MUN V NHOCUNE ALEXANDRE ZAIO;VILA NHOCUNE;-23.5424212;-46.5015398;26970;26.97;1908;31.82;ok;
43;HOSPITAL GERAL DE VILA PENTEADO DR JOSE PANGELLA SAO PAULO;JARDIM IRACEMA;-23.4934229;-46.7008274;33;HOSP MUN JABAQUARA ARTUR RIBEIRO DE SABOYA;JABAQUARA;-23.6533422;-46.6456764;28690;28.69;2153;35.89;ok;
43;HOSPITAL GERAL DE VILA PENTEADO DR JOSE PANGELLA SAO PAULO;JARDIM IRACEMA;-23.4934229;-46.7008274;34;HOSPITAL KATIA DE SOUZA RODRIGUES TAIPASSP SAO PAULO;PARADA DE TAIPAS;-23.4436996;-46.7177512;7220;7.22;577;9.62;ok;
43;HOSPITAL GERAL DE VILA PENTEADO DR JOSE PANGELLA SAO PAULO;JARDIM IRACEMA;-23.4934229;-46.7008274;35;HOSP MUN PROFESSOR DOUTOR ALIPIO CORREA NETTO;VILA PARANAGUA;-23.499644;-46.4729162;28530;28.53;2115;35.26;ok;
43;HOSPITAL GERAL DE VILA PENTEADO DR JOSE PANGELLA SAO PAULO;JARDIM IRACEMA;-23.4934229;-46.7008274;36;HOSPITAL MUNICIPAL DR BENEDITO MONTENEGRO;JARDIM IVA;-23.5875541;-46.5145716;26160;26.16;2013;33.57;ok;
43;HOSPITAL GERAL DE VILA PENTEADO DR JOSE PANGELLA SAO PAULO;JARDIM IRACEMA;-23.4934229;-46.7008274;37;HOSP MUN IGNACIO PROENCA DE GOUVEA;PARQUE DA MOOCA;-23.5717374;-46.590166;21780;21.78;1538;25.63;ok;
43;HOSPITAL GERAL DE VILA PENTEADO DR JOSE PANGELLA SAO PAULO;JARDIM IRACEMA;-23.4934229;-46.7008274;38;HOSPITAL INFANTIL CANDIDO FONTOURA SAO PAULO;AGUA RASA;-23.551918;-46.5852143;19280;19.28;1302;21.7;ok;
43;HOSPITAL GERAL DE VILA PENTEADO DR JOSE PANGELLA SAO PAULO;JARDIM IRACEMA;-23.4934229;-46.7008274;40;HOSPITAL REGIONAL SUL SAO PAULO;SANTO AMARO;-23.6555597;-46.7058596;27980;27.98;1913;31.9;ok;
43;HOSPITAL GERAL DE VILA PENTEADO DR JOSE PANGELLA SAO PAULO;JARDIM IRACEMA;-23.4934229;-46.7008274;42;HOSPITAL ESTADUAL DE SAPOPEMBA SAO PAULO;JARDIM SAPOPEMBA;-23.611336;-46.493671;32090;32.09;2356;39.28;ok;
43;HOSPITAL GERAL DE VILA PENTEADO DR JOSE PANGELLA SAO PAULO;JARDIM IRACEMA;-23.4934229;-46.7008274;43;HOSPITAL GERAL DE VILA PENTEADO DR JOSE PANGELLA SAO PAULO;JARDIM IRACEMA;-23.4934229;-46.7008274;0;0.0;0;0.0;ok;
43;HOSPITAL GERAL DE VILA PENTEADO DR JOSE PANGELLA SAO PAULO;JARDIM IRACEMA;-23.4934229;-46.7008274;46;HOSP DO SERV PUB MUNICIPAL HSPM;LIBERDADE;-23.5673424;-46.639071;16560;16.56;1469;24.49;ok;
43;HOSPITAL GERAL DE VILA PENTEADO DR JOSE PANGELLA SAO PAULO;JARDIM IRACEMA;-23.4934229;-46.7008274;47;HOSP MUN FERNANDO MAURO PIRES DA ROCHA;CAMPO LIMPO;-23.6490957;-46.7490028;27100;27.1;1778;29.64;ok;
43;HOSPITAL GERAL DE VILA PENTEADO DR JOSE PANGELLA SAO PAULO;JARDIM IRACEMA;-23.4934229;-46.7008274;48;CENTRO HOSPITALAR DO SISTEMA PENITENCIARIO SAO PAULO;CARANDIRU;-23.5085713;-46.6201015;12760;12.76;1057;17.62;ok;
43;HOSPITAL GERAL DE VILA PENTEADO DR JOSE PANGELLA SAO PAULO;JARDIM IRACEMA;-23.4934229;-46.7008274;49;HOSP MUN VER JOSE STOROPOLLI;PARQUE NOVO MUNDO;-23.522085;-46.5617446;20250;20.25;1324;22.08;ok;
43;HOSPITAL GERAL DE VILA PENTEADO DR JOSE PANGELLA SAO PAULO;JARDIM IRACEMA;-23.4934229;-46.7008274;50;CENTRO MEDICO PMESP;TREMEMBE;-23.4690239;-46.6188727;14590;14.59;1269;21.16;ok;
43;HOSPITAL GERAL DE VILA PENTEADO DR JOSE PANGELLA SAO PAULO;JARDIM IRACEMA;-23.4934229;-46.7008274;51;HOSP MUN CARMEN PRUDENTE;CIDADE TIRADENTES;-23.5833632;-46.4092773;38980;38.98;2958;49.3;ok;
43;HOSPITAL GERAL DE VILA PENTEADO DR JOSE PANGELLA SAO PAULO;JARDIM IRACEMA;-23.4934229;-46.7008274;53;INSTITUTO DE REABILITACAO LUCY MONTORO;VILA ANDRADE;-23.6322694;-46.7351129;24920;24.92;1643;27.39;ok;
43;HOSPITAL GERAL DE VILA PENTEADO DR JOSE PANGELLA SAO PAULO;JARDIM IRACEMA;-23.4934229;-46.7008274;55;INSTITUTO DO CANCER DO ESTADO DE SAO PAULO;CERQUEIRA CESAR;-23.5561305;-46.6681716;10800;10.8;1101;18.35;ok;
43;HOSPITAL GERAL DE VILA PENTEADO DR JOSE PANGELLA SAO PAULO;JARDIM IRACEMA;-23.4934229;-46.7008274;56;HOSP MUN SOROCABANA;VILA ROMANA;-23.5238763;-46.7013591;4440;4.44;423;7.05;ok;
43;HOSPITAL GERAL DE VILA PENTEADO DR JOSE PANGELLA SAO PAULO;JARDIM IRACEMA;-23.4934229;-46.7008274;57;HOSP MUN GILSON DE CASSIA MARQUES DE CARVALHO;VILA MASCOTE;-23.6470652;-46.662824;25900;25.9;1888;31.48;ok;
43;HOSPITAL GERAL DE VILA PENTEADO DR JOSE PANGELLA SAO PAULO;JARDIM IRACEMA;-23.4934229;-46.7008274;58;HOSP MUN CAPELA DO SOCORRO;JARDIM DAS IMBUIAS;-23.7296842;-46.7129995;36860;36.86;2786;46.45;ok;
43;HOSPITAL GERAL DE VILA PENTEADO DR JOSE PANGELLA SAO PAULO;JARDIM IRACEMA;-23.4934229;-46.7008274;59;HOSP MUN JOSANIAS CASTANHA BRAGA;JARDIM ROSCHEL;-23.8247733;-46.7266429;49930;49.93;3656;60.94;ok;
43;HOSPITAL GERAL DE VILA PENTEADO DR JOSE PANGELLA SAO PAULO;JARDIM IRACEMA;-23.4934229;-46.7008274;233;HOSP MUN SOROCABANA;ALTO DE PINHEIROS;-23.5375934;-46.7227993;7080;7.08;779;12.98;ok;
46;HOSP DO SERV PUB MUNICIPAL HSPM;LIBERDADE;-23.5673424;-46.639071;1;HOSPITAL MUNICIPAL SANTA DULCE DOS POBRES;CONSOLACAO;-23.5573928;-46.6562429;4150;4.15;514;8.57;ok;
46;HOSP DO SERV PUB MUNICIPAL HSPM;LIBERDADE;-23.5673424;-46.639071;2;HOSPITAL MUNICIPAL BRASILANDIA;JARDIM MARISTELA;-23.476544;-46.6980006;18940;18.94;1735;28.93;ok;
46;HOSP DO SERV PUB MUNICIPAL HSPM;LIBERDADE;-23.5673424;-46.639071;3;HOSPITAL MUNICIPAL GUARAPIRANGA;RIVIERA PAULISTA;-23.6911689;-46.7517858;24200;24.2;2215;36.93;ok;
46;HOSP DO SERV PUB MUNICIPAL HSPM;LIBERDADE;-23.5673424;-46.639071;4;INSTITUTO DE INFECTOLOGIA EMILIO RIBAS;SUMARE;-23.5470783;-46.6812257;7290;7.29;864;14.41;ok;
46;HOSP DO SERV PUB MUNICIPAL HSPM;LIBERDADE;-23.5673424;-46.639071;5;HOSPITAL DO SERV PUB EST FCO MORATO DE OLIVEIRA SAO PAULO;IBIRAPUERA;-23.5966175;-46.6539691;5100;5.1;682;11.37;ok;
46;HOSP DO SERV PUB MUNICIPAL HSPM;LIBERDADE;-23.5673424;-46.639071;6;HOSPITAL MATERNIDADE INTERLAGOS;JD LEBLON;-23.7069613;-46.7021968;20770;20.77;2171;36.19;ok;
46;HOSP DO SERV PUB MUNICIPAL HSPM;LIBERDADE;-23.5673424;-46.639071;7;HOSPITAL GERAL DE PEDREIRA;VILA CAMPO GRANDE;-23.6808407;-46.6783317;17270;17.27;1904;31.74;ok;
46;HOSP DO SERV PUB MUNICIPAL HSPM;LIBERDADE;-23.5673424;-46.639071;8;HOSPITAL HELIOPOLIS UNIDADE DE GESTAO ASSISTENCIAL I;V HELIOPOLIS;-23.607115;-46.595253;8370;8.37;993;16.56;ok;
46;HOSP DO SERV PUB MUNICIPAL HSPM;LIBERDADE;-23.5673424;-46.639071;10;HOSPITAL INFANTIL DARCY VARGAS UGA III SAO PAULO;JARDIM GUEDALA;-23.5929419;-46.7109151;11010;11.01;1297;21.63;ok;
46;HOSP DO SERV PUB MUNICIPAL HSPM;LIBERDADE;-23.5673424;-46.639071;11;HOSP MUN MATERNIDADE PROFESSOR MARIO DEGNI;VILA ANTONIO;-23.5777487;-46.764842;18340;18.34;1720;28.67;ok;
46;HOSP DO SERV PUB MUNICIPAL HSPM;LIBERDADE;-23.5673424;-46.639071;12;HOSPITAL UNIVERSITARIO DA USP SAO PAULO;BUTANTA;-23.5649058;-46.7409515;15840;15.84;1803;30.06;ok;
46;HOSP DO SERV PUB MUNICIPAL HSPM;LIBERDADE;-23.5673424;-46.639071;13;CAISM PHILIPPE PINEL SAO PAULO;PIRITUBA;-23.4869816;-46.7239346;19130;19.13;1762;29.37;ok;
46;HOSP DO SERV PUB MUNICIPAL HSPM;LIBERDADE;-23.5673424;-46.639071;14;HOSPITAL GERAL HENRIQUE ALTIMEYER DE VILA ALPINA;VILA ALPINA;-23.5930526;-46.5607618;11280;11.28;1208;20.13;ok;
46;HOSP DO SERV PUB MUNICIPAL HSPM;LIBERDADE;-23.5673424;-46.639071;16;HOSPITAL GERAL DE SAO MATEUS SAO PAULO;SAO MATEUS;-23.5947358;-46.4867109;20680;20.68;2046;34.11;ok;
46;HOSP DO SERV PUB MUNICIPAL HSPM;LIBERDADE;-23.5673424;-46.639071;17;UNIDADE DE GESTAO ASSISTENCIAL II HOSPITAL IPIRANGA SP;IPIRANGA;-23.584203;-46.6116295;4570;4.57;609;10.15;ok;
46;HOSP DO SERV PUB MUNICIPAL HSPM;LIBERDADE;-23.5673424;-46.639071;18;CONJUNTO HOSPITALAR DO MANDAQUI SAO PAULO;SANTANA;-23.4849783;-46.6314355;11760;11.76;1385;23.1;ok;
46;HOSP DO SERV PUB MUNICIPAL HSPM;LIBERDADE;-23.5673424;-46.639071;19;HOSPITAL GERAL SANTA MARCELINA DE ITAIM PAULISTA SAO PAULO;ITAIM PAULISTA;-23.4924231;-46.3889814;39300;39.3;2537;42.3;ok;
46;HOSP DO SERV PUB MUNICIPAL HSPM;LIBERDADE;-23.5673424;-46.639071;20;HOSP MUN PROF DR WALDOMIRO DE PAULA;ITAQUERA;-23.5321357;-46.4472128;22700;22.7;2309;38.49;ok;
46;HOSP DO SERV PUB MUNICIPAL HSPM;LIBERDADE;-23.5673424;-46.639071;21;HOSPITAL GERAL DO GRAJAU PROF LIBER JOHN ALPHONSE DI DIO SP;PARQUE DAS NACOES;-23.691152;-46.5848155;20140;20.14;1795;29.93;ok;
46;HOSP DO SERV PUB MUNICIPAL HSPM;LIBERDADE;-23.5673424;-46.639071;22;HOSPITAL E MATERNIDADE LEONOR MENDES DE BARROS SAO PAULO;BELENZINHO;-23.5359031;-46.5887061;8480;8.48;979;16.32;ok;
46;HOSP DO SERV PUB MUNICIPAL HSPM;LIBERDADE;-23.5673424;-46.639071;23;CENTRO DE REFERENCIA E TREINAMENTO DST AIDS SAO PAULO;VILA MARIANA;-23.5966194;-46.6358133;4460;4.46;597;9.96;ok;
46;HOSP DO SERV PUB MUNICIPAL HSPM;LIBERDADE;-23.5673424;-46.639071;24;HOSPITAL MILITAR DE AREA DE SAO PAULO;CAMBUCI;-23.5696701;-46.6134492;3990;3.99;496;8.28;ok;
46;HOSP DO SERV PUB MUNICIPAL HSPM;LIBERDADE;-23.5673424;-46.639071;25;CENTRO DE REFERENCIA DA SAUDE DA MULHER;CAMPOS ELISEOS;-23.5343002;-46.6437496;6370;6.37;786;13.11;ok;
46;HOSP DO SERV PUB MUNICIPAL HSPM;LIBERDADE;-23.5673424;-46.639071;26;HOSP MUN INFANTIL MENINO JESUS;BELA VISTA;-23.56022;-46.6469982;3610;3.61;501;8.35;ok;
46;HOSP DO SERV PUB MUNICIPAL HSPM;LIBERDADE;-23.5673424;-46.639071;28;HOSP MUN MAT ESC DR MARIO DE MORAES A SILVA;VILA NOVA CACHOEIRIN;-23.4802096;-46.6709709;15210;15.21;1634;27.24;ok;
46;HOSP DO SERV PUB MUNICIPAL HSPM;LIBERDADE;-23.5673424;-46.639071;29;HOSPITAL GERAL JESUS TEIXEIRA DA COSTA GUAIANASES SAO PAULO;JARDIM SAO PAULO;-23.5523813;-46.4053829;29550;29.55;2875;47.93;ok;
46;HOSP DO SERV PUB MUNICIPAL HSPM;LIBERDADE;-23.5673424;-46.639071;30;HOSP MUN DR CARMINO CARICCHIO;TATUAPE;-23.5329502;-46.5664411;10390;10.39;1183;19.72;ok;
46;HOSP DO SERV PUB MUNICIPAL HSPM;LIBERDADE;-23.5673424;-46.639071;31;HOSP MUN TIDE SETUBAL;SAO MIGUEL PAULISTA;-23.4973179;-46.439865;32700;32.7;2223;37.07;ok;
46;HOSP DO SERV PUB MUNICIPAL HSPM;LIBERDADE;-23.5673424;-46.639071;32;HOSP MUN V NHOCUNE ALEXANDRE ZAIO;VILA NHOCUNE;-23.5424212;-46.5015398;17110;17.11;1788;29.8;ok;
46;HOSP DO SERV PUB MUNICIPAL HSPM;LIBERDADE;-23.5673424;-46.639071;33;HOSP MUN JABAQUARA ARTUR RIBEIRO DE SABOYA;JABAQUARA;-23.6533422;-46.6456764;10960;10.96;1377;22.96;ok;
46;HOSP DO SERV PUB MUNICIPAL HSPM;LIBERDADE;-23.5673424;-46.639071;34;HOSPITAL KATIA DE SOUZA RODRIGUES TAIPASSP SAO PAULO;PARADA DE TAIPAS;-23.4436996;-46.7177512;23400;23.4;2028;33.81;ok;
46;HOSP DO SERV PUB MUNICIPAL HSPM;LIBERDADE;-23.5673424;-46.639071;35;HOSP MUN PROFESSOR DOUTOR ALIPIO CORREA NETTO;VILA PARANAGUA;-23.499644;-46.4729162;25240;25.24;2271;37.85;ok;
46;HOSP DO SERV PUB MUNICIPAL HSPM;LIBERDADE;-23.5673424;-46.639071;36;HOSPITAL MUNICIPAL DR BENEDITO MONTENEGRO;JARDIM IVA;-23.5875541;-46.5145716;17000;17.0;1740;29.0;ok;
46;HOSP DO SERV PUB MUNICIPAL HSPM;LIBERDADE;-23.5673424;-46.639071;37;HOSP MUN IGNACIO PROENCA DE GOUVEA;PARQUE DA MOOCA;-23.5717374;-46.590166;7580;7.58;833;13.9;ok;
46;HOSP DO SERV PUB MUNICIPAL HSPM;LIBERDADE;-23.5673424;-46.639071;38;HOSPITAL INFANTIL CANDIDO FONTOURA SAO PAULO;AGUA RASA;-23.551918;-46.5852143;7460;7.46;869;14.5;ok;
46;HOSP DO SERV PUB MUNICIPAL HSPM;LIBERDADE;-23.5673424;-46.639071;40;HOSPITAL REGIONAL SUL SAO PAULO;SANTO AMARO;-23.6555597;-46.7058596;14220;14.22;1628;27.14;ok;
46;HOSP DO SERV PUB MUNICIPAL HSPM;LIBERDADE;-23.5673424;-46.639071;42;HOSPITAL ESTADUAL DE SAPOPEMBA SAO PAULO;JARDIM SAPOPEMBA;-23.611336;-46.493671;20210;20.21;2028;33.81;ok;
46;HOSP DO SERV PUB MUNICIPAL HSPM;LIBERDADE;-23.5673424;-46.639071;43;HOSPITAL GERAL DE VILA PENTEADO DR JOSE PANGELLA SAO PAULO;JARDIM IRACEMA;-23.4934229;-46.7008274;16740;16.74;1491;24.85;ok;
46;HOSP DO SERV PUB MUNICIPAL HSPM;LIBERDADE;-23.5673424;-46.639071;46;HOSP DO SERV PUB MUNICIPAL HSPM;LIBERDADE;-23.5673424;-46.639071;0;0.0;0;0.0;ok;
46;HOSP DO SERV PUB MUNICIPAL HSPM;LIBERDADE;-23.5673424;-46.639071;47;HOSP MUN FERNANDO MAURO PIRES DA ROCHA;CAMPO LIMPO;-23.6490957;-46.7490028;19180;19.18;1760;29.34;ok;
46;HOSP DO SERV PUB MUNICIPAL HSPM;LIBERDADE;-23.5673424;-46.639071;48;CENTRO HOSPITALAR DO SISTEMA PENITENCIARIO SAO PAULO;CARANDIRU;-23.5085713;-46.6201015;8400;8.4;1108;18.48;ok;
46;HOSP DO SERV PUB MUNICIPAL HSPM;LIBERDADE;-23.5673424;-46.639071;49;HOSP MUN VER JOSE STOROPOLLI;PARQUE NOVO MUNDO;-23.522085;-46.5617446;16970;16.97;1480;24.67;ok;
46;HOSP DO SERV PUB MUNICIPAL HSPM;LIBERDADE;-23.5673424;-46.639071;50;CENTRO MEDICO PMESP;TREMEMBE;-23.4690239;-46.6188727;14340;14.34;1672;27.88;ok;
46;HOSP DO SERV PUB MUNICIPAL HSPM;LIBERDADE;-23.5673424;-46.639071;51;HOSP MUN CARMEN PRUDENTE;CIDADE TIRADENTES;-23.5833632;-46.4092773;30040;30.04;2897;48.3;ok;
46;HOSP DO SERV PUB MUNICIPAL HSPM;LIBERDADE;-23.5673424;-46.639071;53;INSTITUTO DE REABILITACAO LUCY MONTORO;VILA ANDRADE;-23.6322694;-46.7351129;17000;17.0;1625;27.1;ok;
46;HOSP DO SERV PUB MUNICIPAL HSPM;LIBERDADE;-23.5673424;-46.639071;55;INSTITUTO DO CANCER DO ESTADO DE SAO PAULO;CERQUEIRA CESAR;-23.5561305;-46.6681716;7010;7.01;848;14.14;ok;
46;HOSP DO SERV PUB MUNICIPAL HSPM;LIBERDADE;-23.5673424;-46.639071;56;HOSP MUN SOROCABANA;VILA ROMANA;-23.5238763;-46.7013591;11280;11.28;1321;22.02;ok;
46;HOSP DO SERV PUB MUNICIPAL HSPM;LIBERDADE;-23.5673424;-46.639071;57;HOSP MUN GILSON DE CASSIA MARQUES DE CARVALHO;VILA MASCOTE;-23.6470652;-46.662824;12560;12.56;1404;23.42;ok;
46;HOSP DO SERV PUB MUNICIPAL HSPM;LIBERDADE;-23.5673424;-46.639071;58;HOSP MUN CAPELA DO SOCORRO;JARDIM DAS IMBUIAS;-23.7296842;-46.7129995;24220;24.22;2590;43.17;ok;
46;HOSP DO SERV PUB MUNICIPAL HSPM;LIBERDADE;-23.5673424;-46.639071;59;HOSP MUN JOSANIAS CASTANHA BRAGA;JARDIM ROSCHEL;-23.8247733;-46.7266429;37290;37.29;3459;57.66;ok;
46;HOSP DO SERV PUB MUNICIPAL HSPM;LIBERDADE;-23.5673424;-46.639071;233;HOSP MUN SOROCABANA;ALTO DE PINHEIROS;-23.5375934;-46.7227993;13390;13.39;1523;25.39;ok;
47;HOSP MUN FERNANDO MAURO PIRES DA ROCHA;CAMPO LIMPO;-23.6490957;-46.7490028;1;HOSPITAL MUNICIPAL SANTA DULCE DOS POBRES;CONSOLACAO;-23.5573928;-46.6562429;15750;15.75;1380;23.02;ok;
47;HOSP MUN FERNANDO MAURO PIRES DA ROCHA;CAMPO LIMPO;-23.6490957;-46.7490028;2;HOSPITAL MUNICIPAL BRASILANDIA;JARDIM MARISTELA;-23.476544;-46.6980006;30160;30.16;1982;33.05;ok;
47;HOSP MUN FERNANDO MAURO PIRES DA ROCHA;CAMPO LIMPO;-23.6490957;-46.7490028;3;HOSPITAL MUNICIPAL GUARAPIRANGA;RIVIERA PAULISTA;-23.6911689;-46.7517858;6940;6.94;738;12.31;ok;
47;HOSP MUN FERNANDO MAURO PIRES DA ROCHA;CAMPO LIMPO;-23.6490957;-46.7490028;4;INSTITUTO DE INFECTOLOGIA EMILIO RIBAS;SUMARE;-23.5470783;-46.6812257;17860;17.86;1449;24.16;ok;
47;HOSP MUN FERNANDO MAURO PIRES DA ROCHA;CAMPO LIMPO;-23.6490957;-46.7490028;5;HOSPITAL DO SERV PUB EST FCO MORATO DE OLIVEIRA SAO PAULO;IBIRAPUERA;-23.5966175;-46.6539691;14250;14.25;1229;20.5;ok;
47;HOSP MUN FERNANDO MAURO PIRES DA ROCHA;CAMPO LIMPO;-23.6490957;-46.7490028;6;HOSPITAL MATERNIDADE INTERLAGOS;JD LEBLON;-23.7069613;-46.7021968;11480;11.48;1154;19.24;ok;
47;HOSP MUN FERNANDO MAURO PIRES DA ROCHA;CAMPO LIMPO;-23.6490957;-46.7490028;7;HOSPITAL GERAL DE PEDREIRA;VILA CAMPO GRANDE;-23.6808407;-46.6783317;10470;10.47;1114;18.58;ok;
47;HOSP MUN FERNANDO MAURO PIRES DA ROCHA;CAMPO LIMPO;-23.6490957;-46.7490028;8;HOSPITAL HELIOPOLIS UNIDADE DE GESTAO ASSISTENCIAL I;V HELIOPOLIS;-23.607115;-46.595253;21860;21.86;2048;34.13;ok;
47;HOSP MUN FERNANDO MAURO PIRES DA ROCHA;CAMPO LIMPO;-23.6490957;-46.7490028;10;HOSPITAL INFANTIL DARCY VARGAS UGA III SAO PAULO;JARDIM GUEDALA;-23.5929419;-46.7109151;10170;10.17;1201;20.02;ok;
47;HOSP MUN FERNANDO MAURO PIRES DA ROCHA;CAMPO LIMPO;-23.6490957;-46.7490028;11;HOSP MUN MATERNIDADE PROFESSOR MARIO DEGNI;VILA ANTONIO;-23.5777487;-46.764842;14290;14.29;1456;24.27;ok;
47;HOSP MUN FERNANDO MAURO PIRES DA ROCHA;CAMPO LIMPO;-23.6490957;-46.7490028;12;HOSPITAL UNIVERSITARIO DA USP SAO PAULO;BUTANTA;-23.5649058;-46.7409515;13210;13.21;1564;26.07;ok;
47;HOSP MUN FERNANDO MAURO PIRES DA ROCHA;CAMPO LIMPO;-23.6490957;-46.7490028;13;CAISM PHILIPPE PINEL SAO PAULO;PIRITUBA;-23.4869816;-46.7239346;30360;30.36;2009;33.49;ok;
47;HOSP MUN FERNANDO MAURO PIRES DA ROCHA;CAMPO LIMPO;-23.6490957;-46.7490028;14;HOSPITAL GERAL HENRIQUE ALTIMEYER DE VILA ALPINA;VILA ALPINA;-23.5930526;-46.5607618;25610;25.61;2434;40.57;ok;
47;HOSP MUN FERNANDO MAURO PIRES DA ROCHA;CAMPO LIMPO;-23.6490957;-46.7490028;16;HOSPITAL GERAL DE SAO MATEUS SAO PAULO;SAO MATEUS;-23.5947358;-46.4867109;52840;52.84;3209;53.49;ok;
47;HOSP MUN FERNANDO MAURO PIRES DA ROCHA;CAMPO LIMPO;-23.6490957;-46.7490028;17;UNIDADE DE GESTAO ASSISTENCIAL II HOSPITAL IPIRANGA SP;IPIRANGA;-23.584203;-46.6116295;20610;20.61;1887;31.46;ok;
47;HOSP MUN FERNANDO MAURO PIRES DA ROCHA;CAMPO LIMPO;-23.6490957;-46.7490028;18;CONJUNTO HOSPITALAR DO MANDAQUI SAO PAULO;SANTANA;-23.4849783;-46.6314355;37470;37.47;2424;40.4;ok;
47;HOSP MUN FERNANDO MAURO PIRES DA ROCHA;CAMPO LIMPO;-23.6490957;-46.7490028;19;HOSPITAL GERAL SANTA MARCELINA DE ITAIM PAULISTA SAO PAULO;ITAIM PAULISTA;-23.4924231;-46.3889814;65470;65.47;3492;58.21;ok;
47;HOSP MUN FERNANDO MAURO PIRES DA ROCHA;CAMPO LIMPO;-23.6490957;-46.7490028;20;HOSP MUN PROF DR WALDOMIRO DE PAULA;ITAQUERA;-23.5321357;-46.4472128;62700;62.7;3435;57.25;ok;
47;HOSP MUN FERNANDO MAURO PIRES DA ROCHA;CAMPO LIMPO;-23.6490957;-46.7490028;21;HOSPITAL GERAL DO GRAJAU PROF LIBER JOHN ALPHONSE DI DIO SP;PARQUE DAS NACOES;-23.691152;-46.5848155;22880;22.88;2181;36.36;ok;
47;HOSP MUN FERNANDO MAURO PIRES DA ROCHA;CAMPO LIMPO;-23.6490957;-46.7490028;22;HOSPITAL E MATERNIDADE LEONOR MENDES DE BARROS SAO PAULO;BELENZINHO;-23.5359031;-46.5887061;39480;39.48;2180;36.34;ok;
47;HOSP MUN FERNANDO MAURO PIRES DA ROCHA;CAMPO LIMPO;-23.6490957;-46.7490028;23;CENTRO DE REFERENCIA E TREINAMENTO DST AIDS SAO PAULO;VILA MARIANA;-23.5966194;-46.6358133;16100;16.1;1434;23.91;ok;
47;HOSP MUN FERNANDO MAURO PIRES DA ROCHA;CAMPO LIMPO;-23.6490957;-46.7490028;24;HOSPITAL MILITAR DE AREA DE SAO PAULO;CAMBUCI;-23.5696701;-46.6134492;21030;21.03;1901;31.68;ok;
47;HOSP MUN FERNANDO MAURO PIRES DA ROCHA;CAMPO LIMPO;-23.6490957;-46.7490028;25;CENTRO DE REFERENCIA DA SAUDE DA MULHER;CAMPOS ELISEOS;-23.5343002;-46.6437496;20200;20.2;1755;29.27;ok;
47;HOSP MUN FERNANDO MAURO PIRES DA ROCHA;CAMPO LIMPO;-23.6490957;-46.7490028;26;HOSP MUN INFANTIL MENINO JESUS;BELA VISTA;-23.56022;-46.6469982;17140;17.14;1543;25.72;ok;
47;HOSP MUN FERNANDO MAURO PIRES DA ROCHA;CAMPO LIMPO;-23.6490957;-46.7490028;28;HOSP MUN MAT ESC DR MARIO DE MORAES A SILVA;VILA NOVA CACHOEIRIN;-23.4802096;-46.6709709;31550;31.55;2082;34.71;ok;
47;HOSP MUN FERNANDO MAURO PIRES DA ROCHA;CAMPO LIMPO;-23.6490957;-46.7490028;29;HOSPITAL GERAL JESUS TEIXEIRA DA COSTA GUAIANASES SAO PAULO;JARDIM SAO PAULO;-23.5523813;-46.4053829;70650;70.65;4013;66.89;ok;
47;HOSP MUN FERNANDO MAURO PIRES DA ROCHA;CAMPO LIMPO;-23.6490957;-46.7490028;30;HOSP MUN DR CARMINO CARICCHIO;TATUAPE;-23.5329502;-46.5664411;40660;40.66;2372;39.54;ok;
47;HOSP MUN FERNANDO MAURO PIRES DA ROCHA;CAMPO LIMPO;-23.6490957;-46.7490028;31;HOSP MUN TIDE SETUBAL;SAO MIGUEL PAULISTA;-23.4973179;-46.439865;58870;58.87;3178;52.98;ok;
47;HOSP MUN FERNANDO MAURO PIRES DA ROCHA;CAMPO LIMPO;-23.6490957;-46.7490028;32;HOSP MUN V NHOCUNE ALEXANDRE ZAIO;VILA NHOCUNE;-23.5424212;-46.5015398;49860;49.86;3019;50.32;ok;
47;HOSP MUN FERNANDO MAURO PIRES DA ROCHA;CAMPO LIMPO;-23.6490957;-46.7490028;33;HOSP MUN JABAQUARA ARTUR RIBEIRO DE SABOYA;JABAQUARA;-23.6533422;-46.6456764;14490;14.49;1437;23.96;ok;
47;HOSP MUN FERNANDO MAURO PIRES DA ROCHA;CAMPO LIMPO;-23.6490957;-46.7490028;34;HOSPITAL KATIA DE SOUZA RODRIGUES TAIPASSP SAO PAULO;PARADA DE TAIPAS;-23.4436996;-46.7177512;34620;34.62;2275;37.93;ok;
47;HOSP MUN FERNANDO MAURO PIRES DA ROCHA;CAMPO LIMPO;-23.6490957;-46.7490028;35;HOSP MUN PROFESSOR DOUTOR ALIPIO CORREA NETTO;VILA PARANAGUA;-23.499644;-46.4729162;51410;51.41;3225;53.77;ok;
47;HOSP MUN FERNANDO MAURO PIRES DA ROCHA;CAMPO LIMPO;-23.6490957;-46.7490028;36;HOSPITAL MUNICIPAL DR BENEDITO MONTENEGRO;JARDIM IVA;-23.5875541;-46.5145716;31380;31.38;2978;49.65;ok;
47;HOSP MUN FERNANDO MAURO PIRES DA ROCHA;CAMPO LIMPO;-23.6490957;-46.7490028;37;HOSP MUN IGNACIO PROENCA DE GOUVEA;PARQUE DA MOOCA;-23.5717374;-46.590166;24400;24.4;2185;36.43;ok;
47;HOSP MUN FERNANDO MAURO PIRES DA ROCHA;CAMPO LIMPO;-23.6490957;-46.7490028;38;HOSPITAL INFANTIL CANDIDO FONTOURA SAO PAULO;AGUA RASA;-23.551918;-46.5852143;24010;24.01;2140;35.68;ok;
47;HOSP MUN FERNANDO MAURO PIRES DA ROCHA;CAMPO LIMPO;-23.6490957;-46.7490028;40;HOSPITAL REGIONAL SUL SAO PAULO;SANTO AMARO;-23.6555597;-46.7058596;5800;5.8;654;10.91;ok;
47;HOSP MUN FERNANDO MAURO PIRES DA ROCHA;CAMPO LIMPO;-23.6490957;-46.7490028;42;HOSPITAL ESTADUAL DE SAPOPEMBA SAO PAULO;JARDIM SAPOPEMBA;-23.611336;-46.493671;37280;37.28;3242;54.04;ok;
47;HOSP MUN FERNANDO MAURO PIRES DA ROCHA;CAMPO LIMPO;-23.6490957;-46.7490028;43;HOSPITAL GERAL DE VILA PENTEADO DR JOSE PANGELLA SAO PAULO;JARDIM IRACEMA;-23.4934229;-46.7008274;27970;27.97;1738;28.97;ok;
47;HOSP MUN FERNANDO MAURO PIRES DA ROCHA;CAMPO LIMPO;-23.6490957;-46.7490028;46;HOSP DO SERV PUB MUNICIPAL HSPM;LIBERDADE;-23.5673424;-46.639071;18260;18.26;1721;28.69;ok;
47;HOSP MUN FERNANDO MAURO PIRES DA ROCHA;CAMPO LIMPO;-23.6490957;-46.7490028;47;HOSP MUN FERNANDO MAURO PIRES DA ROCHA;CAMPO LIMPO;-23.6490957;-46.7490028;0;0.0;0;0.0;ok;
47;HOSP MUN FERNANDO MAURO PIRES DA ROCHA;CAMPO LIMPO;-23.6490957;-46.7490028;48;CENTRO HOSPITALAR DO SISTEMA PENITENCIARIO SAO PAULO;CARANDIRU;-23.5085713;-46.6201015;23370;23.37;2156;35.94;ok;
47;HOSP MUN FERNANDO MAURO PIRES DA ROCHA;CAMPO LIMPO;-23.6490957;-46.7490028;49;HOSP MUN VER JOSE STOROPOLLI;PARQUE NOVO MUNDO;-23.522085;-46.5617446;43140;43.14;2434;40.58;ok;
47;HOSP MUN FERNANDO MAURO PIRES DA ROCHA;CAMPO LIMPO;-23.6490957;-46.7490028;50;CENTRO MEDICO PMESP;TREMEMBE;-23.4690239;-46.6188727;28410;28.41;2720;45.34;ok;
47;HOSP MUN FERNANDO MAURO PIRES DA ROCHA;CAMPO LIMPO;-23.6490957;-46.7490028;51;HOSP MUN CARMEN PRUDENTE;CIDADE TIRADENTES;-23.5833632;-46.4092773;61860;61.86;4068;67.81;ok;
47;HOSP MUN FERNANDO MAURO PIRES DA ROCHA;CAMPO LIMPO;-23.6490957;-46.7490028;53;INSTITUTO DE REABILITACAO LUCY MONTORO;VILA ANDRADE;-23.6322694;-46.7351129;3550;3.55;401;6.7;ok;
47;HOSP MUN FERNANDO MAURO PIRES DA ROCHA;CAMPO LIMPO;-23.6490957;-46.7490028;55;INSTITUTO DO CANCER DO ESTADO DE SAO PAULO;CERQUEIRA CESAR;-23.5561305;-46.6681716;17040;17.04;1376;22.95;ok;
47;HOSP MUN FERNANDO MAURO PIRES DA ROCHA;CAMPO LIMPO;-23.6490957;-46.7490028;56;HOSP MUN SOROCABANA;VILA ROMANA;-23.5238763;-46.7013591;19270;19.27;1565;26.09;ok;
47;HOSP MUN FERNANDO MAURO PIRES DA ROCHA;CAMPO LIMPO;-23.6490957;-46.7490028;57;HOSP MUN GILSON DE CASSIA MARQUES DE CARVALHO;VILA MASCOTE;-23.6470652;-46.662824;11450;11.45;1178;19.64;ok;
47;HOSP MUN FERNANDO MAURO PIRES DA ROCHA;CAMPO LIMPO;-23.6490957;-46.7490028;58;HOSP MUN CAPELA DO SOCORRO;JARDIM DAS IMBUIAS;-23.7296842;-46.7129995;14930;14.93;1573;26.22;ok;
47;HOSP MUN FERNANDO MAURO PIRES DA ROCHA;CAMPO LIMPO;-23.6490957;-46.7490028;59;HOSP MUN JOSANIAS CASTANHA BRAGA;JARDIM ROSCHEL;-23.8247733;-46.7266429;28000;28.0;2442;40.71;ok;
47;HOSP MUN FERNANDO MAURO PIRES DA ROCHA;CAMPO LIMPO;-23.6490957;-46.7490028;233;HOSP MUN SOROCABANA;ALTO DE PINHEIROS;-23.5375934;-46.7227993;18650;18.65;1312;21.87;ok;
48;CENTRO HOSPITALAR DO SISTEMA PENITENCIARIO SAO PAULO;CARANDIRU;-23.5085713;-46.6201015;1;HOSPITAL MUNICIPAL SANTA DULCE DOS POBRES;CONSOLACAO;-23.5573928;-46.6562429;8270;8.27;1035;17.26;ok;
48;CENTRO HOSPITALAR DO SISTEMA PENITENCIARIO SAO PAULO;CARANDIRU;-23.5085713;-46.6201015;2;HOSPITAL MUNICIPAL BRASILANDIA;JARDIM MARISTELA;-23.476544;-46.6980006;14690;14.69;1150;19.17;ok;
48;CENTRO HOSPITALAR DO SISTEMA PENITENCIARIO SAO PAULO;CARANDIRU;-23.5085713;-46.6201015;3;HOSPITAL MUNICIPAL GUARAPIRANGA;RIVIERA PAULISTA;-23.6911689;-46.7517858;40720;40.72;2475;41.26;ok;
48;CENTRO HOSPITALAR DO SISTEMA PENITENCIARIO SAO PAULO;CARANDIRU;-23.5085713;-46.6201015;4;INSTITUTO DE INFECTOLOGIA EMILIO RIBAS;SUMARE;-23.5470783;-46.6812257;11080;11.08;1069;17.83;ok;
48;CENTRO HOSPITALAR DO SISTEMA PENITENCIARIO SAO PAULO;CARANDIRU;-23.5085713;-46.6201015;5;HOSPITAL DO SERV PUB EST FCO MORATO DE OLIVEIRA SAO PAULO;IBIRAPUERA;-23.5966175;-46.6539691;12040;12.04;1285;21.42;ok;
48;CENTRO HOSPITALAR DO SISTEMA PENITENCIARIO SAO PAULO;CARANDIRU;-23.5085713;-46.6201015;6;HOSPITAL MATERNIDADE INTERLAGOS;JD LEBLON;-23.7069613;-46.7021968;42020;42.02;2610;43.51;ok;
48;CENTRO HOSPITALAR DO SISTEMA PENITENCIARIO SAO PAULO;CARANDIRU;-23.5085713;-46.6201015;7;HOSPITAL GERAL DE PEDREIRA;VILA CAMPO GRANDE;-23.6808407;-46.6783317;23780;23.78;2461;41.03;ok;
48;CENTRO HOSPITALAR DO SISTEMA PENITENCIARIO SAO PAULO;CARANDIRU;-23.5085713;-46.6201015;8;HOSPITAL HELIOPOLIS UNIDADE DE GESTAO ASSISTENCIAL I;V HELIOPOLIS;-23.607115;-46.595253;13600;13.6;1436;23.93;ok;
48;CENTRO HOSPITALAR DO SISTEMA PENITENCIARIO SAO PAULO;CARANDIRU;-23.5085713;-46.6201015;10;HOSPITAL INFANTIL DARCY VARGAS UGA III SAO PAULO;JARDIM GUEDALA;-23.5929419;-46.7109151;27700;27.7;1698;28.32;ok;
48;CENTRO HOSPITALAR DO SISTEMA PENITENCIARIO SAO PAULO;CARANDIRU;-23.5085713;-46.6201015;11;HOSP MUN MATERNIDADE PROFESSOR MARIO DEGNI;VILA ANTONIO;-23.5777487;-46.764842;24020;24.02;1611;26.86;ok;
48;CENTRO HOSPITALAR DO SISTEMA PENITENCIARIO SAO PAULO;CARANDIRU;-23.5085713;-46.6201015;12;HOSPITAL UNIVERSITARIO DA USP SAO PAULO;BUTANTA;-23.5649058;-46.7409515;22090;22.09;1512;25.2;ok;
48;CENTRO HOSPITALAR DO SISTEMA PENITENCIARIO SAO PAULO;CARANDIRU;-23.5085713;-46.6201015;13;CAISM PHILIPPE PINEL SAO PAULO;PIRITUBA;-23.4869816;-46.7239346;14890;14.89;1176;19.61;ok;
48;CENTRO HOSPITALAR DO SISTEMA PENITENCIARIO SAO PAULO;CARANDIRU;-23.5085713;-46.6201015;14;HOSPITAL GERAL HENRIQUE ALTIMEYER DE VILA ALPINA;VILA ALPINA;-23.5930526;-46.5607618;14430;14.43;1381;23.03;ok;
48;CENTRO HOSPITALAR DO SISTEMA PENITENCIARIO SAO PAULO;CARANDIRU;-23.5085713;-46.6201015;16;HOSPITAL GERAL DE SAO MATEUS SAO PAULO;SAO MATEUS;-23.5947358;-46.4867109;20820;20.82;1816;30.27;ok;
48;CENTRO HOSPITALAR DO SISTEMA PENITENCIARIO SAO PAULO;CARANDIRU;-23.5085713;-46.6201015;17;UNIDADE DE GESTAO ASSISTENCIAL II HOSPITAL IPIRANGA SP;IPIRANGA;-23.584203;-46.6116295;10360;10.36;1163;19.38;ok;
48;CENTRO HOSPITALAR DO SISTEMA PENITENCIARIO SAO PAULO;CARANDIRU;-23.5085713;-46.6201015;18;CONJUNTO HOSPITALAR DO MANDAQUI SAO PAULO;SANTANA;-23.4849783;-46.6314355;4630;4.63;588;9.81;ok;
48;CENTRO HOSPITALAR DO SISTEMA PENITENCIARIO SAO PAULO;CARANDIRU;-23.5085713;-46.6201015;19;HOSPITAL GERAL SANTA MARCELINA DE ITAIM PAULISTA SAO PAULO;ITAIM PAULISTA;-23.4924231;-46.3889814;33440;33.44;2098;34.98;ok;
48;CENTRO HOSPITALAR DO SISTEMA PENITENCIARIO SAO PAULO;CARANDIRU;-23.5085713;-46.6201015;20;HOSP MUN PROF DR WALDOMIRO DE PAULA;ITAQUERA;-23.5321357;-46.4472128;30680;30.68;2041;34.02;ok;
48;CENTRO HOSPITALAR DO SISTEMA PENITENCIARIO SAO PAULO;CARANDIRU;-23.5085713;-46.6201015;21;HOSPITAL GERAL DO GRAJAU PROF LIBER JOHN ALPHONSE DI DIO SP;PARQUE DAS NACOES;-23.691152;-46.5848155;25620;25.62;2238;37.3;ok;
48;CENTRO HOSPITALAR DO SISTEMA PENITENCIARIO SAO PAULO;CARANDIRU;-23.5085713;-46.6201015;22;HOSPITAL E MATERNIDADE LEONOR MENDES DE BARROS SAO PAULO;BELENZINHO;-23.5359031;-46.5887061;7460;7.46;786;13.11;ok;
48;CENTRO HOSPITALAR DO SISTEMA PENITENCIARIO SAO PAULO;CARANDIRU;-23.5085713;-46.6201015;23;CENTRO DE REFERENCIA E TREINAMENTO DST AIDS SAO PAULO;VILA MARIANA;-23.5966194;-46.6358133;11670;11.67;1364;22.73;ok;
48;CENTRO HOSPITALAR DO SISTEMA PENITENCIARIO SAO PAULO;CARANDIRU;-23.5085713;-46.6201015;24;HOSPITAL MILITAR DE AREA DE SAO PAULO;CAMBUCI;-23.5696701;-46.6134492;8970;8.97;1034;17.25;ok;
48;CENTRO HOSPITALAR DO SISTEMA PENITENCIARIO SAO PAULO;CARANDIRU;-23.5085713;-46.6201015;25;CENTRO DE REFERENCIA DA SAUDE DA MULHER;CAMPOS ELISEOS;-23.5343002;-46.6437496;5980;5.98;759;12.66;ok;
48;CENTRO HOSPITALAR DO SISTEMA PENITENCIARIO SAO PAULO;CARANDIRU;-23.5085713;-46.6201015;26;HOSP MUN INFANTIL MENINO JESUS;BELA VISTA;-23.56022;-46.6469982;8160;8.16;1036;17.28;ok;
48;CENTRO HOSPITALAR DO SISTEMA PENITENCIARIO SAO PAULO;CARANDIRU;-23.5085713;-46.6201015;28;HOSP MUN MAT ESC DR MARIO DE MORAES A SILVA;VILA NOVA CACHOEIRIN;-23.4802096;-46.6709709;9400;9.4;953;15.89;ok;
48;CENTRO HOSPITALAR DO SISTEMA PENITENCIARIO SAO PAULO;CARANDIRU;-23.5085713;-46.6201015;29;HOSPITAL GERAL JESUS TEIXEIRA DA COSTA GUAIANASES SAO PAULO;JARDIM SAO PAULO;-23.5523813;-46.4053829;38630;38.63;2619;43.66;ok;
48;CENTRO HOSPITALAR DO SISTEMA PENITENCIARIO SAO PAULO;CARANDIRU;-23.5085713;-46.6201015;30;HOSP MUN DR CARMINO CARICCHIO;TATUAPE;-23.5329502;-46.5664411;8640;8.64;978;16.31;ok;
48;CENTRO HOSPITALAR DO SISTEMA PENITENCIARIO SAO PAULO;CARANDIRU;-23.5085713;-46.6201015;31;HOSP MUN TIDE SETUBAL;SAO MIGUEL PAULISTA;-23.4973179;-46.439865;26850;26.85;1784;29.75;ok;
48;CENTRO HOSPITALAR DO SISTEMA PENITENCIARIO SAO PAULO;CARANDIRU;-23.5085713;-46.6201015;32;HOSP MUN V NHOCUNE ALEXANDRE ZAIO;VILA NHOCUNE;-23.5424212;-46.5015398;17830;17.83;1625;27.09;ok;
48;CENTRO HOSPITALAR DO SISTEMA PENITENCIARIO SAO PAULO;CARANDIRU;-23.5085713;-46.6201015;33;HOSP MUN JABAQUARA ARTUR RIBEIRO DE SABOYA;JABAQUARA;-23.6533422;-46.6456764;19210;19.21;2050;34.17;ok;
48;CENTRO HOSPITALAR DO SISTEMA PENITENCIARIO SAO PAULO;CARANDIRU;-23.5085713;-46.6201015;34;HOSPITAL KATIA DE SOUZA RODRIGUES TAIPASSP SAO PAULO;PARADA DE TAIPAS;-23.4436996;-46.7177512;19150;19.15;1442;24.05;ok;
48;CENTRO HOSPITALAR DO SISTEMA PENITENCIARIO SAO PAULO;CARANDIRU;-23.5085713;-46.6201015;35;HOSP MUN PROFESSOR DOUTOR ALIPIO CORREA NETTO;VILA PARANAGUA;-23.499644;-46.4729162;19390;19.39;1832;30.54;ok;
48;CENTRO HOSPITALAR DO SISTEMA PENITENCIARIO SAO PAULO;CARANDIRU;-23.5085713;-46.6201015;36;HOSPITAL MUNICIPAL DR BENEDITO MONTENEGRO;JARDIM IVA;-23.5875541;-46.5145716;17030;17.03;1730;28.84;ok;
48;CENTRO HOSPITALAR DO SISTEMA PENITENCIARIO SAO PAULO;CARANDIRU;-23.5085713;-46.6201015;37;HOSP MUN IGNACIO PROENCA DE GOUVEA;PARQUE DA MOOCA;-23.5717374;-46.590166;9500;9.5;1076;17.95;ok;
48;CENTRO HOSPITALAR DO SISTEMA PENITENCIARIO SAO PAULO;CARANDIRU;-23.5085713;-46.6201015;38;HOSPITAL INFANTIL CANDIDO FONTOURA SAO PAULO;AGUA RASA;-23.551918;-46.5852143;8300;8.3;910;15.18;ok;
48;CENTRO HOSPITALAR DO SISTEMA PENITENCIARIO SAO PAULO;CARANDIRU;-23.5085713;-46.6201015;40;HOSPITAL REGIONAL SUL SAO PAULO;SANTO AMARO;-23.6555597;-46.7058596;36590;36.59;2156;35.94;ok;
48;CENTRO HOSPITALAR DO SISTEMA PENITENCIARIO SAO PAULO;CARANDIRU;-23.5085713;-46.6201015;42;HOSPITAL ESTADUAL DE SAPOPEMBA SAO PAULO;JARDIM SAPOPEMBA;-23.611336;-46.493671;22960;22.96;2073;34.56;ok;
48;CENTRO HOSPITALAR DO SISTEMA PENITENCIARIO SAO PAULO;CARANDIRU;-23.5085713;-46.6201015;43;HOSPITAL GERAL DE VILA PENTEADO DR JOSE PANGELLA SAO PAULO;JARDIM IRACEMA;-23.4934229;-46.7008274;12500;12.5;905;15.09;ok;
48;CENTRO HOSPITALAR DO SISTEMA PENITENCIARIO SAO PAULO;CARANDIRU;-23.5085713;-46.6201015;46;HOSP DO SERV PUB MUNICIPAL HSPM;LIBERDADE;-23.5673424;-46.639071;8080;8.08;1017;16.97;ok;
48;CENTRO HOSPITALAR DO SISTEMA PENITENCIARIO SAO PAULO;CARANDIRU;-23.5085713;-46.6201015;47;HOSP MUN FERNANDO MAURO PIRES DA ROCHA;CAMPO LIMPO;-23.6490957;-46.7490028;35710;35.71;2020;33.68;ok;
48;CENTRO HOSPITALAR DO SISTEMA PENITENCIARIO SAO PAULO;CARANDIRU;-23.5085713;-46.6201015;48;CENTRO HOSPITALAR DO SISTEMA PENITENCIARIO SAO PAULO;CARANDIRU;-23.5085713;-46.6201015;0;0.0;0;0.0;ok;
48;CENTRO HOSPITALAR DO SISTEMA PENITENCIARIO SAO PAULO;CARANDIRU;-23.5085713;-46.6201015;49;HOSP MUN VER JOSE STOROPOLLI;PARQUE NOVO MUNDO;-23.522085;-46.5617446;8800;8.8;1031;17.2;ok;
48;CENTRO HOSPITALAR DO SISTEMA PENITENCIARIO SAO PAULO;CARANDIRU;-23.5085713;-46.6201015;50;CENTRO MEDICO PMESP;TREMEMBE;-23.4690239;-46.6188727;6610;6.61;772;12.87;ok;
48;CENTRO HOSPITALAR DO SISTEMA PENITENCIARIO SAO PAULO;CARANDIRU;-23.5085713;-46.6201015;51;HOSP MUN CARMEN PRUDENTE;CIDADE TIRADENTES;-23.5833632;-46.4092773;29840;29.84;2674;44.58;ok;
48;CENTRO HOSPITALAR DO SISTEMA PENITENCIARIO SAO PAULO;CARANDIRU;-23.5085713;-46.6201015;53;INSTITUTO DE REABILITACAO LUCY MONTORO;VILA ANDRADE;-23.6322694;-46.7351129;33530;33.53;1885;31.43;ok;
48;CENTRO HOSPITALAR DO SISTEMA PENITENCIARIO SAO PAULO;CARANDIRU;-23.5085713;-46.6201015;55;INSTITUTO DO CANCER DO ESTADO DE SAO PAULO;CERQUEIRA CESAR;-23.5561305;-46.6681716;11310;11.31;1206;20.12;ok;
48;CENTRO HOSPITALAR DO SISTEMA PENITENCIARIO SAO PAULO;CARANDIRU;-23.5085713;-46.6201015;56;HOSP MUN SOROCABANA;VILA ROMANA;-23.5238763;-46.7013591;11970;11.97;1016;16.94;ok;
48;CENTRO HOSPITALAR DO SISTEMA PENITENCIARIO SAO PAULO;CARANDIRU;-23.5085713;-46.6201015;57;HOSP MUN GILSON DE CASSIA MARQUES DE CARVALHO;VILA MASCOTE;-23.6470652;-46.662824;19060;19.06;1962;32.7;ok;
48;CENTRO HOSPITALAR DO SISTEMA PENITENCIARIO SAO PAULO;CARANDIRU;-23.5085713;-46.6201015;58;HOSP MUN CAPELA DO SOCORRO;JARDIM DAS IMBUIAS;-23.7296842;-46.7129995;45470;45.47;3029;50.49;ok;
48;CENTRO HOSPITALAR DO SISTEMA PENITENCIARIO SAO PAULO;CARANDIRU;-23.5085713;-46.6201015;59;HOSP MUN JOSANIAS CASTANHA BRAGA;JARDIM ROSCHEL;-23.8247733;-46.7266429;58540;58.54;3899;64.99;ok;
48;CENTRO HOSPITALAR DO SISTEMA PENITENCIARIO SAO PAULO;CARANDIRU;-23.5085713;-46.6201015;233;HOSP MUN SOROCABANA;ALTO DE PINHEIROS;-23.5375934;-46.7227993;16920;16.92;1336;22.27;ok;
49;HOSP MUN VER JOSE STOROPOLLI;PARQUE NOVO MUNDO;-23.522085;-46.5617446;1;HOSPITAL MUNICIPAL SANTA DULCE DOS POBRES;CONSOLACAO;-23.5573928;-46.6562429;14100;14.1;1312;21.88;ok;
49;HOSP MUN VER JOSE STOROPOLLI;PARQUE NOVO MUNDO;-23.522085;-46.5617446;2;HOSPITAL MUNICIPAL BRASILANDIA;JARDIM MARISTELA;-23.476544;-46.6980006;19750;19.75;1277;21.29;ok;
49;HOSP MUN VER JOSE STOROPOLLI;PARQUE NOVO MUNDO;-23.522085;-46.5617446;3;HOSPITAL MUNICIPAL GUARAPIRANGA;RIVIERA PAULISTA;-23.6911689;-46.7517858;45780;45.78;2602;43.38;ok;
49;HOSP MUN VER JOSE STOROPOLLI;PARQUE NOVO MUNDO;-23.522085;-46.5617446;4;INSTITUTO DE INFECTOLOGIA EMILIO RIBAS;SUMARE;-23.5470783;-46.6812257;16140;16.14;1197;19.95;ok;
49;HOSP MUN VER JOSE STOROPOLLI;PARQUE NOVO MUNDO;-23.522085;-46.5617446;5;HOSPITAL DO SERV PUB EST FCO MORATO DE OLIVEIRA SAO PAULO;IBIRAPUERA;-23.5966175;-46.6539691;17870;17.87;1561;26.03;ok;
49;HOSP MUN VER JOSE STOROPOLLI;PARQUE NOVO MUNDO;-23.522085;-46.5617446;6;HOSPITAL MATERNIDADE INTERLAGOS;JD LEBLON;-23.7069613;-46.7021968;47080;47.08;2738;45.63;ok;
49;HOSP MUN VER JOSE STOROPOLLI;PARQUE NOVO MUNDO;-23.522085;-46.5617446;7;HOSPITAL GERAL DE PEDREIRA;VILA CAMPO GRANDE;-23.6808407;-46.6783317;46070;46.07;2698;44.97;ok;
49;HOSP MUN VER JOSE STOROPOLLI;PARQUE NOVO MUNDO;-23.522085;-46.5617446;8;HOSPITAL HELIOPOLIS UNIDADE DE GESTAO ASSISTENCIAL I;V HELIOPOLIS;-23.607115;-46.595253;14620;14.62;1466;24.44;ok;
49;HOSP MUN VER JOSE STOROPOLLI;PARQUE NOVO MUNDO;-23.522085;-46.5617446;10;HOSPITAL INFANTIL DARCY VARGAS UGA III SAO PAULO;JARDIM GUEDALA;-23.5929419;-46.7109151;32759;32.76;1826;30.44;ok;
49;HOSP MUN VER JOSE STOROPOLLI;PARQUE NOVO MUNDO;-23.522085;-46.5617446;11;HOSP MUN MATERNIDADE PROFESSOR MARIO DEGNI;VILA ANTONIO;-23.5777487;-46.764842;29080;29.08;1739;28.99;ok;
49;HOSP MUN VER JOSE STOROPOLLI;PARQUE NOVO MUNDO;-23.522085;-46.5617446;12;HOSPITAL UNIVERSITARIO DA USP SAO PAULO;BUTANTA;-23.5649058;-46.7409515;27150;27.15;1639;27.32;ok;
49;HOSP MUN VER JOSE STOROPOLLI;PARQUE NOVO MUNDO;-23.522085;-46.5617446;13;CAISM PHILIPPE PINEL SAO PAULO;PIRITUBA;-23.4869816;-46.7239346;19950;19.95;1303;21.73;ok;
49;HOSP MUN VER JOSE STOROPOLLI;PARQUE NOVO MUNDO;-23.522085;-46.5617446;14;HOSPITAL GERAL HENRIQUE ALTIMEYER DE VILA ALPINA;VILA ALPINA;-23.5930526;-46.5607618;11370;11.37;1054;17.58;ok;
49;HOSP MUN VER JOSE STOROPOLLI;PARQUE NOVO MUNDO;-23.522085;-46.5617446;16;HOSPITAL GERAL DE SAO MATEUS SAO PAULO;SAO MATEUS;-23.5947358;-46.4867109;13840;13.84;1303;21.73;ok;
49;HOSP MUN VER JOSE STOROPOLLI;PARQUE NOVO MUNDO;-23.522085;-46.5617446;17;UNIDADE DE GESTAO ASSISTENCIAL II HOSPITAL IPIRANGA SP;IPIRANGA;-23.584203;-46.6116295;12640;12.64;1282;21.38;ok;
49;HOSP MUN VER JOSE STOROPOLLI;PARQUE NOVO MUNDO;-23.522085;-46.5617446;18;CONJUNTO HOSPITALAR DO MANDAQUI SAO PAULO;SANTANA;-23.4849783;-46.6314355;11640;11.64;1036;17.28;ok;
49;HOSP MUN VER JOSE STOROPOLLI;PARQUE NOVO MUNDO;-23.522085;-46.5617446;19;HOSPITAL GERAL SANTA MARCELINA DE ITAIM PAULISTA SAO PAULO;ITAIM PAULISTA;-23.4924231;-46.3889814;27330;27.33;1758;29.31;ok;
49;HOSP MUN VER JOSE STOROPOLLI;PARQUE NOVO MUNDO;-23.522085;-46.5617446;20;HOSP MUN PROF DR WALDOMIRO DE PAULA;ITAQUERA;-23.5321357;-46.4472128;16450;16.45;1634;27.24;ok;
49;HOSP MUN VER JOSE STOROPOLLI;PARQUE NOVO MUNDO;-23.522085;-46.5617446;21;HOSPITAL GERAL DO GRAJAU PROF LIBER JOHN ALPHONSE DI DIO SP;PARQUE DAS NACOES;-23.691152;-46.5848155;26400;26.4;2205;36.77;ok;
49;HOSP MUN VER JOSE STOROPOLLI;PARQUE NOVO MUNDO;-23.522085;-46.5617446;22;HOSPITAL E MATERNIDADE LEONOR MENDES DE BARROS SAO PAULO;BELENZINHO;-23.5359031;-46.5887061;4400;4.4;459;7.66;ok;
49;HOSP MUN VER JOSE STOROPOLLI;PARQUE NOVO MUNDO;-23.522085;-46.5617446;23;CENTRO DE REFERENCIA E TREINAMENTO DST AIDS SAO PAULO;VILA MARIANA;-23.5966194;-46.6358133;17500;17.5;1640;27.35;ok;
49;HOSP MUN VER JOSE STOROPOLLI;PARQUE NOVO MUNDO;-23.522085;-46.5617446;24;HOSPITAL MILITAR DE AREA DE SAO PAULO;CAMBUCI;-23.5696701;-46.6134492;11600;11.6;1237;20.62;ok;
49;HOSP MUN VER JOSE STOROPOLLI;PARQUE NOVO MUNDO;-23.522085;-46.5617446;25;CENTRO DE REFERENCIA DA SAUDE DA MULHER;CAMPOS ELISEOS;-23.5343002;-46.6437496;13080;13.08;972;16.21;ok;
49;HOSP MUN VER JOSE STOROPOLLI;PARQUE NOVO MUNDO;-23.522085;-46.5617446;26;HOSP MUN INFANTIL MENINO JESUS;BELA VISTA;-23.56022;-46.6469982;13990;13.99;1313;21.89;ok;
49;HOSP MUN VER JOSE STOROPOLLI;PARQUE NOVO MUNDO;-23.522085;-46.5617446;28;HOSP MUN MAT ESC DR MARIO DE MORAES A SILVA;VILA NOVA CACHOEIRIN;-23.4802096;-46.6709709;17860;17.86;1181;19.69;ok;
49;HOSP MUN VER JOSE STOROPOLLI;PARQUE NOVO MUNDO;-23.522085;-46.5617446;29;HOSPITAL GERAL JESUS TEIXEIRA DA COSTA GUAIANASES SAO PAULO;JARDIM SAO PAULO;-23.5523813;-46.4053829;22380;22.38;2140;35.68;ok;
49;HOSP MUN VER JOSE STOROPOLLI;PARQUE NOVO MUNDO;-23.522085;-46.5617446;30;HOSP MUN DR CARMINO CARICCHIO;TATUAPE;-23.5329502;-46.5664411;4350;4.35;526;8.78;ok;
49;HOSP MUN VER JOSE STOROPOLLI;PARQUE NOVO MUNDO;-23.522085;-46.5617446;31;HOSP MUN TIDE SETUBAL;SAO MIGUEL PAULISTA;-23.4973179;-46.439865;20740;20.74;1444;24.08;ok;
49;HOSP MUN VER JOSE STOROPOLLI;PARQUE NOVO MUNDO;-23.522085;-46.5617446;32;HOSP MUN V NHOCUNE ALEXANDRE ZAIO;VILA NHOCUNE;-23.5424212;-46.5015398;10860;10.86;1113;18.56;ok;
49;HOSP MUN VER JOSE STOROPOLLI;PARQUE NOVO MUNDO;-23.522085;-46.5617446;33;HOSP MUN JABAQUARA ARTUR RIBEIRO DE SABOYA;JABAQUARA;-23.6533422;-46.6456764;22850;22.85;2302;38.38;ok;
49;HOSP MUN VER JOSE STOROPOLLI;PARQUE NOVO MUNDO;-23.522085;-46.5617446;34;HOSPITAL KATIA DE SOUZA RODRIGUES TAIPASSP SAO PAULO;PARADA DE TAIPAS;-23.4436996;-46.7177512;24220;24.22;1570;26.17;ok;
49;HOSP MUN VER JOSE STOROPOLLI;PARQUE NOVO MUNDO;-23.522085;-46.5617446;35;HOSP MUN PROFESSOR DOUTOR ALIPIO CORREA NETTO;VILA PARANAGUA;-23.499644;-46.4729162;12710;12.71;1417;23.62;ok;
49;HOSP MUN VER JOSE STOROPOLLI;PARQUE NOVO MUNDO;-23.522085;-46.5617446;36;HOSPITAL MUNICIPAL DR BENEDITO MONTENEGRO;JARDIM IVA;-23.5875541;-46.5145716;12790;12.79;1219;20.32;ok;
49;HOSP MUN VER JOSE STOROPOLLI;PARQUE NOVO MUNDO;-23.522085;-46.5617446;37;HOSP MUN IGNACIO PROENCA DE GOUVEA;PARQUE DA MOOCA;-23.5717374;-46.590166;9580;9.58;927;15.46;ok;
49;HOSP MUN VER JOSE STOROPOLLI;PARQUE NOVO MUNDO;-23.522085;-46.5617446;38;HOSPITAL INFANTIL CANDIDO FONTOURA SAO PAULO;AGUA RASA;-23.551918;-46.5852143;7080;7.08;691;11.53;ok;
49;HOSP MUN VER JOSE STOROPOLLI;PARQUE NOVO MUNDO;-23.522085;-46.5617446;40;HOSPITAL REGIONAL SUL SAO PAULO;SANTO AMARO;-23.6555597;-46.7058596;41650;41.65;2283;38.06;ok;
49;HOSP MUN VER JOSE STOROPOLLI;PARQUE NOVO MUNDO;-23.522085;-46.5617446;42;HOSPITAL ESTADUAL DE SAPOPEMBA SAO PAULO;JARDIM SAPOPEMBA;-23.611336;-46.493671;15980;15.98;1561;26.02;ok;
49;HOSP MUN VER JOSE STOROPOLLI;PARQUE NOVO MUNDO;-23.522085;-46.5617446;43;HOSPITAL GERAL DE VILA PENTEADO DR JOSE PANGELLA SAO PAULO;JARDIM IRACEMA;-23.4934229;-46.7008274;17560;17.56;1032;17.21;ok;
49;HOSP MUN VER JOSE STOROPOLLI;PARQUE NOVO MUNDO;-23.522085;-46.5617446;46;HOSP DO SERV PUB MUNICIPAL HSPM;LIBERDADE;-23.5673424;-46.639071;11660;11.66;1201;20.02;ok;
49;HOSP MUN VER JOSE STOROPOLLI;PARQUE NOVO MUNDO;-23.522085;-46.5617446;47;HOSP MUN FERNANDO MAURO PIRES DA ROCHA;CAMPO LIMPO;-23.6490957;-46.7490028;40770;40.77;2148;35.8;ok;
49;HOSP MUN VER JOSE STOROPOLLI;PARQUE NOVO MUNDO;-23.522085;-46.5617446;48;CENTRO HOSPITALAR DO SISTEMA PENITENCIARIO SAO PAULO;CARANDIRU;-23.5085713;-46.6201015;7950;7.95;616;10.27;ok;
49;HOSP MUN VER JOSE STOROPOLLI;PARQUE NOVO MUNDO;-23.522085;-46.5617446;49;HOSP MUN VER JOSE STOROPOLLI;PARQUE NOVO MUNDO;-23.522085;-46.5617446;0;0.0;0;0.0;ok;
49;HOSP MUN VER JOSE STOROPOLLI;PARQUE NOVO MUNDO;-23.522085;-46.5617446;50;CENTRO MEDICO PMESP;TREMEMBE;-23.4690239;-46.6188727;13200;13.2;1189;19.83;ok;
49;HOSP MUN VER JOSE STOROPOLLI;PARQUE NOVO MUNDO;-23.522085;-46.5617446;51;HOSP MUN CARMEN PRUDENTE;CIDADE TIRADENTES;-23.5833632;-46.4092773;22870;22.87;2162;36.05;ok;
49;HOSP MUN VER JOSE STOROPOLLI;PARQUE NOVO MUNDO;-23.522085;-46.5617446;53;INSTITUTO DE REABILITACAO LUCY MONTORO;VILA ANDRADE;-23.6322694;-46.7351129;38590;38.59;2013;33.55;ok;
49;HOSP MUN VER JOSE STOROPOLLI;PARQUE NOVO MUNDO;-23.522085;-46.5617446;55;INSTITUTO DO CANCER DO ESTADO DE SAO PAULO;CERQUEIRA CESAR;-23.5561305;-46.6681716;16379;16.38;1334;22.24;ok;
49;HOSP MUN VER JOSE STOROPOLLI;PARQUE NOVO MUNDO;-23.522085;-46.5617446;56;HOSP MUN SOROCABANA;VILA ROMANA;-23.5238763;-46.7013591;17040;17.04;1143;19.06;ok;
49;HOSP MUN VER JOSE STOROPOLLI;PARQUE NOVO MUNDO;-23.522085;-46.5617446;57;HOSP MUN GILSON DE CASSIA MARQUES DE CARVALHO;VILA MASCOTE;-23.6470652;-46.662824;24890;24.89;2239;37.32;ok;
49;HOSP MUN VER JOSE STOROPOLLI;PARQUE NOVO MUNDO;-23.522085;-46.5617446;58;HOSP MUN CAPELA DO SOCORRO;JARDIM DAS IMBUIAS;-23.7296842;-46.7129995;50530;50.53;3156;52.62;ok;
49;HOSP MUN VER JOSE STOROPOLLI;PARQUE NOVO MUNDO;-23.522085;-46.5617446;59;HOSP MUN JOSANIAS CASTANHA BRAGA;JARDIM ROSCHEL;-23.8247733;-46.7266429;63600;63.6;4026;67.11;ok;
49;HOSP MUN VER JOSE STOROPOLLI;PARQUE NOVO MUNDO;-23.522085;-46.5617446;233;HOSP MUN SOROCABANA;ALTO DE PINHEIROS;-23.5375934;-46.7227993;21980;21.98;1463;24.39;ok;
50;CENTRO MEDICO PMESP;TREMEMBE;-23.4690239;-46.6188727;1;HOSPITAL MUNICIPAL SANTA DULCE DOS POBRES;CONSOLACAO;-23.5573928;-46.6562429;12590;12.59;1537;25.62;ok;
50;CENTRO MEDICO PMESP;TREMEMBE;-23.4690239;-46.6188727;2;HOSPITAL MUNICIPAL BRASILANDIA;JARDIM MARISTELA;-23.476544;-46.6980006;13690;13.69;1363;22.72;ok;
50;CENTRO MEDICO PMESP;TREMEMBE;-23.4690239;-46.6188727;3;HOSPITAL MUNICIPAL GUARAPIRANGA;RIVIERA PAULISTA;-23.6911689;-46.7517858;43940;43.94;3066;51.11;ok;
50;CENTRO MEDICO PMESP;TREMEMBE;-23.4690239;-46.6188727;4;INSTITUTO DE INFECTOLOGIA EMILIO RIBAS;SUMARE;-23.5470783;-46.6812257;13990;13.99;1505;25.09;ok;
50;CENTRO MEDICO PMESP;TREMEMBE;-23.4690239;-46.6188727;5;HOSPITAL DO SERV PUB EST FCO MORATO DE OLIVEIRA SAO PAULO;IBIRAPUERA;-23.5966175;-46.6539691;16360;16.36;1786;29.78;ok;
50;CENTRO MEDICO PMESP;TREMEMBE;-23.4690239;-46.6188727;6;HOSPITAL MATERNIDADE INTERLAGOS;JD LEBLON;-23.7069613;-46.7021968;45230;45.23;3201;53.36;ok;
50;CENTRO MEDICO PMESP;TREMEMBE;-23.4690239;-46.6188727;7;HOSPITAL GERAL DE PEDREIRA;VILA CAMPO GRANDE;-23.6808407;-46.6783317;28100;28.1;2963;49.39;ok;
50;CENTRO MEDICO PMESP;TREMEMBE;-23.4690239;-46.6188727;8;HOSPITAL HELIOPOLIS UNIDADE DE GESTAO ASSISTENCIAL I;V HELIOPOLIS;-23.607115;-46.595253;18550;18.55;1987;33.13;ok;
50;CENTRO MEDICO PMESP;TREMEMBE;-23.4690239;-46.6188727;10;HOSPITAL INFANTIL DARCY VARGAS UGA III SAO PAULO;JARDIM GUEDALA;-23.5929419;-46.7109151;19860;19.86;2239;37.33;ok;
50;CENTRO MEDICO PMESP;TREMEMBE;-23.4690239;-46.6188727;11;HOSP MUN MATERNIDADE PROFESSOR MARIO DEGNI;VILA ANTONIO;-23.5777487;-46.764842;27230;27.23;2202;36.71;ok;
50;CENTRO MEDICO PMESP;TREMEMBE;-23.4690239;-46.6188727;12;HOSPITAL UNIVERSITARIO DA USP SAO PAULO;BUTANTA;-23.5649058;-46.7409515;25300;25.3;2102;35.05;ok;
50;CENTRO MEDICO PMESP;TREMEMBE;-23.4690239;-46.6188727;13;CAISM PHILIPPE PINEL SAO PAULO;PIRITUBA;-23.4869816;-46.7239346;18200;18.2;1654;27.57;ok;
50;CENTRO MEDICO PMESP;TREMEMBE;-23.4690239;-46.6188727;14;HOSPITAL GERAL HENRIQUE ALTIMEYER DE VILA ALPINA;VILA ALPINA;-23.5930526;-46.5607618;24510;24.51;1953;32.56;ok;
50;CENTRO MEDICO PMESP;TREMEMBE;-23.4690239;-46.6188727;16;HOSPITAL GERAL DE SAO MATEUS SAO PAULO;SAO MATEUS;-23.5947358;-46.4867109;26440;26.44;2213;36.88;ok;
50;CENTRO MEDICO PMESP;TREMEMBE;-23.4690239;-46.6188727;17;UNIDADE DE GESTAO ASSISTENCIAL II HOSPITAL IPIRANGA SP;IPIRANGA;-23.584203;-46.6116295;15320;15.32;1714;28.58;ok;
50;CENTRO MEDICO PMESP;TREMEMBE;-23.4690239;-46.6188727;18;CONJUNTO HOSPITALAR DO MANDAQUI SAO PAULO;SANTANA;-23.4849783;-46.6314355;3850;3.85;463;7.72;ok;
50;CENTRO MEDICO PMESP;TREMEMBE;-23.4690239;-46.6188727;19;HOSPITAL GERAL SANTA MARCELINA DE ITAIM PAULISTA SAO PAULO;ITAIM PAULISTA;-23.4924231;-46.3889814;36920;36.92;2595;43.26;ok;
50;CENTRO MEDICO PMESP;TREMEMBE;-23.4690239;-46.6188727;20;HOSP MUN PROF DR WALDOMIRO DE PAULA;ITAQUERA;-23.5321357;-46.4472128;33420;33.42;2499;41.66;ok;
50;CENTRO MEDICO PMESP;TREMEMBE;-23.4690239;-46.6188727;21;HOSPITAL GERAL DO GRAJAU PROF LIBER JOHN ALPHONSE DI DIO SP;PARQUE DAS NACOES;-23.691152;-46.5848155;30570;30.57;2789;46.5;ok;
50;CENTRO MEDICO PMESP;TREMEMBE;-23.4690239;-46.6188727;22;HOSPITAL E MATERNIDADE LEONOR MENDES DE BARROS SAO PAULO;BELENZINHO;-23.5359031;-46.5887061;17540;17.54;1358;22.64;ok;
50;CENTRO MEDICO PMESP;TREMEMBE;-23.4690239;-46.6188727;23;CENTRO DE REFERENCIA E TREINAMENTO DST AIDS SAO PAULO;VILA MARIANA;-23.5966194;-46.6358133;15990;15.99;1865;31.09;ok;
50;CENTRO MEDICO PMESP;TREMEMBE;-23.4690239;-46.6188727;24;HOSPITAL MILITAR DE AREA DE SAO PAULO;CAMBUCI;-23.5696701;-46.6134492;13920;13.92;1586;26.44;ok;
50;CENTRO MEDICO PMESP;TREMEMBE;-23.4690239;-46.6188727;25;CENTRO DE REFERENCIA DA SAUDE DA MULHER;CAMPOS ELISEOS;-23.5343002;-46.6437496;10990;10.99;1228;20.47;ok;
50;CENTRO MEDICO PMESP;TREMEMBE;-23.4690239;-46.6188727;26;HOSP MUN INFANTIL MENINO JESUS;BELA VISTA;-23.56022;-46.6469982;12480;12.48;1538;25.64;ok;
50;CENTRO MEDICO PMESP;TREMEMBE;-23.4690239;-46.6188727;28;HOSP MUN MAT ESC DR MARIO DE MORAES A SILVA;VILA NOVA CACHOEIRIN;-23.4802096;-46.6709709;9420;9.42;846;14.11;ok;
50;CENTRO MEDICO PMESP;TREMEMBE;-23.4690239;-46.6188727;29;HOSPITAL GERAL JESUS TEIXEIRA DA COSTA GUAIANASES SAO PAULO;JARDIM SAO PAULO;-23.5523813;-46.4053829;34970;34.97;3050;50.83;ok;
50;CENTRO MEDICO PMESP;TREMEMBE;-23.4690239;-46.6188727;30;HOSP MUN DR CARMINO CARICCHIO;TATUAPE;-23.5329502;-46.5664411;16950;16.95;1435;23.93;ok;
50;CENTRO MEDICO PMESP;TREMEMBE;-23.4690239;-46.6188727;31;HOSP MUN TIDE SETUBAL;SAO MIGUEL PAULISTA;-23.4973179;-46.439865;29880;29.88;2255;37.59;ok;
50;CENTRO MEDICO PMESP;TREMEMBE;-23.4690239;-46.6188727;32;HOSP MUN V NHOCUNE ALEXANDRE ZAIO;VILA NHOCUNE;-23.5424212;-46.5015398;23450;23.45;2022;33.71;ok;
50;CENTRO MEDICO PMESP;TREMEMBE;-23.4690239;-46.6188727;33;HOSP MUN JABAQUARA ARTUR RIBEIRO DE SABOYA;JABAQUARA;-23.6533422;-46.6456764;23530;23.53;2551;42.53;ok;
50;CENTRO MEDICO PMESP;TREMEMBE;-23.4690239;-46.6188727;34;HOSPITAL KATIA DE SOUZA RODRIGUES TAIPASSP SAO PAULO;PARADA DE TAIPAS;-23.4436996;-46.7177512;16680;16.68;1562;26.03;ok;
50;CENTRO MEDICO PMESP;TREMEMBE;-23.4690239;-46.6188727;35;HOSP MUN PROFESSOR DOUTOR ALIPIO CORREA NETTO;VILA PARANAGUA;-23.499644;-46.4729162;29470;29.47;2207;36.79;ok;
50;CENTRO MEDICO PMESP;TREMEMBE;-23.4690239;-46.6188727;36;HOSPITAL MUNICIPAL DR BENEDITO MONTENEGRO;JARDIM IVA;-23.5875541;-46.5145716;25380;25.38;2128;35.48;ok;
50;CENTRO MEDICO PMESP;TREMEMBE;-23.4690239;-46.6188727;37;HOSP MUN IGNACIO PROENCA DE GOUVEA;PARQUE DA MOOCA;-23.5717374;-46.590166;14340;14.34;1661;27.69;ok;
50;CENTRO MEDICO PMESP;TREMEMBE;-23.4690239;-46.6188727;38;HOSPITAL INFANTIL CANDIDO FONTOURA SAO PAULO;AGUA RASA;-23.551918;-46.5852143;13140;13.14;1495;24.92;ok;
50;CENTRO MEDICO PMESP;TREMEMBE;-23.4690239;-46.6188727;40;HOSPITAL REGIONAL SUL SAO PAULO;SANTO AMARO;-23.6555597;-46.7058596;25480;25.48;2732;45.55;ok;
50;CENTRO MEDICO PMESP;TREMEMBE;-23.4690239;-46.6188727;42;HOSPITAL ESTADUAL DE SAPOPEMBA SAO PAULO;JARDIM SAPOPEMBA;-23.611336;-46.493671;28580;28.58;2470;41.18;ok;
50;CENTRO MEDICO PMESP;TREMEMBE;-23.4690239;-46.6188727;43;HOSPITAL GERAL DE VILA PENTEADO DR JOSE PANGELLA SAO PAULO;JARDIM IRACEMA;-23.4934229;-46.7008274;13900;13.9;1249;20.82;ok;
50;CENTRO MEDICO PMESP;TREMEMBE;-23.4690239;-46.6188727;46;HOSP DO SERV PUB MUNICIPAL HSPM;LIBERDADE;-23.5673424;-46.639071;13030;13.03;1569;26.16;ok;
50;CENTRO MEDICO PMESP;TREMEMBE;-23.4690239;-46.6188727;47;HOSP MUN FERNANDO MAURO PIRES DA ROCHA;CAMPO LIMPO;-23.6490957;-46.7490028;38920;38.92;2611;43.53;ok;
50;CENTRO MEDICO PMESP;TREMEMBE;-23.4690239;-46.6188727;48;CENTRO HOSPITALAR DO SISTEMA PENITENCIARIO SAO PAULO;CARANDIRU;-23.5085713;-46.6201015;5910;5.91;713;11.9;ok;
50;CENTRO MEDICO PMESP;TREMEMBE;-23.4690239;-46.6188727;49;HOSP MUN VER JOSE STOROPOLLI;PARQUE NOVO MUNDO;-23.522085;-46.5617446;14410;14.41;1215;20.26;ok;
50;CENTRO MEDICO PMESP;TREMEMBE;-23.4690239;-46.6188727;50;CENTRO MEDICO PMESP;TREMEMBE;-23.4690239;-46.6188727;0;0.0;0;0.0;ok;
50;CENTRO MEDICO PMESP;TREMEMBE;-23.4690239;-46.6188727;51;HOSP MUN CARMEN PRUDENTE;CIDADE TIRADENTES;-23.5833632;-46.4092773;35460;35.46;3071;51.2;ok;
50;CENTRO MEDICO PMESP;TREMEMBE;-23.4690239;-46.6188727;53;INSTITUTO DE REABILITACAO LUCY MONTORO;VILA ANDRADE;-23.6322694;-46.7351129;36740;36.74;2476;41.28;ok;
50;CENTRO MEDICO PMESP;TREMEMBE;-23.4690239;-46.6188727;55;INSTITUTO DO CANCER DO ESTADO DE SAO PAULO;CERQUEIRA CESAR;-23.5561305;-46.6681716;14290;14.29;1589;26.49;ok;
50;CENTRO MEDICO PMESP;TREMEMBE;-23.4690239;-46.6188727;56;HOSP MUN SOROCABANA;VILA ROMANA;-23.5238763;-46.7013591;15100;15.1;1504;25.08;ok;
50;CENTRO MEDICO PMESP;TREMEMBE;-23.4690239;-46.6188727;57;HOSP MUN GILSON DE CASSIA MARQUES DE CARVALHO;VILA MASCOTE;-23.6470652;-46.662824;23380;23.38;2463;41.06;ok;
50;CENTRO MEDICO PMESP;TREMEMBE;-23.4690239;-46.6188727;58;HOSP MUN CAPELA DO SOCORRO;JARDIM DAS IMBUIAS;-23.7296842;-46.7129995;48680;48.68;3620;60.34;ok;
50;CENTRO MEDICO PMESP;TREMEMBE;-23.4690239;-46.6188727;59;HOSP MUN JOSANIAS CASTANHA BRAGA;JARDIM ROSCHEL;-23.8247733;-46.7266429;61750;61.75;4490;74.83;ok;
50;CENTRO MEDICO PMESP;TREMEMBE;-23.4690239;-46.6188727;233;HOSP MUN SOROCABANA;ALTO DE PINHEIROS;-23.5375934;-46.7227993;17740;17.74;1860;31.01;ok;
51;HOSP MUN CARMEN PRUDENTE;CIDADE TIRADENTES;-23.5833632;-46.4092773;1;HOSPITAL MUNICIPAL SANTA DULCE DOS POBRES;CONSOLACAO;-23.5573928;-46.6562429;30900;30.9;2999;49.99;ok;
51;HOSP MUN CARMEN PRUDENTE;CIDADE TIRADENTES;-23.5833632;-46.4092773;2;HOSPITAL MUNICIPAL BRASILANDIA;JARDIM MARISTELA;-23.476544;-46.6980006;50200;50.2;3239;53.99;ok;
51;HOSP MUN CARMEN PRUDENTE;CIDADE TIRADENTES;-23.5833632;-46.4092773;3;HOSPITAL MUNICIPAL GUARAPIRANGA;RIVIERA PAULISTA;-23.6911689;-46.7517858;47480;47.48;4513;75.22;ok;
51;HOSP MUN CARMEN PRUDENTE;CIDADE TIRADENTES;-23.5833632;-46.4092773;4;INSTITUTO DE INFECTOLOGIA EMILIO RIBAS;SUMARE;-23.5470783;-46.6812257;46590;46.59;3159;52.66;ok;
51;HOSP MUN CARMEN PRUDENTE;CIDADE TIRADENTES;-23.5833632;-46.4092773;5;HOSPITAL DO SERV PUB EST FCO MORATO DE OLIVEIRA SAO PAULO;IBIRAPUERA;-23.5966175;-46.6539691;30830;30.83;3014;50.24;ok;
51;HOSP MUN CARMEN PRUDENTE;CIDADE TIRADENTES;-23.5833632;-46.4092773;6;HOSPITAL MATERNIDADE INTERLAGOS;JD LEBLON;-23.7069613;-46.7021968;41780;41.78;3989;66.49;ok;
51;HOSP MUN CARMEN PRUDENTE;CIDADE TIRADENTES;-23.5833632;-46.4092773;7;HOSPITAL GERAL DE PEDREIRA;VILA CAMPO GRANDE;-23.6808407;-46.6783317;37460;37.46;3589;59.82;ok;
51;HOSP MUN CARMEN PRUDENTE;CIDADE TIRADENTES;-23.5833632;-46.4092773;8;HOSPITAL HELIOPOLIS UNIDADE DE GESTAO ASSISTENCIAL I;V HELIOPOLIS;-23.607115;-46.595253;25640;25.64;2449;40.83;ok;
51;HOSP MUN CARMEN PRUDENTE;CIDADE TIRADENTES;-23.5833632;-46.4092773;10;HOSPITAL INFANTIL DARCY VARGAS UGA III SAO PAULO;JARDIM GUEDALA;-23.5929419;-46.7109151;37760;37.76;3782;63.05;ok;
51;HOSP MUN CARMEN PRUDENTE;CIDADE TIRADENTES;-23.5833632;-46.4092773;11;HOSP MUN MATERNIDADE PROFESSOR MARIO DEGNI;VILA ANTONIO;-23.5777487;-46.764842;59520;59.52;3701;61.69;ok;
51;HOSP MUN CARMEN PRUDENTE;CIDADE TIRADENTES;-23.5833632;-46.4092773;12;HOSPITAL UNIVERSITARIO DA USP SAO PAULO;BUTANTA;-23.5649058;-46.7409515;57600;57.6;3601;60.03;ok;
51;HOSP MUN CARMEN PRUDENTE;CIDADE TIRADENTES;-23.5833632;-46.4092773;13;CAISM PHILIPPE PINEL SAO PAULO;PIRITUBA;-23.4869816;-46.7239346;50400;50.4;3266;54.44;ok;
51;HOSP MUN CARMEN PRUDENTE;CIDADE TIRADENTES;-23.5833632;-46.4092773;14;HOSPITAL GERAL HENRIQUE ALTIMEYER DE VILA ALPINA;VILA ALPINA;-23.5930526;-46.5607618;20140;20.14;1857;30.96;ok;
51;HOSP MUN CARMEN PRUDENTE;CIDADE TIRADENTES;-23.5833632;-46.4092773;16;HOSPITAL GERAL DE SAO MATEUS SAO PAULO;SAO MATEUS;-23.5947358;-46.4867109;9610;9.61;991;16.53;ok;
51;HOSP MUN CARMEN PRUDENTE;CIDADE TIRADENTES;-23.5833632;-46.4092773;17;UNIDADE DE GESTAO ASSISTENCIAL II HOSPITAL IPIRANGA SP;IPIRANGA;-23.584203;-46.6116295;24550;24.55;2275;37.93;ok;
51;HOSP MUN CARMEN PRUDENTE;CIDADE TIRADENTES;-23.5833632;-46.4092773;18;CONJUNTO HOSPITALAR DO MANDAQUI SAO PAULO;SANTANA;-23.4849783;-46.6314355;42090;42.09;2999;49.99;ok;
51;HOSP MUN CARMEN PRUDENTE;CIDADE TIRADENTES;-23.5833632;-46.4092773;19;HOSPITAL GERAL SANTA MARCELINA DE ITAIM PAULISTA SAO PAULO;ITAIM PAULISTA;-23.4924231;-46.3889814;14080;14.08;1292;21.54;ok;
51;HOSP MUN CARMEN PRUDENTE;CIDADE TIRADENTES;-23.5833632;-46.4092773;20;HOSP MUN PROF DR WALDOMIRO DE PAULA;ITAQUERA;-23.5321357;-46.4472128;8650;8.65;815;13.6;ok;
51;HOSP MUN CARMEN PRUDENTE;CIDADE TIRADENTES;-23.5833632;-46.4092773;21;HOSPITAL GERAL DO GRAJAU PROF LIBER JOHN ALPHONSE DI DIO SP;PARQUE DAS NACOES;-23.691152;-46.5848155;28150;28.15;2535;42.26;ok;
51;HOSP MUN CARMEN PRUDENTE;CIDADE TIRADENTES;-23.5833632;-46.4092773;22;HOSPITAL E MATERNIDADE LEONOR MENDES DE BARROS SAO PAULO;BELENZINHO;-23.5359031;-46.5887061;23550;23.55;2230;37.17;ok;
51;HOSP MUN CARMEN PRUDENTE;CIDADE TIRADENTES;-23.5833632;-46.4092773;23;CENTRO DE REFERENCIA E TREINAMENTO DST AIDS SAO PAULO;VILA MARIANA;-23.5966194;-46.6358133;29100;29.1;2829;47.16;ok;
51;HOSP MUN CARMEN PRUDENTE;CIDADE TIRADENTES;-23.5833632;-46.4092773;24;HOSPITAL MILITAR DE AREA DE SAO PAULO;CAMBUCI;-23.5696701;-46.6134492;26650;26.65;2477;41.3;ok;
51;HOSP MUN CARMEN PRUDENTE;CIDADE TIRADENTES;-23.5833632;-46.4092773;25;CENTRO DE REFERENCIA DA SAUDE DA MULHER;CAMPOS ELISEOS;-23.5343002;-46.6437496;31030;31.03;2918;48.65;ok;
51;HOSP MUN CARMEN PRUDENTE;CIDADE TIRADENTES;-23.5833632;-46.4092773;26;HOSP MUN INFANTIL MENINO JESUS;BELA VISTA;-23.56022;-46.6469982;30200;30.2;2981;49.69;ok;
51;HOSP MUN CARMEN PRUDENTE;CIDADE TIRADENTES;-23.5833632;-46.4092773;28;HOSP MUN MAT ESC DR MARIO DE MORAES A SILVA;VILA NOVA CACHOEIRIN;-23.4802096;-46.6709709;48310;48.31;3143;52.4;ok;
51;HOSP MUN CARMEN PRUDENTE;CIDADE TIRADENTES;-23.5833632;-46.4092773;29;HOSPITAL GERAL JESUS TEIXEIRA DA COSTA GUAIANASES SAO PAULO;JARDIM SAO PAULO;-23.5523813;-46.4053829;4820;4.82;471;7.86;ok;
51;HOSP MUN CARMEN PRUDENTE;CIDADE TIRADENTES;-23.5833632;-46.4092773;30;HOSP MUN DR CARMINO CARICCHIO;TATUAPE;-23.5329502;-46.5664411;21670;21.67;2047;34.13;ok;
51;HOSP MUN CARMEN PRUDENTE;CIDADE TIRADENTES;-23.5833632;-46.4092773;31;HOSP MUN TIDE SETUBAL;SAO MIGUEL PAULISTA;-23.4973179;-46.439865;11360;11.36;1178;19.64;ok;
51;HOSP MUN CARMEN PRUDENTE;CIDADE TIRADENTES;-23.5833632;-46.4092773;32;HOSP MUN V NHOCUNE ALEXANDRE ZAIO;VILA NHOCUNE;-23.5424212;-46.5015398;13560;13.56;1348;22.48;ok;
51;HOSP MUN CARMEN PRUDENTE;CIDADE TIRADENTES;-23.5833632;-46.4092773;33;HOSP MUN JABAQUARA ARTUR RIBEIRO DE SABOYA;JABAQUARA;-23.6533422;-46.6456764;34630;34.63;3099;51.67;ok;
51;HOSP MUN CARMEN PRUDENTE;CIDADE TIRADENTES;-23.5833632;-46.4092773;34;HOSPITAL KATIA DE SOUZA RODRIGUES TAIPASSP SAO PAULO;PARADA DE TAIPAS;-23.4436996;-46.7177512;54660;54.66;3532;58.87;ok;
51;HOSP MUN CARMEN PRUDENTE;CIDADE TIRADENTES;-23.5833632;-46.4092773;35;HOSP MUN PROFESSOR DOUTOR ALIPIO CORREA NETTO;VILA PARANAGUA;-23.499644;-46.4729162;15520;15.52;1500;25.01;ok;
51;HOSP MUN CARMEN PRUDENTE;CIDADE TIRADENTES;-23.5833632;-46.4092773;36;HOSPITAL MUNICIPAL DR BENEDITO MONTENEGRO;JARDIM IVA;-23.5875541;-46.5145716;12880;12.88;1374;22.9;ok;
51;HOSP MUN CARMEN PRUDENTE;CIDADE TIRADENTES;-23.5833632;-46.4092773;37;HOSP MUN IGNACIO PROENCA DE GOUVEA;PARQUE DA MOOCA;-23.5717374;-46.590166;23160;23.16;2124;35.4;ok;
51;HOSP MUN CARMEN PRUDENTE;CIDADE TIRADENTES;-23.5833632;-46.4092773;38;HOSPITAL INFANTIL CANDIDO FONTOURA SAO PAULO;AGUA RASA;-23.551918;-46.5852143;21660;21.66;2166;36.12;ok;
51;HOSP MUN CARMEN PRUDENTE;CIDADE TIRADENTES;-23.5833632;-46.4092773;40;HOSPITAL REGIONAL SUL SAO PAULO;SANTO AMARO;-23.6555597;-46.7058596;40590;40.59;3854;64.24;ok;
51;HOSP MUN CARMEN PRUDENTE;CIDADE TIRADENTES;-23.5833632;-46.4092773;42;HOSPITAL ESTADUAL DE SAPOPEMBA SAO PAULO;JARDIM SAPOPEMBA;-23.611336;-46.493671;11320;11.32;1162;19.38;ok;
51;HOSP MUN CARMEN PRUDENTE;CIDADE TIRADENTES;-23.5833632;-46.4092773;43;HOSPITAL GERAL DE VILA PENTEADO DR JOSE PANGELLA SAO PAULO;JARDIM IRACEMA;-23.4934229;-46.7008274;48010;48.01;2994;49.92;ok;
51;HOSP MUN CARMEN PRUDENTE;CIDADE TIRADENTES;-23.5833632;-46.4092773;46;HOSP DO SERV PUB MUNICIPAL HSPM;LIBERDADE;-23.5673424;-46.639071;29110;29.11;2806;46.77;ok;
51;HOSP MUN CARMEN PRUDENTE;CIDADE TIRADENTES;-23.5833632;-46.4092773;47;HOSP MUN FERNANDO MAURO PIRES DA ROCHA;CAMPO LIMPO;-23.6490957;-46.7490028;71210;71.21;4110;68.51;ok;
51;HOSP MUN CARMEN PRUDENTE;CIDADE TIRADENTES;-23.5833632;-46.4092773;48;CENTRO HOSPITALAR DO SISTEMA PENITENCIARIO SAO PAULO;CARANDIRU;-23.5085713;-46.6201015;38400;38.4;2578;42.97;ok;
51;HOSP MUN CARMEN PRUDENTE;CIDADE TIRADENTES;-23.5833632;-46.4092773;49;HOSP MUN VER JOSE STOROPOLLI;PARQUE NOVO MUNDO;-23.522085;-46.5617446;22160;22.16;2133;35.56;ok;
51;HOSP MUN CARMEN PRUDENTE;CIDADE TIRADENTES;-23.5833632;-46.4092773;50;CENTRO MEDICO PMESP;TREMEMBE;-23.4690239;-46.6188727;36580;36.58;3117;51.96;ok;
51;HOSP MUN CARMEN PRUDENTE;CIDADE TIRADENTES;-23.5833632;-46.4092773;51;HOSP MUN CARMEN PRUDENTE;CIDADE TIRADENTES;-23.5833632;-46.4092773;0;0.0;0;0.0;ok;
51;HOSP MUN CARMEN PRUDENTE;CIDADE TIRADENTES;-23.5833632;-46.4092773;53;INSTITUTO DE REABILITACAO LUCY MONTORO;VILA ANDRADE;-23.6322694;-46.7351129;69030;69.03;3975;66.26;ok;
51;HOSP MUN CARMEN PRUDENTE;CIDADE TIRADENTES;-23.5833632;-46.4092773;55;INSTITUTO DO CANCER DO ESTADO DE SAO PAULO;CERQUEIRA CESAR;-23.5561305;-46.6681716;46820;46.82;3296;54.94;ok;
51;HOSP MUN CARMEN PRUDENTE;CIDADE TIRADENTES;-23.5833632;-46.4092773;56;HOSP MUN SOROCABANA;VILA ROMANA;-23.5238763;-46.7013591;47480;47.48;3106;51.77;ok;
51;HOSP MUN CARMEN PRUDENTE;CIDADE TIRADENTES;-23.5833632;-46.4092773;57;HOSP MUN GILSON DE CASSIA MARQUES DE CARVALHO;VILA MASCOTE;-23.6470652;-46.662824;36730;36.73;3328;55.47;ok;
51;HOSP MUN CARMEN PRUDENTE;CIDADE TIRADENTES;-23.5833632;-46.4092773;58;HOSP MUN CAPELA DO SOCORRO;JARDIM DAS IMBUIAS;-23.7296842;-46.7129995;43750;43.75;4243;70.73;ok;
51;HOSP MUN CARMEN PRUDENTE;CIDADE TIRADENTES;-23.5833632;-46.4092773;59;HOSP MUN JOSANIAS CASTANHA BRAGA;JARDIM ROSCHEL;-23.8247733;-46.7266429;56150;56.15;5046;84.11;ok;
51;HOSP MUN CARMEN PRUDENTE;CIDADE TIRADENTES;-23.5833632;-46.4092773;233;HOSP MUN SOROCABANA;ALTO DE PINHEIROS;-23.5375934;-46.7227993;52430;52.43;3425;57.1;ok;
53;INSTITUTO DE REABILITACAO LUCY MONTORO;VILA ANDRADE;-23.6322694;-46.7351129;1;HOSPITAL MUNICIPAL SANTA DULCE DOS POBRES;CONSOLACAO;-23.5573928;-46.6562429;15250;15.25;1386;23.11;ok;
53;INSTITUTO DE REABILITACAO LUCY MONTORO;VILA ANDRADE;-23.6322694;-46.7351129;2;HOSPITAL MUNICIPAL BRASILANDIA;JARDIM MARISTELA;-23.476544;-46.6980006;29670;29.67;1988;33.15;ok;
53;INSTITUTO DE REABILITACAO LUCY MONTORO;VILA ANDRADE;-23.6322694;-46.7351129;3;HOSPITAL MUNICIPAL GUARAPIRANGA;RIVIERA PAULISTA;-23.6911689;-46.7517858;9100;9.1;1051;17.52;ok;
53;INSTITUTO DE REABILITACAO LUCY MONTORO;VILA ANDRADE;-23.6322694;-46.7351129;4;INSTITUTO DE INFECTOLOGIA EMILIO RIBAS;SUMARE;-23.5470783;-46.6812257;17360;17.36;1455;24.25;ok;
53;INSTITUTO DE REABILITACAO LUCY MONTORO;VILA ANDRADE;-23.6322694;-46.7351129;5;HOSPITAL DO SERV PUB EST FCO MORATO DE OLIVEIRA SAO PAULO;IBIRAPUERA;-23.5966175;-46.6539691;13750;13.75;1235;20.59;ok;
53;INSTITUTO DE REABILITACAO LUCY MONTORO;VILA ANDRADE;-23.6322694;-46.7351129;6;HOSPITAL MATERNIDADE INTERLAGOS;JD LEBLON;-23.7069613;-46.7021968;11660;11.66;1215;20.26;ok;
53;INSTITUTO DE REABILITACAO LUCY MONTORO;VILA ANDRADE;-23.6322694;-46.7351129;7;HOSPITAL GERAL DE PEDREIRA;VILA CAMPO GRANDE;-23.6808407;-46.6783317;10650;10.65;1175;19.6;ok;
53;INSTITUTO DE REABILITACAO LUCY MONTORO;VILA ANDRADE;-23.6322694;-46.7351129;8;HOSPITAL HELIOPOLIS UNIDADE DE GESTAO ASSISTENCIAL I;V HELIOPOLIS;-23.607115;-46.595253;21370;21.37;2053;34.23;ok;
53;INSTITUTO DE REABILITACAO LUCY MONTORO;VILA ANDRADE;-23.6322694;-46.7351129;10;HOSPITAL INFANTIL DARCY VARGAS UGA III SAO PAULO;JARDIM GUEDALA;-23.5929419;-46.7109151;6960;6.96;838;13.98;ok;
53;INSTITUTO DE REABILITACAO LUCY MONTORO;VILA ANDRADE;-23.6322694;-46.7351129;11;HOSP MUN MATERNIDADE PROFESSOR MARIO DEGNI;VILA ANTONIO;-23.5777487;-46.764842;11080;11.08;1093;18.23;ok;
53;INSTITUTO DE REABILITACAO LUCY MONTORO;VILA ANDRADE;-23.6322694;-46.7351129;12;HOSPITAL UNIVERSITARIO DA USP SAO PAULO;BUTANTA;-23.5649058;-46.7409515;9990;9.99;1201;20.03;ok;
53;INSTITUTO DE REABILITACAO LUCY MONTORO;VILA ANDRADE;-23.6322694;-46.7351129;13;CAISM PHILIPPE PINEL SAO PAULO;PIRITUBA;-23.4869816;-46.7239346;29860;29.86;2015;33.59;ok;
53;INSTITUTO DE REABILITACAO LUCY MONTORO;VILA ANDRADE;-23.6322694;-46.7351129;14;HOSPITAL GERAL HENRIQUE ALTIMEYER DE VILA ALPINA;VILA ALPINA;-23.5930526;-46.5607618;25120;25.12;2440;40.67;ok;
53;INSTITUTO DE REABILITACAO LUCY MONTORO;VILA ANDRADE;-23.6322694;-46.7351129;16;HOSPITAL GERAL DE SAO MATEUS SAO PAULO;SAO MATEUS;-23.5947358;-46.4867109;52340;52.34;3215;53.59;ok;
53;INSTITUTO DE REABILITACAO LUCY MONTORO;VILA ANDRADE;-23.6322694;-46.7351129;17;UNIDADE DE GESTAO ASSISTENCIAL II HOSPITAL IPIRANGA SP;IPIRANGA;-23.584203;-46.6116295;20110;20.11;1893;31.56;ok;
53;INSTITUTO DE REABILITACAO LUCY MONTORO;VILA ANDRADE;-23.6322694;-46.7351129;18;CONJUNTO HOSPITALAR DO MANDAQUI SAO PAULO;SANTANA;-23.4849783;-46.6314355;36970;36.97;2429;40.5;ok;
53;INSTITUTO DE REABILITACAO LUCY MONTORO;VILA ANDRADE;-23.6322694;-46.7351129;19;HOSPITAL GERAL SANTA MARCELINA DE ITAIM PAULISTA SAO PAULO;ITAIM PAULISTA;-23.4924231;-46.3889814;64970;64.97;3498;58.3;ok;
53;INSTITUTO DE REABILITACAO LUCY MONTORO;VILA ANDRADE;-23.6322694;-46.7351129;20;HOSP MUN PROF DR WALDOMIRO DE PAULA;ITAQUERA;-23.5321357;-46.4472128;62200;62.2;3440;57.35;ok;
53;INSTITUTO DE REABILITACAO LUCY MONTORO;VILA ANDRADE;-23.6322694;-46.7351129;21;HOSPITAL GERAL DO GRAJAU PROF LIBER JOHN ALPHONSE DI DIO SP;PARQUE DAS NACOES;-23.691152;-46.5848155;23070;23.07;2242;37.37;ok;
53;INSTITUTO DE REABILITACAO LUCY MONTORO;VILA ANDRADE;-23.6322694;-46.7351129;22;HOSPITAL E MATERNIDADE LEONOR MENDES DE BARROS SAO PAULO;BELENZINHO;-23.5359031;-46.5887061;38990;38.99;2186;36.43;ok;
53;INSTITUTO DE REABILITACAO LUCY MONTORO;VILA ANDRADE;-23.6322694;-46.7351129;23;CENTRO DE REFERENCIA E TREINAMENTO DST AIDS SAO PAULO;VILA MARIANA;-23.5966194;-46.6358133;15600;15.6;1440;24.01;ok;
53;INSTITUTO DE REABILITACAO LUCY MONTORO;VILA ANDRADE;-23.6322694;-46.7351129;24;HOSPITAL MILITAR DE AREA DE SAO PAULO;CAMBUCI;-23.5696701;-46.6134492;20540;20.54;1906;31.78;ok;
53;INSTITUTO DE REABILITACAO LUCY MONTORO;VILA ANDRADE;-23.6322694;-46.7351129;25;CENTRO DE REFERENCIA DA SAUDE DA MULHER;CAMPOS ELISEOS;-23.5343002;-46.6437496;19710;19.71;1761;29.36;ok;
53;INSTITUTO DE REABILITACAO LUCY MONTORO;VILA ANDRADE;-23.6322694;-46.7351129;26;HOSP MUN INFANTIL MENINO JESUS;BELA VISTA;-23.56022;-46.6469982;16650;16.65;1549;25.82;ok;
53;INSTITUTO DE REABILITACAO LUCY MONTORO;VILA ANDRADE;-23.6322694;-46.7351129;28;HOSP MUN MAT ESC DR MARIO DE MORAES A SILVA;VILA NOVA CACHOEIRIN;-23.4802096;-46.6709709;31050;31.05;2088;34.8;ok;
53;INSTITUTO DE REABILITACAO LUCY MONTORO;VILA ANDRADE;-23.6322694;-46.7351129;29;HOSPITAL GERAL JESUS TEIXEIRA DA COSTA GUAIANASES SAO PAULO;JARDIM SAO PAULO;-23.5523813;-46.4053829;70150;70.15;4019;66.99;ok;
53;INSTITUTO DE REABILITACAO LUCY MONTORO;VILA ANDRADE;-23.6322694;-46.7351129;30;HOSP MUN DR CARMINO CARICCHIO;TATUAPE;-23.5329502;-46.5664411;40160;40.16;2378;39.63;ok;
53;INSTITUTO DE REABILITACAO LUCY MONTORO;VILA ANDRADE;-23.6322694;-46.7351129;31;HOSP MUN TIDE SETUBAL;SAO MIGUEL PAULISTA;-23.4973179;-46.439865;58380;58.38;3184;53.07;ok;
53;INSTITUTO DE REABILITACAO LUCY MONTORO;VILA ANDRADE;-23.6322694;-46.7351129;32;HOSP MUN V NHOCUNE ALEXANDRE ZAIO;VILA NHOCUNE;-23.5424212;-46.5015398;49360;49.36;3025;50.42;ok;
53;INSTITUTO DE REABILITACAO LUCY MONTORO;VILA ANDRADE;-23.6322694;-46.7351129;33;HOSP MUN JABAQUARA ARTUR RIBEIRO DE SABOYA;JABAQUARA;-23.6533422;-46.6456764;15170;15.17;1466;24.43;ok;
53;INSTITUTO DE REABILITACAO LUCY MONTORO;VILA ANDRADE;-23.6322694;-46.7351129;34;HOSPITAL KATIA DE SOUZA RODRIGUES TAIPASSP SAO PAULO;PARADA DE TAIPAS;-23.4436996;-46.7177512;34130;34.13;2281;38.03;ok;
53;INSTITUTO DE REABILITACAO LUCY MONTORO;VILA ANDRADE;-23.6322694;-46.7351129;35;HOSP MUN PROFESSOR DOUTOR ALIPIO CORREA NETTO;VILA PARANAGUA;-23.499644;-46.4729162;50920;50.92;3231;53.86;ok;
53;INSTITUTO DE REABILITACAO LUCY MONTORO;VILA ANDRADE;-23.6322694;-46.7351129;36;HOSPITAL MUNICIPAL DR BENEDITO MONTENEGRO;JARDIM IVA;-23.5875541;-46.5145716;30880;30.88;2984;49.75;ok;
53;INSTITUTO DE REABILITACAO LUCY MONTORO;VILA ANDRADE;-23.6322694;-46.7351129;37;HOSP MUN IGNACIO PROENCA DE GOUVEA;PARQUE DA MOOCA;-23.5717374;-46.590166;23900;23.9;2191;36.53;ok;
53;INSTITUTO DE REABILITACAO LUCY MONTORO;VILA ANDRADE;-23.6322694;-46.7351129;38;HOSPITAL INFANTIL CANDIDO FONTOURA SAO PAULO;AGUA RASA;-23.551918;-46.5852143;23510;23.51;2146;35.78;ok;
53;INSTITUTO DE REABILITACAO LUCY MONTORO;VILA ANDRADE;-23.6322694;-46.7351129;40;HOSPITAL REGIONAL SUL SAO PAULO;SANTO AMARO;-23.6555597;-46.7058596;5990;5.99;715;11.93;ok;
53;INSTITUTO DE REABILITACAO LUCY MONTORO;VILA ANDRADE;-23.6322694;-46.7351129;42;HOSPITAL ESTADUAL DE SAPOPEMBA SAO PAULO;JARDIM SAPOPEMBA;-23.611336;-46.493671;36790;36.79;3248;54.14;ok;
53;INSTITUTO DE REABILITACAO LUCY MONTORO;VILA ANDRADE;-23.6322694;-46.7351129;43;HOSPITAL GERAL DE VILA PENTEADO DR JOSE PANGELLA SAO PAULO;JARDIM IRACEMA;-23.4934229;-46.7008274;27470;27.47;1744;29.07;ok;
53;INSTITUTO DE REABILITACAO LUCY MONTORO;VILA ANDRADE;-23.6322694;-46.7351129;46;HOSP DO SERV PUB MUNICIPAL HSPM;LIBERDADE;-23.5673424;-46.639071;17760;17.76;1727;28.79;ok;
53;INSTITUTO DE REABILITACAO LUCY MONTORO;VILA ANDRADE;-23.6322694;-46.7351129;47;HOSP MUN FERNANDO MAURO PIRES DA ROCHA;CAMPO LIMPO;-23.6490957;-46.7490028;3690;3.69;420;7.01;ok;
53;INSTITUTO DE REABILITACAO LUCY MONTORO;VILA ANDRADE;-23.6322694;-46.7351129;48;CENTRO HOSPITALAR DO SISTEMA PENITENCIARIO SAO PAULO;CARANDIRU;-23.5085713;-46.6201015;22870;22.87;2162;36.04;ok;
53;INSTITUTO DE REABILITACAO LUCY MONTORO;VILA ANDRADE;-23.6322694;-46.7351129;49;HOSP MUN VER JOSE STOROPOLLI;PARQUE NOVO MUNDO;-23.522085;-46.5617446;42640;42.64;2440;40.68;ok;
53;INSTITUTO DE REABILITACAO LUCY MONTORO;VILA ANDRADE;-23.6322694;-46.7351129;50;CENTRO MEDICO PMESP;TREMEMBE;-23.4690239;-46.6188727;27920;27.92;2726;45.43;ok;
53;INSTITUTO DE REABILITACAO LUCY MONTORO;VILA ANDRADE;-23.6322694;-46.7351129;51;HOSP MUN CARMEN PRUDENTE;CIDADE TIRADENTES;-23.5833632;-46.4092773;61370;61.37;4074;67.91;ok;
53;INSTITUTO DE REABILITACAO LUCY MONTORO;VILA ANDRADE;-23.6322694;-46.7351129;53;INSTITUTO DE REABILITACAO LUCY MONTORO;VILA ANDRADE;-23.6322694;-46.7351129;0;0.0;0;0.0;ok;
53;INSTITUTO DE REABILITACAO LUCY MONTORO;VILA ANDRADE;-23.6322694;-46.7351129;55;INSTITUTO DO CANCER DO ESTADO DE SAO PAULO;CERQUEIRA CESAR;-23.5561305;-46.6681716;16540;16.54;1382;23.05;ok;
53;INSTITUTO DE REABILITACAO LUCY MONTORO;VILA ANDRADE;-23.6322694;-46.7351129;56;HOSP MUN SOROCABANA;VILA ROMANA;-23.5238763;-46.7013591;18780;18.78;1571;26.18;ok;
53;INSTITUTO DE REABILITACAO LUCY MONTORO;VILA ANDRADE;-23.6322694;-46.7351129;57;HOSP MUN GILSON DE CASSIA MARQUES DE CARVALHO;VILA MASCOTE;-23.6470652;-46.662824;12970;12.97;1203;20.06;ok;
53;INSTITUTO DE REABILITACAO LUCY MONTORO;VILA ANDRADE;-23.6322694;-46.7351129;58;HOSP MUN CAPELA DO SOCORRO;JARDIM DAS IMBUIAS;-23.7296842;-46.7129995;15110;15.11;1634;27.24;ok;
53;INSTITUTO DE REABILITACAO LUCY MONTORO;VILA ANDRADE;-23.6322694;-46.7351129;59;HOSP MUN JOSANIAS CASTANHA BRAGA;JARDIM ROSCHEL;-23.8247733;-46.7266429;28180;28.18;2503;41.73;ok;
53;INSTITUTO DE REABILITACAO LUCY MONTORO;VILA ANDRADE;-23.6322694;-46.7351129;233;HOSP MUN SOROCABANA;ALTO DE PINHEIROS;-23.5375934;-46.7227993;18150;18.15;1317;21.97;ok;
55;INSTITUTO DO CANCER DO ESTADO DE SAO PAULO;CERQUEIRA CESAR;-23.5561305;-46.6681716;1;HOSPITAL MUNICIPAL SANTA DULCE DOS POBRES;CONSOLACAO;-23.5573928;-46.6562429;1640;1.64;238;3.97;ok;
55;INSTITUTO DO CANCER DO ESTADO DE SAO PAULO;CERQUEIRA CESAR;-23.5561305;-46.6681716;2;HOSPITAL MUNICIPAL BRASILANDIA;JARDIM MARISTELA;-23.476544;-46.6980006;12890;12.89;1379;22.99;ok;
55;INSTITUTO DO CANCER DO ESTADO DE SAO PAULO;CERQUEIRA CESAR;-23.5561305;-46.6681716;3;HOSPITAL MUNICIPAL GUARAPIRANGA;RIVIERA PAULISTA;-23.6911689;-46.7517858;21150;21.15;1807;30.12;ok;
55;INSTITUTO DO CANCER DO ESTADO DE SAO PAULO;CERQUEIRA CESAR;-23.5561305;-46.6681716;4;INSTITUTO DE INFECTOLOGIA EMILIO RIBAS;SUMARE;-23.5470783;-46.6812257;1870;1.87;248;4.13;ok;
55;INSTITUTO DO CANCER DO ESTADO DE SAO PAULO;CERQUEIRA CESAR;-23.5561305;-46.6681716;5;HOSPITAL DO SERV PUB EST FCO MORATO DE OLIVEIRA SAO PAULO;IBIRAPUERA;-23.5966175;-46.6539691;6430;6.43;690;11.51;ok;
55;INSTITUTO DO CANCER DO ESTADO DE SAO PAULO;CERQUEIRA CESAR;-23.5561305;-46.6681716;6;HOSPITAL MATERNIDADE INTERLAGOS;JD LEBLON;-23.7069613;-46.7021968;22440;22.44;1942;32.37;ok;
55;INSTITUTO DO CANCER DO ESTADO DE SAO PAULO;CERQUEIRA CESAR;-23.5561305;-46.6681716;7;HOSPITAL GERAL DE PEDREIRA;VILA CAMPO GRANDE;-23.6808407;-46.6783317;18190;18.19;1883;31.39;ok;
55;INSTITUTO DO CANCER DO ESTADO DE SAO PAULO;CERQUEIRA CESAR;-23.5561305;-46.6681716;8;HOSPITAL HELIOPOLIS UNIDADE DE GESTAO ASSISTENCIAL I;V HELIOPOLIS;-23.607115;-46.595253;12750;12.75;1364;22.75;ok;
55;INSTITUTO DO CANCER DO ESTADO DE SAO PAULO;CERQUEIRA CESAR;-23.5561305;-46.6681716;10;HOSPITAL INFANTIL DARCY VARGAS UGA III SAO PAULO;JARDIM GUEDALA;-23.5929419;-46.7109151;7870;7.87;906;15.11;ok;
55;INSTITUTO DO CANCER DO ESTADO DE SAO PAULO;CERQUEIRA CESAR;-23.5561305;-46.6681716;11;HOSP MUN MATERNIDADE PROFESSOR MARIO DEGNI;VILA ANTONIO;-23.5777487;-46.764842;13220;13.22;1117;18.62;ok;
55;INSTITUTO DO CANCER DO ESTADO DE SAO PAULO;CERQUEIRA CESAR;-23.5561305;-46.6681716;12;HOSPITAL UNIVERSITARIO DA USP SAO PAULO;BUTANTA;-23.5649058;-46.7409515;9820;9.82;1221;20.35;ok;
55;INSTITUTO DO CANCER DO ESTADO DE SAO PAULO;CERQUEIRA CESAR;-23.5561305;-46.6681716;13;CAISM PHILIPPE PINEL SAO PAULO;PIRITUBA;-23.4869816;-46.7239346;13780;13.78;1415;23.6;ok;
55;INSTITUTO DO CANCER DO ESTADO DE SAO PAULO;CERQUEIRA CESAR;-23.5561305;-46.6681716;14;HOSPITAL GERAL HENRIQUE ALTIMEYER DE VILA ALPINA;VILA ALPINA;-23.5930526;-46.5607618;14330;14.33;1551;25.86;ok;
55;INSTITUTO DO CANCER DO ESTADO DE SAO PAULO;CERQUEIRA CESAR;-23.5561305;-46.6681716;16;HOSPITAL GERAL DE SAO MATEUS SAO PAULO;SAO MATEUS;-23.5947358;-46.4867109;26420;26.42;2250;37.51;ok;
55;INSTITUTO DO CANCER DO ESTADO DE SAO PAULO;CERQUEIRA CESAR;-23.5561305;-46.6681716;17;UNIDADE DE GESTAO ASSISTENCIAL II HOSPITAL IPIRANGA SP;IPIRANGA;-23.584203;-46.6116295;8600;8.6;1057;17.62;ok;
55;INSTITUTO DO CANCER DO ESTADO DE SAO PAULO;CERQUEIRA CESAR;-23.5561305;-46.6681716;18;CONJUNTO HOSPITALAR DO MANDAQUI SAO PAULO;SANTANA;-23.4849783;-46.6314355;12030;12.03;1370;22.85;ok;
55;INSTITUTO DO CANCER DO ESTADO DE SAO PAULO;CERQUEIRA CESAR;-23.5561305;-46.6681716;19;HOSPITAL GERAL SANTA MARCELINA DE ITAIM PAULISTA SAO PAULO;ITAIM PAULISTA;-23.4924231;-46.3889814;39040;39.04;2533;42.22;ok;
55;INSTITUTO DO CANCER DO ESTADO DE SAO PAULO;CERQUEIRA CESAR;-23.5561305;-46.6681716;20;HOSP MUN PROF DR WALDOMIRO DE PAULA;ITAQUERA;-23.5321357;-46.4472128;36280;36.28;2475;41.27;ok;
55;INSTITUTO DO CANCER DO ESTADO DE SAO PAULO;CERQUEIRA CESAR;-23.5561305;-46.6681716;21;HOSPITAL GERAL DO GRAJAU PROF LIBER JOHN ALPHONSE DI DIO SP;PARQUE DAS NACOES;-23.691152;-46.5848155;22750;22.75;2078;34.64;ok;
55;INSTITUTO DO CANCER DO ESTADO DE SAO PAULO;CERQUEIRA CESAR;-23.5561305;-46.6681716;22;HOSPITAL E MATERNIDADE LEONOR MENDES DE BARROS SAO PAULO;BELENZINHO;-23.5359031;-46.5887061;13060;13.06;1221;20.35;ok;
55;INSTITUTO DO CANCER DO ESTADO DE SAO PAULO;CERQUEIRA CESAR;-23.5561305;-46.6681716;23;CENTRO DE REFERENCIA E TREINAMENTO DST AIDS SAO PAULO;VILA MARIANA;-23.5966194;-46.6358133;6450;6.45;809;13.49;ok;
55;INSTITUTO DO CANCER DO ESTADO DE SAO PAULO;CERQUEIRA CESAR;-23.5561305;-46.6681716;24;HOSPITAL MILITAR DE AREA DE SAO PAULO;CAMBUCI;-23.5696701;-46.6134492;7680;7.68;912;15.21;ok;
55;INSTITUTO DO CANCER DO ESTADO DE SAO PAULO;CERQUEIRA CESAR;-23.5561305;-46.6681716;25;CENTRO DE REFERENCIA DA SAUDE DA MULHER;CAMPOS ELISEOS;-23.5343002;-46.6437496;4240;4.24;567;9.46;ok;
55;INSTITUTO DO CANCER DO ESTADO DE SAO PAULO;CERQUEIRA CESAR;-23.5561305;-46.6681716;26;HOSP MUN INFANTIL MENINO JESUS;BELA VISTA;-23.56022;-46.6469982;3500;3.5;450;7.51;ok;
55;INSTITUTO DO CANCER DO ESTADO DE SAO PAULO;CERQUEIRA CESAR;-23.5561305;-46.6681716;28;HOSP MUN MAT ESC DR MARIO DE MORAES A SILVA;VILA NOVA CACHOEIRIN;-23.4802096;-46.6709709;11810;11.81;1222;20.38;ok;
55;INSTITUTO DO CANCER DO ESTADO DE SAO PAULO;CERQUEIRA CESAR;-23.5561305;-46.6681716;29;HOSPITAL GERAL JESUS TEIXEIRA DA COSTA GUAIANASES SAO PAULO;JARDIM SAO PAULO;-23.5523813;-46.4053829;44220;44.22;3054;50.9;ok;
55;INSTITUTO DO CANCER DO ESTADO DE SAO PAULO;CERQUEIRA CESAR;-23.5561305;-46.6681716;30;HOSP MUN DR CARMINO CARICCHIO;TATUAPE;-23.5329502;-46.5664411;14230;14.23;1413;23.55;ok;
55;INSTITUTO DO CANCER DO ESTADO DE SAO PAULO;CERQUEIRA CESAR;-23.5561305;-46.6681716;31;HOSP MUN TIDE SETUBAL;SAO MIGUEL PAULISTA;-23.4973179;-46.439865;32450;32.45;2219;36.99;ok;
55;INSTITUTO DO CANCER DO ESTADO DE SAO PAULO;CERQUEIRA CESAR;-23.5561305;-46.6681716;32;HOSP MUN V NHOCUNE ALEXANDRE ZAIO;VILA NHOCUNE;-23.5424212;-46.5015398;19880;19.88;2050;34.17;ok;
55;INSTITUTO DO CANCER DO ESTADO DE SAO PAULO;CERQUEIRA CESAR;-23.5561305;-46.6681716;33;HOSP MUN JABAQUARA ARTUR RIBEIRO DE SABOYA;JABAQUARA;-23.6533422;-46.6456764;13620;13.62;1462;24.38;ok;
55;INSTITUTO DO CANCER DO ESTADO DE SAO PAULO;CERQUEIRA CESAR;-23.5561305;-46.6681716;34;HOSPITAL KATIA DE SOUZA RODRIGUES TAIPASSP SAO PAULO;PARADA DE TAIPAS;-23.4436996;-46.7177512;17350;17.35;1672;27.87;ok;
55;INSTITUTO DO CANCER DO ESTADO DE SAO PAULO;CERQUEIRA CESAR;-23.5561305;-46.6681716;35;HOSP MUN PROFESSOR DOUTOR ALIPIO CORREA NETTO;VILA PARANAGUA;-23.499644;-46.4729162;24990;24.99;2266;37.78;ok;
55;INSTITUTO DO CANCER DO ESTADO DE SAO PAULO;CERQUEIRA CESAR;-23.5561305;-46.6681716;36;HOSPITAL MUNICIPAL DR BENEDITO MONTENEGRO;JARDIM IVA;-23.5875541;-46.5145716;19080;19.08;2011;33.53;ok;
55;INSTITUTO DO CANCER DO ESTADO DE SAO PAULO;CERQUEIRA CESAR;-23.5561305;-46.6681716;37;HOSP MUN IGNACIO PROENCA DE GOUVEA;PARQUE DA MOOCA;-23.5717374;-46.590166;10630;10.63;1177;19.62;ok;
55;INSTITUTO DO CANCER DO ESTADO DE SAO PAULO;CERQUEIRA CESAR;-23.5561305;-46.6681716;38;HOSPITAL INFANTIL CANDIDO FONTOURA SAO PAULO;AGUA RASA;-23.551918;-46.5852143;10240;10.24;1131;18.87;ok;
55;INSTITUTO DO CANCER DO ESTADO DE SAO PAULO;CERQUEIRA CESAR;-23.5561305;-46.6681716;40;HOSPITAL REGIONAL SUL SAO PAULO;SANTO AMARO;-23.6555597;-46.7058596;17020;17.02;1488;24.8;ok;
55;INSTITUTO DO CANCER DO ESTADO DE SAO PAULO;CERQUEIRA CESAR;-23.5561305;-46.6681716;42;HOSPITAL ESTADUAL DE SAPOPEMBA SAO PAULO;JARDIM SAPOPEMBA;-23.611336;-46.493671;23280;23.28;2302;38.38;ok;
55;INSTITUTO DO CANCER DO ESTADO DE SAO PAULO;CERQUEIRA CESAR;-23.5561305;-46.6681716;43;HOSPITAL GERAL DE VILA PENTEADO DR JOSE PANGELLA SAO PAULO;JARDIM IRACEMA;-23.4934229;-46.7008274;11390;11.39;1144;19.08;ok;
55;INSTITUTO DO CANCER DO ESTADO DE SAO PAULO;CERQUEIRA CESAR;-23.5561305;-46.6681716;46;HOSP DO SERV PUB MUNICIPAL HSPM;LIBERDADE;-23.5673424;-46.639071;4980;4.98;652;10.88;ok;
55;INSTITUTO DO CANCER DO ESTADO DE SAO PAULO;CERQUEIRA CESAR;-23.5561305;-46.6681716;47;HOSP MUN FERNANDO MAURO PIRES DA ROCHA;CAMPO LIMPO;-23.6490957;-46.7490028;16129;16.13;1352;22.54;ok;
55;INSTITUTO DO CANCER DO ESTADO DE SAO PAULO;CERQUEIRA CESAR;-23.5561305;-46.6681716;48;CENTRO HOSPITALAR DO SISTEMA PENITENCIARIO SAO PAULO;CARANDIRU;-23.5085713;-46.6201015;9040;9.04;1104;18.41;ok;
55;INSTITUTO DO CANCER DO ESTADO DE SAO PAULO;CERQUEIRA CESAR;-23.5561305;-46.6681716;49;HOSP MUN VER JOSE STOROPOLLI;PARQUE NOVO MUNDO;-23.522085;-46.5617446;16710;16.71;1475;24.6;ok;
55;INSTITUTO DO CANCER DO ESTADO DE SAO PAULO;CERQUEIRA CESAR;-23.5561305;-46.6681716;50;CENTRO MEDICO PMESP;TREMEMBE;-23.4690239;-46.6188727;14090;14.09;1668;27.8;ok;
55;INSTITUTO DO CANCER DO ESTADO DE SAO PAULO;CERQUEIRA CESAR;-23.5561305;-46.6681716;51;HOSP MUN CARMEN PRUDENTE;CIDADE TIRADENTES;-23.5833632;-46.4092773;35440;35.44;3109;51.82;ok;
55;INSTITUTO DO CANCER DO ESTADO DE SAO PAULO;CERQUEIRA CESAR;-23.5561305;-46.6681716;53;INSTITUTO DE REABILITACAO LUCY MONTORO;VILA ANDRADE;-23.6322694;-46.7351129;13950;13.95;1217;20.29;ok;
55;INSTITUTO DO CANCER DO ESTADO DE SAO PAULO;CERQUEIRA CESAR;-23.5561305;-46.6681716;55;INSTITUTO DO CANCER DO ESTADO DE SAO PAULO;CERQUEIRA CESAR;-23.5561305;-46.6681716;0;0.0;0;0.0;ok;
55;INSTITUTO DO CANCER DO ESTADO DE SAO PAULO;CERQUEIRA CESAR;-23.5561305;-46.6681716;56;HOSP MUN SOROCABANA;VILA ROMANA;-23.5238763;-46.7013591;6850;6.85;772;12.88;ok;
55;INSTITUTO DO CANCER DO ESTADO DE SAO PAULO;CERQUEIRA CESAR;-23.5561305;-46.6681716;57;HOSP MUN GILSON DE CASSIA MARQUES DE CARVALHO;VILA MASCOTE;-23.6470652;-46.662824;13470;13.47;1384;23.07;ok;
55;INSTITUTO DO CANCER DO ESTADO DE SAO PAULO;CERQUEIRA CESAR;-23.5561305;-46.6681716;58;HOSP MUN CAPELA DO SOCORRO;JARDIM DAS IMBUIAS;-23.7296842;-46.7129995;25890;25.89;2361;39.36;ok;
55;INSTITUTO DO CANCER DO ESTADO DE SAO PAULO;CERQUEIRA CESAR;-23.5561305;-46.6681716;59;HOSP MUN JOSANIAS CASTANHA BRAGA;JARDIM ROSCHEL;-23.8247733;-46.7266429;38960;38.96;3230;53.85;ok;
55;INSTITUTO DO CANCER DO ESTADO DE SAO PAULO;CERQUEIRA CESAR;-23.5561305;-46.6681716;233;HOSP MUN SOROCABANA;ALTO DE PINHEIROS;-23.5375934;-46.7227993;7970;7.97;906;15.12;ok;
56;HOSP MUN SOROCABANA;VILA ROMANA;-23.5238763;-46.7013591;1;HOSPITAL MUNICIPAL SANTA DULCE DOS POBRES;CONSOLACAO;-23.5573928;-46.6562429;7870;7.87;863;14.39;ok;
56;HOSP MUN SOROCABANA;VILA ROMANA;-23.5238763;-46.7013591;2;HOSPITAL MUNICIPAL BRASILANDIA;JARDIM MARISTELA;-23.476544;-46.6980006;7260;7.26;756;12.6;ok;
56;HOSP MUN SOROCABANA;VILA ROMANA;-23.5238763;-46.7013591;3;HOSPITAL MUNICIPAL GUARAPIRANGA;RIVIERA PAULISTA;-23.6911689;-46.7517858;24710;24.71;2007;33.45;ok;
56;HOSP MUN SOROCABANA;VILA ROMANA;-23.5238763;-46.7013591;4;INSTITUTO DE INFECTOLOGIA EMILIO RIBAS;SUMARE;-23.5470783;-46.6812257;4560;4.56;445;7.43;ok;
56;HOSP MUN SOROCABANA;VILA ROMANA;-23.5238763;-46.7013591;5;HOSPITAL DO SERV PUB EST FCO MORATO DE OLIVEIRA SAO PAULO;IBIRAPUERA;-23.5966175;-46.6539691;11670;11.67;1174;19.58;ok;
56;HOSP MUN SOROCABANA;VILA ROMANA;-23.5238763;-46.7013591;6;HOSPITAL MATERNIDADE INTERLAGOS;JD LEBLON;-23.7069613;-46.7021968;26000;26.0;2142;35.7;ok;
56;HOSP MUN SOROCABANA;VILA ROMANA;-23.5238763;-46.7013591;7;HOSPITAL GERAL DE PEDREIRA;VILA CAMPO GRANDE;-23.6808407;-46.6783317;24990;24.99;2102;35.04;ok;
56;HOSP MUN SOROCABANA;VILA ROMANA;-23.5238763;-46.7013591;8;HOSPITAL HELIOPOLIS UNIDADE DE GESTAO ASSISTENCIAL I;V HELIOPOLIS;-23.607115;-46.595253;17290;17.29;1744;29.08;ok;
56;HOSP MUN SOROCABANA;VILA ROMANA;-23.5238763;-46.7013591;10;HOSPITAL INFANTIL DARCY VARGAS UGA III SAO PAULO;JARDIM GUEDALA;-23.5929419;-46.7109151;11680;11.68;1230;20.51;ok;
56;HOSP MUN SOROCABANA;VILA ROMANA;-23.5238763;-46.7013591;11;HOSP MUN MATERNIDADE PROFESSOR MARIO DEGNI;VILA ANTONIO;-23.5777487;-46.764842;10210;10.21;1142;19.05;ok;
56;HOSP MUN SOROCABANA;VILA ROMANA;-23.5238763;-46.7013591;12;HOSPITAL UNIVERSITARIO DA USP SAO PAULO;BUTANTA;-23.5649058;-46.7409515;8280;8.28;1042;17.38;ok;
56;HOSP MUN SOROCABANA;VILA ROMANA;-23.5238763;-46.7013591;13;CAISM PHILIPPE PINEL SAO PAULO;PIRITUBA;-23.4869816;-46.7239346;7450;7.45;782;13.05;ok;
56;HOSP MUN SOROCABANA;VILA ROMANA;-23.5238763;-46.7013591;14;HOSPITAL GERAL HENRIQUE ALTIMEYER DE VILA ALPINA;VILA ALPINA;-23.5930526;-46.5607618;22320;22.32;1663;27.72;ok;
56;HOSP MUN SOROCABANA;VILA ROMANA;-23.5238763;-46.7013591;16;HOSPITAL GERAL DE SAO MATEUS SAO PAULO;SAO MATEUS;-23.5947358;-46.4867109;28710;28.71;2097;34.96;ok;
56;HOSP MUN SOROCABANA;VILA ROMANA;-23.5238763;-46.7013591;17;UNIDADE DE GESTAO ASSISTENCIAL II HOSPITAL IPIRANGA SP;IPIRANGA;-23.584203;-46.6116295;13990;13.99;1455;24.26;ok;
56;HOSP MUN SOROCABANA;VILA ROMANA;-23.5238763;-46.7013591;18;CONJUNTO HOSPITALAR DO MANDAQUI SAO PAULO;SANTANA;-23.4849783;-46.6314355;11300;11.3;1224;20.42;ok;
56;HOSP MUN SOROCABANA;VILA ROMANA;-23.5238763;-46.7013591;19;HOSPITAL GERAL SANTA MARCELINA DE ITAIM PAULISTA SAO PAULO;ITAIM PAULISTA;-23.4924231;-46.3889814;41330;41.33;2380;39.67;ok;
56;HOSP MUN SOROCABANA;VILA ROMANA;-23.5238763;-46.7013591;20;HOSP MUN PROF DR WALDOMIRO DE PAULA;ITAQUERA;-23.5321357;-46.4472128;38570;38.57;2322;38.71;ok;
56;HOSP MUN SOROCABANA;VILA ROMANA;-23.5238763;-46.7013591;21;HOSPITAL GERAL DO GRAJAU PROF LIBER JOHN ALPHONSE DI DIO SP;PARQUE DAS NACOES;-23.691152;-46.5848155;29310;29.31;2546;42.45;ok;
56;HOSP MUN SOROCABANA;VILA ROMANA;-23.5238763;-46.7013591;22;HOSPITAL E MATERNIDADE LEONOR MENDES DE BARROS SAO PAULO;BELENZINHO;-23.5359031;-46.5887061;15350;15.35;1067;17.8;ok;
56;HOSP MUN SOROCABANA;VILA ROMANA;-23.5238763;-46.7013591;23;CENTRO DE REFERENCIA E TREINAMENTO DST AIDS SAO PAULO;VILA MARIANA;-23.5966194;-46.6358133;13090;13.09;1305;21.76;ok;
56;HOSP MUN SOROCABANA;VILA ROMANA;-23.5238763;-46.7013591;24;HOSPITAL MILITAR DE AREA DE SAO PAULO;CAMBUCI;-23.5696701;-46.6134492;12220;12.22;1292;21.54;ok;
56;HOSP MUN SOROCABANA;VILA ROMANA;-23.5238763;-46.7013591;25;CENTRO DE REFERENCIA DA SAUDE DA MULHER;CAMPOS ELISEOS;-23.5343002;-46.6437496;6920;6.92;770;12.84;ok;
56;HOSP MUN SOROCABANA;VILA ROMANA;-23.5238763;-46.7013591;26;HOSP MUN INFANTIL MENINO JESUS;BELA VISTA;-23.56022;-46.6469982;8830;8.83;997;16.62;ok;
56;HOSP MUN SOROCABANA;VILA ROMANA;-23.5238763;-46.7013591;28;HOSP MUN MAT ESC DR MARIO DE MORAES A SILVA;VILA NOVA CACHOEIRIN;-23.4802096;-46.6709709;7250;7.25;756;12.61;ok;
56;HOSP MUN SOROCABANA;VILA ROMANA;-23.5238763;-46.7013591;29;HOSPITAL GERAL JESUS TEIXEIRA DA COSTA GUAIANASES SAO PAULO;JARDIM SAO PAULO;-23.5523813;-46.4053829;46520;46.52;2901;48.35;ok;
56;HOSP MUN SOROCABANA;VILA ROMANA;-23.5238763;-46.7013591;30;HOSP MUN DR CARMINO CARICCHIO;TATUAPE;-23.5329502;-46.5664411;16530;16.53;1259;21.0;ok;
56;HOSP MUN SOROCABANA;VILA ROMANA;-23.5238763;-46.7013591;31;HOSP MUN TIDE SETUBAL;SAO MIGUEL PAULISTA;-23.4973179;-46.439865;34740;34.74;2066;34.44;ok;
56;HOSP MUN SOROCABANA;VILA ROMANA;-23.5238763;-46.7013591;32;HOSP MUN V NHOCUNE ALEXANDRE ZAIO;VILA NHOCUNE;-23.5424212;-46.5015398;25720;25.72;1906;31.78;ok;
56;HOSP MUN SOROCABANA;VILA ROMANA;-23.5238763;-46.7013591;33;HOSP MUN JABAQUARA ARTUR RIBEIRO DE SABOYA;JABAQUARA;-23.6533422;-46.6456764;21280;21.28;1927;32.12;ok;
56;HOSP MUN SOROCABANA;VILA ROMANA;-23.5238763;-46.7013591;34;HOSPITAL KATIA DE SOUZA RODRIGUES TAIPASSP SAO PAULO;PARADA DE TAIPAS;-23.4436996;-46.7177512;11720;11.72;1049;17.48;ok;
56;HOSP MUN SOROCABANA;VILA ROMANA;-23.5238763;-46.7013591;35;HOSP MUN PROFESSOR DOUTOR ALIPIO CORREA NETTO;VILA PARANAGUA;-23.499644;-46.4729162;27280;27.28;2113;35.23;ok;
56;HOSP MUN SOROCABANA;VILA ROMANA;-23.5238763;-46.7013591;36;HOSPITAL MUNICIPAL DR BENEDITO MONTENEGRO;JARDIM IVA;-23.5875541;-46.5145716;24920;24.92;2011;33.53;ok;
56;HOSP MUN SOROCABANA;VILA ROMANA;-23.5238763;-46.7013591;37;HOSP MUN IGNACIO PROENCA DE GOUVEA;PARQUE DA MOOCA;-23.5717374;-46.590166;20530;20.53;1535;25.6;ok;
56;HOSP MUN SOROCABANA;VILA ROMANA;-23.5238763;-46.7013591;38;HOSPITAL INFANTIL CANDIDO FONTOURA SAO PAULO;AGUA RASA;-23.551918;-46.5852143;18030;18.03;1299;21.67;ok;
56;HOSP MUN SOROCABANA;VILA ROMANA;-23.5238763;-46.7013591;40;HOSPITAL REGIONAL SUL SAO PAULO;SANTO AMARO;-23.6555597;-46.7058596;20570;20.57;1687;28.13;ok;
56;HOSP MUN SOROCABANA;VILA ROMANA;-23.5238763;-46.7013591;42;HOSPITAL ESTADUAL DE SAPOPEMBA SAO PAULO;JARDIM SAPOPEMBA;-23.611336;-46.493671;30850;30.85;2354;39.25;ok;
56;HOSP MUN SOROCABANA;VILA ROMANA;-23.5238763;-46.7013591;43;HOSPITAL GERAL DE VILA PENTEADO DR JOSE PANGELLA SAO PAULO;JARDIM IRACEMA;-23.4934229;-46.7008274;5060;5.06;511;8.53;ok;
56;HOSP MUN SOROCABANA;VILA ROMANA;-23.5238763;-46.7013591;46;HOSP DO SERV PUB MUNICIPAL HSPM;LIBERDADE;-23.5673424;-46.639071;10860;10.86;1174;19.58;ok;
56;HOSP MUN SOROCABANA;VILA ROMANA;-23.5238763;-46.7013591;47;HOSP MUN FERNANDO MAURO PIRES DA ROCHA;CAMPO LIMPO;-23.6490957;-46.7490028;19690;19.69;1552;25.87;ok;
56;HOSP MUN SOROCABANA;VILA ROMANA;-23.5238763;-46.7013591;48;CENTRO HOSPITALAR DO SISTEMA PENITENCIARIO SAO PAULO;CARANDIRU;-23.5085713;-46.6201015;11510;11.51;1055;17.59;ok;
56;HOSP MUN SOROCABANA;VILA ROMANA;-23.5238763;-46.7013591;49;HOSP MUN VER JOSE STOROPOLLI;PARQUE NOVO MUNDO;-23.522085;-46.5617446;19000;19.0;1322;22.04;ok;
56;HOSP MUN SOROCABANA;VILA ROMANA;-23.5238763;-46.7013591;50;CENTRO MEDICO PMESP;TREMEMBE;-23.4690239;-46.6188727;16430;16.43;1536;25.61;ok;
56;HOSP MUN SOROCABANA;VILA ROMANA;-23.5238763;-46.7013591;51;HOSP MUN CARMEN PRUDENTE;CIDADE TIRADENTES;-23.5833632;-46.4092773;37730;37.73;2956;49.27;ok;
56;HOSP MUN SOROCABANA;VILA ROMANA;-23.5238763;-46.7013591;53;INSTITUTO DE REABILITACAO LUCY MONTORO;VILA ANDRADE;-23.6322694;-46.7351129;17510;17.51;1417;23.62;ok;
56;HOSP MUN SOROCABANA;VILA ROMANA;-23.5238763;-46.7013591;55;INSTITUTO DO CANCER DO ESTADO DE SAO PAULO;CERQUEIRA CESAR;-23.5561305;-46.6681716;6360;6.36;681;11.36;ok;
56;HOSP MUN SOROCABANA;VILA ROMANA;-23.5238763;-46.7013591;56;HOSP MUN SOROCABANA;VILA ROMANA;-23.5238763;-46.7013591;0;0.0;0;0.0;ok;
56;HOSP MUN SOROCABANA;VILA ROMANA;-23.5238763;-46.7013591;57;HOSP MUN GILSON DE CASSIA MARQUES DE CARVALHO;VILA MASCOTE;-23.6470652;-46.662824;18490;18.49;1662;27.71;ok;
56;HOSP MUN SOROCABANA;VILA ROMANA;-23.5238763;-46.7013591;58;HOSP MUN CAPELA DO SOCORRO;JARDIM DAS IMBUIAS;-23.7296842;-46.7129995;29450;29.45;2561;42.68;ok;
56;HOSP MUN SOROCABANA;VILA ROMANA;-23.5238763;-46.7013591;59;HOSP MUN JOSANIAS CASTANHA BRAGA;JARDIM ROSCHEL;-23.8247733;-46.7266429;42520;42.52;3430;57.18;ok;
56;HOSP MUN SOROCABANA;VILA ROMANA;-23.5238763;-46.7013591;233;HOSP MUN SOROCABANA;ALTO DE PINHEIROS;-23.5375934;-46.7227993;3420;3.42;439;7.33;ok;
57;HOSP MUN GILSON DE CASSIA MARQUES DE CARVALHO;VILA MASCOTE;-23.6470652;-46.662824;1;HOSPITAL MUNICIPAL SANTA DULCE DOS POBRES;CONSOLACAO;-23.5573928;-46.6562429;12690;12.69;1278;21.31;ok;
57;HOSP MUN GILSON DE CASSIA MARQUES DE CARVALHO;VILA MASCOTE;-23.6470652;-46.662824;2;HOSPITAL MUNICIPAL BRASILANDIA;JARDIM MARISTELA;-23.476544;-46.6980006;28440;28.44;2059;34.33;ok;
57;HOSP MUN GILSON DE CASSIA MARQUES DE CARVALHO;VILA MASCOTE;-23.6470652;-46.662824;3;HOSPITAL MUNICIPAL GUARAPIRANGA;RIVIERA PAULISTA;-23.6911689;-46.7517858;13590;13.59;1265;21.09;ok;
57;HOSP MUN GILSON DE CASSIA MARQUES DE CARVALHO;VILA MASCOTE;-23.6470652;-46.662824;4;INSTITUTO DE INFECTOLOGIA EMILIO RIBAS;SUMARE;-23.5470783;-46.6812257;14510;14.51;1513;25.23;ok;
57;HOSP MUN GILSON DE CASSIA MARQUES DE CARVALHO;VILA MASCOTE;-23.6470652;-46.662824;5;HOSPITAL DO SERV PUB EST FCO MORATO DE OLIVEIRA SAO PAULO;IBIRAPUERA;-23.5966175;-46.6539691;7640;7.64;769;12.82;ok;
57;HOSP MUN GILSON DE CASSIA MARQUES DE CARVALHO;VILA MASCOTE;-23.6470652;-46.662824;6;HOSPITAL MATERNIDADE INTERLAGOS;JD LEBLON;-23.7069613;-46.7021968;8790;8.79;912;15.21;ok;
57;HOSP MUN GILSON DE CASSIA MARQUES DE CARVALHO;VILA MASCOTE;-23.6470652;-46.662824;7;HOSPITAL GERAL DE PEDREIRA;VILA CAMPO GRANDE;-23.6808407;-46.6783317;5910;5.91;642;10.71;ok;
57;HOSP MUN GILSON DE CASSIA MARQUES DE CARVALHO;VILA MASCOTE;-23.6470652;-46.662824;8;HOSPITAL HELIOPOLIS UNIDADE DE GESTAO ASSISTENCIAL I;V HELIOPOLIS;-23.607115;-46.595253;10680;10.68;1193;19.89;ok;
57;HOSP MUN GILSON DE CASSIA MARQUES DE CARVALHO;VILA MASCOTE;-23.6470652;-46.662824;10;HOSPITAL INFANTIL DARCY VARGAS UGA III SAO PAULO;JARDIM GUEDALA;-23.5929419;-46.7109151;11090;11.09;1183;19.72;ok;
57;HOSP MUN GILSON DE CASSIA MARQUES DE CARVALHO;VILA MASCOTE;-23.6470652;-46.662824;11;HOSP MUN MATERNIDADE PROFESSOR MARIO DEGNI;VILA ANTONIO;-23.5777487;-46.764842;20020;20.02;1634;27.25;ok;
57;HOSP MUN GILSON DE CASSIA MARQUES DE CARVALHO;VILA MASCOTE;-23.6470652;-46.662824;12;HOSPITAL UNIVERSITARIO DA USP SAO PAULO;BUTANTA;-23.5649058;-46.7409515;18040;18.04;1725;28.76;ok;
57;HOSP MUN GILSON DE CASSIA MARQUES DE CARVALHO;VILA MASCOTE;-23.6470652;-46.662824;13;CAISM PHILIPPE PINEL SAO PAULO;PIRITUBA;-23.4869816;-46.7239346;28630;28.63;2086;34.77;ok;
57;HOSP MUN GILSON DE CASSIA MARQUES DE CARVALHO;VILA MASCOTE;-23.6470652;-46.662824;14;HOSPITAL GERAL HENRIQUE ALTIMEYER DE VILA ALPINA;VILA ALPINA;-23.5930526;-46.5607618;15700;15.7;1700;28.35;ok;
57;HOSP MUN GILSON DE CASSIA MARQUES DE CARVALHO;VILA MASCOTE;-23.6470652;-46.662824;16;HOSPITAL GERAL DE SAO MATEUS SAO PAULO;SAO MATEUS;-23.5947358;-46.4867109;29070;29.07;2612;43.54;ok;
57;HOSP MUN GILSON DE CASSIA MARQUES DE CARVALHO;VILA MASCOTE;-23.6470652;-46.662824;17;UNIDADE DE GESTAO ASSISTENCIAL II HOSPITAL IPIRANGA SP;IPIRANGA;-23.584203;-46.6116295;11700;11.7;1273;21.22;ok;
57;HOSP MUN GILSON DE CASSIA MARQUES DE CARVALHO;VILA MASCOTE;-23.6470652;-46.662824;18;CONJUNTO HOSPITALAR DO MANDAQUI SAO PAULO;SANTANA;-23.4849783;-46.6314355;21280;21.28;2145;35.76;ok;
57;HOSP MUN GILSON DE CASSIA MARQUES DE CARVALHO;VILA MASCOTE;-23.6470652;-46.662824;19;HOSPITAL GERAL SANTA MARCELINA DE ITAIM PAULISTA SAO PAULO;ITAIM PAULISTA;-23.4924231;-46.3889814;48820;48.82;3297;54.96;ok;
57;HOSP MUN GILSON DE CASSIA MARQUES DE CARVALHO;VILA MASCOTE;-23.6470652;-46.662824;20;HOSP MUN PROF DR WALDOMIRO DE PAULA;ITAQUERA;-23.5321357;-46.4472128;33690;33.69;3213;53.55;ok;
57;HOSP MUN GILSON DE CASSIA MARQUES DE CARVALHO;VILA MASCOTE;-23.6470652;-46.662824;21;HOSPITAL GERAL DO GRAJAU PROF LIBER JOHN ALPHONSE DI DIO SP;PARQUE DAS NACOES;-23.691152;-46.5848155;13390;13.39;1146;19.11;ok;
57;HOSP MUN GILSON DE CASSIA MARQUES DE CARVALHO;VILA MASCOTE;-23.6470652;-46.662824;22;HOSPITAL E MATERNIDADE LEONOR MENDES DE BARROS SAO PAULO;BELENZINHO;-23.5359031;-46.5887061;19460;19.46;1883;31.38;ok;
57;HOSP MUN GILSON DE CASSIA MARQUES DE CARVALHO;VILA MASCOTE;-23.6470652;-46.662824;23;CENTRO DE REFERENCIA E TREINAMENTO DST AIDS SAO PAULO;VILA MARIANA;-23.5966194;-46.6358133;8620;8.62;860;14.34;ok;
57;HOSP MUN GILSON DE CASSIA MARQUES DE CARVALHO;VILA MASCOTE;-23.6470652;-46.662824;24;HOSPITAL MILITAR DE AREA DE SAO PAULO;CAMBUCI;-23.5696701;-46.6134492;13370;13.37;1381;23.03;ok;
57;HOSP MUN GILSON DE CASSIA MARQUES DE CARVALHO;VILA MASCOTE;-23.6470652;-46.662824;25;CENTRO DE REFERENCIA DA SAUDE DA MULHER;CAMPOS ELISEOS;-23.5343002;-46.6437496;15890;15.89;1546;25.77;ok;
57;HOSP MUN GILSON DE CASSIA MARQUES DE CARVALHO;VILA MASCOTE;-23.6470652;-46.662824;26;HOSP MUN INFANTIL MENINO JESUS;BELA VISTA;-23.56022;-46.6469982;12150;12.15;1265;21.09;ok;
57;HOSP MUN GILSON DE CASSIA MARQUES DE CARVALHO;VILA MASCOTE;-23.6470652;-46.662824;28;HOSP MUN MAT ESC DR MARIO DE MORAES A SILVA;VILA NOVA CACHOEIRIN;-23.4802096;-46.6709709;29820;29.82;2158;35.98;ok;
57;HOSP MUN GILSON DE CASSIA MARQUES DE CARVALHO;VILA MASCOTE;-23.6470652;-46.662824;29;HOSPITAL GERAL JESUS TEIXEIRA DA COSTA GUAIANASES SAO PAULO;JARDIM SAO PAULO;-23.5523813;-46.4053829;40000;40.0;3569;59.49;ok;
57;HOSP MUN GILSON DE CASSIA MARQUES DE CARVALHO;VILA MASCOTE;-23.6470652;-46.662824;30;HOSP MUN DR CARMINO CARICCHIO;TATUAPE;-23.5329502;-46.5664411;21380;21.38;2086;34.78;ok;
57;HOSP MUN GILSON DE CASSIA MARQUES DE CARVALHO;VILA MASCOTE;-23.6470652;-46.662824;31;HOSP MUN TIDE SETUBAL;SAO MIGUEL PAULISTA;-23.4973179;-46.439865;42220;42.22;2983;49.73;ok;
57;HOSP MUN GILSON DE CASSIA MARQUES DE CARVALHO;VILA MASCOTE;-23.6470652;-46.662824;32;HOSP MUN V NHOCUNE ALEXANDRE ZAIO;VILA NHOCUNE;-23.5424212;-46.5015398;25470;25.47;2677;44.63;ok;
57;HOSP MUN GILSON DE CASSIA MARQUES DE CARVALHO;VILA MASCOTE;-23.6470652;-46.662824;33;HOSP MUN JABAQUARA ARTUR RIBEIRO DE SABOYA;JABAQUARA;-23.6533422;-46.6456764;2800;2.8;264;4.41;ok;
57;HOSP MUN GILSON DE CASSIA MARQUES DE CARVALHO;VILA MASCOTE;-23.6470652;-46.662824;34;HOSPITAL KATIA DE SOUZA RODRIGUES TAIPASSP SAO PAULO;PARADA DE TAIPAS;-23.4436996;-46.7177512;32900;32.9;2352;39.21;ok;
57;HOSP MUN GILSON DE CASSIA MARQUES DE CARVALHO;VILA MASCOTE;-23.6470652;-46.662824;35;HOSP MUN PROFESSOR DOUTOR ALIPIO CORREA NETTO;VILA PARANAGUA;-23.499644;-46.4729162;34760;34.76;3030;50.51;ok;
57;HOSP MUN GILSON DE CASSIA MARQUES DE CARVALHO;VILA MASCOTE;-23.6470652;-46.662824;36;HOSPITAL MUNICIPAL DR BENEDITO MONTENEGRO;JARDIM IVA;-23.5875541;-46.5145716;21460;21.46;2245;37.43;ok;
57;HOSP MUN GILSON DE CASSIA MARQUES DE CARVALHO;VILA MASCOTE;-23.6470652;-46.662824;37;HOSP MUN IGNACIO PROENCA DE GOUVEA;PARQUE DA MOOCA;-23.5717374;-46.590166;14320;14.32;1556;25.95;ok;
57;HOSP MUN GILSON DE CASSIA MARQUES DE CARVALHO;VILA MASCOTE;-23.6470652;-46.662824;38;HOSPITAL INFANTIL CANDIDO FONTOURA SAO PAULO;AGUA RASA;-23.551918;-46.5852143;18450;18.45;1773;29.56;ok;
57;HOSP MUN GILSON DE CASSIA MARQUES DE CARVALHO;VILA MASCOTE;-23.6470652;-46.662824;40;HOSPITAL REGIONAL SUL SAO PAULO;SANTO AMARO;-23.6555597;-46.7058596;6700;6.7;606;10.11;ok;
57;HOSP MUN GILSON DE CASSIA MARQUES DE CARVALHO;VILA MASCOTE;-23.6470652;-46.662824;42;HOSPITAL ESTADUAL DE SAPOPEMBA SAO PAULO;JARDIM SAPOPEMBA;-23.611336;-46.493671;25390;25.39;2267;37.79;ok;
57;HOSP MUN GILSON DE CASSIA MARQUES DE CARVALHO;VILA MASCOTE;-23.6470652;-46.662824;43;HOSPITAL GERAL DE VILA PENTEADO DR JOSE PANGELLA SAO PAULO;JARDIM IRACEMA;-23.4934229;-46.7008274;26240;26.24;1814;30.25;ok;
57;HOSP MUN GILSON DE CASSIA MARQUES DE CARVALHO;VILA MASCOTE;-23.6470652;-46.662824;46;HOSP DO SERV PUB MUNICIPAL HSPM;LIBERDADE;-23.5673424;-46.639071;11930;11.93;1241;20.69;ok;
57;HOSP MUN GILSON DE CASSIA MARQUES DE CARVALHO;VILA MASCOTE;-23.6470652;-46.662824;47;HOSP MUN FERNANDO MAURO PIRES DA ROCHA;CAMPO LIMPO;-23.6490957;-46.7490028;13380;13.38;1209;20.15;ok;
57;HOSP MUN GILSON DE CASSIA MARQUES DE CARVALHO;VILA MASCOTE;-23.6470652;-46.662824;48;CENTRO HOSPITALAR DO SISTEMA PENITENCIARIO SAO PAULO;CARANDIRU;-23.5085713;-46.6201015;18820;18.82;1868;31.15;ok;
57;HOSP MUN GILSON DE CASSIA MARQUES DE CARVALHO;VILA MASCOTE;-23.6470652;-46.662824;49;HOSP MUN VER JOSE STOROPOLLI;PARQUE NOVO MUNDO;-23.522085;-46.5617446;26490;26.49;2239;37.33;ok;
57;HOSP MUN GILSON DE CASSIA MARQUES DE CARVALHO;VILA MASCOTE;-23.6470652;-46.662824;50;CENTRO MEDICO PMESP;TREMEMBE;-23.4690239;-46.6188727;23870;23.87;2432;40.54;ok;
57;HOSP MUN GILSON DE CASSIA MARQUES DE CARVALHO;VILA MASCOTE;-23.6470652;-46.662824;51;HOSP MUN CARMEN PRUDENTE;CIDADE TIRADENTES;-23.5833632;-46.4092773;36740;36.74;3272;54.55;ok;
57;HOSP MUN GILSON DE CASSIA MARQUES DE CARVALHO;VILA MASCOTE;-23.6470652;-46.662824;53;INSTITUTO DE REABILITACAO LUCY MONTORO;VILA ANDRADE;-23.6322694;-46.7351129;11200;11.2;1074;17.9;ok;
57;HOSP MUN GILSON DE CASSIA MARQUES DE CARVALHO;VILA MASCOTE;-23.6470652;-46.662824;55;INSTITUTO DO CANCER DO ESTADO DE SAO PAULO;CERQUEIRA CESAR;-23.5561305;-46.6681716;13690;13.69;1441;24.02;ok;
57;HOSP MUN GILSON DE CASSIA MARQUES DE CARVALHO;VILA MASCOTE;-23.6470652;-46.662824;56;HOSP MUN SOROCABANA;VILA ROMANA;-23.5238763;-46.7013591;17540;17.54;1641;27.36;ok;
57;HOSP MUN GILSON DE CASSIA MARQUES DE CARVALHO;VILA MASCOTE;-23.6470652;-46.662824;57;HOSP MUN GILSON DE CASSIA MARQUES DE CARVALHO;VILA MASCOTE;-23.6470652;-46.662824;0;0.0;0;0.0;ok;
57;HOSP MUN GILSON DE CASSIA MARQUES DE CARVALHO;VILA MASCOTE;-23.6470652;-46.662824;58;HOSP MUN CAPELA DO SOCORRO;JARDIM DAS IMBUIAS;-23.7296842;-46.7129995;12240;12.24;1331;22.19;ok;
57;HOSP MUN GILSON DE CASSIA MARQUES DE CARVALHO;VILA MASCOTE;-23.6470652;-46.662824;59;HOSP MUN JOSANIAS CASTANHA BRAGA;JARDIM ROSCHEL;-23.8247733;-46.7266429;25310;25.31;2200;36.68;ok;
57;HOSP MUN GILSON DE CASSIA MARQUES DE CARVALHO;VILA MASCOTE;-23.6470652;-46.662824;233;HOSP MUN SOROCABANA;ALTO DE PINHEIROS;-23.5375934;-46.7227993;16920;16.92;1388;23.14;ok;
58;HOSP MUN CAPELA DO SOCORRO;JARDIM DAS IMBUIAS;-23.7296842;-46.7129995;1;HOSPITAL MUNICIPAL SANTA DULCE DOS POBRES;CONSOLACAO;-23.5573928;-46.6562429;24500;24.5;2222;37.04;ok;
58;HOSP MUN CAPELA DO SOCORRO;JARDIM DAS IMBUIAS;-23.7296842;-46.7129995;2;HOSPITAL MUNICIPAL BRASILANDIA;JARDIM MARISTELA;-23.476544;-46.6980006;38910;38.91;2824;47.07;ok;
58;HOSP MUN CAPELA DO SOCORRO;JARDIM DAS IMBUIAS;-23.7296842;-46.7129995;3;HOSPITAL MUNICIPAL GUARAPIRANGA;RIVIERA PAULISTA;-23.6911689;-46.7517858;15750;15.75;1607;26.78;ok;
58;HOSP MUN CAPELA DO SOCORRO;JARDIM DAS IMBUIAS;-23.7296842;-46.7129995;4;INSTITUTO DE INFECTOLOGIA EMILIO RIBAS;SUMARE;-23.5470783;-46.6812257;26610;26.61;2290;38.18;ok;
58;HOSP MUN CAPELA DO SOCORRO;JARDIM DAS IMBUIAS;-23.7296842;-46.7129995;5;HOSPITAL DO SERV PUB EST FCO MORATO DE OLIVEIRA SAO PAULO;IBIRAPUERA;-23.5966175;-46.6539691;18270;18.27;1898;31.65;ok;
58;HOSP MUN CAPELA DO SOCORRO;JARDIM DAS IMBUIAS;-23.7296842;-46.7129995;6;HOSPITAL MATERNIDADE INTERLAGOS;JD LEBLON;-23.7069613;-46.7021968;3500;3.5;458;7.64;ok;
58;HOSP MUN CAPELA DO SOCORRO;JARDIM DAS IMBUIAS;-23.7296842;-46.7129995;7;HOSPITAL GERAL DE PEDREIRA;VILA CAMPO GRANDE;-23.6808407;-46.6783317;8200;8.2;1038;17.32;ok;
58;HOSP MUN CAPELA DO SOCORRO;JARDIM DAS IMBUIAS;-23.7296842;-46.7129995;8;HOSPITAL HELIOPOLIS UNIDADE DE GESTAO ASSISTENCIAL I;V HELIOPOLIS;-23.607115;-46.595253;22510;22.51;2532;42.21;ok;
58;HOSP MUN CAPELA DO SOCORRO;JARDIM DAS IMBUIAS;-23.7296842;-46.7129995;10;HOSPITAL INFANTIL DARCY VARGAS UGA III SAO PAULO;JARDIM GUEDALA;-23.5929419;-46.7109151;20660;20.66;2047;34.12;ok;
58;HOSP MUN CAPELA DO SOCORRO;JARDIM DAS IMBUIAS;-23.7296842;-46.7129995;11;HOSP MUN MATERNIDADE PROFESSOR MARIO DEGNI;VILA ANTONIO;-23.5777487;-46.764842;30500;30.5;2399;39.99;ok;
58;HOSP MUN CAPELA DO SOCORRO;JARDIM DAS IMBUIAS;-23.7296842;-46.7129995;12;HOSPITAL UNIVERSITARIO DA USP SAO PAULO;BUTANTA;-23.5649058;-46.7409515;28520;28.52;2490;41.51;ok;
58;HOSP MUN CAPELA DO SOCORRO;JARDIM DAS IMBUIAS;-23.7296842;-46.7129995;13;CAISM PHILIPPE PINEL SAO PAULO;PIRITUBA;-23.4869816;-46.7239346;39110;39.11;2850;47.51;ok;
58;HOSP MUN CAPELA DO SOCORRO;JARDIM DAS IMBUIAS;-23.7296842;-46.7129995;14;HOSPITAL GERAL HENRIQUE ALTIMEYER DE VILA ALPINA;VILA ALPINA;-23.5930526;-46.5607618;27530;27.53;3039;50.67;ok;
58;HOSP MUN CAPELA DO SOCORRO;JARDIM DAS IMBUIAS;-23.7296842;-46.7129995;16;HOSPITAL GERAL DE SAO MATEUS SAO PAULO;SAO MATEUS;-23.5947358;-46.4867109;35600;35.6;3497;58.29;ok;
58;HOSP MUN CAPELA DO SOCORRO;JARDIM DAS IMBUIAS;-23.7296842;-46.7129995;17;UNIDADE DE GESTAO ASSISTENCIAL II HOSPITAL IPIRANGA SP;IPIRANGA;-23.584203;-46.6116295;23530;23.53;2556;42.61;ok;
58;HOSP MUN CAPELA DO SOCORRO;JARDIM DAS IMBUIAS;-23.7296842;-46.7129995;18;CONJUNTO HOSPITALAR DO MANDAQUI SAO PAULO;SANTANA;-23.4849783;-46.6314355;46220;46.22;3265;54.42;ok;
58;HOSP MUN CAPELA DO SOCORRO;JARDIM DAS IMBUIAS;-23.7296842;-46.7129995;19;HOSPITAL GERAL SANTA MARCELINA DE ITAIM PAULISTA SAO PAULO;ITAIM PAULISTA;-23.4924231;-46.3889814;74210;74.21;4333;72.23;ok;
58;HOSP MUN CAPELA DO SOCORRO;JARDIM DAS IMBUIAS;-23.7296842;-46.7129995;20;HOSP MUN PROF DR WALDOMIRO DE PAULA;ITAQUERA;-23.5321357;-46.4472128;43210;43.21;4240;70.68;ok;
58;HOSP MUN CAPELA DO SOCORRO;JARDIM DAS IMBUIAS;-23.7296842;-46.7129995;21;HOSPITAL GERAL DO GRAJAU PROF LIBER JOHN ALPHONSE DI DIO SP;PARQUE DAS NACOES;-23.691152;-46.5848155;19130;19.13;1970;32.84;ok;
58;HOSP MUN CAPELA DO SOCORRO;JARDIM DAS IMBUIAS;-23.7296842;-46.7129995;22;HOSPITAL E MATERNIDADE LEONOR MENDES DE BARROS SAO PAULO;BELENZINHO;-23.5359031;-46.5887061;48230;48.23;3021;50.36;ok;
58;HOSP MUN CAPELA DO SOCORRO;JARDIM DAS IMBUIAS;-23.7296842;-46.7129995;23;CENTRO DE REFERENCIA E TREINAMENTO DST AIDS SAO PAULO;VILA MARIANA;-23.5966194;-46.6358133;20120;20.12;2103;35.06;ok;
58;HOSP MUN CAPELA DO SOCORRO;JARDIM DAS IMBUIAS;-23.7296842;-46.7129995;24;HOSPITAL MILITAR DE AREA DE SAO PAULO;CAMBUCI;-23.5696701;-46.6134492;24640;24.64;2620;43.68;ok;
58;HOSP MUN CAPELA DO SOCORRO;JARDIM DAS IMBUIAS;-23.7296842;-46.7129995;25;CENTRO DE REFERENCIA DA SAUDE DA MULHER;CAMPOS ELISEOS;-23.5343002;-46.6437496;28950;28.95;2597;43.29;ok;
58;HOSP MUN CAPELA DO SOCORRO;JARDIM DAS IMBUIAS;-23.7296842;-46.7129995;26;HOSP MUN INFANTIL MENINO JESUS;BELA VISTA;-23.56022;-46.6469982;25890;25.89;2384;39.74;ok;
58;HOSP MUN CAPELA DO SOCORRO;JARDIM DAS IMBUIAS;-23.7296842;-46.7129995;28;HOSP MUN MAT ESC DR MARIO DE MORAES A SILVA;VILA NOVA CACHOEIRIN;-23.4802096;-46.6709709;40300;40.3;2923;48.73;ok;
58;HOSP MUN CAPELA DO SOCORRO;JARDIM DAS IMBUIAS;-23.7296842;-46.7129995;29;HOSPITAL GERAL JESUS TEIXEIRA DA COSTA GUAIANASES SAO PAULO;JARDIM SAO PAULO;-23.5523813;-46.4053829;46520;46.52;4454;74.24;ok;
58;HOSP MUN CAPELA DO SOCORRO;JARDIM DAS IMBUIAS;-23.7296842;-46.7129995;30;HOSP MUN DR CARMINO CARICCHIO;TATUAPE;-23.5329502;-46.5664411;49410;49.41;3213;53.56;ok;
58;HOSP MUN CAPELA DO SOCORRO;JARDIM DAS IMBUIAS;-23.7296842;-46.7129995;31;HOSP MUN TIDE SETUBAL;SAO MIGUEL PAULISTA;-23.4973179;-46.439865;67620;67.62;4019;67.0;ok;
58;HOSP MUN CAPELA DO SOCORRO;JARDIM DAS IMBUIAS;-23.7296842;-46.7129995;32;HOSP MUN V NHOCUNE ALEXANDRE ZAIO;VILA NHOCUNE;-23.5424212;-46.5015398;58610;58.61;3860;64.34;ok;
58;HOSP MUN CAPELA DO SOCORRO;JARDIM DAS IMBUIAS;-23.7296842;-46.7129995;33;HOSP MUN JABAQUARA ARTUR RIBEIRO DE SABOYA;JABAQUARA;-23.6533422;-46.6456764;14200;14.2;1587;26.46;ok;
58;HOSP MUN CAPELA DO SOCORRO;JARDIM DAS IMBUIAS;-23.7296842;-46.7129995;34;HOSPITAL KATIA DE SOUZA RODRIGUES TAIPASSP SAO PAULO;PARADA DE TAIPAS;-23.4436996;-46.7177512;43370;43.37;3117;51.95;ok;
58;HOSP MUN CAPELA DO SOCORRO;JARDIM DAS IMBUIAS;-23.7296842;-46.7129995;35;HOSP MUN PROFESSOR DOUTOR ALIPIO CORREA NETTO;VILA PARANAGUA;-23.499644;-46.4729162;60160;60.16;4067;67.79;ok;
58;HOSP MUN CAPELA DO SOCORRO;JARDIM DAS IMBUIAS;-23.7296842;-46.7129995;36;HOSPITAL MUNICIPAL DR BENEDITO MONTENEGRO;JARDIM IVA;-23.5875541;-46.5145716;34170;34.17;3324;55.41;ok;
58;HOSP MUN CAPELA DO SOCORRO;JARDIM DAS IMBUIAS;-23.7296842;-46.7129995;37;HOSP MUN IGNACIO PROENCA DE GOUVEA;PARQUE DA MOOCA;-23.5717374;-46.590166;26150;26.15;2895;48.26;ok;
58;HOSP MUN CAPELA DO SOCORRO;JARDIM DAS IMBUIAS;-23.7296842;-46.7129995;38;HOSPITAL INFANTIL CANDIDO FONTOURA SAO PAULO;AGUA RASA;-23.551918;-46.5852143;32750;32.75;2982;49.7;ok;
58;HOSP MUN CAPELA DO SOCORRO;JARDIM DAS IMBUIAS;-23.7296842;-46.7129995;40;HOSPITAL REGIONAL SUL SAO PAULO;SANTO AMARO;-23.6555597;-46.7058596;9650;9.65;1052;17.54;ok;
58;HOSP MUN CAPELA DO SOCORRO;JARDIM DAS IMBUIAS;-23.7296842;-46.7129995;42;HOSPITAL ESTADUAL DE SAPOPEMBA SAO PAULO;JARDIM SAPOPEMBA;-23.611336;-46.493671;31910;31.91;3152;52.54;ok;
58;HOSP MUN CAPELA DO SOCORRO;JARDIM DAS IMBUIAS;-23.7296842;-46.7129995;43;HOSPITAL GERAL DE VILA PENTEADO DR JOSE PANGELLA SAO PAULO;JARDIM IRACEMA;-23.4934229;-46.7008274;36720;36.72;2579;42.99;ok;
58;HOSP MUN CAPELA DO SOCORRO;JARDIM DAS IMBUIAS;-23.7296842;-46.7129995;46;HOSP DO SERV PUB MUNICIPAL HSPM;LIBERDADE;-23.5673424;-46.639071;23430;23.43;2484;41.41;ok;
58;HOSP MUN CAPELA DO SOCORRO;JARDIM DAS IMBUIAS;-23.7296842;-46.7129995;47;HOSP MUN FERNANDO MAURO PIRES DA ROCHA;CAMPO LIMPO;-23.6490957;-46.7490028;15040;15.04;1552;25.88;ok;
58;HOSP MUN CAPELA DO SOCORRO;JARDIM DAS IMBUIAS;-23.7296842;-46.7129995;48;CENTRO HOSPITALAR DO SISTEMA PENITENCIARIO SAO PAULO;CARANDIRU;-23.5085713;-46.6201015;32110;32.11;2997;49.97;ok;
58;HOSP MUN CAPELA DO SOCORRO;JARDIM DAS IMBUIAS;-23.7296842;-46.7129995;49;HOSP MUN VER JOSE STOROPOLLI;PARQUE NOVO MUNDO;-23.522085;-46.5617446;51880;51.88;3276;54.6;ok;
58;HOSP MUN CAPELA DO SOCORRO;JARDIM DAS IMBUIAS;-23.7296842;-46.7129995;50;CENTRO MEDICO PMESP;TREMEMBE;-23.4690239;-46.6188727;37160;37.16;3561;59.36;ok;
58;HOSP MUN CAPELA DO SOCORRO;JARDIM DAS IMBUIAS;-23.7296842;-46.7129995;51;HOSP MUN CARMEN PRUDENTE;CIDADE TIRADENTES;-23.5833632;-46.4092773;43260;43.26;4157;69.3;ok;
58;HOSP MUN CAPELA DO SOCORRO;JARDIM DAS IMBUIAS;-23.7296842;-46.7129995;53;INSTITUTO DE REABILITACAO LUCY MONTORO;VILA ANDRADE;-23.6322694;-46.7351129;14700;14.7;1548;25.8;ok;
58;HOSP MUN CAPELA DO SOCORRO;JARDIM DAS IMBUIAS;-23.7296842;-46.7129995;55;INSTITUTO DO CANCER DO ESTADO DE SAO PAULO;CERQUEIRA CESAR;-23.5561305;-46.6681716;25790;25.79;2218;36.97;ok;
58;HOSP MUN CAPELA DO SOCORRO;JARDIM DAS IMBUIAS;-23.7296842;-46.7129995;56;HOSP MUN SOROCABANA;VILA ROMANA;-23.5238763;-46.7013591;28020;28.02;2406;40.11;ok;
58;HOSP MUN CAPELA DO SOCORRO;JARDIM DAS IMBUIAS;-23.7296842;-46.7129995;57;HOSP MUN GILSON DE CASSIA MARQUES DE CARVALHO;VILA MASCOTE;-23.6470652;-46.662824;12130;12.13;1372;22.87;ok;
58;HOSP MUN CAPELA DO SOCORRO;JARDIM DAS IMBUIAS;-23.7296842;-46.7129995;58;HOSP MUN CAPELA DO SOCORRO;JARDIM DAS IMBUIAS;-23.7296842;-46.7129995;0;0.0;0;0.0;ok;
58;HOSP MUN CAPELA DO SOCORRO;JARDIM DAS IMBUIAS;-23.7296842;-46.7129995;59;HOSP MUN JOSANIAS CASTANHA BRAGA;JARDIM ROSCHEL;-23.8247733;-46.7266429;14410;14.41;1230;20.51;ok;
58;HOSP MUN CAPELA DO SOCORRO;JARDIM DAS IMBUIAS;-23.7296842;-46.7129995;233;HOSP MUN SOROCABANA;ALTO DE PINHEIROS;-23.5375934;-46.7227993;27390;27.39;2153;35.89;ok;
59;HOSP MUN JOSANIAS CASTANHA BRAGA;JARDIM ROSCHEL;-23.8247733;-46.7266429;1;HOSPITAL MUNICIPAL SANTA DULCE DOS POBRES;CONSOLACAO;-23.5573928;-46.6562429;37860;37.86;3188;53.14;ok;
59;HOSP MUN JOSANIAS CASTANHA BRAGA;JARDIM ROSCHEL;-23.8247733;-46.7266429;2;HOSPITAL MUNICIPAL BRASILANDIA;JARDIM MARISTELA;-23.476544;-46.6980006;52280;52.28;3790;63.17;ok;
59;HOSP MUN JOSANIAS CASTANHA BRAGA;JARDIM ROSCHEL;-23.8247733;-46.7266429;3;HOSPITAL MUNICIPAL GUARAPIRANGA;RIVIERA PAULISTA;-23.6911689;-46.7517858;29110;29.11;2572;42.88;ok;
59;HOSP MUN JOSANIAS CASTANHA BRAGA;JARDIM ROSCHEL;-23.8247733;-46.7266429;4;INSTITUTO DE INFECTOLOGIA EMILIO RIBAS;SUMARE;-23.5470783;-46.6812257;39970;39.97;3256;54.28;ok;
59;HOSP MUN JOSANIAS CASTANHA BRAGA;JARDIM ROSCHEL;-23.8247733;-46.7266429;5;HOSPITAL DO SERV PUB EST FCO MORATO DE OLIVEIRA SAO PAULO;IBIRAPUERA;-23.5966175;-46.6539691;31630;31.63;2864;47.75;ok;
59;HOSP MUN JOSANIAS CASTANHA BRAGA;JARDIM ROSCHEL;-23.8247733;-46.7266429;6;HOSPITAL MATERNIDADE INTERLAGOS;JD LEBLON;-23.7069613;-46.7021968;16420;16.42;1380;23.01;ok;
59;HOSP MUN JOSANIAS CASTANHA BRAGA;JARDIM ROSCHEL;-23.8247733;-46.7266429;7;HOSPITAL GERAL DE PEDREIRA;VILA CAMPO GRANDE;-23.6808407;-46.6783317;22060;22.06;1938;32.31;ok;
59;HOSP MUN JOSANIAS CASTANHA BRAGA;JARDIM ROSCHEL;-23.8247733;-46.7266429;8;HOSPITAL HELIOPOLIS UNIDADE DE GESTAO ASSISTENCIAL I;V HELIOPOLIS;-23.607115;-46.595253;35430;35.43;3455;57.58;ok;
59;HOSP MUN JOSANIAS CASTANHA BRAGA;JARDIM ROSCHEL;-23.8247733;-46.7266429;10;HOSPITAL INFANTIL DARCY VARGAS UGA III SAO PAULO;JARDIM GUEDALA;-23.5929419;-46.7109151;34020;34.02;3013;50.22;ok;
59;HOSP MUN JOSANIAS CASTANHA BRAGA;JARDIM ROSCHEL;-23.8247733;-46.7266429;11;HOSP MUN MATERNIDADE PROFESSOR MARIO DEGNI;VILA ANTONIO;-23.5777487;-46.764842;43860;43.86;3365;56.09;ok;
59;HOSP MUN JOSANIAS CASTANHA BRAGA;JARDIM ROSCHEL;-23.8247733;-46.7266429;12;HOSPITAL UNIVERSITARIO DA USP SAO PAULO;BUTANTA;-23.5649058;-46.7409515;41880;41.88;3456;57.61;ok;
59;HOSP MUN JOSANIAS CASTANHA BRAGA;JARDIM ROSCHEL;-23.8247733;-46.7266429;13;CAISM PHILIPPE PINEL SAO PAULO;PIRITUBA;-23.4869816;-46.7239346;52470;52.47;3816;63.61;ok;
59;HOSP MUN JOSANIAS CASTANHA BRAGA;JARDIM ROSCHEL;-23.8247733;-46.7266429;14;HOSPITAL GERAL HENRIQUE ALTIMEYER DE VILA ALPINA;VILA ALPINA;-23.5930526;-46.5607618;44770;44.77;3910;65.17;ok;
59;HOSP MUN JOSANIAS CASTANHA BRAGA;JARDIM ROSCHEL;-23.8247733;-46.7266429;16;HOSPITAL GERAL DE SAO MATEUS SAO PAULO;SAO MATEUS;-23.5947358;-46.4867109;48030;48.03;4324;72.07;ok;
59;HOSP MUN JOSANIAS CASTANHA BRAGA;JARDIM ROSCHEL;-23.8247733;-46.7266429;17;UNIDADE DE GESTAO ASSISTENCIAL II HOSPITAL IPIRANGA SP;IPIRANGA;-23.584203;-46.6116295;36450;36.45;3479;57.99;ok;
59;HOSP MUN JOSANIAS CASTANHA BRAGA;JARDIM ROSCHEL;-23.8247733;-46.7266429;18;CONJUNTO HOSPITALAR DO MANDAQUI SAO PAULO;SANTANA;-23.4849783;-46.6314355;59580;59.58;4231;70.52;ok;
59;HOSP MUN JOSANIAS CASTANHA BRAGA;JARDIM ROSCHEL;-23.8247733;-46.7266429;19;HOSPITAL GERAL SANTA MARCELINA DE ITAIM PAULISTA SAO PAULO;ITAIM PAULISTA;-23.4924231;-46.3889814;87580;87.58;5299;88.33;ok;
59;HOSP MUN JOSANIAS CASTANHA BRAGA;JARDIM ROSCHEL;-23.8247733;-46.7266429;20;HOSP MUN PROF DR WALDOMIRO DE PAULA;ITAQUERA;-23.5321357;-46.4472128;55650;55.65;5067;84.45;ok;
59;HOSP MUN JOSANIAS CASTANHA BRAGA;JARDIM ROSCHEL;-23.8247733;-46.7266429;21;HOSPITAL GERAL DO GRAJAU PROF LIBER JOHN ALPHONSE DI DIO SP;PARQUE DAS NACOES;-23.691152;-46.5848155;31560;31.56;2797;46.62;ok;
59;HOSP MUN JOSANIAS CASTANHA BRAGA;JARDIM ROSCHEL;-23.8247733;-46.7266429;22;HOSPITAL E MATERNIDADE LEONOR MENDES DE BARROS SAO PAULO;BELENZINHO;-23.5359031;-46.5887061;61590;61.59;3987;66.46;ok;
59;HOSP MUN JOSANIAS CASTANHA BRAGA;JARDIM ROSCHEL;-23.8247733;-46.7266429;23;CENTRO DE REFERENCIA E TREINAMENTO DST AIDS SAO PAULO;VILA MARIANA;-23.5966194;-46.6358133;32560;32.56;3050;50.84;ok;
59;HOSP MUN JOSANIAS CASTANHA BRAGA;JARDIM ROSCHEL;-23.8247733;-46.7266429;24;HOSPITAL MILITAR DE AREA DE SAO PAULO;CAMBUCI;-23.5696701;-46.6134492;37310;37.31;3571;59.52;ok;
59;HOSP MUN JOSANIAS CASTANHA BRAGA;JARDIM ROSCHEL;-23.8247733;-46.7266429;25;CENTRO DE REFERENCIA DA SAUDE DA MULHER;CAMPOS ELISEOS;-23.5343002;-46.6437496;42310;42.31;3563;59.38;ok;
59;HOSP MUN JOSANIAS CASTANHA BRAGA;JARDIM ROSCHEL;-23.8247733;-46.7266429;26;HOSP MUN INFANTIL MENINO JESUS;BELA VISTA;-23.56022;-46.6469982;39250;39.25;3350;55.84;ok;
59;HOSP MUN JOSANIAS CASTANHA BRAGA;JARDIM ROSCHEL;-23.8247733;-46.7266429;28;HOSP MUN MAT ESC DR MARIO DE MORAES A SILVA;VILA NOVA CACHOEIRIN;-23.4802096;-46.6709709;53660;53.66;3889;64.83;ok;
59;HOSP MUN JOSANIAS CASTANHA BRAGA;JARDIM ROSCHEL;-23.8247733;-46.7266429;29;HOSPITAL GERAL JESUS TEIXEIRA DA COSTA GUAIANASES SAO PAULO;JARDIM SAO PAULO;-23.5523813;-46.4053829;58960;58.96;5280;88.01;ok;
59;HOSP MUN JOSANIAS CASTANHA BRAGA;JARDIM ROSCHEL;-23.8247733;-46.7266429;30;HOSP MUN DR CARMINO CARICCHIO;TATUAPE;-23.5329502;-46.5664411;62770;62.77;4179;69.66;ok;
59;HOSP MUN JOSANIAS CASTANHA BRAGA;JARDIM ROSCHEL;-23.8247733;-46.7266429;31;HOSP MUN TIDE SETUBAL;SAO MIGUEL PAULISTA;-23.4973179;-46.439865;80980;80.98;4985;83.1;ok;
59;HOSP MUN JOSANIAS CASTANHA BRAGA;JARDIM ROSCHEL;-23.8247733;-46.7266429;32;HOSP MUN V NHOCUNE ALEXANDRE ZAIO;VILA NHOCUNE;-23.5424212;-46.5015398;71970;71.97;4826;80.44;ok;
59;HOSP MUN JOSANIAS CASTANHA BRAGA;JARDIM ROSCHEL;-23.8247733;-46.7266429;33;HOSP MUN JABAQUARA ARTUR RIBEIRO DE SABOYA;JABAQUARA;-23.6533422;-46.6456764;27400;27.4;2492;41.54;ok;
59;HOSP MUN JOSANIAS CASTANHA BRAGA;JARDIM ROSCHEL;-23.8247733;-46.7266429;34;HOSPITAL KATIA DE SOUZA RODRIGUES TAIPASSP SAO PAULO;PARADA DE TAIPAS;-23.4436996;-46.7177512;56740;56.74;4082;68.05;ok;
59;HOSP MUN JOSANIAS CASTANHA BRAGA;JARDIM ROSCHEL;-23.8247733;-46.7266429;35;HOSP MUN PROFESSOR DOUTOR ALIPIO CORREA NETTO;VILA PARANAGUA;-23.499644;-46.4729162;73520;73.52;5033;83.88;ok;
59;HOSP MUN JOSANIAS CASTANHA BRAGA;JARDIM ROSCHEL;-23.8247733;-46.7266429;36;HOSPITAL MUNICIPAL DR BENEDITO MONTENEGRO;JARDIM IVA;-23.5875541;-46.5145716;46610;46.61;4151;69.19;ok;
59;HOSP MUN JOSANIAS CASTANHA BRAGA;JARDIM ROSCHEL;-23.8247733;-46.7266429;37;HOSP MUN IGNACIO PROENCA DE GOUVEA;PARQUE DA MOOCA;-23.5717374;-46.590166;39070;39.07;3818;63.64;ok;
59;HOSP MUN JOSANIAS CASTANHA BRAGA;JARDIM ROSCHEL;-23.8247733;-46.7266429;38;HOSPITAL INFANTIL CANDIDO FONTOURA SAO PAULO;AGUA RASA;-23.551918;-46.5852143;46120;46.12;3947;65.8;ok;
59;HOSP MUN JOSANIAS CASTANHA BRAGA;JARDIM ROSCHEL;-23.8247733;-46.7266429;40;HOSPITAL REGIONAL SUL SAO PAULO;SANTO AMARO;-23.6555597;-46.7058596;23010;23.01;2018;33.64;ok;
59;HOSP MUN JOSANIAS CASTANHA BRAGA;JARDIM ROSCHEL;-23.8247733;-46.7266429;42;HOSPITAL ESTADUAL DE SAPOPEMBA SAO PAULO;JARDIM SAPOPEMBA;-23.611336;-46.493671;44350;44.35;3978;66.32;ok;
59;HOSP MUN JOSANIAS CASTANHA BRAGA;JARDIM ROSCHEL;-23.8247733;-46.7266429;43;HOSPITAL GERAL DE VILA PENTEADO DR JOSE PANGELLA SAO PAULO;JARDIM IRACEMA;-23.4934229;-46.7008274;50080;50.08;3545;59.09;ok;
59;HOSP MUN JOSANIAS CASTANHA BRAGA;JARDIM ROSCHEL;-23.8247733;-46.7266429;46;HOSP DO SERV PUB MUNICIPAL HSPM;LIBERDADE;-23.5673424;-46.639071;35870;35.87;3431;57.19;ok;
59;HOSP MUN JOSANIAS CASTANHA BRAGA;JARDIM ROSCHEL;-23.8247733;-46.7266429;47;HOSP MUN FERNANDO MAURO PIRES DA ROCHA;CAMPO LIMPO;-23.6490957;-46.7490028;28400;28.4;2518;41.98;ok;
59;HOSP MUN JOSANIAS CASTANHA BRAGA;JARDIM ROSCHEL;-23.8247733;-46.7266429;48;CENTRO HOSPITALAR DO SISTEMA PENITENCIARIO SAO PAULO;CARANDIRU;-23.5085713;-46.6201015;45480;45.48;3963;66.06;ok;
59;HOSP MUN JOSANIAS CASTANHA BRAGA;JARDIM ROSCHEL;-23.8247733;-46.7266429;49;HOSP MUN VER JOSE STOROPOLLI;PARQUE NOVO MUNDO;-23.522085;-46.5617446;65250;65.25;4242;70.7;ok;
59;HOSP MUN JOSANIAS CASTANHA BRAGA;JARDIM ROSCHEL;-23.8247733;-46.7266429;50;CENTRO MEDICO PMESP;TREMEMBE;-23.4690239;-46.6188727;50520;50.52;4527;75.46;ok;
59;HOSP MUN JOSANIAS CASTANHA BRAGA;JARDIM ROSCHEL;-23.8247733;-46.7266429;51;HOSP MUN CARMEN PRUDENTE;CIDADE TIRADENTES;-23.5833632;-46.4092773;55700;55.7;4984;83.08;ok;
59;HOSP MUN JOSANIAS CASTANHA BRAGA;JARDIM ROSCHEL;-23.8247733;-46.7266429;53;INSTITUTO DE REABILITACAO LUCY MONTORO;VILA ANDRADE;-23.6322694;-46.7351129;28060;28.06;2514;41.9;ok;
59;HOSP MUN JOSANIAS CASTANHA BRAGA;JARDIM ROSCHEL;-23.8247733;-46.7266429;55;INSTITUTO DO CANCER DO ESTADO DE SAO PAULO;CERQUEIRA CESAR;-23.5561305;-46.6681716;39150;39.15;3184;53.07;ok;
59;HOSP MUN JOSANIAS CASTANHA BRAGA;JARDIM ROSCHEL;-23.8247733;-46.7266429;56;HOSP MUN SOROCABANA;VILA ROMANA;-23.5238763;-46.7013591;41380;41.38;3372;56.21;ok;
59;HOSP MUN JOSANIAS CASTANHA BRAGA;JARDIM ROSCHEL;-23.8247733;-46.7266429;57;HOSP MUN GILSON DE CASSIA MARQUES DE CARVALHO;VILA MASCOTE;-23.6470652;-46.662824;25040;25.04;2294;38.25;ok;
59;HOSP MUN JOSANIAS CASTANHA BRAGA;JARDIM ROSCHEL;-23.8247733;-46.7266429;58;HOSP MUN CAPELA DO SOCORRO;JARDIM DAS IMBUIAS;-23.7296842;-46.7129995;14740;14.74;1359;22.67;ok;
59;HOSP MUN JOSANIAS CASTANHA BRAGA;JARDIM ROSCHEL;-23.8247733;-46.7266429;59;HOSP MUN JOSANIAS CASTANHA BRAGA;JARDIM ROSCHEL;-23.8247733;-46.7266429;0;0.0;0;0.0;ok;
59;HOSP MUN JOSANIAS CASTANHA BRAGA;JARDIM ROSCHEL;-23.8247733;-46.7266429;233;HOSP MUN SOROCABANA;ALTO DE PINHEIROS;-23.5375934;-46.7227993;40760;40.76;3119;51.99;ok;
233;HOSP MUN SOROCABANA;ALTO DE PINHEIROS;-23.5375934;-46.7227993;1;HOSPITAL MUNICIPAL SANTA DULCE DOS POBRES;CONSOLACAO;-23.5573928;-46.6562429;9200;9.2;1019;16.99;ok;
233;HOSP MUN SOROCABANA;ALTO DE PINHEIROS;-23.5375934;-46.7227993;2;HOSPITAL MUNICIPAL BRASILANDIA;JARDIM MARISTELA;-23.476544;-46.6980006;10150;10.15;1091;18.19;ok;
233;HOSP MUN SOROCABANA;ALTO DE PINHEIROS;-23.5375934;-46.7227993;3;HOSPITAL MUNICIPAL GUARAPIRANGA;RIVIERA PAULISTA;-23.6911689;-46.7517858;22690;22.69;1715;28.6;ok;
233;HOSP MUN SOROCABANA;ALTO DE PINHEIROS;-23.5375934;-46.7227993;4;INSTITUTO DE INFECTOLOGIA EMILIO RIBAS;SUMARE;-23.5470783;-46.6812257;5970;5.97;757;12.62;ok;
233;HOSP MUN SOROCABANA;ALTO DE PINHEIROS;-23.5375934;-46.7227993;5;HOSPITAL DO SERV PUB EST FCO MORATO DE OLIVEIRA SAO PAULO;IBIRAPUERA;-23.5966175;-46.6539691;13760;13.76;1149;19.16;ok;
233;HOSP MUN SOROCABANA;ALTO DE PINHEIROS;-23.5375934;-46.7227993;6;HOSPITAL MATERNIDADE INTERLAGOS;JD LEBLON;-23.7069613;-46.7021968;23990;23.99;1850;30.85;ok;
233;HOSP MUN SOROCABANA;ALTO DE PINHEIROS;-23.5375934;-46.7227993;7;HOSPITAL GERAL DE PEDREIRA;VILA CAMPO GRANDE;-23.6808407;-46.6783317;22980;22.98;1811;30.19;ok;
233;HOSP MUN SOROCABANA;ALTO DE PINHEIROS;-23.5375934;-46.7227993;8;HOSPITAL HELIOPOLIS UNIDADE DE GESTAO ASSISTENCIAL I;V HELIOPOLIS;-23.607115;-46.595253;22180;22.18;1994;33.25;ok;
233;HOSP MUN SOROCABANA;ALTO DE PINHEIROS;-23.5375934;-46.7227993;10;HOSPITAL INFANTIL DARCY VARGAS UGA III SAO PAULO;JARDIM GUEDALA;-23.5929419;-46.7109151;9670;9.67;939;15.65;ok;
233;HOSP MUN SOROCABANA;ALTO DE PINHEIROS;-23.5375934;-46.7227993;11;HOSP MUN MATERNIDADE PROFESSOR MARIO DEGNI;VILA ANTONIO;-23.5777487;-46.764842;7630;7.63;797;13.29;ok;
233;HOSP MUN SOROCABANA;ALTO DE PINHEIROS;-23.5375934;-46.7227993;12;HOSPITAL UNIVERSITARIO DA USP SAO PAULO;BUTANTA;-23.5649058;-46.7409515;5700;5.7;697;11.62;ok;
233;HOSP MUN SOROCABANA;ALTO DE PINHEIROS;-23.5375934;-46.7227993;13;CAISM PHILIPPE PINEL SAO PAULO;PIRITUBA;-23.4869816;-46.7239346;9170;9.17;1109;18.5;ok;
233;HOSP MUN SOROCABANA;ALTO DE PINHEIROS;-23.5375934;-46.7227993;14;HOSPITAL GERAL HENRIQUE ALTIMEYER DE VILA ALPINA;VILA ALPINA;-23.5930526;-46.5607618;27150;27.15;1982;33.04;ok;
233;HOSP MUN SOROCABANA;ALTO DE PINHEIROS;-23.5375934;-46.7227993;16;HOSPITAL GERAL DE SAO MATEUS SAO PAULO;SAO MATEUS;-23.5947358;-46.4867109;33530;33.53;2416;40.28;ok;
233;HOSP MUN SOROCABANA;ALTO DE PINHEIROS;-23.5375934;-46.7227993;17;UNIDADE DE GESTAO ASSISTENCIAL II HOSPITAL IPIRANGA SP;IPIRANGA;-23.584203;-46.6116295;15960;15.96;1716;28.61;ok;
233;HOSP MUN SOROCABANA;ALTO DE PINHEIROS;-23.5375934;-46.7227993;18;CONJUNTO HOSPITALAR DO MANDAQUI SAO PAULO;SANTANA;-23.4849783;-46.6314355;14420;14.42;1567;26.12;ok;
233;HOSP MUN SOROCABANA;ALTO DE PINHEIROS;-23.5375934;-46.7227993;19;HOSPITAL GERAL SANTA MARCELINA DE ITAIM PAULISTA SAO PAULO;ITAIM PAULISTA;-23.4924231;-46.3889814;46160;46.16;2699;44.99;ok;
233;HOSP MUN SOROCABANA;ALTO DE PINHEIROS;-23.5375934;-46.7227993;20;HOSP MUN PROF DR WALDOMIRO DE PAULA;ITAQUERA;-23.5321357;-46.4472128;43390;43.39;2642;44.04;ok;
233;HOSP MUN SOROCABANA;ALTO DE PINHEIROS;-23.5375934;-46.7227993;21;HOSPITAL GERAL DO GRAJAU PROF LIBER JOHN ALPHONSE DI DIO SP;PARQUE DAS NACOES;-23.691152;-46.5848155;28460;28.46;2286;38.11;ok;
233;HOSP MUN SOROCABANA;ALTO DE PINHEIROS;-23.5375934;-46.7227993;22;HOSPITAL E MATERNIDADE LEONOR MENDES DE BARROS SAO PAULO;BELENZINHO;-23.5359031;-46.5887061;20170;20.17;1387;23.12;ok;
233;HOSP MUN SOROCABANA;ALTO DE PINHEIROS;-23.5375934;-46.7227993;23;CENTRO DE REFERENCIA E TREINAMENTO DST AIDS SAO PAULO;VILA MARIANA;-23.5966194;-46.6358133;12570;12.57;1284;21.4;ok;
233;HOSP MUN SOROCABANA;ALTO DE PINHEIROS;-23.5375934;-46.7227993;24;HOSPITAL MILITAR DE AREA DE SAO PAULO;CAMBUCI;-23.5696701;-46.6134492;15760;15.76;1659;27.66;ok;
233;HOSP MUN SOROCABANA;ALTO DE PINHEIROS;-23.5375934;-46.7227993;25;CENTRO DE REFERENCIA DA SAUDE DA MULHER;CAMPOS ELISEOS;-23.5343002;-46.6437496;10140;10.14;1144;19.08;ok;
233;HOSP MUN SOROCABANA;ALTO DE PINHEIROS;-23.5375934;-46.7227993;26;HOSP MUN INFANTIL MENINO JESUS;BELA VISTA;-23.56022;-46.6469982;11060;11.06;1231;20.52;ok;
233;HOSP MUN SOROCABANA;ALTO DE PINHEIROS;-23.5375934;-46.7227993;28;HOSP MUN MAT ESC DR MARIO DE MORAES A SILVA;VILA NOVA CACHOEIRIN;-23.4802096;-46.6709709;10140;10.14;1091;18.2;ok;
233;HOSP MUN SOROCABANA;ALTO DE PINHEIROS;-23.5375934;-46.7227993;29;HOSPITAL GERAL JESUS TEIXEIRA DA COSTA GUAIANASES SAO PAULO;JARDIM SAO PAULO;-23.5523813;-46.4053829;51340;51.34;3220;53.68;ok;
233;HOSP MUN SOROCABANA;ALTO DE PINHEIROS;-23.5375934;-46.7227993;30;HOSP MUN DR CARMINO CARICCHIO;TATUAPE;-23.5329502;-46.5664411;21350;21.35;1579;26.32;ok;
233;HOSP MUN SOROCABANA;ALTO DE PINHEIROS;-23.5375934;-46.7227993;31;HOSP MUN TIDE SETUBAL;SAO MIGUEL PAULISTA;-23.4973179;-46.439865;39560;39.56;2385;39.76;ok;
233;HOSP MUN SOROCABANA;ALTO DE PINHEIROS;-23.5375934;-46.7227993;32;HOSP MUN V NHOCUNE ALEXANDRE ZAIO;VILA NHOCUNE;-23.5424212;-46.5015398;30550;30.55;2226;37.11;ok;
233;HOSP MUN SOROCABANA;ALTO DE PINHEIROS;-23.5375934;-46.7227993;33;HOSP MUN JABAQUARA ARTUR RIBEIRO DE SABOYA;JABAQUARA;-23.6533422;-46.6456764;19270;19.27;1636;27.27;ok;
233;HOSP MUN SOROCABANA;ALTO DE PINHEIROS;-23.5375934;-46.7227993;34;HOSPITAL KATIA DE SOUZA RODRIGUES TAIPASSP SAO PAULO;PARADA DE TAIPAS;-23.4436996;-46.7177512;14610;14.61;1384;23.07;ok;
233;HOSP MUN SOROCABANA;ALTO DE PINHEIROS;-23.5375934;-46.7227993;35;HOSP MUN PROFESSOR DOUTOR ALIPIO CORREA NETTO;VILA PARANAGUA;-23.499644;-46.4729162;32100;32.1;2433;40.55;ok;
233;HOSP MUN SOROCABANA;ALTO DE PINHEIROS;-23.5375934;-46.7227993;36;HOSPITAL MUNICIPAL DR BENEDITO MONTENEGRO;JARDIM IVA;-23.5875541;-46.5145716;29740;29.74;2331;38.86;ok;
233;HOSP MUN SOROCABANA;ALTO DE PINHEIROS;-23.5375934;-46.7227993;37;HOSP MUN IGNACIO PROENCA DE GOUVEA;PARQUE DA MOOCA;-23.5717374;-46.590166;25350;25.35;1855;30.93;ok;
233;HOSP MUN SOROCABANA;ALTO DE PINHEIROS;-23.5375934;-46.7227993;38;HOSPITAL INFANTIL CANDIDO FONTOURA SAO PAULO;AGUA RASA;-23.551918;-46.5852143;22860;22.86;1619;26.99;ok;
233;HOSP MUN SOROCABANA;ALTO DE PINHEIROS;-23.5375934;-46.7227993;40;HOSPITAL REGIONAL SUL SAO PAULO;SANTO AMARO;-23.6555597;-46.7058596;18560;18.56;1396;23.28;ok;
233;HOSP MUN SOROCABANA;ALTO DE PINHEIROS;-23.5375934;-46.7227993;42;HOSPITAL ESTADUAL DE SAPOPEMBA SAO PAULO;JARDIM SAPOPEMBA;-23.611336;-46.493671;35670;35.67;2674;44.58;ok;
233;HOSP MUN SOROCABANA;ALTO DE PINHEIROS;-23.5375934;-46.7227993;43;HOSPITAL GERAL DE VILA PENTEADO DR JOSE PANGELLA SAO PAULO;JARDIM IRACEMA;-23.4934229;-46.7008274;7950;7.95;846;14.11;ok;
233;HOSP MUN SOROCABANA;ALTO DE PINHEIROS;-23.5375934;-46.7227993;46;HOSP DO SERV PUB MUNICIPAL HSPM;LIBERDADE;-23.5673424;-46.639071;12540;12.54;1433;23.9;ok;
233;HOSP MUN SOROCABANA;ALTO DE PINHEIROS;-23.5375934;-46.7227993;47;HOSP MUN FERNANDO MAURO PIRES DA ROCHA;CAMPO LIMPO;-23.6490957;-46.7490028;17680;17.68;1260;21.02;ok;
233;HOSP MUN SOROCABANA;ALTO DE PINHEIROS;-23.5375934;-46.7227993;48;CENTRO HOSPITALAR DO SISTEMA PENITENCIARIO SAO PAULO;CARANDIRU;-23.5085713;-46.6201015;16340;16.34;1374;22.92;ok;
233;HOSP MUN SOROCABANA;ALTO DE PINHEIROS;-23.5375934;-46.7227993;49;HOSP MUN VER JOSE STOROPOLLI;PARQUE NOVO MUNDO;-23.522085;-46.5617446;23830;23.83;1642;27.37;ok;
233;HOSP MUN SOROCABANA;ALTO DE PINHEIROS;-23.5375934;-46.7227993;50;CENTRO MEDICO PMESP;TREMEMBE;-23.4690239;-46.6188727;19320;19.32;1872;31.2;ok;
233;HOSP MUN SOROCABANA;ALTO DE PINHEIROS;-23.5375934;-46.7227993;51;HOSP MUN CARMEN PRUDENTE;CIDADE TIRADENTES;-23.5833632;-46.4092773;42550;42.55;3275;54.6;ok;
233;HOSP MUN SOROCABANA;ALTO DE PINHEIROS;-23.5375934;-46.7227993;53;INSTITUTO DE REABILITACAO LUCY MONTORO;VILA ANDRADE;-23.6322694;-46.7351129;15500;15.5;1125;18.77;ok;
233;HOSP MUN SOROCABANA;ALTO DE PINHEIROS;-23.5375934;-46.7227993;55;INSTITUTO DO CANCER DO ESTADO DE SAO PAULO;CERQUEIRA CESAR;-23.5561305;-46.6681716;7580;7.58;855;14.26;ok;
233;HOSP MUN SOROCABANA;ALTO DE PINHEIROS;-23.5375934;-46.7227993;56;HOSP MUN SOROCABANA;VILA ROMANA;-23.5238763;-46.7013591;3440;3.44;404;6.74;ok;
233;HOSP MUN SOROCABANA;ALTO DE PINHEIROS;-23.5375934;-46.7227993;57;HOSP MUN GILSON DE CASSIA MARQUES DE CARVALHO;VILA MASCOTE;-23.6470652;-46.662824;16480;16.48;1371;22.86;ok;
233;HOSP MUN SOROCABANA;ALTO DE PINHEIROS;-23.5375934;-46.7227993;58;HOSP MUN CAPELA DO SOCORRO;JARDIM DAS IMBUIAS;-23.7296842;-46.7129995;27440;27.44;2269;37.83;ok;
233;HOSP MUN SOROCABANA;ALTO DE PINHEIROS;-23.5375934;-46.7227993;59;HOSP MUN JOSANIAS CASTANHA BRAGA;JARDIM ROSCHEL;-23.8247733;-46.7266429;40510;40.51;3139;52.32;ok;
233;HOSP MUN SOROCABANA;ALTO DE PINHEIROS;-23.5375934;-46.7227993;233;HOSP MUN SOROCABANA;ALTO DE PINHEIROS;-23.5375934;-46.7227993;0;0.0;0;0.0;ok;
